Analysis & Synthesis report for toolflow
Thu Dec 11 10:27:26 2025
Quartus Prime Version 20.1.1 Build 720 11/11/2020 SJ Standard Edition


---------------------
; Table of Contents ;
---------------------
  1. Legal Notice
  2. Analysis & Synthesis Summary
  3. Analysis & Synthesis Settings
  4. Parallel Compilation
  5. Analysis & Synthesis Source Files Read
  6. Analysis & Synthesis Resource Usage Summary
  7. Analysis & Synthesis Resource Utilization by Entity
  8. Analysis & Synthesis RAM Summary
  9. Registers Removed During Synthesis
 10. General Register Statistics
 11. Inverted Register Statistics
 12. Registers Packed Into Inferred Megafunctions
 13. Multiplexer Restructuring Statistics (Restructuring Performed)
 14. Source assignments for mem:DMem|altsyncram:ram_rtl_0|altsyncram_eg81:auto_generated
 15. Source assignments for IDEX:IDEX_i|dffg:MemtoReg_dffg|altshift_taps:s_Q_rtl_0|shift_taps_9km:auto_generated|altsyncram_n861:altsyncram4
 16. Parameter Settings for User Entity Instance: Top-level Entity: |RISCV_Processor
 17. Parameter Settings for User Entity Instance: fetch:fetch_i|PCreg:PC
 18. Parameter Settings for User Entity Instance: fetch:fetch_i|ripple_adder:add4
 19. Parameter Settings for User Entity Instance: fetch:fetch_i|ripple_adder:addimm
 20. Parameter Settings for User Entity Instance: mem:IMem
 21. Parameter Settings for User Entity Instance: IFID:IFID_i
 22. Parameter Settings for User Entity Instance: regfile:regfile_i
 23. Parameter Settings for User Entity Instance: regfile:regfile_i|reg:z_reg
 24. Parameter Settings for User Entity Instance: regfile:regfile_i|reg:\g_regs:1:i_reg
 25. Parameter Settings for User Entity Instance: regfile:regfile_i|reg:\g_regs:2:i_reg
 26. Parameter Settings for User Entity Instance: regfile:regfile_i|reg:\g_regs:3:i_reg
 27. Parameter Settings for User Entity Instance: regfile:regfile_i|reg:\g_regs:4:i_reg
 28. Parameter Settings for User Entity Instance: regfile:regfile_i|reg:\g_regs:5:i_reg
 29. Parameter Settings for User Entity Instance: regfile:regfile_i|reg:\g_regs:6:i_reg
 30. Parameter Settings for User Entity Instance: regfile:regfile_i|reg:\g_regs:7:i_reg
 31. Parameter Settings for User Entity Instance: regfile:regfile_i|reg:\g_regs:8:i_reg
 32. Parameter Settings for User Entity Instance: regfile:regfile_i|reg:\g_regs:9:i_reg
 33. Parameter Settings for User Entity Instance: regfile:regfile_i|reg:\g_regs:10:i_reg
 34. Parameter Settings for User Entity Instance: regfile:regfile_i|reg:\g_regs:11:i_reg
 35. Parameter Settings for User Entity Instance: regfile:regfile_i|reg:\g_regs:12:i_reg
 36. Parameter Settings for User Entity Instance: regfile:regfile_i|reg:\g_regs:13:i_reg
 37. Parameter Settings for User Entity Instance: regfile:regfile_i|reg:\g_regs:14:i_reg
 38. Parameter Settings for User Entity Instance: regfile:regfile_i|reg:\g_regs:15:i_reg
 39. Parameter Settings for User Entity Instance: regfile:regfile_i|reg:\g_regs:16:i_reg
 40. Parameter Settings for User Entity Instance: regfile:regfile_i|reg:\g_regs:17:i_reg
 41. Parameter Settings for User Entity Instance: regfile:regfile_i|reg:\g_regs:18:i_reg
 42. Parameter Settings for User Entity Instance: regfile:regfile_i|reg:\g_regs:19:i_reg
 43. Parameter Settings for User Entity Instance: regfile:regfile_i|reg:\g_regs:20:i_reg
 44. Parameter Settings for User Entity Instance: regfile:regfile_i|reg:\g_regs:21:i_reg
 45. Parameter Settings for User Entity Instance: regfile:regfile_i|reg:\g_regs:22:i_reg
 46. Parameter Settings for User Entity Instance: regfile:regfile_i|reg:\g_regs:23:i_reg
 47. Parameter Settings for User Entity Instance: regfile:regfile_i|reg:\g_regs:24:i_reg
 48. Parameter Settings for User Entity Instance: regfile:regfile_i|reg:\g_regs:25:i_reg
 49. Parameter Settings for User Entity Instance: regfile:regfile_i|reg:\g_regs:26:i_reg
 50. Parameter Settings for User Entity Instance: regfile:regfile_i|reg:\g_regs:27:i_reg
 51. Parameter Settings for User Entity Instance: regfile:regfile_i|reg:\g_regs:28:i_reg
 52. Parameter Settings for User Entity Instance: regfile:regfile_i|reg:\g_regs:29:i_reg
 53. Parameter Settings for User Entity Instance: regfile:regfile_i|reg:\g_regs:30:i_reg
 54. Parameter Settings for User Entity Instance: regfile:regfile_i|reg:\g_regs:31:i_reg
 55. Parameter Settings for User Entity Instance: extender:extender_i
 56. Parameter Settings for User Entity Instance: IDEX:IDEX_i
 57. Parameter Settings for User Entity Instance: ALU:ALU_i
 58. Parameter Settings for User Entity Instance: ALU:ALU_i|addsubi:addsubi_inst
 59. Parameter Settings for User Entity Instance: ALU:ALU_i|addsubi:addsubi_inst|ripple_adder:adder_inst
 60. Parameter Settings for User Entity Instance: EXMEM:EXMEM_i
 61. Parameter Settings for User Entity Instance: mem:DMem
 62. Parameter Settings for User Entity Instance: MEMWB:MEMWB_i
 63. Parameter Settings for Inferred Entity Instance: mem:DMem|altsyncram:ram_rtl_0
 64. Parameter Settings for Inferred Entity Instance: IDEX:IDEX_i|dffg:MemtoReg_dffg|altshift_taps:s_Q_rtl_0
 65. altsyncram Parameter Settings by Entity Instance
 66. altshift_taps Parameter Settings by Entity Instance
 67. Port Connectivity Checks: "dffg:halt_dffg"
 68. Port Connectivity Checks: "MEMWB:MEMWB_i"
 69. Port Connectivity Checks: "EXMEM:EXMEM_i"
 70. Port Connectivity Checks: "busmux2to1:busmux_set"
 71. Port Connectivity Checks: "ALU:ALU_i"
 72. Port Connectivity Checks: "IDEX:IDEX_i"
 73. Port Connectivity Checks: "extender:extender_i|busmux2to1:busmux2to1_i"
 74. Port Connectivity Checks: "regfile:regfile_i|reg:z_reg"
 75. Port Connectivity Checks: "regfile:regfile_i|dec5to32:decoder"
 76. Port Connectivity Checks: "IFID:IFID_i|dffg:\fetchInstAdd_dffgs:95:i_dffg"
 77. Port Connectivity Checks: "IFID:IFID_i|dffg:\fetchInstAdd_dffgs:94:i_dffg"
 78. Port Connectivity Checks: "IFID:IFID_i|dffg:\fetchInstAdd_dffgs:93:i_dffg"
 79. Port Connectivity Checks: "IFID:IFID_i|dffg:\fetchInstAdd_dffgs:92:i_dffg"
 80. Port Connectivity Checks: "IFID:IFID_i|dffg:\fetchInstAdd_dffgs:91:i_dffg"
 81. Port Connectivity Checks: "IFID:IFID_i|dffg:\fetchInstAdd_dffgs:90:i_dffg"
 82. Port Connectivity Checks: "IFID:IFID_i|dffg:\fetchInstAdd_dffgs:89:i_dffg"
 83. Port Connectivity Checks: "IFID:IFID_i|dffg:\fetchInstAdd_dffgs:88:i_dffg"
 84. Port Connectivity Checks: "IFID:IFID_i|dffg:\fetchInstAdd_dffgs:87:i_dffg"
 85. Port Connectivity Checks: "IFID:IFID_i|dffg:\fetchInstAdd_dffgs:86:i_dffg"
 86. Port Connectivity Checks: "IFID:IFID_i|dffg:\fetchInstAdd_dffgs:85:i_dffg"
 87. Port Connectivity Checks: "IFID:IFID_i|dffg:\fetchInstAdd_dffgs:84:i_dffg"
 88. Port Connectivity Checks: "IFID:IFID_i|dffg:\fetchInstAdd_dffgs:83:i_dffg"
 89. Port Connectivity Checks: "IFID:IFID_i|dffg:\fetchInstAdd_dffgs:82:i_dffg"
 90. Port Connectivity Checks: "IFID:IFID_i|dffg:\fetchInstAdd_dffgs:81:i_dffg"
 91. Port Connectivity Checks: "IFID:IFID_i|dffg:\fetchInstAdd_dffgs:80:i_dffg"
 92. Port Connectivity Checks: "IFID:IFID_i|dffg:\fetchInstAdd_dffgs:79:i_dffg"
 93. Port Connectivity Checks: "IFID:IFID_i|dffg:\fetchInstAdd_dffgs:78:i_dffg"
 94. Port Connectivity Checks: "IFID:IFID_i|dffg:\fetchInstAdd_dffgs:77:i_dffg"
 95. Port Connectivity Checks: "IFID:IFID_i|dffg:\fetchInstAdd_dffgs:76:i_dffg"
 96. Port Connectivity Checks: "IFID:IFID_i|dffg:\fetchInstAdd_dffgs:75:i_dffg"
 97. Port Connectivity Checks: "IFID:IFID_i|dffg:\fetchInstAdd_dffgs:74:i_dffg"
 98. Port Connectivity Checks: "IFID:IFID_i|dffg:\fetchInstAdd_dffgs:73:i_dffg"
 99. Port Connectivity Checks: "IFID:IFID_i|dffg:\fetchInstAdd_dffgs:72:i_dffg"
100. Port Connectivity Checks: "IFID:IFID_i|dffg:\fetchInstAdd_dffgs:71:i_dffg"
101. Port Connectivity Checks: "IFID:IFID_i|dffg:\fetchInstAdd_dffgs:70:i_dffg"
102. Port Connectivity Checks: "IFID:IFID_i|dffg:\fetchInstAdd_dffgs:69:i_dffg"
103. Port Connectivity Checks: "IFID:IFID_i|dffg:\fetchInstAdd_dffgs:68:i_dffg"
104. Port Connectivity Checks: "IFID:IFID_i|dffg:\fetchInstAdd_dffgs:67:i_dffg"
105. Port Connectivity Checks: "IFID:IFID_i|dffg:\fetchInstAdd_dffgs:66:i_dffg"
106. Port Connectivity Checks: "IFID:IFID_i|dffg:\fetchInstAdd_dffgs:65:i_dffg"
107. Port Connectivity Checks: "IFID:IFID_i|dffg:\fetchInstAdd_dffgs:64:i_dffg"
108. Port Connectivity Checks: "IFID:IFID_i|dffg:\fetchInstAddPlus4_dffgs:63:i_dffg"
109. Port Connectivity Checks: "IFID:IFID_i|dffg:\fetchInstAddPlus4_dffgs:62:i_dffg"
110. Port Connectivity Checks: "IFID:IFID_i|dffg:\fetchInstAddPlus4_dffgs:61:i_dffg"
111. Port Connectivity Checks: "IFID:IFID_i|dffg:\fetchInstAddPlus4_dffgs:60:i_dffg"
112. Port Connectivity Checks: "IFID:IFID_i|dffg:\fetchInstAddPlus4_dffgs:59:i_dffg"
113. Port Connectivity Checks: "IFID:IFID_i|dffg:\fetchInstAddPlus4_dffgs:58:i_dffg"
114. Port Connectivity Checks: "IFID:IFID_i|dffg:\fetchInstAddPlus4_dffgs:57:i_dffg"
115. Port Connectivity Checks: "IFID:IFID_i|dffg:\fetchInstAddPlus4_dffgs:56:i_dffg"
116. Port Connectivity Checks: "IFID:IFID_i|dffg:\fetchInstAddPlus4_dffgs:55:i_dffg"
117. Port Connectivity Checks: "IFID:IFID_i|dffg:\fetchInstAddPlus4_dffgs:54:i_dffg"
118. Port Connectivity Checks: "IFID:IFID_i|dffg:\fetchInstAddPlus4_dffgs:53:i_dffg"
119. Port Connectivity Checks: "IFID:IFID_i|dffg:\fetchInstAddPlus4_dffgs:52:i_dffg"
120. Port Connectivity Checks: "IFID:IFID_i|dffg:\fetchInstAddPlus4_dffgs:51:i_dffg"
121. Port Connectivity Checks: "IFID:IFID_i|dffg:\fetchInstAddPlus4_dffgs:50:i_dffg"
122. Port Connectivity Checks: "IFID:IFID_i|dffg:\fetchInstAddPlus4_dffgs:49:i_dffg"
123. Port Connectivity Checks: "IFID:IFID_i|dffg:\fetchInstAddPlus4_dffgs:48:i_dffg"
124. Port Connectivity Checks: "IFID:IFID_i|dffg:\fetchInstAddPlus4_dffgs:47:i_dffg"
125. Port Connectivity Checks: "IFID:IFID_i|dffg:\fetchInstAddPlus4_dffgs:46:i_dffg"
126. Port Connectivity Checks: "IFID:IFID_i|dffg:\fetchInstAddPlus4_dffgs:45:i_dffg"
127. Port Connectivity Checks: "IFID:IFID_i|dffg:\fetchInstAddPlus4_dffgs:44:i_dffg"
128. Port Connectivity Checks: "IFID:IFID_i|dffg:\fetchInstAddPlus4_dffgs:43:i_dffg"
129. Port Connectivity Checks: "IFID:IFID_i|dffg:\fetchInstAddPlus4_dffgs:42:i_dffg"
130. Port Connectivity Checks: "IFID:IFID_i|dffg:\fetchInstAddPlus4_dffgs:41:i_dffg"
131. Port Connectivity Checks: "IFID:IFID_i|dffg:\fetchInstAddPlus4_dffgs:40:i_dffg"
132. Port Connectivity Checks: "IFID:IFID_i|dffg:\fetchInstAddPlus4_dffgs:39:i_dffg"
133. Port Connectivity Checks: "IFID:IFID_i|dffg:\fetchInstAddPlus4_dffgs:38:i_dffg"
134. Port Connectivity Checks: "IFID:IFID_i|dffg:\fetchInstAddPlus4_dffgs:37:i_dffg"
135. Port Connectivity Checks: "IFID:IFID_i|dffg:\fetchInstAddPlus4_dffgs:36:i_dffg"
136. Port Connectivity Checks: "IFID:IFID_i|dffg:\fetchInstAddPlus4_dffgs:35:i_dffg"
137. Port Connectivity Checks: "IFID:IFID_i|dffg:\fetchInstAddPlus4_dffgs:34:i_dffg"
138. Port Connectivity Checks: "IFID:IFID_i|dffg:\fetchInstAddPlus4_dffgs:33:i_dffg"
139. Port Connectivity Checks: "IFID:IFID_i|dffg:\fetchInstAddPlus4_dffgs:32:i_dffg"
140. Port Connectivity Checks: "IFID:IFID_i"
141. Port Connectivity Checks: "busmux2to1:busmux_rst"
142. Port Connectivity Checks: "fetch:fetch_i|ripple_adder:addimm"
143. Port Connectivity Checks: "fetch:fetch_i|ripple_adder:add4"
144. Port Connectivity Checks: "fetch:fetch_i"
145. Post-Synthesis Netlist Statistics for Top Partition
146. Elapsed Time Per Partition
147. Analysis & Synthesis Messages



----------------
; Legal Notice ;
----------------
Copyright (C) 2020  Intel Corporation. All rights reserved.
Your use of Intel Corporation's design tools, logic functions 
and other software and tools, and any partner logic 
functions, and any output files from any of the foregoing 
(including device programming or simulation files), and any 
associated documentation or information are expressly subject 
to the terms and conditions of the Intel Program License 
Subscription Agreement, the Intel Quartus Prime License Agreement,
the Intel FPGA IP License Agreement, or other applicable license
agreement, including, without limitation, that your use is for
the sole purpose of programming logic devices manufactured by
Intel and sold by Intel or its authorized distributors.  Please
refer to the applicable agreement for further details, at
https://fpgasoftware.intel.com/eula.



+--------------------------------------------------------------------------------------+
; Analysis & Synthesis Summary                                                         ;
+------------------------------------+-------------------------------------------------+
; Analysis & Synthesis Status        ; Successful - Thu Dec 11 10:27:25 2025           ;
; Quartus Prime Version              ; 20.1.1 Build 720 11/11/2020 SJ Standard Edition ;
; Revision Name                      ; toolflow                                        ;
; Top-level Entity Name              ; RISCV_Processor                                 ;
; Family                             ; Cyclone IV E                                    ;
; Total logic elements               ; 59,260                                          ;
;     Total combinational functions  ; 25,307                                          ;
;     Dedicated logic registers      ; 34,239                                          ;
; Total registers                    ; 34239                                           ;
; Total pins                         ; 99                                              ;
; Total virtual pins                 ; 0                                               ;
; Total memory bits                  ; 32,801                                          ;
; Embedded Multiplier 9-bit elements ; 0                                               ;
; Total PLLs                         ; 0                                               ;
+------------------------------------+-------------------------------------------------+


+------------------------------------------------------------------------------------------------------------+
; Analysis & Synthesis Settings                                                                              ;
+------------------------------------------------------------------+--------------------+--------------------+
; Option                                                           ; Setting            ; Default Value      ;
+------------------------------------------------------------------+--------------------+--------------------+
; Device                                                           ; EP4CE115F29C7      ;                    ;
; Top-level entity name                                            ; RISCV_Processor    ; toolflow           ;
; Family name                                                      ; Cyclone IV E       ; Cyclone V          ;
; VHDL Version                                                     ; VHDL_2008          ; VHDL_1993          ;
; Use smart compilation                                            ; Off                ; Off                ;
; Enable parallel Assembler and Timing Analyzer during compilation ; On                 ; On                 ;
; Enable compact report table                                      ; Off                ; Off                ;
; Restructure Multiplexers                                         ; Auto               ; Auto               ;
; Create Debugging Nodes for IP Cores                              ; Off                ; Off                ;
; Preserve fewer node names                                        ; On                 ; On                 ;
; Intel FPGA IP Evaluation Mode                                    ; Enable             ; Enable             ;
; Verilog Version                                                  ; Verilog_2001       ; Verilog_2001       ;
; State Machine Processing                                         ; Auto               ; Auto               ;
; Safe State Machine                                               ; Off                ; Off                ;
; Extract Verilog State Machines                                   ; On                 ; On                 ;
; Extract VHDL State Machines                                      ; On                 ; On                 ;
; Ignore Verilog initial constructs                                ; Off                ; Off                ;
; Iteration limit for constant Verilog loops                       ; 5000               ; 5000               ;
; Iteration limit for non-constant Verilog loops                   ; 250                ; 250                ;
; Add Pass-Through Logic to Inferred RAMs                          ; On                 ; On                 ;
; Infer RAMs from Raw Logic                                        ; On                 ; On                 ;
; Parallel Synthesis                                               ; On                 ; On                 ;
; DSP Block Balancing                                              ; Auto               ; Auto               ;
; NOT Gate Push-Back                                               ; On                 ; On                 ;
; Power-Up Don't Care                                              ; On                 ; On                 ;
; Remove Redundant Logic Cells                                     ; Off                ; Off                ;
; Remove Duplicate Registers                                       ; On                 ; On                 ;
; Ignore CARRY Buffers                                             ; Off                ; Off                ;
; Ignore CASCADE Buffers                                           ; Off                ; Off                ;
; Ignore GLOBAL Buffers                                            ; Off                ; Off                ;
; Ignore ROW GLOBAL Buffers                                        ; Off                ; Off                ;
; Ignore LCELL Buffers                                             ; Off                ; Off                ;
; Ignore SOFT Buffers                                              ; On                 ; On                 ;
; Limit AHDL Integers to 32 Bits                                   ; Off                ; Off                ;
; Optimization Technique                                           ; Balanced           ; Balanced           ;
; Carry Chain Length                                               ; 70                 ; 70                 ;
; Auto Carry Chains                                                ; On                 ; On                 ;
; Auto Open-Drain Pins                                             ; On                 ; On                 ;
; Perform WYSIWYG Primitive Resynthesis                            ; Off                ; Off                ;
; Auto ROM Replacement                                             ; On                 ; On                 ;
; Auto RAM Replacement                                             ; On                 ; On                 ;
; Auto DSP Block Replacement                                       ; On                 ; On                 ;
; Auto Shift Register Replacement                                  ; Auto               ; Auto               ;
; Allow Shift Register Merging across Hierarchies                  ; Auto               ; Auto               ;
; Auto Clock Enable Replacement                                    ; On                 ; On                 ;
; Strict RAM Replacement                                           ; Off                ; Off                ;
; Allow Synchronous Control Signals                                ; On                 ; On                 ;
; Force Use of Synchronous Clear Signals                           ; Off                ; Off                ;
; Auto RAM Block Balancing                                         ; On                 ; On                 ;
; Auto RAM to Logic Cell Conversion                                ; Off                ; Off                ;
; Auto Resource Sharing                                            ; Off                ; Off                ;
; Allow Any RAM Size For Recognition                               ; Off                ; Off                ;
; Allow Any ROM Size For Recognition                               ; Off                ; Off                ;
; Allow Any Shift Register Size For Recognition                    ; Off                ; Off                ;
; Use LogicLock Constraints during Resource Balancing              ; On                 ; On                 ;
; Ignore translate_off and synthesis_off directives                ; Off                ; Off                ;
; Timing-Driven Synthesis                                          ; On                 ; On                 ;
; Report Parameter Settings                                        ; On                 ; On                 ;
; Report Source Assignments                                        ; On                 ; On                 ;
; Report Connectivity Checks                                       ; On                 ; On                 ;
; Ignore Maximum Fan-Out Assignments                               ; Off                ; Off                ;
; Synchronization Register Chain Length                            ; 2                  ; 2                  ;
; Power Optimization During Synthesis                              ; Normal compilation ; Normal compilation ;
; HDL message level                                                ; Level2             ; Level2             ;
; Suppress Register Optimization Related Messages                  ; Off                ; Off                ;
; Number of Removed Registers Reported in Synthesis Report         ; 5000               ; 5000               ;
; Number of Swept Nodes Reported in Synthesis Report               ; 5000               ; 5000               ;
; Number of Inverted Registers Reported in Synthesis Report        ; 100                ; 100                ;
; Clock MUX Protection                                             ; On                 ; On                 ;
; Auto Gated Clock Conversion                                      ; Off                ; Off                ;
; Block Design Naming                                              ; Auto               ; Auto               ;
; SDC constraint protection                                        ; Off                ; Off                ;
; Synthesis Effort                                                 ; Auto               ; Auto               ;
; Shift Register Replacement - Allow Asynchronous Clear Signal     ; On                 ; On                 ;
; Pre-Mapping Resynthesis Optimization                             ; Off                ; Off                ;
; Analysis & Synthesis Message Level                               ; Medium             ; Medium             ;
; Disable Register Merging Across Hierarchies                      ; Auto               ; Auto               ;
; Resource Aware Inference For Block RAM                           ; On                 ; On                 ;
+------------------------------------------------------------------+--------------------+--------------------+


+------------------------------------------+
; Parallel Compilation                     ;
+----------------------------+-------------+
; Processors                 ; Number      ;
+----------------------------+-------------+
; Number detected on machine ; 20          ;
; Maximum allowed            ; 12          ;
;                            ;             ;
; Average used               ; 1.02        ;
; Maximum used               ; 12          ;
;                            ;             ;
; Usage by Processor         ; % Time Used ;
;     Processor 1            ; 100.0%      ;
;     Processor 2            ;   0.3%      ;
;     Processor 3            ;   0.2%      ;
;     Processor 4            ;   0.2%      ;
;     Processor 5            ;   0.2%      ;
;     Processor 6            ;   0.2%      ;
;     Processor 7            ;   0.2%      ;
;     Processor 8            ;   0.2%      ;
;     Processors 9-12        ;   0.1%      ;
+----------------------------+-------------+


+-------------------------------------------------------------------------------------------------------------------------------------------------------------------------------------------------+
; Analysis & Synthesis Source Files Read                                                                                                                                                          ;
+---------------------------------------------+-----------------+------------------------------+----------------------------------------------------------------------------------------+---------+
; File Name with User-Entered Path            ; Used in Netlist ; File Type                    ; File Name with Absolute Path                                                           ; Library ;
+---------------------------------------------+-----------------+------------------------------+----------------------------------------------------------------------------------------+---------+
; ../../proj/src/ALU.vhd                      ; yes             ; User VHDL File               ; /home/layneben/Downloads/cpre3810-toolflow/proj/src/ALU.vhd                            ;         ;
; ../../proj/src/ALU_control.vhd              ; yes             ; User VHDL File               ; /home/layneben/Downloads/cpre3810-toolflow/proj/src/ALU_control.vhd                    ;         ;
; ../../proj/src/EXMEM.vhd                    ; yes             ; User VHDL File               ; /home/layneben/Downloads/cpre3810-toolflow/proj/src/EXMEM.vhd                          ;         ;
; ../../proj/src/IDEX.vhd                     ; yes             ; User VHDL File               ; /home/layneben/Downloads/cpre3810-toolflow/proj/src/IDEX.vhd                           ;         ;
; ../../proj/src/IFID.vhd                     ; yes             ; User VHDL File               ; /home/layneben/Downloads/cpre3810-toolflow/proj/src/IFID.vhd                           ;         ;
; ../../proj/src/MEMWB.vhd                    ; yes             ; User VHDL File               ; /home/layneben/Downloads/cpre3810-toolflow/proj/src/MEMWB.vhd                          ;         ;
; ../../proj/src/PCreg.vhd                    ; yes             ; User VHDL File               ; /home/layneben/Downloads/cpre3810-toolflow/proj/src/PCreg.vhd                          ;         ;
; ../../proj/src/RISCV_types.vhd              ; yes             ; User VHDL File               ; /home/layneben/Downloads/cpre3810-toolflow/proj/src/RISCV_types.vhd                    ;         ;
; ../../proj/src/TopLevel/RISCV_Processor.vhd ; yes             ; User VHDL File               ; /home/layneben/Downloads/cpre3810-toolflow/proj/src/TopLevel/RISCV_Processor.vhd       ;         ;
; ../../proj/src/TopLevel/mem.vhd             ; yes             ; User VHDL File               ; /home/layneben/Downloads/cpre3810-toolflow/proj/src/TopLevel/mem.vhd                   ;         ;
; ../../proj/src/addsubi.vhd                  ; yes             ; User VHDL File               ; /home/layneben/Downloads/cpre3810-toolflow/proj/src/addsubi.vhd                        ;         ;
; ../../proj/src/andg2.vhd                    ; yes             ; User VHDL File               ; /home/layneben/Downloads/cpre3810-toolflow/proj/src/andg2.vhd                          ;         ;
; ../../proj/src/andg32.vhd                   ; yes             ; User VHDL File               ; /home/layneben/Downloads/cpre3810-toolflow/proj/src/andg32.vhd                         ;         ;
; ../../proj/src/bshiftr.vhd                  ; yes             ; User VHDL File               ; /home/layneben/Downloads/cpre3810-toolflow/proj/src/bshiftr.vhd                        ;         ;
; ../../proj/src/busmux2to1.vhd               ; yes             ; User VHDL File               ; /home/layneben/Downloads/cpre3810-toolflow/proj/src/busmux2to1.vhd                     ;         ;
; ../../proj/src/control.vhd                  ; yes             ; User VHDL File               ; /home/layneben/Downloads/cpre3810-toolflow/proj/src/control.vhd                        ;         ;
; ../../proj/src/dec5to32.vhd                 ; yes             ; User VHDL File               ; /home/layneben/Downloads/cpre3810-toolflow/proj/src/dec5to32.vhd                       ;         ;
; ../../proj/src/dffg.vhd                     ; yes             ; User VHDL File               ; /home/layneben/Downloads/cpre3810-toolflow/proj/src/dffg.vhd                           ;         ;
; ../../proj/src/extender.vhd                 ; yes             ; User VHDL File               ; /home/layneben/Downloads/cpre3810-toolflow/proj/src/extender.vhd                       ;         ;
; ../../proj/src/fetch.vhd                    ; yes             ; User VHDL File               ; /home/layneben/Downloads/cpre3810-toolflow/proj/src/fetch.vhd                          ;         ;
; ../../proj/src/full_adder.vhd               ; yes             ; User VHDL File               ; /home/layneben/Downloads/cpre3810-toolflow/proj/src/full_adder.vhd                     ;         ;
; ../../proj/src/mux2to1.vhd                  ; yes             ; User VHDL File               ; /home/layneben/Downloads/cpre3810-toolflow/proj/src/mux2to1.vhd                        ;         ;
; ../../proj/src/mux32to1.vhd                 ; yes             ; User VHDL File               ; /home/layneben/Downloads/cpre3810-toolflow/proj/src/mux32to1.vhd                       ;         ;
; ../../proj/src/norg32.vhd                   ; yes             ; User VHDL File               ; /home/layneben/Downloads/cpre3810-toolflow/proj/src/norg32.vhd                         ;         ;
; ../../proj/src/org2.vhd                     ; yes             ; User VHDL File               ; /home/layneben/Downloads/cpre3810-toolflow/proj/src/org2.vhd                           ;         ;
; ../../proj/src/org32.vhd                    ; yes             ; User VHDL File               ; /home/layneben/Downloads/cpre3810-toolflow/proj/src/org32.vhd                          ;         ;
; ../../proj/src/reg.vhd                      ; yes             ; User VHDL File               ; /home/layneben/Downloads/cpre3810-toolflow/proj/src/reg.vhd                            ;         ;
; ../../proj/src/regfile.vhd                  ; yes             ; User VHDL File               ; /home/layneben/Downloads/cpre3810-toolflow/proj/src/regfile.vhd                        ;         ;
; ../../proj/src/resizer.vhd                  ; yes             ; User VHDL File               ; /home/layneben/Downloads/cpre3810-toolflow/proj/src/resizer.vhd                        ;         ;
; ../../proj/src/ripple_adder.vhd             ; yes             ; User VHDL File               ; /home/layneben/Downloads/cpre3810-toolflow/proj/src/ripple_adder.vhd                   ;         ;
; ../../proj/src/sign.vhd                     ; yes             ; User VHDL File               ; /home/layneben/Downloads/cpre3810-toolflow/proj/src/sign.vhd                           ;         ;
; ../../proj/src/special_dffg.vhd             ; yes             ; User VHDL File               ; /home/layneben/Downloads/cpre3810-toolflow/proj/src/special_dffg.vhd                   ;         ;
; ../../proj/src/xorg2.vhd                    ; yes             ; User VHDL File               ; /home/layneben/Downloads/cpre3810-toolflow/proj/src/xorg2.vhd                          ;         ;
; ../../proj/src/xorg32.vhd                   ; yes             ; User VHDL File               ; /home/layneben/Downloads/cpre3810-toolflow/proj/src/xorg32.vhd                         ;         ;
; altsyncram.tdf                              ; yes             ; Megafunction                 ; /remote/Altera/20.1/quartus/libraries/megafunctions/altsyncram.tdf                     ;         ;
; stratix_ram_block.inc                       ; yes             ; Megafunction                 ; /remote/Altera/20.1/quartus/libraries/megafunctions/stratix_ram_block.inc              ;         ;
; lpm_mux.inc                                 ; yes             ; Megafunction                 ; /remote/Altera/20.1/quartus/libraries/megafunctions/lpm_mux.inc                        ;         ;
; lpm_decode.inc                              ; yes             ; Megafunction                 ; /remote/Altera/20.1/quartus/libraries/megafunctions/lpm_decode.inc                     ;         ;
; aglobal201.inc                              ; yes             ; Megafunction                 ; /remote/Altera/20.1/quartus/libraries/megafunctions/aglobal201.inc                     ;         ;
; a_rdenreg.inc                               ; yes             ; Megafunction                 ; /remote/Altera/20.1/quartus/libraries/megafunctions/a_rdenreg.inc                      ;         ;
; altrom.inc                                  ; yes             ; Megafunction                 ; /remote/Altera/20.1/quartus/libraries/megafunctions/altrom.inc                         ;         ;
; altram.inc                                  ; yes             ; Megafunction                 ; /remote/Altera/20.1/quartus/libraries/megafunctions/altram.inc                         ;         ;
; altdpram.inc                                ; yes             ; Megafunction                 ; /remote/Altera/20.1/quartus/libraries/megafunctions/altdpram.inc                       ;         ;
; db/altsyncram_eg81.tdf                      ; yes             ; Auto-Generated Megafunction  ; /home/layneben/Downloads/cpre3810-toolflow/internal/QuartusWork/db/altsyncram_eg81.tdf ;         ;
; altshift_taps.tdf                           ; yes             ; Megafunction                 ; /remote/Altera/20.1/quartus/libraries/megafunctions/altshift_taps.tdf                  ;         ;
; lpm_counter.inc                             ; yes             ; Megafunction                 ; /remote/Altera/20.1/quartus/libraries/megafunctions/lpm_counter.inc                    ;         ;
; lpm_compare.inc                             ; yes             ; Megafunction                 ; /remote/Altera/20.1/quartus/libraries/megafunctions/lpm_compare.inc                    ;         ;
; lpm_constant.inc                            ; yes             ; Megafunction                 ; /remote/Altera/20.1/quartus/libraries/megafunctions/lpm_constant.inc                   ;         ;
; db/shift_taps_9km.tdf                       ; yes             ; Auto-Generated Megafunction  ; /home/layneben/Downloads/cpre3810-toolflow/internal/QuartusWork/db/shift_taps_9km.tdf  ;         ;
; db/altsyncram_n861.tdf                      ; yes             ; Auto-Generated Megafunction  ; /home/layneben/Downloads/cpre3810-toolflow/internal/QuartusWork/db/altsyncram_n861.tdf ;         ;
; db/add_sub_24e.tdf                          ; yes             ; Auto-Generated Megafunction  ; /home/layneben/Downloads/cpre3810-toolflow/internal/QuartusWork/db/add_sub_24e.tdf     ;         ;
; db/cntr_6pf.tdf                             ; yes             ; Auto-Generated Megafunction  ; /home/layneben/Downloads/cpre3810-toolflow/internal/QuartusWork/db/cntr_6pf.tdf        ;         ;
; db/cmpr_ogc.tdf                             ; yes             ; Auto-Generated Megafunction  ; /home/layneben/Downloads/cpre3810-toolflow/internal/QuartusWork/db/cmpr_ogc.tdf        ;         ;
; db/cntr_p8h.tdf                             ; yes             ; Auto-Generated Megafunction  ; /home/layneben/Downloads/cpre3810-toolflow/internal/QuartusWork/db/cntr_p8h.tdf        ;         ;
+---------------------------------------------+-----------------+------------------------------+----------------------------------------------------------------------------------------+---------+


+----------------------------------------------------------+
; Analysis & Synthesis Resource Usage Summary              ;
+---------------------------------------------+------------+
; Resource                                    ; Usage      ;
+---------------------------------------------+------------+
; Estimated Total logic elements              ; 59,260     ;
;                                             ;            ;
; Total combinational functions               ; 25307      ;
; Logic element usage by number of LUT inputs ;            ;
;     -- 4 input functions                    ; 23879      ;
;     -- 3 input functions                    ; 587        ;
;     -- <=2 input functions                  ; 841        ;
;                                             ;            ;
; Logic elements by mode                      ;            ;
;     -- normal mode                          ; 25304      ;
;     -- arithmetic mode                      ; 3          ;
;                                             ;            ;
; Total registers                             ; 34239      ;
;     -- Dedicated logic registers            ; 34239      ;
;     -- I/O registers                        ; 0          ;
;                                             ;            ;
; I/O pins                                    ; 99         ;
; Total memory bits                           ; 32801      ;
;                                             ;            ;
; Embedded Multiplier 9-bit elements          ; 0          ;
;                                             ;            ;
; Maximum fan-out node                        ; iCLK~input ;
; Maximum fan-out                             ; 34282      ;
; Total fan-out                               ; 203244     ;
; Average fan-out                             ; 3.40       ;
+---------------------------------------------+------------+


+--------------------------------------------------------------------------------------------------------------------------------------------------------------------------------------------------------------------------------------------------------------------------------------------------------------------------------------------------+
; Analysis & Synthesis Resource Utilization by Entity                                                                                                                                                                                                                                                                                              ;
+--------------------------------------------------+---------------------+---------------------------+-------------+--------------+---------+-----------+------+--------------+-----------------------------------------------------------------------------------------------------------------------------------+-----------------+--------------+
; Compilation Hierarchy Node                       ; Combinational ALUTs ; Dedicated Logic Registers ; Memory Bits ; DSP Elements ; DSP 9x9 ; DSP 18x18 ; Pins ; Virtual Pins ; Full Hierarchy Name                                                                                                               ; Entity Name     ; Library Name ;
+--------------------------------------------------+---------------------+---------------------------+-------------+--------------+---------+-----------+------+--------------+-----------------------------------------------------------------------------------------------------------------------------------+-----------------+--------------+
; |RISCV_Processor                                 ; 25307 (12)          ; 34239 (0)                 ; 32801       ; 0            ; 0       ; 0         ; 99   ; 0            ; |RISCV_Processor                                                                                                                  ; RISCV_Processor ; work         ;
;    |ALU:ALU_i|                                   ; 406 (12)            ; 0 (0)                     ; 0           ; 0            ; 0       ; 0         ; 0    ; 0            ; |RISCV_Processor|ALU:ALU_i                                                                                                        ; ALU             ; work         ;
;       |addsubi:addsubi_inst|                     ; 65 (0)              ; 0 (0)                     ; 0           ; 0            ; 0       ; 0         ; 0    ; 0            ; |RISCV_Processor|ALU:ALU_i|addsubi:addsubi_inst                                                                                   ; addsubi         ; work         ;
;          |ripple_adder:adder_inst|               ; 64 (0)              ; 0 (0)                     ; 0           ; 0            ; 0       ; 0         ; 0    ; 0            ; |RISCV_Processor|ALU:ALU_i|addsubi:addsubi_inst|ripple_adder:adder_inst                                                           ; ripple_adder    ; work         ;
;             |full_adder:\adder_chain:0:FA|       ; 2 (0)               ; 0 (0)                     ; 0           ; 0            ; 0       ; 0         ; 0    ; 0            ; |RISCV_Processor|ALU:ALU_i|addsubi:addsubi_inst|ripple_adder:adder_inst|full_adder:\adder_chain:0:FA                              ; full_adder      ; work         ;
;                |andg2:part3|                     ; 1 (1)               ; 0 (0)                     ; 0           ; 0            ; 0       ; 0         ; 0    ; 0            ; |RISCV_Processor|ALU:ALU_i|addsubi:addsubi_inst|ripple_adder:adder_inst|full_adder:\adder_chain:0:FA|andg2:part3                  ; andg2           ; work         ;
;                |andg2:part4|                     ; 1 (1)               ; 0 (0)                     ; 0           ; 0            ; 0       ; 0         ; 0    ; 0            ; |RISCV_Processor|ALU:ALU_i|addsubi:addsubi_inst|ripple_adder:adder_inst|full_adder:\adder_chain:0:FA|andg2:part4                  ; andg2           ; work         ;
;             |full_adder:\adder_chain:10:FA|      ; 2 (0)               ; 0 (0)                     ; 0           ; 0            ; 0       ; 0         ; 0    ; 0            ; |RISCV_Processor|ALU:ALU_i|addsubi:addsubi_inst|ripple_adder:adder_inst|full_adder:\adder_chain:10:FA                             ; full_adder      ; work         ;
;                |org2:part5|                      ; 1 (1)               ; 0 (0)                     ; 0           ; 0            ; 0       ; 0         ; 0    ; 0            ; |RISCV_Processor|ALU:ALU_i|addsubi:addsubi_inst|ripple_adder:adder_inst|full_adder:\adder_chain:10:FA|org2:part5                  ; org2            ; work         ;
;                |xorg2:part2|                     ; 1 (1)               ; 0 (0)                     ; 0           ; 0            ; 0       ; 0         ; 0    ; 0            ; |RISCV_Processor|ALU:ALU_i|addsubi:addsubi_inst|ripple_adder:adder_inst|full_adder:\adder_chain:10:FA|xorg2:part2                 ; xorg2           ; work         ;
;             |full_adder:\adder_chain:11:FA|      ; 2 (0)               ; 0 (0)                     ; 0           ; 0            ; 0       ; 0         ; 0    ; 0            ; |RISCV_Processor|ALU:ALU_i|addsubi:addsubi_inst|ripple_adder:adder_inst|full_adder:\adder_chain:11:FA                             ; full_adder      ; work         ;
;                |org2:part5|                      ; 1 (1)               ; 0 (0)                     ; 0           ; 0            ; 0       ; 0         ; 0    ; 0            ; |RISCV_Processor|ALU:ALU_i|addsubi:addsubi_inst|ripple_adder:adder_inst|full_adder:\adder_chain:11:FA|org2:part5                  ; org2            ; work         ;
;                |xorg2:part2|                     ; 1 (1)               ; 0 (0)                     ; 0           ; 0            ; 0       ; 0         ; 0    ; 0            ; |RISCV_Processor|ALU:ALU_i|addsubi:addsubi_inst|ripple_adder:adder_inst|full_adder:\adder_chain:11:FA|xorg2:part2                 ; xorg2           ; work         ;
;             |full_adder:\adder_chain:12:FA|      ; 2 (0)               ; 0 (0)                     ; 0           ; 0            ; 0       ; 0         ; 0    ; 0            ; |RISCV_Processor|ALU:ALU_i|addsubi:addsubi_inst|ripple_adder:adder_inst|full_adder:\adder_chain:12:FA                             ; full_adder      ; work         ;
;                |org2:part5|                      ; 1 (1)               ; 0 (0)                     ; 0           ; 0            ; 0       ; 0         ; 0    ; 0            ; |RISCV_Processor|ALU:ALU_i|addsubi:addsubi_inst|ripple_adder:adder_inst|full_adder:\adder_chain:12:FA|org2:part5                  ; org2            ; work         ;
;                |xorg2:part2|                     ; 1 (1)               ; 0 (0)                     ; 0           ; 0            ; 0       ; 0         ; 0    ; 0            ; |RISCV_Processor|ALU:ALU_i|addsubi:addsubi_inst|ripple_adder:adder_inst|full_adder:\adder_chain:12:FA|xorg2:part2                 ; xorg2           ; work         ;
;             |full_adder:\adder_chain:13:FA|      ; 2 (0)               ; 0 (0)                     ; 0           ; 0            ; 0       ; 0         ; 0    ; 0            ; |RISCV_Processor|ALU:ALU_i|addsubi:addsubi_inst|ripple_adder:adder_inst|full_adder:\adder_chain:13:FA                             ; full_adder      ; work         ;
;                |org2:part5|                      ; 1 (1)               ; 0 (0)                     ; 0           ; 0            ; 0       ; 0         ; 0    ; 0            ; |RISCV_Processor|ALU:ALU_i|addsubi:addsubi_inst|ripple_adder:adder_inst|full_adder:\adder_chain:13:FA|org2:part5                  ; org2            ; work         ;
;                |xorg2:part2|                     ; 1 (1)               ; 0 (0)                     ; 0           ; 0            ; 0       ; 0         ; 0    ; 0            ; |RISCV_Processor|ALU:ALU_i|addsubi:addsubi_inst|ripple_adder:adder_inst|full_adder:\adder_chain:13:FA|xorg2:part2                 ; xorg2           ; work         ;
;             |full_adder:\adder_chain:14:FA|      ; 2 (0)               ; 0 (0)                     ; 0           ; 0            ; 0       ; 0         ; 0    ; 0            ; |RISCV_Processor|ALU:ALU_i|addsubi:addsubi_inst|ripple_adder:adder_inst|full_adder:\adder_chain:14:FA                             ; full_adder      ; work         ;
;                |org2:part5|                      ; 1 (1)               ; 0 (0)                     ; 0           ; 0            ; 0       ; 0         ; 0    ; 0            ; |RISCV_Processor|ALU:ALU_i|addsubi:addsubi_inst|ripple_adder:adder_inst|full_adder:\adder_chain:14:FA|org2:part5                  ; org2            ; work         ;
;                |xorg2:part2|                     ; 1 (1)               ; 0 (0)                     ; 0           ; 0            ; 0       ; 0         ; 0    ; 0            ; |RISCV_Processor|ALU:ALU_i|addsubi:addsubi_inst|ripple_adder:adder_inst|full_adder:\adder_chain:14:FA|xorg2:part2                 ; xorg2           ; work         ;
;             |full_adder:\adder_chain:15:FA|      ; 2 (0)               ; 0 (0)                     ; 0           ; 0            ; 0       ; 0         ; 0    ; 0            ; |RISCV_Processor|ALU:ALU_i|addsubi:addsubi_inst|ripple_adder:adder_inst|full_adder:\adder_chain:15:FA                             ; full_adder      ; work         ;
;                |org2:part5|                      ; 1 (1)               ; 0 (0)                     ; 0           ; 0            ; 0       ; 0         ; 0    ; 0            ; |RISCV_Processor|ALU:ALU_i|addsubi:addsubi_inst|ripple_adder:adder_inst|full_adder:\adder_chain:15:FA|org2:part5                  ; org2            ; work         ;
;                |xorg2:part2|                     ; 1 (1)               ; 0 (0)                     ; 0           ; 0            ; 0       ; 0         ; 0    ; 0            ; |RISCV_Processor|ALU:ALU_i|addsubi:addsubi_inst|ripple_adder:adder_inst|full_adder:\adder_chain:15:FA|xorg2:part2                 ; xorg2           ; work         ;
;             |full_adder:\adder_chain:16:FA|      ; 2 (0)               ; 0 (0)                     ; 0           ; 0            ; 0       ; 0         ; 0    ; 0            ; |RISCV_Processor|ALU:ALU_i|addsubi:addsubi_inst|ripple_adder:adder_inst|full_adder:\adder_chain:16:FA                             ; full_adder      ; work         ;
;                |org2:part5|                      ; 1 (1)               ; 0 (0)                     ; 0           ; 0            ; 0       ; 0         ; 0    ; 0            ; |RISCV_Processor|ALU:ALU_i|addsubi:addsubi_inst|ripple_adder:adder_inst|full_adder:\adder_chain:16:FA|org2:part5                  ; org2            ; work         ;
;                |xorg2:part2|                     ; 1 (1)               ; 0 (0)                     ; 0           ; 0            ; 0       ; 0         ; 0    ; 0            ; |RISCV_Processor|ALU:ALU_i|addsubi:addsubi_inst|ripple_adder:adder_inst|full_adder:\adder_chain:16:FA|xorg2:part2                 ; xorg2           ; work         ;
;             |full_adder:\adder_chain:17:FA|      ; 2 (0)               ; 0 (0)                     ; 0           ; 0            ; 0       ; 0         ; 0    ; 0            ; |RISCV_Processor|ALU:ALU_i|addsubi:addsubi_inst|ripple_adder:adder_inst|full_adder:\adder_chain:17:FA                             ; full_adder      ; work         ;
;                |org2:part5|                      ; 1 (1)               ; 0 (0)                     ; 0           ; 0            ; 0       ; 0         ; 0    ; 0            ; |RISCV_Processor|ALU:ALU_i|addsubi:addsubi_inst|ripple_adder:adder_inst|full_adder:\adder_chain:17:FA|org2:part5                  ; org2            ; work         ;
;                |xorg2:part2|                     ; 1 (1)               ; 0 (0)                     ; 0           ; 0            ; 0       ; 0         ; 0    ; 0            ; |RISCV_Processor|ALU:ALU_i|addsubi:addsubi_inst|ripple_adder:adder_inst|full_adder:\adder_chain:17:FA|xorg2:part2                 ; xorg2           ; work         ;
;             |full_adder:\adder_chain:18:FA|      ; 2 (0)               ; 0 (0)                     ; 0           ; 0            ; 0       ; 0         ; 0    ; 0            ; |RISCV_Processor|ALU:ALU_i|addsubi:addsubi_inst|ripple_adder:adder_inst|full_adder:\adder_chain:18:FA                             ; full_adder      ; work         ;
;                |org2:part5|                      ; 1 (1)               ; 0 (0)                     ; 0           ; 0            ; 0       ; 0         ; 0    ; 0            ; |RISCV_Processor|ALU:ALU_i|addsubi:addsubi_inst|ripple_adder:adder_inst|full_adder:\adder_chain:18:FA|org2:part5                  ; org2            ; work         ;
;                |xorg2:part2|                     ; 1 (1)               ; 0 (0)                     ; 0           ; 0            ; 0       ; 0         ; 0    ; 0            ; |RISCV_Processor|ALU:ALU_i|addsubi:addsubi_inst|ripple_adder:adder_inst|full_adder:\adder_chain:18:FA|xorg2:part2                 ; xorg2           ; work         ;
;             |full_adder:\adder_chain:19:FA|      ; 2 (0)               ; 0 (0)                     ; 0           ; 0            ; 0       ; 0         ; 0    ; 0            ; |RISCV_Processor|ALU:ALU_i|addsubi:addsubi_inst|ripple_adder:adder_inst|full_adder:\adder_chain:19:FA                             ; full_adder      ; work         ;
;                |org2:part5|                      ; 1 (1)               ; 0 (0)                     ; 0           ; 0            ; 0       ; 0         ; 0    ; 0            ; |RISCV_Processor|ALU:ALU_i|addsubi:addsubi_inst|ripple_adder:adder_inst|full_adder:\adder_chain:19:FA|org2:part5                  ; org2            ; work         ;
;                |xorg2:part2|                     ; 1 (1)               ; 0 (0)                     ; 0           ; 0            ; 0       ; 0         ; 0    ; 0            ; |RISCV_Processor|ALU:ALU_i|addsubi:addsubi_inst|ripple_adder:adder_inst|full_adder:\adder_chain:19:FA|xorg2:part2                 ; xorg2           ; work         ;
;             |full_adder:\adder_chain:1:FA|       ; 2 (0)               ; 0 (0)                     ; 0           ; 0            ; 0       ; 0         ; 0    ; 0            ; |RISCV_Processor|ALU:ALU_i|addsubi:addsubi_inst|ripple_adder:adder_inst|full_adder:\adder_chain:1:FA                              ; full_adder      ; work         ;
;                |org2:part5|                      ; 1 (1)               ; 0 (0)                     ; 0           ; 0            ; 0       ; 0         ; 0    ; 0            ; |RISCV_Processor|ALU:ALU_i|addsubi:addsubi_inst|ripple_adder:adder_inst|full_adder:\adder_chain:1:FA|org2:part5                   ; org2            ; work         ;
;                |xorg2:part2|                     ; 1 (1)               ; 0 (0)                     ; 0           ; 0            ; 0       ; 0         ; 0    ; 0            ; |RISCV_Processor|ALU:ALU_i|addsubi:addsubi_inst|ripple_adder:adder_inst|full_adder:\adder_chain:1:FA|xorg2:part2                  ; xorg2           ; work         ;
;             |full_adder:\adder_chain:20:FA|      ; 2 (0)               ; 0 (0)                     ; 0           ; 0            ; 0       ; 0         ; 0    ; 0            ; |RISCV_Processor|ALU:ALU_i|addsubi:addsubi_inst|ripple_adder:adder_inst|full_adder:\adder_chain:20:FA                             ; full_adder      ; work         ;
;                |org2:part5|                      ; 1 (1)               ; 0 (0)                     ; 0           ; 0            ; 0       ; 0         ; 0    ; 0            ; |RISCV_Processor|ALU:ALU_i|addsubi:addsubi_inst|ripple_adder:adder_inst|full_adder:\adder_chain:20:FA|org2:part5                  ; org2            ; work         ;
;                |xorg2:part2|                     ; 1 (1)               ; 0 (0)                     ; 0           ; 0            ; 0       ; 0         ; 0    ; 0            ; |RISCV_Processor|ALU:ALU_i|addsubi:addsubi_inst|ripple_adder:adder_inst|full_adder:\adder_chain:20:FA|xorg2:part2                 ; xorg2           ; work         ;
;             |full_adder:\adder_chain:21:FA|      ; 2 (0)               ; 0 (0)                     ; 0           ; 0            ; 0       ; 0         ; 0    ; 0            ; |RISCV_Processor|ALU:ALU_i|addsubi:addsubi_inst|ripple_adder:adder_inst|full_adder:\adder_chain:21:FA                             ; full_adder      ; work         ;
;                |org2:part5|                      ; 1 (1)               ; 0 (0)                     ; 0           ; 0            ; 0       ; 0         ; 0    ; 0            ; |RISCV_Processor|ALU:ALU_i|addsubi:addsubi_inst|ripple_adder:adder_inst|full_adder:\adder_chain:21:FA|org2:part5                  ; org2            ; work         ;
;                |xorg2:part2|                     ; 1 (1)               ; 0 (0)                     ; 0           ; 0            ; 0       ; 0         ; 0    ; 0            ; |RISCV_Processor|ALU:ALU_i|addsubi:addsubi_inst|ripple_adder:adder_inst|full_adder:\adder_chain:21:FA|xorg2:part2                 ; xorg2           ; work         ;
;             |full_adder:\adder_chain:22:FA|      ; 2 (0)               ; 0 (0)                     ; 0           ; 0            ; 0       ; 0         ; 0    ; 0            ; |RISCV_Processor|ALU:ALU_i|addsubi:addsubi_inst|ripple_adder:adder_inst|full_adder:\adder_chain:22:FA                             ; full_adder      ; work         ;
;                |org2:part5|                      ; 1 (1)               ; 0 (0)                     ; 0           ; 0            ; 0       ; 0         ; 0    ; 0            ; |RISCV_Processor|ALU:ALU_i|addsubi:addsubi_inst|ripple_adder:adder_inst|full_adder:\adder_chain:22:FA|org2:part5                  ; org2            ; work         ;
;                |xorg2:part2|                     ; 1 (1)               ; 0 (0)                     ; 0           ; 0            ; 0       ; 0         ; 0    ; 0            ; |RISCV_Processor|ALU:ALU_i|addsubi:addsubi_inst|ripple_adder:adder_inst|full_adder:\adder_chain:22:FA|xorg2:part2                 ; xorg2           ; work         ;
;             |full_adder:\adder_chain:23:FA|      ; 2 (0)               ; 0 (0)                     ; 0           ; 0            ; 0       ; 0         ; 0    ; 0            ; |RISCV_Processor|ALU:ALU_i|addsubi:addsubi_inst|ripple_adder:adder_inst|full_adder:\adder_chain:23:FA                             ; full_adder      ; work         ;
;                |org2:part5|                      ; 1 (1)               ; 0 (0)                     ; 0           ; 0            ; 0       ; 0         ; 0    ; 0            ; |RISCV_Processor|ALU:ALU_i|addsubi:addsubi_inst|ripple_adder:adder_inst|full_adder:\adder_chain:23:FA|org2:part5                  ; org2            ; work         ;
;                |xorg2:part2|                     ; 1 (1)               ; 0 (0)                     ; 0           ; 0            ; 0       ; 0         ; 0    ; 0            ; |RISCV_Processor|ALU:ALU_i|addsubi:addsubi_inst|ripple_adder:adder_inst|full_adder:\adder_chain:23:FA|xorg2:part2                 ; xorg2           ; work         ;
;             |full_adder:\adder_chain:24:FA|      ; 2 (0)               ; 0 (0)                     ; 0           ; 0            ; 0       ; 0         ; 0    ; 0            ; |RISCV_Processor|ALU:ALU_i|addsubi:addsubi_inst|ripple_adder:adder_inst|full_adder:\adder_chain:24:FA                             ; full_adder      ; work         ;
;                |org2:part5|                      ; 1 (1)               ; 0 (0)                     ; 0           ; 0            ; 0       ; 0         ; 0    ; 0            ; |RISCV_Processor|ALU:ALU_i|addsubi:addsubi_inst|ripple_adder:adder_inst|full_adder:\adder_chain:24:FA|org2:part5                  ; org2            ; work         ;
;                |xorg2:part2|                     ; 1 (1)               ; 0 (0)                     ; 0           ; 0            ; 0       ; 0         ; 0    ; 0            ; |RISCV_Processor|ALU:ALU_i|addsubi:addsubi_inst|ripple_adder:adder_inst|full_adder:\adder_chain:24:FA|xorg2:part2                 ; xorg2           ; work         ;
;             |full_adder:\adder_chain:25:FA|      ; 2 (0)               ; 0 (0)                     ; 0           ; 0            ; 0       ; 0         ; 0    ; 0            ; |RISCV_Processor|ALU:ALU_i|addsubi:addsubi_inst|ripple_adder:adder_inst|full_adder:\adder_chain:25:FA                             ; full_adder      ; work         ;
;                |org2:part5|                      ; 1 (1)               ; 0 (0)                     ; 0           ; 0            ; 0       ; 0         ; 0    ; 0            ; |RISCV_Processor|ALU:ALU_i|addsubi:addsubi_inst|ripple_adder:adder_inst|full_adder:\adder_chain:25:FA|org2:part5                  ; org2            ; work         ;
;                |xorg2:part2|                     ; 1 (1)               ; 0 (0)                     ; 0           ; 0            ; 0       ; 0         ; 0    ; 0            ; |RISCV_Processor|ALU:ALU_i|addsubi:addsubi_inst|ripple_adder:adder_inst|full_adder:\adder_chain:25:FA|xorg2:part2                 ; xorg2           ; work         ;
;             |full_adder:\adder_chain:26:FA|      ; 2 (0)               ; 0 (0)                     ; 0           ; 0            ; 0       ; 0         ; 0    ; 0            ; |RISCV_Processor|ALU:ALU_i|addsubi:addsubi_inst|ripple_adder:adder_inst|full_adder:\adder_chain:26:FA                             ; full_adder      ; work         ;
;                |org2:part5|                      ; 1 (1)               ; 0 (0)                     ; 0           ; 0            ; 0       ; 0         ; 0    ; 0            ; |RISCV_Processor|ALU:ALU_i|addsubi:addsubi_inst|ripple_adder:adder_inst|full_adder:\adder_chain:26:FA|org2:part5                  ; org2            ; work         ;
;                |xorg2:part2|                     ; 1 (1)               ; 0 (0)                     ; 0           ; 0            ; 0       ; 0         ; 0    ; 0            ; |RISCV_Processor|ALU:ALU_i|addsubi:addsubi_inst|ripple_adder:adder_inst|full_adder:\adder_chain:26:FA|xorg2:part2                 ; xorg2           ; work         ;
;             |full_adder:\adder_chain:27:FA|      ; 2 (0)               ; 0 (0)                     ; 0           ; 0            ; 0       ; 0         ; 0    ; 0            ; |RISCV_Processor|ALU:ALU_i|addsubi:addsubi_inst|ripple_adder:adder_inst|full_adder:\adder_chain:27:FA                             ; full_adder      ; work         ;
;                |org2:part5|                      ; 1 (1)               ; 0 (0)                     ; 0           ; 0            ; 0       ; 0         ; 0    ; 0            ; |RISCV_Processor|ALU:ALU_i|addsubi:addsubi_inst|ripple_adder:adder_inst|full_adder:\adder_chain:27:FA|org2:part5                  ; org2            ; work         ;
;                |xorg2:part2|                     ; 1 (1)               ; 0 (0)                     ; 0           ; 0            ; 0       ; 0         ; 0    ; 0            ; |RISCV_Processor|ALU:ALU_i|addsubi:addsubi_inst|ripple_adder:adder_inst|full_adder:\adder_chain:27:FA|xorg2:part2                 ; xorg2           ; work         ;
;             |full_adder:\adder_chain:28:FA|      ; 2 (0)               ; 0 (0)                     ; 0           ; 0            ; 0       ; 0         ; 0    ; 0            ; |RISCV_Processor|ALU:ALU_i|addsubi:addsubi_inst|ripple_adder:adder_inst|full_adder:\adder_chain:28:FA                             ; full_adder      ; work         ;
;                |org2:part5|                      ; 1 (1)               ; 0 (0)                     ; 0           ; 0            ; 0       ; 0         ; 0    ; 0            ; |RISCV_Processor|ALU:ALU_i|addsubi:addsubi_inst|ripple_adder:adder_inst|full_adder:\adder_chain:28:FA|org2:part5                  ; org2            ; work         ;
;                |xorg2:part2|                     ; 1 (1)               ; 0 (0)                     ; 0           ; 0            ; 0       ; 0         ; 0    ; 0            ; |RISCV_Processor|ALU:ALU_i|addsubi:addsubi_inst|ripple_adder:adder_inst|full_adder:\adder_chain:28:FA|xorg2:part2                 ; xorg2           ; work         ;
;             |full_adder:\adder_chain:29:FA|      ; 2 (0)               ; 0 (0)                     ; 0           ; 0            ; 0       ; 0         ; 0    ; 0            ; |RISCV_Processor|ALU:ALU_i|addsubi:addsubi_inst|ripple_adder:adder_inst|full_adder:\adder_chain:29:FA                             ; full_adder      ; work         ;
;                |org2:part5|                      ; 1 (1)               ; 0 (0)                     ; 0           ; 0            ; 0       ; 0         ; 0    ; 0            ; |RISCV_Processor|ALU:ALU_i|addsubi:addsubi_inst|ripple_adder:adder_inst|full_adder:\adder_chain:29:FA|org2:part5                  ; org2            ; work         ;
;                |xorg2:part2|                     ; 1 (1)               ; 0 (0)                     ; 0           ; 0            ; 0       ; 0         ; 0    ; 0            ; |RISCV_Processor|ALU:ALU_i|addsubi:addsubi_inst|ripple_adder:adder_inst|full_adder:\adder_chain:29:FA|xorg2:part2                 ; xorg2           ; work         ;
;             |full_adder:\adder_chain:2:FA|       ; 2 (0)               ; 0 (0)                     ; 0           ; 0            ; 0       ; 0         ; 0    ; 0            ; |RISCV_Processor|ALU:ALU_i|addsubi:addsubi_inst|ripple_adder:adder_inst|full_adder:\adder_chain:2:FA                              ; full_adder      ; work         ;
;                |org2:part5|                      ; 1 (1)               ; 0 (0)                     ; 0           ; 0            ; 0       ; 0         ; 0    ; 0            ; |RISCV_Processor|ALU:ALU_i|addsubi:addsubi_inst|ripple_adder:adder_inst|full_adder:\adder_chain:2:FA|org2:part5                   ; org2            ; work         ;
;                |xorg2:part2|                     ; 1 (1)               ; 0 (0)                     ; 0           ; 0            ; 0       ; 0         ; 0    ; 0            ; |RISCV_Processor|ALU:ALU_i|addsubi:addsubi_inst|ripple_adder:adder_inst|full_adder:\adder_chain:2:FA|xorg2:part2                  ; xorg2           ; work         ;
;             |full_adder:\adder_chain:30:FA|      ; 2 (0)               ; 0 (0)                     ; 0           ; 0            ; 0       ; 0         ; 0    ; 0            ; |RISCV_Processor|ALU:ALU_i|addsubi:addsubi_inst|ripple_adder:adder_inst|full_adder:\adder_chain:30:FA                             ; full_adder      ; work         ;
;                |org2:part5|                      ; 1 (1)               ; 0 (0)                     ; 0           ; 0            ; 0       ; 0         ; 0    ; 0            ; |RISCV_Processor|ALU:ALU_i|addsubi:addsubi_inst|ripple_adder:adder_inst|full_adder:\adder_chain:30:FA|org2:part5                  ; org2            ; work         ;
;                |xorg2:part2|                     ; 1 (1)               ; 0 (0)                     ; 0           ; 0            ; 0       ; 0         ; 0    ; 0            ; |RISCV_Processor|ALU:ALU_i|addsubi:addsubi_inst|ripple_adder:adder_inst|full_adder:\adder_chain:30:FA|xorg2:part2                 ; xorg2           ; work         ;
;             |full_adder:\adder_chain:31:FA|      ; 2 (0)               ; 0 (0)                     ; 0           ; 0            ; 0       ; 0         ; 0    ; 0            ; |RISCV_Processor|ALU:ALU_i|addsubi:addsubi_inst|ripple_adder:adder_inst|full_adder:\adder_chain:31:FA                             ; full_adder      ; work         ;
;                |org2:part5|                      ; 1 (1)               ; 0 (0)                     ; 0           ; 0            ; 0       ; 0         ; 0    ; 0            ; |RISCV_Processor|ALU:ALU_i|addsubi:addsubi_inst|ripple_adder:adder_inst|full_adder:\adder_chain:31:FA|org2:part5                  ; org2            ; work         ;
;                |xorg2:part1|                     ; 1 (1)               ; 0 (0)                     ; 0           ; 0            ; 0       ; 0         ; 0    ; 0            ; |RISCV_Processor|ALU:ALU_i|addsubi:addsubi_inst|ripple_adder:adder_inst|full_adder:\adder_chain:31:FA|xorg2:part1                 ; xorg2           ; work         ;
;             |full_adder:\adder_chain:3:FA|       ; 2 (0)               ; 0 (0)                     ; 0           ; 0            ; 0       ; 0         ; 0    ; 0            ; |RISCV_Processor|ALU:ALU_i|addsubi:addsubi_inst|ripple_adder:adder_inst|full_adder:\adder_chain:3:FA                              ; full_adder      ; work         ;
;                |org2:part5|                      ; 1 (1)               ; 0 (0)                     ; 0           ; 0            ; 0       ; 0         ; 0    ; 0            ; |RISCV_Processor|ALU:ALU_i|addsubi:addsubi_inst|ripple_adder:adder_inst|full_adder:\adder_chain:3:FA|org2:part5                   ; org2            ; work         ;
;                |xorg2:part2|                     ; 1 (1)               ; 0 (0)                     ; 0           ; 0            ; 0       ; 0         ; 0    ; 0            ; |RISCV_Processor|ALU:ALU_i|addsubi:addsubi_inst|ripple_adder:adder_inst|full_adder:\adder_chain:3:FA|xorg2:part2                  ; xorg2           ; work         ;
;             |full_adder:\adder_chain:4:FA|       ; 2 (0)               ; 0 (0)                     ; 0           ; 0            ; 0       ; 0         ; 0    ; 0            ; |RISCV_Processor|ALU:ALU_i|addsubi:addsubi_inst|ripple_adder:adder_inst|full_adder:\adder_chain:4:FA                              ; full_adder      ; work         ;
;                |org2:part5|                      ; 1 (1)               ; 0 (0)                     ; 0           ; 0            ; 0       ; 0         ; 0    ; 0            ; |RISCV_Processor|ALU:ALU_i|addsubi:addsubi_inst|ripple_adder:adder_inst|full_adder:\adder_chain:4:FA|org2:part5                   ; org2            ; work         ;
;                |xorg2:part2|                     ; 1 (1)               ; 0 (0)                     ; 0           ; 0            ; 0       ; 0         ; 0    ; 0            ; |RISCV_Processor|ALU:ALU_i|addsubi:addsubi_inst|ripple_adder:adder_inst|full_adder:\adder_chain:4:FA|xorg2:part2                  ; xorg2           ; work         ;
;             |full_adder:\adder_chain:5:FA|       ; 2 (0)               ; 0 (0)                     ; 0           ; 0            ; 0       ; 0         ; 0    ; 0            ; |RISCV_Processor|ALU:ALU_i|addsubi:addsubi_inst|ripple_adder:adder_inst|full_adder:\adder_chain:5:FA                              ; full_adder      ; work         ;
;                |org2:part5|                      ; 1 (1)               ; 0 (0)                     ; 0           ; 0            ; 0       ; 0         ; 0    ; 0            ; |RISCV_Processor|ALU:ALU_i|addsubi:addsubi_inst|ripple_adder:adder_inst|full_adder:\adder_chain:5:FA|org2:part5                   ; org2            ; work         ;
;                |xorg2:part2|                     ; 1 (1)               ; 0 (0)                     ; 0           ; 0            ; 0       ; 0         ; 0    ; 0            ; |RISCV_Processor|ALU:ALU_i|addsubi:addsubi_inst|ripple_adder:adder_inst|full_adder:\adder_chain:5:FA|xorg2:part2                  ; xorg2           ; work         ;
;             |full_adder:\adder_chain:6:FA|       ; 2 (0)               ; 0 (0)                     ; 0           ; 0            ; 0       ; 0         ; 0    ; 0            ; |RISCV_Processor|ALU:ALU_i|addsubi:addsubi_inst|ripple_adder:adder_inst|full_adder:\adder_chain:6:FA                              ; full_adder      ; work         ;
;                |org2:part5|                      ; 1 (1)               ; 0 (0)                     ; 0           ; 0            ; 0       ; 0         ; 0    ; 0            ; |RISCV_Processor|ALU:ALU_i|addsubi:addsubi_inst|ripple_adder:adder_inst|full_adder:\adder_chain:6:FA|org2:part5                   ; org2            ; work         ;
;                |xorg2:part2|                     ; 1 (1)               ; 0 (0)                     ; 0           ; 0            ; 0       ; 0         ; 0    ; 0            ; |RISCV_Processor|ALU:ALU_i|addsubi:addsubi_inst|ripple_adder:adder_inst|full_adder:\adder_chain:6:FA|xorg2:part2                  ; xorg2           ; work         ;
;             |full_adder:\adder_chain:7:FA|       ; 2 (0)               ; 0 (0)                     ; 0           ; 0            ; 0       ; 0         ; 0    ; 0            ; |RISCV_Processor|ALU:ALU_i|addsubi:addsubi_inst|ripple_adder:adder_inst|full_adder:\adder_chain:7:FA                              ; full_adder      ; work         ;
;                |org2:part5|                      ; 1 (1)               ; 0 (0)                     ; 0           ; 0            ; 0       ; 0         ; 0    ; 0            ; |RISCV_Processor|ALU:ALU_i|addsubi:addsubi_inst|ripple_adder:adder_inst|full_adder:\adder_chain:7:FA|org2:part5                   ; org2            ; work         ;
;                |xorg2:part2|                     ; 1 (1)               ; 0 (0)                     ; 0           ; 0            ; 0       ; 0         ; 0    ; 0            ; |RISCV_Processor|ALU:ALU_i|addsubi:addsubi_inst|ripple_adder:adder_inst|full_adder:\adder_chain:7:FA|xorg2:part2                  ; xorg2           ; work         ;
;             |full_adder:\adder_chain:8:FA|       ; 2 (0)               ; 0 (0)                     ; 0           ; 0            ; 0       ; 0         ; 0    ; 0            ; |RISCV_Processor|ALU:ALU_i|addsubi:addsubi_inst|ripple_adder:adder_inst|full_adder:\adder_chain:8:FA                              ; full_adder      ; work         ;
;                |org2:part5|                      ; 1 (1)               ; 0 (0)                     ; 0           ; 0            ; 0       ; 0         ; 0    ; 0            ; |RISCV_Processor|ALU:ALU_i|addsubi:addsubi_inst|ripple_adder:adder_inst|full_adder:\adder_chain:8:FA|org2:part5                   ; org2            ; work         ;
;                |xorg2:part2|                     ; 1 (1)               ; 0 (0)                     ; 0           ; 0            ; 0       ; 0         ; 0    ; 0            ; |RISCV_Processor|ALU:ALU_i|addsubi:addsubi_inst|ripple_adder:adder_inst|full_adder:\adder_chain:8:FA|xorg2:part2                  ; xorg2           ; work         ;
;             |full_adder:\adder_chain:9:FA|       ; 2 (0)               ; 0 (0)                     ; 0           ; 0            ; 0       ; 0         ; 0    ; 0            ; |RISCV_Processor|ALU:ALU_i|addsubi:addsubi_inst|ripple_adder:adder_inst|full_adder:\adder_chain:9:FA                              ; full_adder      ; work         ;
;                |org2:part5|                      ; 1 (1)               ; 0 (0)                     ; 0           ; 0            ; 0       ; 0         ; 0    ; 0            ; |RISCV_Processor|ALU:ALU_i|addsubi:addsubi_inst|ripple_adder:adder_inst|full_adder:\adder_chain:9:FA|org2:part5                   ; org2            ; work         ;
;                |xorg2:part2|                     ; 1 (1)               ; 0 (0)                     ; 0           ; 0            ; 0       ; 0         ; 0    ; 0            ; |RISCV_Processor|ALU:ALU_i|addsubi:addsubi_inst|ripple_adder:adder_inst|full_adder:\adder_chain:9:FA|xorg2:part2                  ; xorg2           ; work         ;
;          |xorg2:\gen_xor:1:bx|                   ; 1 (1)               ; 0 (0)                     ; 0           ; 0            ; 0       ; 0         ; 0    ; 0            ; |RISCV_Processor|ALU:ALU_i|addsubi:addsubi_inst|xorg2:\gen_xor:1:bx                                                               ; xorg2           ; work         ;
;       |bshiftr:bshiftr_inst|                     ; 190 (190)           ; 0 (0)                     ; 0           ; 0            ; 0       ; 0         ; 0    ; 0            ; |RISCV_Processor|ALU:ALU_i|bshiftr:bshiftr_inst                                                                                   ; bshiftr         ; work         ;
;       |busmux2to1:busmux_inst6|                  ; 100 (100)           ; 0 (0)                     ; 0           ; 0            ; 0       ; 0         ; 0    ; 0            ; |RISCV_Processor|ALU:ALU_i|busmux2to1:busmux_inst6                                                                                ; busmux2to1      ; work         ;
;       |busmux2to1:busmux_inst|                   ; 32 (32)             ; 0 (0)                     ; 0           ; 0            ; 0       ; 0         ; 0    ; 0            ; |RISCV_Processor|ALU:ALU_i|busmux2to1:busmux_inst                                                                                 ; busmux2to1      ; work         ;
;       |mux2to1:mux_inst10|                       ; 6 (6)               ; 0 (0)                     ; 0           ; 0            ; 0       ; 0         ; 0    ; 0            ; |RISCV_Processor|ALU:ALU_i|mux2to1:mux_inst10                                                                                     ; mux2to1         ; work         ;
;       |xorg32:xorg32_inst|                       ; 1 (1)               ; 0 (0)                     ; 0           ; 0            ; 0       ; 0         ; 0    ; 0            ; |RISCV_Processor|ALU:ALU_i|xorg32:xorg32_inst                                                                                     ; xorg32          ; work         ;
;    |ALU_control:ALU_control_i|                   ; 19 (19)             ; 0 (0)                     ; 0           ; 0            ; 0       ; 0         ; 0    ; 0            ; |RISCV_Processor|ALU_control:ALU_control_i                                                                                        ; ALU_control     ; work         ;
;    |EXMEM:EXMEM_i|                               ; 0 (0)               ; 108 (0)                   ; 0           ; 0            ; 0       ; 0         ; 0    ; 0            ; |RISCV_Processor|EXMEM:EXMEM_i                                                                                                    ; EXMEM           ; work         ;
;       |dffg:MemWrite_dffg|                       ; 0 (0)               ; 1 (1)                     ; 0           ; 0            ; 0       ; 0         ; 0    ; 0            ; |RISCV_Processor|EXMEM:EXMEM_i|dffg:MemWrite_dffg                                                                                 ; dffg            ; work         ;
;       |dffg:\ALUB_dffgs:100:B_dffg|              ; 0 (0)               ; 1 (1)                     ; 0           ; 0            ; 0       ; 0         ; 0    ; 0            ; |RISCV_Processor|EXMEM:EXMEM_i|dffg:\ALUB_dffgs:100:B_dffg                                                                        ; dffg            ; work         ;
;       |dffg:\ALUB_dffgs:101:B_dffg|              ; 0 (0)               ; 1 (1)                     ; 0           ; 0            ; 0       ; 0         ; 0    ; 0            ; |RISCV_Processor|EXMEM:EXMEM_i|dffg:\ALUB_dffgs:101:B_dffg                                                                        ; dffg            ; work         ;
;       |dffg:\ALUB_dffgs:102:B_dffg|              ; 0 (0)               ; 1 (1)                     ; 0           ; 0            ; 0       ; 0         ; 0    ; 0            ; |RISCV_Processor|EXMEM:EXMEM_i|dffg:\ALUB_dffgs:102:B_dffg                                                                        ; dffg            ; work         ;
;       |dffg:\ALUB_dffgs:103:B_dffg|              ; 0 (0)               ; 1 (1)                     ; 0           ; 0            ; 0       ; 0         ; 0    ; 0            ; |RISCV_Processor|EXMEM:EXMEM_i|dffg:\ALUB_dffgs:103:B_dffg                                                                        ; dffg            ; work         ;
;       |dffg:\ALUB_dffgs:104:B_dffg|              ; 0 (0)               ; 1 (1)                     ; 0           ; 0            ; 0       ; 0         ; 0    ; 0            ; |RISCV_Processor|EXMEM:EXMEM_i|dffg:\ALUB_dffgs:104:B_dffg                                                                        ; dffg            ; work         ;
;       |dffg:\ALUB_dffgs:105:B_dffg|              ; 0 (0)               ; 1 (1)                     ; 0           ; 0            ; 0       ; 0         ; 0    ; 0            ; |RISCV_Processor|EXMEM:EXMEM_i|dffg:\ALUB_dffgs:105:B_dffg                                                                        ; dffg            ; work         ;
;       |dffg:\ALUB_dffgs:106:B_dffg|              ; 0 (0)               ; 1 (1)                     ; 0           ; 0            ; 0       ; 0         ; 0    ; 0            ; |RISCV_Processor|EXMEM:EXMEM_i|dffg:\ALUB_dffgs:106:B_dffg                                                                        ; dffg            ; work         ;
;       |dffg:\ALUB_dffgs:107:B_dffg|              ; 0 (0)               ; 1 (1)                     ; 0           ; 0            ; 0       ; 0         ; 0    ; 0            ; |RISCV_Processor|EXMEM:EXMEM_i|dffg:\ALUB_dffgs:107:B_dffg                                                                        ; dffg            ; work         ;
;       |dffg:\ALUB_dffgs:108:B_dffg|              ; 0 (0)               ; 1 (1)                     ; 0           ; 0            ; 0       ; 0         ; 0    ; 0            ; |RISCV_Processor|EXMEM:EXMEM_i|dffg:\ALUB_dffgs:108:B_dffg                                                                        ; dffg            ; work         ;
;       |dffg:\ALUB_dffgs:109:B_dffg|              ; 0 (0)               ; 1 (1)                     ; 0           ; 0            ; 0       ; 0         ; 0    ; 0            ; |RISCV_Processor|EXMEM:EXMEM_i|dffg:\ALUB_dffgs:109:B_dffg                                                                        ; dffg            ; work         ;
;       |dffg:\ALUB_dffgs:110:B_dffg|              ; 0 (0)               ; 1 (1)                     ; 0           ; 0            ; 0       ; 0         ; 0    ; 0            ; |RISCV_Processor|EXMEM:EXMEM_i|dffg:\ALUB_dffgs:110:B_dffg                                                                        ; dffg            ; work         ;
;       |dffg:\ALUB_dffgs:79:B_dffg|               ; 0 (0)               ; 1 (1)                     ; 0           ; 0            ; 0       ; 0         ; 0    ; 0            ; |RISCV_Processor|EXMEM:EXMEM_i|dffg:\ALUB_dffgs:79:B_dffg                                                                         ; dffg            ; work         ;
;       |dffg:\ALUB_dffgs:80:B_dffg|               ; 0 (0)               ; 1 (1)                     ; 0           ; 0            ; 0       ; 0         ; 0    ; 0            ; |RISCV_Processor|EXMEM:EXMEM_i|dffg:\ALUB_dffgs:80:B_dffg                                                                         ; dffg            ; work         ;
;       |dffg:\ALUB_dffgs:81:B_dffg|               ; 0 (0)               ; 1 (1)                     ; 0           ; 0            ; 0       ; 0         ; 0    ; 0            ; |RISCV_Processor|EXMEM:EXMEM_i|dffg:\ALUB_dffgs:81:B_dffg                                                                         ; dffg            ; work         ;
;       |dffg:\ALUB_dffgs:82:B_dffg|               ; 0 (0)               ; 1 (1)                     ; 0           ; 0            ; 0       ; 0         ; 0    ; 0            ; |RISCV_Processor|EXMEM:EXMEM_i|dffg:\ALUB_dffgs:82:B_dffg                                                                         ; dffg            ; work         ;
;       |dffg:\ALUB_dffgs:83:B_dffg|               ; 0 (0)               ; 1 (1)                     ; 0           ; 0            ; 0       ; 0         ; 0    ; 0            ; |RISCV_Processor|EXMEM:EXMEM_i|dffg:\ALUB_dffgs:83:B_dffg                                                                         ; dffg            ; work         ;
;       |dffg:\ALUB_dffgs:84:B_dffg|               ; 0 (0)               ; 1 (1)                     ; 0           ; 0            ; 0       ; 0         ; 0    ; 0            ; |RISCV_Processor|EXMEM:EXMEM_i|dffg:\ALUB_dffgs:84:B_dffg                                                                         ; dffg            ; work         ;
;       |dffg:\ALUB_dffgs:85:B_dffg|               ; 0 (0)               ; 1 (1)                     ; 0           ; 0            ; 0       ; 0         ; 0    ; 0            ; |RISCV_Processor|EXMEM:EXMEM_i|dffg:\ALUB_dffgs:85:B_dffg                                                                         ; dffg            ; work         ;
;       |dffg:\ALUB_dffgs:86:B_dffg|               ; 0 (0)               ; 1 (1)                     ; 0           ; 0            ; 0       ; 0         ; 0    ; 0            ; |RISCV_Processor|EXMEM:EXMEM_i|dffg:\ALUB_dffgs:86:B_dffg                                                                         ; dffg            ; work         ;
;       |dffg:\ALUB_dffgs:87:B_dffg|               ; 0 (0)               ; 1 (1)                     ; 0           ; 0            ; 0       ; 0         ; 0    ; 0            ; |RISCV_Processor|EXMEM:EXMEM_i|dffg:\ALUB_dffgs:87:B_dffg                                                                         ; dffg            ; work         ;
;       |dffg:\ALUB_dffgs:88:B_dffg|               ; 0 (0)               ; 1 (1)                     ; 0           ; 0            ; 0       ; 0         ; 0    ; 0            ; |RISCV_Processor|EXMEM:EXMEM_i|dffg:\ALUB_dffgs:88:B_dffg                                                                         ; dffg            ; work         ;
;       |dffg:\ALUB_dffgs:89:B_dffg|               ; 0 (0)               ; 1 (1)                     ; 0           ; 0            ; 0       ; 0         ; 0    ; 0            ; |RISCV_Processor|EXMEM:EXMEM_i|dffg:\ALUB_dffgs:89:B_dffg                                                                         ; dffg            ; work         ;
;       |dffg:\ALUB_dffgs:90:B_dffg|               ; 0 (0)               ; 1 (1)                     ; 0           ; 0            ; 0       ; 0         ; 0    ; 0            ; |RISCV_Processor|EXMEM:EXMEM_i|dffg:\ALUB_dffgs:90:B_dffg                                                                         ; dffg            ; work         ;
;       |dffg:\ALUB_dffgs:91:B_dffg|               ; 0 (0)               ; 1 (1)                     ; 0           ; 0            ; 0       ; 0         ; 0    ; 0            ; |RISCV_Processor|EXMEM:EXMEM_i|dffg:\ALUB_dffgs:91:B_dffg                                                                         ; dffg            ; work         ;
;       |dffg:\ALUB_dffgs:92:B_dffg|               ; 0 (0)               ; 1 (1)                     ; 0           ; 0            ; 0       ; 0         ; 0    ; 0            ; |RISCV_Processor|EXMEM:EXMEM_i|dffg:\ALUB_dffgs:92:B_dffg                                                                         ; dffg            ; work         ;
;       |dffg:\ALUB_dffgs:93:B_dffg|               ; 0 (0)               ; 1 (1)                     ; 0           ; 0            ; 0       ; 0         ; 0    ; 0            ; |RISCV_Processor|EXMEM:EXMEM_i|dffg:\ALUB_dffgs:93:B_dffg                                                                         ; dffg            ; work         ;
;       |dffg:\ALUB_dffgs:94:B_dffg|               ; 0 (0)               ; 1 (1)                     ; 0           ; 0            ; 0       ; 0         ; 0    ; 0            ; |RISCV_Processor|EXMEM:EXMEM_i|dffg:\ALUB_dffgs:94:B_dffg                                                                         ; dffg            ; work         ;
;       |dffg:\ALUB_dffgs:95:B_dffg|               ; 0 (0)               ; 1 (1)                     ; 0           ; 0            ; 0       ; 0         ; 0    ; 0            ; |RISCV_Processor|EXMEM:EXMEM_i|dffg:\ALUB_dffgs:95:B_dffg                                                                         ; dffg            ; work         ;
;       |dffg:\ALUB_dffgs:96:B_dffg|               ; 0 (0)               ; 1 (1)                     ; 0           ; 0            ; 0       ; 0         ; 0    ; 0            ; |RISCV_Processor|EXMEM:EXMEM_i|dffg:\ALUB_dffgs:96:B_dffg                                                                         ; dffg            ; work         ;
;       |dffg:\ALUB_dffgs:97:B_dffg|               ; 0 (0)               ; 1 (1)                     ; 0           ; 0            ; 0       ; 0         ; 0    ; 0            ; |RISCV_Processor|EXMEM:EXMEM_i|dffg:\ALUB_dffgs:97:B_dffg                                                                         ; dffg            ; work         ;
;       |dffg:\ALUB_dffgs:98:B_dffg|               ; 0 (0)               ; 1 (1)                     ; 0           ; 0            ; 0       ; 0         ; 0    ; 0            ; |RISCV_Processor|EXMEM:EXMEM_i|dffg:\ALUB_dffgs:98:B_dffg                                                                         ; dffg            ; work         ;
;       |dffg:\ALUB_dffgs:99:B_dffg|               ; 0 (0)               ; 1 (1)                     ; 0           ; 0            ; 0       ; 0         ; 0    ; 0            ; |RISCV_Processor|EXMEM:EXMEM_i|dffg:\ALUB_dffgs:99:B_dffg                                                                         ; dffg            ; work         ;
;       |dffg:\ext_dffgs:111:e_dffg|               ; 0 (0)               ; 1 (1)                     ; 0           ; 0            ; 0       ; 0         ; 0    ; 0            ; |RISCV_Processor|EXMEM:EXMEM_i|dffg:\ext_dffgs:111:e_dffg                                                                         ; dffg            ; work         ;
;       |dffg:\ext_dffgs:112:e_dffg|               ; 0 (0)               ; 1 (1)                     ; 0           ; 0            ; 0       ; 0         ; 0    ; 0            ; |RISCV_Processor|EXMEM:EXMEM_i|dffg:\ext_dffgs:112:e_dffg                                                                         ; dffg            ; work         ;
;       |dffg:\ext_dffgs:113:e_dffg|               ; 0 (0)               ; 1 (1)                     ; 0           ; 0            ; 0       ; 0         ; 0    ; 0            ; |RISCV_Processor|EXMEM:EXMEM_i|dffg:\ext_dffgs:113:e_dffg                                                                         ; dffg            ; work         ;
;       |dffg:\ext_dffgs:114:e_dffg|               ; 0 (0)               ; 1 (1)                     ; 0           ; 0            ; 0       ; 0         ; 0    ; 0            ; |RISCV_Processor|EXMEM:EXMEM_i|dffg:\ext_dffgs:114:e_dffg                                                                         ; dffg            ; work         ;
;       |dffg:\ext_dffgs:115:e_dffg|               ; 0 (0)               ; 1 (1)                     ; 0           ; 0            ; 0       ; 0         ; 0    ; 0            ; |RISCV_Processor|EXMEM:EXMEM_i|dffg:\ext_dffgs:115:e_dffg                                                                         ; dffg            ; work         ;
;       |dffg:\ext_dffgs:116:e_dffg|               ; 0 (0)               ; 1 (1)                     ; 0           ; 0            ; 0       ; 0         ; 0    ; 0            ; |RISCV_Processor|EXMEM:EXMEM_i|dffg:\ext_dffgs:116:e_dffg                                                                         ; dffg            ; work         ;
;       |dffg:\ext_dffgs:117:e_dffg|               ; 0 (0)               ; 1 (1)                     ; 0           ; 0            ; 0       ; 0         ; 0    ; 0            ; |RISCV_Processor|EXMEM:EXMEM_i|dffg:\ext_dffgs:117:e_dffg                                                                         ; dffg            ; work         ;
;       |dffg:\ext_dffgs:118:e_dffg|               ; 0 (0)               ; 1 (1)                     ; 0           ; 0            ; 0       ; 0         ; 0    ; 0            ; |RISCV_Processor|EXMEM:EXMEM_i|dffg:\ext_dffgs:118:e_dffg                                                                         ; dffg            ; work         ;
;       |dffg:\ext_dffgs:119:e_dffg|               ; 0 (0)               ; 1 (1)                     ; 0           ; 0            ; 0       ; 0         ; 0    ; 0            ; |RISCV_Processor|EXMEM:EXMEM_i|dffg:\ext_dffgs:119:e_dffg                                                                         ; dffg            ; work         ;
;       |dffg:\ext_dffgs:120:e_dffg|               ; 0 (0)               ; 1 (1)                     ; 0           ; 0            ; 0       ; 0         ; 0    ; 0            ; |RISCV_Processor|EXMEM:EXMEM_i|dffg:\ext_dffgs:120:e_dffg                                                                         ; dffg            ; work         ;
;       |dffg:\ext_dffgs:121:e_dffg|               ; 0 (0)               ; 1 (1)                     ; 0           ; 0            ; 0       ; 0         ; 0    ; 0            ; |RISCV_Processor|EXMEM:EXMEM_i|dffg:\ext_dffgs:121:e_dffg                                                                         ; dffg            ; work         ;
;       |dffg:\ext_dffgs:122:e_dffg|               ; 0 (0)               ; 1 (1)                     ; 0           ; 0            ; 0       ; 0         ; 0    ; 0            ; |RISCV_Processor|EXMEM:EXMEM_i|dffg:\ext_dffgs:122:e_dffg                                                                         ; dffg            ; work         ;
;       |dffg:\ext_dffgs:123:e_dffg|               ; 0 (0)               ; 1 (1)                     ; 0           ; 0            ; 0       ; 0         ; 0    ; 0            ; |RISCV_Processor|EXMEM:EXMEM_i|dffg:\ext_dffgs:123:e_dffg                                                                         ; dffg            ; work         ;
;       |dffg:\ext_dffgs:124:e_dffg|               ; 0 (0)               ; 1 (1)                     ; 0           ; 0            ; 0       ; 0         ; 0    ; 0            ; |RISCV_Processor|EXMEM:EXMEM_i|dffg:\ext_dffgs:124:e_dffg                                                                         ; dffg            ; work         ;
;       |dffg:\ext_dffgs:125:e_dffg|               ; 0 (0)               ; 1 (1)                     ; 0           ; 0            ; 0       ; 0         ; 0    ; 0            ; |RISCV_Processor|EXMEM:EXMEM_i|dffg:\ext_dffgs:125:e_dffg                                                                         ; dffg            ; work         ;
;       |dffg:\ext_dffgs:126:e_dffg|               ; 0 (0)               ; 1 (1)                     ; 0           ; 0            ; 0       ; 0         ; 0    ; 0            ; |RISCV_Processor|EXMEM:EXMEM_i|dffg:\ext_dffgs:126:e_dffg                                                                         ; dffg            ; work         ;
;       |dffg:\ext_dffgs:127:e_dffg|               ; 0 (0)               ; 1 (1)                     ; 0           ; 0            ; 0       ; 0         ; 0    ; 0            ; |RISCV_Processor|EXMEM:EXMEM_i|dffg:\ext_dffgs:127:e_dffg                                                                         ; dffg            ; work         ;
;       |dffg:\ext_dffgs:128:e_dffg|               ; 0 (0)               ; 1 (1)                     ; 0           ; 0            ; 0       ; 0         ; 0    ; 0            ; |RISCV_Processor|EXMEM:EXMEM_i|dffg:\ext_dffgs:128:e_dffg                                                                         ; dffg            ; work         ;
;       |dffg:\ext_dffgs:129:e_dffg|               ; 0 (0)               ; 1 (1)                     ; 0           ; 0            ; 0       ; 0         ; 0    ; 0            ; |RISCV_Processor|EXMEM:EXMEM_i|dffg:\ext_dffgs:129:e_dffg                                                                         ; dffg            ; work         ;
;       |dffg:\ext_dffgs:130:e_dffg|               ; 0 (0)               ; 1 (1)                     ; 0           ; 0            ; 0       ; 0         ; 0    ; 0            ; |RISCV_Processor|EXMEM:EXMEM_i|dffg:\ext_dffgs:130:e_dffg                                                                         ; dffg            ; work         ;
;       |dffg:\ext_dffgs:131:e_dffg|               ; 0 (0)               ; 1 (1)                     ; 0           ; 0            ; 0       ; 0         ; 0    ; 0            ; |RISCV_Processor|EXMEM:EXMEM_i|dffg:\ext_dffgs:131:e_dffg                                                                         ; dffg            ; work         ;
;       |dffg:\ext_dffgs:132:e_dffg|               ; 0 (0)               ; 1 (1)                     ; 0           ; 0            ; 0       ; 0         ; 0    ; 0            ; |RISCV_Processor|EXMEM:EXMEM_i|dffg:\ext_dffgs:132:e_dffg                                                                         ; dffg            ; work         ;
;       |dffg:\ext_dffgs:133:e_dffg|               ; 0 (0)               ; 1 (1)                     ; 0           ; 0            ; 0       ; 0         ; 0    ; 0            ; |RISCV_Processor|EXMEM:EXMEM_i|dffg:\ext_dffgs:133:e_dffg                                                                         ; dffg            ; work         ;
;       |dffg:\ext_dffgs:134:e_dffg|               ; 0 (0)               ; 1 (1)                     ; 0           ; 0            ; 0       ; 0         ; 0    ; 0            ; |RISCV_Processor|EXMEM:EXMEM_i|dffg:\ext_dffgs:134:e_dffg                                                                         ; dffg            ; work         ;
;       |dffg:\ext_dffgs:135:e_dffg|               ; 0 (0)               ; 1 (1)                     ; 0           ; 0            ; 0       ; 0         ; 0    ; 0            ; |RISCV_Processor|EXMEM:EXMEM_i|dffg:\ext_dffgs:135:e_dffg                                                                         ; dffg            ; work         ;
;       |dffg:\ext_dffgs:136:e_dffg|               ; 0 (0)               ; 1 (1)                     ; 0           ; 0            ; 0       ; 0         ; 0    ; 0            ; |RISCV_Processor|EXMEM:EXMEM_i|dffg:\ext_dffgs:136:e_dffg                                                                         ; dffg            ; work         ;
;       |dffg:\ext_dffgs:137:e_dffg|               ; 0 (0)               ; 1 (1)                     ; 0           ; 0            ; 0       ; 0         ; 0    ; 0            ; |RISCV_Processor|EXMEM:EXMEM_i|dffg:\ext_dffgs:137:e_dffg                                                                         ; dffg            ; work         ;
;       |dffg:\ext_dffgs:138:e_dffg|               ; 0 (0)               ; 1 (1)                     ; 0           ; 0            ; 0       ; 0         ; 0    ; 0            ; |RISCV_Processor|EXMEM:EXMEM_i|dffg:\ext_dffgs:138:e_dffg                                                                         ; dffg            ; work         ;
;       |dffg:\ext_dffgs:139:e_dffg|               ; 0 (0)               ; 1 (1)                     ; 0           ; 0            ; 0       ; 0         ; 0    ; 0            ; |RISCV_Processor|EXMEM:EXMEM_i|dffg:\ext_dffgs:139:e_dffg                                                                         ; dffg            ; work         ;
;       |dffg:\ext_dffgs:140:e_dffg|               ; 0 (0)               ; 1 (1)                     ; 0           ; 0            ; 0       ; 0         ; 0    ; 0            ; |RISCV_Processor|EXMEM:EXMEM_i|dffg:\ext_dffgs:140:e_dffg                                                                         ; dffg            ; work         ;
;       |dffg:\ext_dffgs:141:e_dffg|               ; 0 (0)               ; 1 (1)                     ; 0           ; 0            ; 0       ; 0         ; 0    ; 0            ; |RISCV_Processor|EXMEM:EXMEM_i|dffg:\ext_dffgs:141:e_dffg                                                                         ; dffg            ; work         ;
;       |dffg:\ext_dffgs:142:e_dffg|               ; 0 (0)               ; 1 (1)                     ; 0           ; 0            ; 0       ; 0         ; 0    ; 0            ; |RISCV_Processor|EXMEM:EXMEM_i|dffg:\ext_dffgs:142:e_dffg                                                                         ; dffg            ; work         ;
;       |dffg:\regdata_dffgs:15:rd_dffg|           ; 0 (0)               ; 1 (1)                     ; 0           ; 0            ; 0       ; 0         ; 0    ; 0            ; |RISCV_Processor|EXMEM:EXMEM_i|dffg:\regdata_dffgs:15:rd_dffg                                                                     ; dffg            ; work         ;
;       |dffg:\regdata_dffgs:16:rd_dffg|           ; 0 (0)               ; 1 (1)                     ; 0           ; 0            ; 0       ; 0         ; 0    ; 0            ; |RISCV_Processor|EXMEM:EXMEM_i|dffg:\regdata_dffgs:16:rd_dffg                                                                     ; dffg            ; work         ;
;       |dffg:\regdata_dffgs:17:rd_dffg|           ; 0 (0)               ; 1 (1)                     ; 0           ; 0            ; 0       ; 0         ; 0    ; 0            ; |RISCV_Processor|EXMEM:EXMEM_i|dffg:\regdata_dffgs:17:rd_dffg                                                                     ; dffg            ; work         ;
;       |dffg:\regdata_dffgs:18:rd_dffg|           ; 0 (0)               ; 1 (1)                     ; 0           ; 0            ; 0       ; 0         ; 0    ; 0            ; |RISCV_Processor|EXMEM:EXMEM_i|dffg:\regdata_dffgs:18:rd_dffg                                                                     ; dffg            ; work         ;
;       |dffg:\regdata_dffgs:19:rd_dffg|           ; 0 (0)               ; 1 (1)                     ; 0           ; 0            ; 0       ; 0         ; 0    ; 0            ; |RISCV_Processor|EXMEM:EXMEM_i|dffg:\regdata_dffgs:19:rd_dffg                                                                     ; dffg            ; work         ;
;       |dffg:\regdata_dffgs:20:rd_dffg|           ; 0 (0)               ; 1 (1)                     ; 0           ; 0            ; 0       ; 0         ; 0    ; 0            ; |RISCV_Processor|EXMEM:EXMEM_i|dffg:\regdata_dffgs:20:rd_dffg                                                                     ; dffg            ; work         ;
;       |dffg:\regdata_dffgs:21:rd_dffg|           ; 0 (0)               ; 1 (1)                     ; 0           ; 0            ; 0       ; 0         ; 0    ; 0            ; |RISCV_Processor|EXMEM:EXMEM_i|dffg:\regdata_dffgs:21:rd_dffg                                                                     ; dffg            ; work         ;
;       |dffg:\regdata_dffgs:22:rd_dffg|           ; 0 (0)               ; 1 (1)                     ; 0           ; 0            ; 0       ; 0         ; 0    ; 0            ; |RISCV_Processor|EXMEM:EXMEM_i|dffg:\regdata_dffgs:22:rd_dffg                                                                     ; dffg            ; work         ;
;       |dffg:\regdata_dffgs:23:rd_dffg|           ; 0 (0)               ; 1 (1)                     ; 0           ; 0            ; 0       ; 0         ; 0    ; 0            ; |RISCV_Processor|EXMEM:EXMEM_i|dffg:\regdata_dffgs:23:rd_dffg                                                                     ; dffg            ; work         ;
;       |dffg:\regdata_dffgs:24:rd_dffg|           ; 0 (0)               ; 1 (1)                     ; 0           ; 0            ; 0       ; 0         ; 0    ; 0            ; |RISCV_Processor|EXMEM:EXMEM_i|dffg:\regdata_dffgs:24:rd_dffg                                                                     ; dffg            ; work         ;
;       |dffg:\regdata_dffgs:25:rd_dffg|           ; 0 (0)               ; 1 (1)                     ; 0           ; 0            ; 0       ; 0         ; 0    ; 0            ; |RISCV_Processor|EXMEM:EXMEM_i|dffg:\regdata_dffgs:25:rd_dffg                                                                     ; dffg            ; work         ;
;       |dffg:\regdata_dffgs:26:rd_dffg|           ; 0 (0)               ; 1 (1)                     ; 0           ; 0            ; 0       ; 0         ; 0    ; 0            ; |RISCV_Processor|EXMEM:EXMEM_i|dffg:\regdata_dffgs:26:rd_dffg                                                                     ; dffg            ; work         ;
;       |dffg:\regdata_dffgs:27:rd_dffg|           ; 0 (0)               ; 1 (1)                     ; 0           ; 0            ; 0       ; 0         ; 0    ; 0            ; |RISCV_Processor|EXMEM:EXMEM_i|dffg:\regdata_dffgs:27:rd_dffg                                                                     ; dffg            ; work         ;
;       |dffg:\regdata_dffgs:28:rd_dffg|           ; 0 (0)               ; 1 (1)                     ; 0           ; 0            ; 0       ; 0         ; 0    ; 0            ; |RISCV_Processor|EXMEM:EXMEM_i|dffg:\regdata_dffgs:28:rd_dffg                                                                     ; dffg            ; work         ;
;       |dffg:\regdata_dffgs:29:rd_dffg|           ; 0 (0)               ; 1 (1)                     ; 0           ; 0            ; 0       ; 0         ; 0    ; 0            ; |RISCV_Processor|EXMEM:EXMEM_i|dffg:\regdata_dffgs:29:rd_dffg                                                                     ; dffg            ; work         ;
;       |dffg:\regdata_dffgs:30:rd_dffg|           ; 0 (0)               ; 1 (1)                     ; 0           ; 0            ; 0       ; 0         ; 0    ; 0            ; |RISCV_Processor|EXMEM:EXMEM_i|dffg:\regdata_dffgs:30:rd_dffg                                                                     ; dffg            ; work         ;
;       |dffg:\regdata_dffgs:31:rd_dffg|           ; 0 (0)               ; 1 (1)                     ; 0           ; 0            ; 0       ; 0         ; 0    ; 0            ; |RISCV_Processor|EXMEM:EXMEM_i|dffg:\regdata_dffgs:31:rd_dffg                                                                     ; dffg            ; work         ;
;       |dffg:\regdata_dffgs:32:rd_dffg|           ; 0 (0)               ; 1 (1)                     ; 0           ; 0            ; 0       ; 0         ; 0    ; 0            ; |RISCV_Processor|EXMEM:EXMEM_i|dffg:\regdata_dffgs:32:rd_dffg                                                                     ; dffg            ; work         ;
;       |dffg:\regdata_dffgs:33:rd_dffg|           ; 0 (0)               ; 1 (1)                     ; 0           ; 0            ; 0       ; 0         ; 0    ; 0            ; |RISCV_Processor|EXMEM:EXMEM_i|dffg:\regdata_dffgs:33:rd_dffg                                                                     ; dffg            ; work         ;
;       |dffg:\regdata_dffgs:34:rd_dffg|           ; 0 (0)               ; 1 (1)                     ; 0           ; 0            ; 0       ; 0         ; 0    ; 0            ; |RISCV_Processor|EXMEM:EXMEM_i|dffg:\regdata_dffgs:34:rd_dffg                                                                     ; dffg            ; work         ;
;       |dffg:\regdata_dffgs:35:rd_dffg|           ; 0 (0)               ; 1 (1)                     ; 0           ; 0            ; 0       ; 0         ; 0    ; 0            ; |RISCV_Processor|EXMEM:EXMEM_i|dffg:\regdata_dffgs:35:rd_dffg                                                                     ; dffg            ; work         ;
;       |dffg:\regdata_dffgs:36:rd_dffg|           ; 0 (0)               ; 1 (1)                     ; 0           ; 0            ; 0       ; 0         ; 0    ; 0            ; |RISCV_Processor|EXMEM:EXMEM_i|dffg:\regdata_dffgs:36:rd_dffg                                                                     ; dffg            ; work         ;
;       |dffg:\regdata_dffgs:37:rd_dffg|           ; 0 (0)               ; 1 (1)                     ; 0           ; 0            ; 0       ; 0         ; 0    ; 0            ; |RISCV_Processor|EXMEM:EXMEM_i|dffg:\regdata_dffgs:37:rd_dffg                                                                     ; dffg            ; work         ;
;       |dffg:\regdata_dffgs:38:rd_dffg|           ; 0 (0)               ; 1 (1)                     ; 0           ; 0            ; 0       ; 0         ; 0    ; 0            ; |RISCV_Processor|EXMEM:EXMEM_i|dffg:\regdata_dffgs:38:rd_dffg                                                                     ; dffg            ; work         ;
;       |dffg:\regdata_dffgs:39:rd_dffg|           ; 0 (0)               ; 1 (1)                     ; 0           ; 0            ; 0       ; 0         ; 0    ; 0            ; |RISCV_Processor|EXMEM:EXMEM_i|dffg:\regdata_dffgs:39:rd_dffg                                                                     ; dffg            ; work         ;
;       |dffg:\regdata_dffgs:40:rd_dffg|           ; 0 (0)               ; 1 (1)                     ; 0           ; 0            ; 0       ; 0         ; 0    ; 0            ; |RISCV_Processor|EXMEM:EXMEM_i|dffg:\regdata_dffgs:40:rd_dffg                                                                     ; dffg            ; work         ;
;       |dffg:\regdata_dffgs:41:rd_dffg|           ; 0 (0)               ; 1 (1)                     ; 0           ; 0            ; 0       ; 0         ; 0    ; 0            ; |RISCV_Processor|EXMEM:EXMEM_i|dffg:\regdata_dffgs:41:rd_dffg                                                                     ; dffg            ; work         ;
;       |dffg:\regdata_dffgs:42:rd_dffg|           ; 0 (0)               ; 1 (1)                     ; 0           ; 0            ; 0       ; 0         ; 0    ; 0            ; |RISCV_Processor|EXMEM:EXMEM_i|dffg:\regdata_dffgs:42:rd_dffg                                                                     ; dffg            ; work         ;
;       |dffg:\regdata_dffgs:43:rd_dffg|           ; 0 (0)               ; 1 (1)                     ; 0           ; 0            ; 0       ; 0         ; 0    ; 0            ; |RISCV_Processor|EXMEM:EXMEM_i|dffg:\regdata_dffgs:43:rd_dffg                                                                     ; dffg            ; work         ;
;       |dffg:\regdata_dffgs:44:rd_dffg|           ; 0 (0)               ; 1 (1)                     ; 0           ; 0            ; 0       ; 0         ; 0    ; 0            ; |RISCV_Processor|EXMEM:EXMEM_i|dffg:\regdata_dffgs:44:rd_dffg                                                                     ; dffg            ; work         ;
;       |dffg:\regdata_dffgs:45:rd_dffg|           ; 0 (0)               ; 1 (1)                     ; 0           ; 0            ; 0       ; 0         ; 0    ; 0            ; |RISCV_Processor|EXMEM:EXMEM_i|dffg:\regdata_dffgs:45:rd_dffg                                                                     ; dffg            ; work         ;
;       |dffg:\regdata_dffgs:46:rd_dffg|           ; 0 (0)               ; 1 (1)                     ; 0           ; 0            ; 0       ; 0         ; 0    ; 0            ; |RISCV_Processor|EXMEM:EXMEM_i|dffg:\regdata_dffgs:46:rd_dffg                                                                     ; dffg            ; work         ;
;       |dffg:\set_dffgs:49:s_dffg|                ; 0 (0)               ; 1 (1)                     ; 0           ; 0            ; 0       ; 0         ; 0    ; 0            ; |RISCV_Processor|EXMEM:EXMEM_i|dffg:\set_dffgs:49:s_dffg                                                                          ; dffg            ; work         ;
;       |dffg:\set_dffgs:50:s_dffg|                ; 0 (0)               ; 1 (1)                     ; 0           ; 0            ; 0       ; 0         ; 0    ; 0            ; |RISCV_Processor|EXMEM:EXMEM_i|dffg:\set_dffgs:50:s_dffg                                                                          ; dffg            ; work         ;
;       |dffg:\set_dffgs:51:s_dffg|                ; 0 (0)               ; 1 (1)                     ; 0           ; 0            ; 0       ; 0         ; 0    ; 0            ; |RISCV_Processor|EXMEM:EXMEM_i|dffg:\set_dffgs:51:s_dffg                                                                          ; dffg            ; work         ;
;       |dffg:\set_dffgs:52:s_dffg|                ; 0 (0)               ; 1 (1)                     ; 0           ; 0            ; 0       ; 0         ; 0    ; 0            ; |RISCV_Processor|EXMEM:EXMEM_i|dffg:\set_dffgs:52:s_dffg                                                                          ; dffg            ; work         ;
;       |dffg:\set_dffgs:53:s_dffg|                ; 0 (0)               ; 1 (1)                     ; 0           ; 0            ; 0       ; 0         ; 0    ; 0            ; |RISCV_Processor|EXMEM:EXMEM_i|dffg:\set_dffgs:53:s_dffg                                                                          ; dffg            ; work         ;
;       |dffg:\set_dffgs:54:s_dffg|                ; 0 (0)               ; 1 (1)                     ; 0           ; 0            ; 0       ; 0         ; 0    ; 0            ; |RISCV_Processor|EXMEM:EXMEM_i|dffg:\set_dffgs:54:s_dffg                                                                          ; dffg            ; work         ;
;       |dffg:\set_dffgs:55:s_dffg|                ; 0 (0)               ; 1 (1)                     ; 0           ; 0            ; 0       ; 0         ; 0    ; 0            ; |RISCV_Processor|EXMEM:EXMEM_i|dffg:\set_dffgs:55:s_dffg                                                                          ; dffg            ; work         ;
;       |dffg:\set_dffgs:56:s_dffg|                ; 0 (0)               ; 1 (1)                     ; 0           ; 0            ; 0       ; 0         ; 0    ; 0            ; |RISCV_Processor|EXMEM:EXMEM_i|dffg:\set_dffgs:56:s_dffg                                                                          ; dffg            ; work         ;
;       |dffg:\set_dffgs:57:s_dffg|                ; 0 (0)               ; 1 (1)                     ; 0           ; 0            ; 0       ; 0         ; 0    ; 0            ; |RISCV_Processor|EXMEM:EXMEM_i|dffg:\set_dffgs:57:s_dffg                                                                          ; dffg            ; work         ;
;       |dffg:\set_dffgs:58:s_dffg|                ; 0 (0)               ; 1 (1)                     ; 0           ; 0            ; 0       ; 0         ; 0    ; 0            ; |RISCV_Processor|EXMEM:EXMEM_i|dffg:\set_dffgs:58:s_dffg                                                                          ; dffg            ; work         ;
;       |dffg:sign_dffg|                           ; 0 (0)               ; 1 (1)                     ; 0           ; 0            ; 0       ; 0         ; 0    ; 0            ; |RISCV_Processor|EXMEM:EXMEM_i|dffg:sign_dffg                                                                                     ; dffg            ; work         ;
;    |IDEX:IDEX_i|                                 ; 1472 (1432)         ; 180 (0)                   ; 33          ; 0            ; 0       ; 0         ; 0    ; 0            ; |RISCV_Processor|IDEX:IDEX_i                                                                                                      ; IDEX            ; work         ;
;       |dffg:ALUSrc_dffg|                         ; 0 (0)               ; 1 (1)                     ; 0           ; 0            ; 0       ; 0         ; 0    ; 0            ; |RISCV_Processor|IDEX:IDEX_i|dffg:ALUSrc_dffg                                                                                     ; dffg            ; work         ;
;       |dffg:AltEn_dffg|                          ; 0 (0)               ; 1 (1)                     ; 0           ; 0            ; 0       ; 0         ; 0    ; 0            ; |RISCV_Processor|IDEX:IDEX_i|dffg:AltEn_dffg                                                                                      ; dffg            ; work         ;
;       |dffg:BranchSel0_dffg|                     ; 0 (0)               ; 1 (1)                     ; 0           ; 0            ; 0       ; 0         ; 0    ; 0            ; |RISCV_Processor|IDEX:IDEX_i|dffg:BranchSel0_dffg                                                                                 ; dffg            ; work         ;
;       |dffg:BranchSel1_dffg|                     ; 0 (0)               ; 1 (1)                     ; 0           ; 0            ; 0       ; 0         ; 0    ; 0            ; |RISCV_Processor|IDEX:IDEX_i|dffg:BranchSel1_dffg                                                                                 ; dffg            ; work         ;
;       |dffg:Branch_dffg|                         ; 0 (0)               ; 1 (1)                     ; 0           ; 0            ; 0       ; 0         ; 0    ; 0            ; |RISCV_Processor|IDEX:IDEX_i|dffg:Branch_dffg                                                                                     ; dffg            ; work         ;
;       |dffg:GateEn0_dffg|                        ; 0 (0)               ; 1 (1)                     ; 0           ; 0            ; 0       ; 0         ; 0    ; 0            ; |RISCV_Processor|IDEX:IDEX_i|dffg:GateEn0_dffg                                                                                    ; dffg            ; work         ;
;       |dffg:GateEn1_dffg|                        ; 0 (0)               ; 1 (1)                     ; 0           ; 0            ; 0       ; 0         ; 0    ; 0            ; |RISCV_Processor|IDEX:IDEX_i|dffg:GateEn1_dffg                                                                                    ; dffg            ; work         ;
;       |dffg:Jump_dffg|                           ; 0 (0)               ; 1 (1)                     ; 0           ; 0            ; 0       ; 0         ; 0    ; 0            ; |RISCV_Processor|IDEX:IDEX_i|dffg:Jump_dffg                                                                                       ; dffg            ; work         ;
;       |dffg:MemWrite_dffg|                       ; 0 (0)               ; 1 (1)                     ; 0           ; 0            ; 0       ; 0         ; 0    ; 0            ; |RISCV_Processor|IDEX:IDEX_i|dffg:MemWrite_dffg                                                                                   ; dffg            ; work         ;
;       |dffg:MemtoReg_dffg|                       ; 9 (0)               ; 6 (0)                     ; 33          ; 0            ; 0       ; 0         ; 0    ; 0            ; |RISCV_Processor|IDEX:IDEX_i|dffg:MemtoReg_dffg                                                                                   ; dffg            ; work         ;
;          |altshift_taps:s_Q_rtl_0|               ; 9 (0)               ; 6 (0)                     ; 33          ; 0            ; 0       ; 0         ; 0    ; 0            ; |RISCV_Processor|IDEX:IDEX_i|dffg:MemtoReg_dffg|altshift_taps:s_Q_rtl_0                                                           ; altshift_taps   ; work         ;
;             |shift_taps_9km:auto_generated|      ; 9 (2)               ; 6 (3)                     ; 33          ; 0            ; 0       ; 0         ; 0    ; 0            ; |RISCV_Processor|IDEX:IDEX_i|dffg:MemtoReg_dffg|altshift_taps:s_Q_rtl_0|shift_taps_9km:auto_generated                             ; shift_taps_9km  ; work         ;
;                |altsyncram_n861:altsyncram4|     ; 0 (0)               ; 0 (0)                     ; 33          ; 0            ; 0       ; 0         ; 0    ; 0            ; |RISCV_Processor|IDEX:IDEX_i|dffg:MemtoReg_dffg|altshift_taps:s_Q_rtl_0|shift_taps_9km:auto_generated|altsyncram_n861:altsyncram4 ; altsyncram_n861 ; work         ;
;                |cntr_6pf:cntr1|                  ; 5 (5)               ; 2 (2)                     ; 0           ; 0            ; 0       ; 0         ; 0    ; 0            ; |RISCV_Processor|IDEX:IDEX_i|dffg:MemtoReg_dffg|altshift_taps:s_Q_rtl_0|shift_taps_9km:auto_generated|cntr_6pf:cntr1              ; cntr_6pf        ; work         ;
;                |cntr_p8h:cntr5|                  ; 2 (2)               ; 1 (1)                     ; 0           ; 0            ; 0       ; 0         ; 0    ; 0            ; |RISCV_Processor|IDEX:IDEX_i|dffg:MemtoReg_dffg|altshift_taps:s_Q_rtl_0|shift_taps_9km:auto_generated|cntr_p8h:cntr5              ; cntr_p8h        ; work         ;
;       |dffg:Set_dffg|                            ; 0 (0)               ; 1 (1)                     ; 0           ; 0            ; 0       ; 0         ; 0    ; 0            ; |RISCV_Processor|IDEX:IDEX_i|dffg:Set_dffg                                                                                        ; dffg            ; work         ;
;       |dffg:ShiftArith_dffg|                     ; 0 (0)               ; 1 (1)                     ; 0           ; 0            ; 0       ; 0         ; 0    ; 0            ; |RISCV_Processor|IDEX:IDEX_i|dffg:ShiftArith_dffg                                                                                 ; dffg            ; work         ;
;       |dffg:ShiftDir_dffg|                       ; 0 (0)               ; 1 (1)                     ; 0           ; 0            ; 0       ; 0         ; 0    ; 0            ; |RISCV_Processor|IDEX:IDEX_i|dffg:ShiftDir_dffg                                                                                   ; dffg            ; work         ;
;       |dffg:ShiftEn_dffg|                        ; 0 (0)               ; 1 (1)                     ; 0           ; 0            ; 0       ; 0         ; 0    ; 0            ; |RISCV_Processor|IDEX:IDEX_i|dffg:ShiftEn_dffg                                                                                    ; dffg            ; work         ;
;       |dffg:Sub_dffg|                            ; 0 (0)               ; 1 (1)                     ; 0           ; 0            ; 0       ; 0         ; 0    ; 0            ; |RISCV_Processor|IDEX:IDEX_i|dffg:Sub_dffg                                                                                        ; dffg            ; work         ;
;       |dffg:\ALUA_dffgs:15:A_dffg|               ; 0 (0)               ; 1 (1)                     ; 0           ; 0            ; 0       ; 0         ; 0    ; 0            ; |RISCV_Processor|IDEX:IDEX_i|dffg:\ALUA_dffgs:15:A_dffg                                                                           ; dffg            ; work         ;
;       |dffg:\ALUA_dffgs:16:A_dffg|               ; 0 (0)               ; 1 (1)                     ; 0           ; 0            ; 0       ; 0         ; 0    ; 0            ; |RISCV_Processor|IDEX:IDEX_i|dffg:\ALUA_dffgs:16:A_dffg                                                                           ; dffg            ; work         ;
;       |dffg:\ALUA_dffgs:17:A_dffg|               ; 0 (0)               ; 1 (1)                     ; 0           ; 0            ; 0       ; 0         ; 0    ; 0            ; |RISCV_Processor|IDEX:IDEX_i|dffg:\ALUA_dffgs:17:A_dffg                                                                           ; dffg            ; work         ;
;       |dffg:\ALUA_dffgs:18:A_dffg|               ; 0 (0)               ; 1 (1)                     ; 0           ; 0            ; 0       ; 0         ; 0    ; 0            ; |RISCV_Processor|IDEX:IDEX_i|dffg:\ALUA_dffgs:18:A_dffg                                                                           ; dffg            ; work         ;
;       |dffg:\ALUA_dffgs:19:A_dffg|               ; 0 (0)               ; 1 (1)                     ; 0           ; 0            ; 0       ; 0         ; 0    ; 0            ; |RISCV_Processor|IDEX:IDEX_i|dffg:\ALUA_dffgs:19:A_dffg                                                                           ; dffg            ; work         ;
;       |dffg:\ALUA_dffgs:20:A_dffg|               ; 8 (8)               ; 1 (1)                     ; 0           ; 0            ; 0       ; 0         ; 0    ; 0            ; |RISCV_Processor|IDEX:IDEX_i|dffg:\ALUA_dffgs:20:A_dffg                                                                           ; dffg            ; work         ;
;       |dffg:\ALUA_dffgs:21:A_dffg|               ; 0 (0)               ; 1 (1)                     ; 0           ; 0            ; 0       ; 0         ; 0    ; 0            ; |RISCV_Processor|IDEX:IDEX_i|dffg:\ALUA_dffgs:21:A_dffg                                                                           ; dffg            ; work         ;
;       |dffg:\ALUA_dffgs:22:A_dffg|               ; 0 (0)               ; 1 (1)                     ; 0           ; 0            ; 0       ; 0         ; 0    ; 0            ; |RISCV_Processor|IDEX:IDEX_i|dffg:\ALUA_dffgs:22:A_dffg                                                                           ; dffg            ; work         ;
;       |dffg:\ALUA_dffgs:23:A_dffg|               ; 1 (1)               ; 1 (1)                     ; 0           ; 0            ; 0       ; 0         ; 0    ; 0            ; |RISCV_Processor|IDEX:IDEX_i|dffg:\ALUA_dffgs:23:A_dffg                                                                           ; dffg            ; work         ;
;       |dffg:\ALUA_dffgs:24:A_dffg|               ; 7 (7)               ; 1 (1)                     ; 0           ; 0            ; 0       ; 0         ; 0    ; 0            ; |RISCV_Processor|IDEX:IDEX_i|dffg:\ALUA_dffgs:24:A_dffg                                                                           ; dffg            ; work         ;
;       |dffg:\ALUA_dffgs:25:A_dffg|               ; 1 (1)               ; 1 (1)                     ; 0           ; 0            ; 0       ; 0         ; 0    ; 0            ; |RISCV_Processor|IDEX:IDEX_i|dffg:\ALUA_dffgs:25:A_dffg                                                                           ; dffg            ; work         ;
;       |dffg:\ALUA_dffgs:26:A_dffg|               ; 1 (1)               ; 1 (1)                     ; 0           ; 0            ; 0       ; 0         ; 0    ; 0            ; |RISCV_Processor|IDEX:IDEX_i|dffg:\ALUA_dffgs:26:A_dffg                                                                           ; dffg            ; work         ;
;       |dffg:\ALUA_dffgs:27:A_dffg|               ; 1 (1)               ; 1 (1)                     ; 0           ; 0            ; 0       ; 0         ; 0    ; 0            ; |RISCV_Processor|IDEX:IDEX_i|dffg:\ALUA_dffgs:27:A_dffg                                                                           ; dffg            ; work         ;
;       |dffg:\ALUA_dffgs:28:A_dffg|               ; 2 (2)               ; 1 (1)                     ; 0           ; 0            ; 0       ; 0         ; 0    ; 0            ; |RISCV_Processor|IDEX:IDEX_i|dffg:\ALUA_dffgs:28:A_dffg                                                                           ; dffg            ; work         ;
;       |dffg:\ALUA_dffgs:29:A_dffg|               ; 1 (1)               ; 1 (1)                     ; 0           ; 0            ; 0       ; 0         ; 0    ; 0            ; |RISCV_Processor|IDEX:IDEX_i|dffg:\ALUA_dffgs:29:A_dffg                                                                           ; dffg            ; work         ;
;       |dffg:\ALUA_dffgs:30:A_dffg|               ; 0 (0)               ; 1 (1)                     ; 0           ; 0            ; 0       ; 0         ; 0    ; 0            ; |RISCV_Processor|IDEX:IDEX_i|dffg:\ALUA_dffgs:30:A_dffg                                                                           ; dffg            ; work         ;
;       |dffg:\ALUA_dffgs:31:A_dffg|               ; 0 (0)               ; 1 (1)                     ; 0           ; 0            ; 0       ; 0         ; 0    ; 0            ; |RISCV_Processor|IDEX:IDEX_i|dffg:\ALUA_dffgs:31:A_dffg                                                                           ; dffg            ; work         ;
;       |dffg:\ALUA_dffgs:32:A_dffg|               ; 0 (0)               ; 1 (1)                     ; 0           ; 0            ; 0       ; 0         ; 0    ; 0            ; |RISCV_Processor|IDEX:IDEX_i|dffg:\ALUA_dffgs:32:A_dffg                                                                           ; dffg            ; work         ;
;       |dffg:\ALUA_dffgs:33:A_dffg|               ; 0 (0)               ; 1 (1)                     ; 0           ; 0            ; 0       ; 0         ; 0    ; 0            ; |RISCV_Processor|IDEX:IDEX_i|dffg:\ALUA_dffgs:33:A_dffg                                                                           ; dffg            ; work         ;
;       |dffg:\ALUA_dffgs:34:A_dffg|               ; 0 (0)               ; 1 (1)                     ; 0           ; 0            ; 0       ; 0         ; 0    ; 0            ; |RISCV_Processor|IDEX:IDEX_i|dffg:\ALUA_dffgs:34:A_dffg                                                                           ; dffg            ; work         ;
;       |dffg:\ALUA_dffgs:35:A_dffg|               ; 0 (0)               ; 1 (1)                     ; 0           ; 0            ; 0       ; 0         ; 0    ; 0            ; |RISCV_Processor|IDEX:IDEX_i|dffg:\ALUA_dffgs:35:A_dffg                                                                           ; dffg            ; work         ;
;       |dffg:\ALUA_dffgs:36:A_dffg|               ; 0 (0)               ; 1 (1)                     ; 0           ; 0            ; 0       ; 0         ; 0    ; 0            ; |RISCV_Processor|IDEX:IDEX_i|dffg:\ALUA_dffgs:36:A_dffg                                                                           ; dffg            ; work         ;
;       |dffg:\ALUA_dffgs:37:A_dffg|               ; 0 (0)               ; 1 (1)                     ; 0           ; 0            ; 0       ; 0         ; 0    ; 0            ; |RISCV_Processor|IDEX:IDEX_i|dffg:\ALUA_dffgs:37:A_dffg                                                                           ; dffg            ; work         ;
;       |dffg:\ALUA_dffgs:38:A_dffg|               ; 0 (0)               ; 1 (1)                     ; 0           ; 0            ; 0       ; 0         ; 0    ; 0            ; |RISCV_Processor|IDEX:IDEX_i|dffg:\ALUA_dffgs:38:A_dffg                                                                           ; dffg            ; work         ;
;       |dffg:\ALUA_dffgs:39:A_dffg|               ; 0 (0)               ; 1 (1)                     ; 0           ; 0            ; 0       ; 0         ; 0    ; 0            ; |RISCV_Processor|IDEX:IDEX_i|dffg:\ALUA_dffgs:39:A_dffg                                                                           ; dffg            ; work         ;
;       |dffg:\ALUA_dffgs:40:A_dffg|               ; 0 (0)               ; 1 (1)                     ; 0           ; 0            ; 0       ; 0         ; 0    ; 0            ; |RISCV_Processor|IDEX:IDEX_i|dffg:\ALUA_dffgs:40:A_dffg                                                                           ; dffg            ; work         ;
;       |dffg:\ALUA_dffgs:41:A_dffg|               ; 0 (0)               ; 1 (1)                     ; 0           ; 0            ; 0       ; 0         ; 0    ; 0            ; |RISCV_Processor|IDEX:IDEX_i|dffg:\ALUA_dffgs:41:A_dffg                                                                           ; dffg            ; work         ;
;       |dffg:\ALUA_dffgs:42:A_dffg|               ; 0 (0)               ; 1 (1)                     ; 0           ; 0            ; 0       ; 0         ; 0    ; 0            ; |RISCV_Processor|IDEX:IDEX_i|dffg:\ALUA_dffgs:42:A_dffg                                                                           ; dffg            ; work         ;
;       |dffg:\ALUA_dffgs:43:A_dffg|               ; 0 (0)               ; 1 (1)                     ; 0           ; 0            ; 0       ; 0         ; 0    ; 0            ; |RISCV_Processor|IDEX:IDEX_i|dffg:\ALUA_dffgs:43:A_dffg                                                                           ; dffg            ; work         ;
;       |dffg:\ALUA_dffgs:44:A_dffg|               ; 0 (0)               ; 1 (1)                     ; 0           ; 0            ; 0       ; 0         ; 0    ; 0            ; |RISCV_Processor|IDEX:IDEX_i|dffg:\ALUA_dffgs:44:A_dffg                                                                           ; dffg            ; work         ;
;       |dffg:\ALUA_dffgs:45:A_dffg|               ; 2 (2)               ; 1 (1)                     ; 0           ; 0            ; 0       ; 0         ; 0    ; 0            ; |RISCV_Processor|IDEX:IDEX_i|dffg:\ALUA_dffgs:45:A_dffg                                                                           ; dffg            ; work         ;
;       |dffg:\ALUA_dffgs:46:A_dffg|               ; 0 (0)               ; 1 (1)                     ; 0           ; 0            ; 0       ; 0         ; 0    ; 0            ; |RISCV_Processor|IDEX:IDEX_i|dffg:\ALUA_dffgs:46:A_dffg                                                                           ; dffg            ; work         ;
;       |dffg:\ALUB_dffgs:47:B_dffg|               ; 0 (0)               ; 1 (1)                     ; 0           ; 0            ; 0       ; 0         ; 0    ; 0            ; |RISCV_Processor|IDEX:IDEX_i|dffg:\ALUB_dffgs:47:B_dffg                                                                           ; dffg            ; work         ;
;       |dffg:\ALUB_dffgs:48:B_dffg|               ; 0 (0)               ; 1 (1)                     ; 0           ; 0            ; 0       ; 0         ; 0    ; 0            ; |RISCV_Processor|IDEX:IDEX_i|dffg:\ALUB_dffgs:48:B_dffg                                                                           ; dffg            ; work         ;
;       |dffg:\ALUB_dffgs:49:B_dffg|               ; 0 (0)               ; 1 (1)                     ; 0           ; 0            ; 0       ; 0         ; 0    ; 0            ; |RISCV_Processor|IDEX:IDEX_i|dffg:\ALUB_dffgs:49:B_dffg                                                                           ; dffg            ; work         ;
;       |dffg:\ALUB_dffgs:50:B_dffg|               ; 0 (0)               ; 1 (1)                     ; 0           ; 0            ; 0       ; 0         ; 0    ; 0            ; |RISCV_Processor|IDEX:IDEX_i|dffg:\ALUB_dffgs:50:B_dffg                                                                           ; dffg            ; work         ;
;       |dffg:\ALUB_dffgs:51:B_dffg|               ; 0 (0)               ; 1 (1)                     ; 0           ; 0            ; 0       ; 0         ; 0    ; 0            ; |RISCV_Processor|IDEX:IDEX_i|dffg:\ALUB_dffgs:51:B_dffg                                                                           ; dffg            ; work         ;
;       |dffg:\ALUB_dffgs:52:B_dffg|               ; 0 (0)               ; 1 (1)                     ; 0           ; 0            ; 0       ; 0         ; 0    ; 0            ; |RISCV_Processor|IDEX:IDEX_i|dffg:\ALUB_dffgs:52:B_dffg                                                                           ; dffg            ; work         ;
;       |dffg:\ALUB_dffgs:53:B_dffg|               ; 0 (0)               ; 1 (1)                     ; 0           ; 0            ; 0       ; 0         ; 0    ; 0            ; |RISCV_Processor|IDEX:IDEX_i|dffg:\ALUB_dffgs:53:B_dffg                                                                           ; dffg            ; work         ;
;       |dffg:\ALUB_dffgs:54:B_dffg|               ; 0 (0)               ; 1 (1)                     ; 0           ; 0            ; 0       ; 0         ; 0    ; 0            ; |RISCV_Processor|IDEX:IDEX_i|dffg:\ALUB_dffgs:54:B_dffg                                                                           ; dffg            ; work         ;
;       |dffg:\ALUB_dffgs:55:B_dffg|               ; 0 (0)               ; 1 (1)                     ; 0           ; 0            ; 0       ; 0         ; 0    ; 0            ; |RISCV_Processor|IDEX:IDEX_i|dffg:\ALUB_dffgs:55:B_dffg                                                                           ; dffg            ; work         ;
;       |dffg:\ALUB_dffgs:56:B_dffg|               ; 0 (0)               ; 1 (1)                     ; 0           ; 0            ; 0       ; 0         ; 0    ; 0            ; |RISCV_Processor|IDEX:IDEX_i|dffg:\ALUB_dffgs:56:B_dffg                                                                           ; dffg            ; work         ;
;       |dffg:\ALUB_dffgs:57:B_dffg|               ; 0 (0)               ; 1 (1)                     ; 0           ; 0            ; 0       ; 0         ; 0    ; 0            ; |RISCV_Processor|IDEX:IDEX_i|dffg:\ALUB_dffgs:57:B_dffg                                                                           ; dffg            ; work         ;
;       |dffg:\ALUB_dffgs:58:B_dffg|               ; 0 (0)               ; 1 (1)                     ; 0           ; 0            ; 0       ; 0         ; 0    ; 0            ; |RISCV_Processor|IDEX:IDEX_i|dffg:\ALUB_dffgs:58:B_dffg                                                                           ; dffg            ; work         ;
;       |dffg:\ALUB_dffgs:59:B_dffg|               ; 0 (0)               ; 1 (1)                     ; 0           ; 0            ; 0       ; 0         ; 0    ; 0            ; |RISCV_Processor|IDEX:IDEX_i|dffg:\ALUB_dffgs:59:B_dffg                                                                           ; dffg            ; work         ;
;       |dffg:\ALUB_dffgs:60:B_dffg|               ; 0 (0)               ; 1 (1)                     ; 0           ; 0            ; 0       ; 0         ; 0    ; 0            ; |RISCV_Processor|IDEX:IDEX_i|dffg:\ALUB_dffgs:60:B_dffg                                                                           ; dffg            ; work         ;
;       |dffg:\ALUB_dffgs:61:B_dffg|               ; 0 (0)               ; 1 (1)                     ; 0           ; 0            ; 0       ; 0         ; 0    ; 0            ; |RISCV_Processor|IDEX:IDEX_i|dffg:\ALUB_dffgs:61:B_dffg                                                                           ; dffg            ; work         ;
;       |dffg:\ALUB_dffgs:62:B_dffg|               ; 0 (0)               ; 1 (1)                     ; 0           ; 0            ; 0       ; 0         ; 0    ; 0            ; |RISCV_Processor|IDEX:IDEX_i|dffg:\ALUB_dffgs:62:B_dffg                                                                           ; dffg            ; work         ;
;       |dffg:\ALUB_dffgs:63:B_dffg|               ; 0 (0)               ; 1 (1)                     ; 0           ; 0            ; 0       ; 0         ; 0    ; 0            ; |RISCV_Processor|IDEX:IDEX_i|dffg:\ALUB_dffgs:63:B_dffg                                                                           ; dffg            ; work         ;
;       |dffg:\ALUB_dffgs:64:B_dffg|               ; 0 (0)               ; 1 (1)                     ; 0           ; 0            ; 0       ; 0         ; 0    ; 0            ; |RISCV_Processor|IDEX:IDEX_i|dffg:\ALUB_dffgs:64:B_dffg                                                                           ; dffg            ; work         ;
;       |dffg:\ALUB_dffgs:65:B_dffg|               ; 0 (0)               ; 1 (1)                     ; 0           ; 0            ; 0       ; 0         ; 0    ; 0            ; |RISCV_Processor|IDEX:IDEX_i|dffg:\ALUB_dffgs:65:B_dffg                                                                           ; dffg            ; work         ;
;       |dffg:\ALUB_dffgs:66:B_dffg|               ; 0 (0)               ; 1 (1)                     ; 0           ; 0            ; 0       ; 0         ; 0    ; 0            ; |RISCV_Processor|IDEX:IDEX_i|dffg:\ALUB_dffgs:66:B_dffg                                                                           ; dffg            ; work         ;
;       |dffg:\ALUB_dffgs:67:B_dffg|               ; 0 (0)               ; 1 (1)                     ; 0           ; 0            ; 0       ; 0         ; 0    ; 0            ; |RISCV_Processor|IDEX:IDEX_i|dffg:\ALUB_dffgs:67:B_dffg                                                                           ; dffg            ; work         ;
;       |dffg:\ALUB_dffgs:68:B_dffg|               ; 0 (0)               ; 1 (1)                     ; 0           ; 0            ; 0       ; 0         ; 0    ; 0            ; |RISCV_Processor|IDEX:IDEX_i|dffg:\ALUB_dffgs:68:B_dffg                                                                           ; dffg            ; work         ;
;       |dffg:\ALUB_dffgs:69:B_dffg|               ; 0 (0)               ; 1 (1)                     ; 0           ; 0            ; 0       ; 0         ; 0    ; 0            ; |RISCV_Processor|IDEX:IDEX_i|dffg:\ALUB_dffgs:69:B_dffg                                                                           ; dffg            ; work         ;
;       |dffg:\ALUB_dffgs:70:B_dffg|               ; 0 (0)               ; 1 (1)                     ; 0           ; 0            ; 0       ; 0         ; 0    ; 0            ; |RISCV_Processor|IDEX:IDEX_i|dffg:\ALUB_dffgs:70:B_dffg                                                                           ; dffg            ; work         ;
;       |dffg:\ALUB_dffgs:71:B_dffg|               ; 6 (6)               ; 1 (1)                     ; 0           ; 0            ; 0       ; 0         ; 0    ; 0            ; |RISCV_Processor|IDEX:IDEX_i|dffg:\ALUB_dffgs:71:B_dffg                                                                           ; dffg            ; work         ;
;       |dffg:\ALUB_dffgs:72:B_dffg|               ; 0 (0)               ; 1 (1)                     ; 0           ; 0            ; 0       ; 0         ; 0    ; 0            ; |RISCV_Processor|IDEX:IDEX_i|dffg:\ALUB_dffgs:72:B_dffg                                                                           ; dffg            ; work         ;
;       |dffg:\ALUB_dffgs:73:B_dffg|               ; 0 (0)               ; 1 (1)                     ; 0           ; 0            ; 0       ; 0         ; 0    ; 0            ; |RISCV_Processor|IDEX:IDEX_i|dffg:\ALUB_dffgs:73:B_dffg                                                                           ; dffg            ; work         ;
;       |dffg:\ALUB_dffgs:74:B_dffg|               ; 0 (0)               ; 1 (1)                     ; 0           ; 0            ; 0       ; 0         ; 0    ; 0            ; |RISCV_Processor|IDEX:IDEX_i|dffg:\ALUB_dffgs:74:B_dffg                                                                           ; dffg            ; work         ;
;       |dffg:\ALUB_dffgs:75:B_dffg|               ; 0 (0)               ; 1 (1)                     ; 0           ; 0            ; 0       ; 0         ; 0    ; 0            ; |RISCV_Processor|IDEX:IDEX_i|dffg:\ALUB_dffgs:75:B_dffg                                                                           ; dffg            ; work         ;
;       |dffg:\ALUB_dffgs:76:B_dffg|               ; 0 (0)               ; 1 (1)                     ; 0           ; 0            ; 0       ; 0         ; 0    ; 0            ; |RISCV_Processor|IDEX:IDEX_i|dffg:\ALUB_dffgs:76:B_dffg                                                                           ; dffg            ; work         ;
;       |dffg:\ALUB_dffgs:77:B_dffg|               ; 0 (0)               ; 1 (1)                     ; 0           ; 0            ; 0       ; 0         ; 0    ; 0            ; |RISCV_Processor|IDEX:IDEX_i|dffg:\ALUB_dffgs:77:B_dffg                                                                           ; dffg            ; work         ;
;       |dffg:\ALUB_dffgs:78:B_dffg|               ; 0 (0)               ; 1 (1)                     ; 0           ; 0            ; 0       ; 0         ; 0    ; 0            ; |RISCV_Processor|IDEX:IDEX_i|dffg:\ALUB_dffgs:78:B_dffg                                                                           ; dffg            ; work         ;
;       |dffg:\ALUimm_dffgs:100:imm_dffg|          ; 0 (0)               ; 1 (1)                     ; 0           ; 0            ; 0       ; 0         ; 0    ; 0            ; |RISCV_Processor|IDEX:IDEX_i|dffg:\ALUimm_dffgs:100:imm_dffg                                                                      ; dffg            ; work         ;
;       |dffg:\ALUimm_dffgs:101:imm_dffg|          ; 0 (0)               ; 1 (1)                     ; 0           ; 0            ; 0       ; 0         ; 0    ; 0            ; |RISCV_Processor|IDEX:IDEX_i|dffg:\ALUimm_dffgs:101:imm_dffg                                                                      ; dffg            ; work         ;
;       |dffg:\ALUimm_dffgs:102:imm_dffg|          ; 0 (0)               ; 1 (1)                     ; 0           ; 0            ; 0       ; 0         ; 0    ; 0            ; |RISCV_Processor|IDEX:IDEX_i|dffg:\ALUimm_dffgs:102:imm_dffg                                                                      ; dffg            ; work         ;
;       |dffg:\ALUimm_dffgs:103:imm_dffg|          ; 0 (0)               ; 1 (1)                     ; 0           ; 0            ; 0       ; 0         ; 0    ; 0            ; |RISCV_Processor|IDEX:IDEX_i|dffg:\ALUimm_dffgs:103:imm_dffg                                                                      ; dffg            ; work         ;
;       |dffg:\ALUimm_dffgs:104:imm_dffg|          ; 0 (0)               ; 1 (1)                     ; 0           ; 0            ; 0       ; 0         ; 0    ; 0            ; |RISCV_Processor|IDEX:IDEX_i|dffg:\ALUimm_dffgs:104:imm_dffg                                                                      ; dffg            ; work         ;
;       |dffg:\ALUimm_dffgs:105:imm_dffg|          ; 0 (0)               ; 1 (1)                     ; 0           ; 0            ; 0       ; 0         ; 0    ; 0            ; |RISCV_Processor|IDEX:IDEX_i|dffg:\ALUimm_dffgs:105:imm_dffg                                                                      ; dffg            ; work         ;
;       |dffg:\ALUimm_dffgs:106:imm_dffg|          ; 0 (0)               ; 1 (1)                     ; 0           ; 0            ; 0       ; 0         ; 0    ; 0            ; |RISCV_Processor|IDEX:IDEX_i|dffg:\ALUimm_dffgs:106:imm_dffg                                                                      ; dffg            ; work         ;
;       |dffg:\ALUimm_dffgs:107:imm_dffg|          ; 0 (0)               ; 1 (1)                     ; 0           ; 0            ; 0       ; 0         ; 0    ; 0            ; |RISCV_Processor|IDEX:IDEX_i|dffg:\ALUimm_dffgs:107:imm_dffg                                                                      ; dffg            ; work         ;
;       |dffg:\ALUimm_dffgs:108:imm_dffg|          ; 0 (0)               ; 1 (1)                     ; 0           ; 0            ; 0       ; 0         ; 0    ; 0            ; |RISCV_Processor|IDEX:IDEX_i|dffg:\ALUimm_dffgs:108:imm_dffg                                                                      ; dffg            ; work         ;
;       |dffg:\ALUimm_dffgs:109:imm_dffg|          ; 0 (0)               ; 1 (1)                     ; 0           ; 0            ; 0       ; 0         ; 0    ; 0            ; |RISCV_Processor|IDEX:IDEX_i|dffg:\ALUimm_dffgs:109:imm_dffg                                                                      ; dffg            ; work         ;
;       |dffg:\ALUimm_dffgs:110:imm_dffg|          ; 0 (0)               ; 1 (1)                     ; 0           ; 0            ; 0       ; 0         ; 0    ; 0            ; |RISCV_Processor|IDEX:IDEX_i|dffg:\ALUimm_dffgs:110:imm_dffg                                                                      ; dffg            ; work         ;
;       |dffg:\ALUimm_dffgs:79:imm_dffg|           ; 0 (0)               ; 1 (1)                     ; 0           ; 0            ; 0       ; 0         ; 0    ; 0            ; |RISCV_Processor|IDEX:IDEX_i|dffg:\ALUimm_dffgs:79:imm_dffg                                                                       ; dffg            ; work         ;
;       |dffg:\ALUimm_dffgs:80:imm_dffg|           ; 0 (0)               ; 1 (1)                     ; 0           ; 0            ; 0       ; 0         ; 0    ; 0            ; |RISCV_Processor|IDEX:IDEX_i|dffg:\ALUimm_dffgs:80:imm_dffg                                                                       ; dffg            ; work         ;
;       |dffg:\ALUimm_dffgs:81:imm_dffg|           ; 0 (0)               ; 1 (1)                     ; 0           ; 0            ; 0       ; 0         ; 0    ; 0            ; |RISCV_Processor|IDEX:IDEX_i|dffg:\ALUimm_dffgs:81:imm_dffg                                                                       ; dffg            ; work         ;
;       |dffg:\ALUimm_dffgs:82:imm_dffg|           ; 0 (0)               ; 1 (1)                     ; 0           ; 0            ; 0       ; 0         ; 0    ; 0            ; |RISCV_Processor|IDEX:IDEX_i|dffg:\ALUimm_dffgs:82:imm_dffg                                                                       ; dffg            ; work         ;
;       |dffg:\ALUimm_dffgs:83:imm_dffg|           ; 0 (0)               ; 1 (1)                     ; 0           ; 0            ; 0       ; 0         ; 0    ; 0            ; |RISCV_Processor|IDEX:IDEX_i|dffg:\ALUimm_dffgs:83:imm_dffg                                                                       ; dffg            ; work         ;
;       |dffg:\ALUimm_dffgs:84:imm_dffg|           ; 0 (0)               ; 1 (1)                     ; 0           ; 0            ; 0       ; 0         ; 0    ; 0            ; |RISCV_Processor|IDEX:IDEX_i|dffg:\ALUimm_dffgs:84:imm_dffg                                                                       ; dffg            ; work         ;
;       |dffg:\ALUimm_dffgs:85:imm_dffg|           ; 0 (0)               ; 1 (1)                     ; 0           ; 0            ; 0       ; 0         ; 0    ; 0            ; |RISCV_Processor|IDEX:IDEX_i|dffg:\ALUimm_dffgs:85:imm_dffg                                                                       ; dffg            ; work         ;
;       |dffg:\ALUimm_dffgs:86:imm_dffg|           ; 0 (0)               ; 1 (1)                     ; 0           ; 0            ; 0       ; 0         ; 0    ; 0            ; |RISCV_Processor|IDEX:IDEX_i|dffg:\ALUimm_dffgs:86:imm_dffg                                                                       ; dffg            ; work         ;
;       |dffg:\ALUimm_dffgs:87:imm_dffg|           ; 0 (0)               ; 1 (1)                     ; 0           ; 0            ; 0       ; 0         ; 0    ; 0            ; |RISCV_Processor|IDEX:IDEX_i|dffg:\ALUimm_dffgs:87:imm_dffg                                                                       ; dffg            ; work         ;
;       |dffg:\ALUimm_dffgs:88:imm_dffg|           ; 0 (0)               ; 1 (1)                     ; 0           ; 0            ; 0       ; 0         ; 0    ; 0            ; |RISCV_Processor|IDEX:IDEX_i|dffg:\ALUimm_dffgs:88:imm_dffg                                                                       ; dffg            ; work         ;
;       |dffg:\ALUimm_dffgs:89:imm_dffg|           ; 0 (0)               ; 1 (1)                     ; 0           ; 0            ; 0       ; 0         ; 0    ; 0            ; |RISCV_Processor|IDEX:IDEX_i|dffg:\ALUimm_dffgs:89:imm_dffg                                                                       ; dffg            ; work         ;
;       |dffg:\ALUimm_dffgs:90:imm_dffg|           ; 0 (0)               ; 1 (1)                     ; 0           ; 0            ; 0       ; 0         ; 0    ; 0            ; |RISCV_Processor|IDEX:IDEX_i|dffg:\ALUimm_dffgs:90:imm_dffg                                                                       ; dffg            ; work         ;
;       |dffg:\ALUimm_dffgs:91:imm_dffg|           ; 0 (0)               ; 1 (1)                     ; 0           ; 0            ; 0       ; 0         ; 0    ; 0            ; |RISCV_Processor|IDEX:IDEX_i|dffg:\ALUimm_dffgs:91:imm_dffg                                                                       ; dffg            ; work         ;
;       |dffg:\ALUimm_dffgs:92:imm_dffg|           ; 0 (0)               ; 1 (1)                     ; 0           ; 0            ; 0       ; 0         ; 0    ; 0            ; |RISCV_Processor|IDEX:IDEX_i|dffg:\ALUimm_dffgs:92:imm_dffg                                                                       ; dffg            ; work         ;
;       |dffg:\ALUimm_dffgs:93:imm_dffg|           ; 0 (0)               ; 1 (1)                     ; 0           ; 0            ; 0       ; 0         ; 0    ; 0            ; |RISCV_Processor|IDEX:IDEX_i|dffg:\ALUimm_dffgs:93:imm_dffg                                                                       ; dffg            ; work         ;
;       |dffg:\ALUimm_dffgs:94:imm_dffg|           ; 0 (0)               ; 1 (1)                     ; 0           ; 0            ; 0       ; 0         ; 0    ; 0            ; |RISCV_Processor|IDEX:IDEX_i|dffg:\ALUimm_dffgs:94:imm_dffg                                                                       ; dffg            ; work         ;
;       |dffg:\ALUimm_dffgs:95:imm_dffg|           ; 0 (0)               ; 1 (1)                     ; 0           ; 0            ; 0       ; 0         ; 0    ; 0            ; |RISCV_Processor|IDEX:IDEX_i|dffg:\ALUimm_dffgs:95:imm_dffg                                                                       ; dffg            ; work         ;
;       |dffg:\ALUimm_dffgs:96:imm_dffg|           ; 0 (0)               ; 1 (1)                     ; 0           ; 0            ; 0       ; 0         ; 0    ; 0            ; |RISCV_Processor|IDEX:IDEX_i|dffg:\ALUimm_dffgs:96:imm_dffg                                                                       ; dffg            ; work         ;
;       |dffg:\ALUimm_dffgs:97:imm_dffg|           ; 0 (0)               ; 1 (1)                     ; 0           ; 0            ; 0       ; 0         ; 0    ; 0            ; |RISCV_Processor|IDEX:IDEX_i|dffg:\ALUimm_dffgs:97:imm_dffg                                                                       ; dffg            ; work         ;
;       |dffg:\ALUimm_dffgs:98:imm_dffg|           ; 0 (0)               ; 1 (1)                     ; 0           ; 0            ; 0       ; 0         ; 0    ; 0            ; |RISCV_Processor|IDEX:IDEX_i|dffg:\ALUimm_dffgs:98:imm_dffg                                                                       ; dffg            ; work         ;
;       |dffg:\ALUimm_dffgs:99:imm_dffg|           ; 0 (0)               ; 1 (1)                     ; 0           ; 0            ; 0       ; 0         ; 0    ; 0            ; |RISCV_Processor|IDEX:IDEX_i|dffg:\ALUimm_dffgs:99:imm_dffg                                                                       ; dffg            ; work         ;
;       |dffg:\fetchInstAddPlus4_dffgs:126:i_dffg| ; 1 (1)               ; 1 (1)                     ; 0           ; 0            ; 0       ; 0         ; 0    ; 0            ; |RISCV_Processor|IDEX:IDEX_i|dffg:\fetchInstAddPlus4_dffgs:126:i_dffg                                                             ; dffg            ; work         ;
;       |dffg:\fetchInstAddPlus4_dffgs:127:i_dffg| ; 0 (0)               ; 1 (1)                     ; 0           ; 0            ; 0       ; 0         ; 0    ; 0            ; |RISCV_Processor|IDEX:IDEX_i|dffg:\fetchInstAddPlus4_dffgs:127:i_dffg                                                             ; dffg            ; work         ;
;       |dffg:\fetchInstAddPlus4_dffgs:128:i_dffg| ; 0 (0)               ; 1 (1)                     ; 0           ; 0            ; 0       ; 0         ; 0    ; 0            ; |RISCV_Processor|IDEX:IDEX_i|dffg:\fetchInstAddPlus4_dffgs:128:i_dffg                                                             ; dffg            ; work         ;
;       |dffg:\fetchInstAddPlus4_dffgs:129:i_dffg| ; 0 (0)               ; 1 (1)                     ; 0           ; 0            ; 0       ; 0         ; 0    ; 0            ; |RISCV_Processor|IDEX:IDEX_i|dffg:\fetchInstAddPlus4_dffgs:129:i_dffg                                                             ; dffg            ; work         ;
;       |dffg:\fetchInstAddPlus4_dffgs:130:i_dffg| ; 0 (0)               ; 1 (1)                     ; 0           ; 0            ; 0       ; 0         ; 0    ; 0            ; |RISCV_Processor|IDEX:IDEX_i|dffg:\fetchInstAddPlus4_dffgs:130:i_dffg                                                             ; dffg            ; work         ;
;       |dffg:\fetchInstAddPlus4_dffgs:131:i_dffg| ; 0 (0)               ; 1 (1)                     ; 0           ; 0            ; 0       ; 0         ; 0    ; 0            ; |RISCV_Processor|IDEX:IDEX_i|dffg:\fetchInstAddPlus4_dffgs:131:i_dffg                                                             ; dffg            ; work         ;
;       |dffg:\fetchInstAddPlus4_dffgs:132:i_dffg| ; 0 (0)               ; 1 (1)                     ; 0           ; 0            ; 0       ; 0         ; 0    ; 0            ; |RISCV_Processor|IDEX:IDEX_i|dffg:\fetchInstAddPlus4_dffgs:132:i_dffg                                                             ; dffg            ; work         ;
;       |dffg:\fetchInstAddPlus4_dffgs:133:i_dffg| ; 0 (0)               ; 1 (1)                     ; 0           ; 0            ; 0       ; 0         ; 0    ; 0            ; |RISCV_Processor|IDEX:IDEX_i|dffg:\fetchInstAddPlus4_dffgs:133:i_dffg                                                             ; dffg            ; work         ;
;       |dffg:\fetchInstAddPlus4_dffgs:134:i_dffg| ; 0 (0)               ; 1 (1)                     ; 0           ; 0            ; 0       ; 0         ; 0    ; 0            ; |RISCV_Processor|IDEX:IDEX_i|dffg:\fetchInstAddPlus4_dffgs:134:i_dffg                                                             ; dffg            ; work         ;
;       |dffg:\fetchInstAddPlus4_dffgs:135:i_dffg| ; 0 (0)               ; 1 (1)                     ; 0           ; 0            ; 0       ; 0         ; 0    ; 0            ; |RISCV_Processor|IDEX:IDEX_i|dffg:\fetchInstAddPlus4_dffgs:135:i_dffg                                                             ; dffg            ; work         ;
;       |dffg:\fetchInstAddPlus4_dffgs:136:i_dffg| ; 0 (0)               ; 1 (1)                     ; 0           ; 0            ; 0       ; 0         ; 0    ; 0            ; |RISCV_Processor|IDEX:IDEX_i|dffg:\fetchInstAddPlus4_dffgs:136:i_dffg                                                             ; dffg            ; work         ;
;       |dffg:\fetchInstAddPlus4_dffgs:137:i_dffg| ; 0 (0)               ; 1 (1)                     ; 0           ; 0            ; 0       ; 0         ; 0    ; 0            ; |RISCV_Processor|IDEX:IDEX_i|dffg:\fetchInstAddPlus4_dffgs:137:i_dffg                                                             ; dffg            ; work         ;
;       |dffg:\fetchInstAddPlus4_dffgs:138:i_dffg| ; 0 (0)               ; 1 (1)                     ; 0           ; 0            ; 0       ; 0         ; 0    ; 0            ; |RISCV_Processor|IDEX:IDEX_i|dffg:\fetchInstAddPlus4_dffgs:138:i_dffg                                                             ; dffg            ; work         ;
;       |dffg:\fetchInstAddPlus4_dffgs:139:i_dffg| ; 0 (0)               ; 1 (1)                     ; 0           ; 0            ; 0       ; 0         ; 0    ; 0            ; |RISCV_Processor|IDEX:IDEX_i|dffg:\fetchInstAddPlus4_dffgs:139:i_dffg                                                             ; dffg            ; work         ;
;       |dffg:\fetchInstAddPlus4_dffgs:140:i_dffg| ; 0 (0)               ; 1 (1)                     ; 0           ; 0            ; 0       ; 0         ; 0    ; 0            ; |RISCV_Processor|IDEX:IDEX_i|dffg:\fetchInstAddPlus4_dffgs:140:i_dffg                                                             ; dffg            ; work         ;
;       |dffg:\fetchInstAddPlus4_dffgs:141:i_dffg| ; 0 (0)               ; 1 (1)                     ; 0           ; 0            ; 0       ; 0         ; 0    ; 0            ; |RISCV_Processor|IDEX:IDEX_i|dffg:\fetchInstAddPlus4_dffgs:141:i_dffg                                                             ; dffg            ; work         ;
;       |dffg:\fetchInstAddPlus4_dffgs:142:i_dffg| ; 0 (0)               ; 1 (1)                     ; 0           ; 0            ; 0       ; 0         ; 0    ; 0            ; |RISCV_Processor|IDEX:IDEX_i|dffg:\fetchInstAddPlus4_dffgs:142:i_dffg                                                             ; dffg            ; work         ;
;       |dffg:\fetchInstAddPlus4_dffgs:143:i_dffg| ; 0 (0)               ; 1 (1)                     ; 0           ; 0            ; 0       ; 0         ; 0    ; 0            ; |RISCV_Processor|IDEX:IDEX_i|dffg:\fetchInstAddPlus4_dffgs:143:i_dffg                                                             ; dffg            ; work         ;
;       |dffg:\fetchInstAddPlus4_dffgs:144:i_dffg| ; 0 (0)               ; 1 (1)                     ; 0           ; 0            ; 0       ; 0         ; 0    ; 0            ; |RISCV_Processor|IDEX:IDEX_i|dffg:\fetchInstAddPlus4_dffgs:144:i_dffg                                                             ; dffg            ; work         ;
;       |dffg:\fetchInstAddPlus4_dffgs:145:i_dffg| ; 0 (0)               ; 1 (1)                     ; 0           ; 0            ; 0       ; 0         ; 0    ; 0            ; |RISCV_Processor|IDEX:IDEX_i|dffg:\fetchInstAddPlus4_dffgs:145:i_dffg                                                             ; dffg            ; work         ;
;       |dffg:\fetchInstAddPlus4_dffgs:146:i_dffg| ; 0 (0)               ; 1 (1)                     ; 0           ; 0            ; 0       ; 0         ; 0    ; 0            ; |RISCV_Processor|IDEX:IDEX_i|dffg:\fetchInstAddPlus4_dffgs:146:i_dffg                                                             ; dffg            ; work         ;
;       |dffg:\fetchInstAddPlus4_dffgs:147:i_dffg| ; 0 (0)               ; 1 (1)                     ; 0           ; 0            ; 0       ; 0         ; 0    ; 0            ; |RISCV_Processor|IDEX:IDEX_i|dffg:\fetchInstAddPlus4_dffgs:147:i_dffg                                                             ; dffg            ; work         ;
;       |dffg:\fetchInstAddPlus4_dffgs:148:i_dffg| ; 0 (0)               ; 1 (1)                     ; 0           ; 0            ; 0       ; 0         ; 0    ; 0            ; |RISCV_Processor|IDEX:IDEX_i|dffg:\fetchInstAddPlus4_dffgs:148:i_dffg                                                             ; dffg            ; work         ;
;       |dffg:\fetchInstAddPlus4_dffgs:149:i_dffg| ; 0 (0)               ; 1 (1)                     ; 0           ; 0            ; 0       ; 0         ; 0    ; 0            ; |RISCV_Processor|IDEX:IDEX_i|dffg:\fetchInstAddPlus4_dffgs:149:i_dffg                                                             ; dffg            ; work         ;
;       |dffg:\fetchInstAddPlus4_dffgs:150:i_dffg| ; 0 (0)               ; 1 (1)                     ; 0           ; 0            ; 0       ; 0         ; 0    ; 0            ; |RISCV_Processor|IDEX:IDEX_i|dffg:\fetchInstAddPlus4_dffgs:150:i_dffg                                                             ; dffg            ; work         ;
;       |dffg:\fetchInstAddPlus4_dffgs:151:i_dffg| ; 0 (0)               ; 1 (1)                     ; 0           ; 0            ; 0       ; 0         ; 0    ; 0            ; |RISCV_Processor|IDEX:IDEX_i|dffg:\fetchInstAddPlus4_dffgs:151:i_dffg                                                             ; dffg            ; work         ;
;       |dffg:\fetchInstAddPlus4_dffgs:152:i_dffg| ; 0 (0)               ; 1 (1)                     ; 0           ; 0            ; 0       ; 0         ; 0    ; 0            ; |RISCV_Processor|IDEX:IDEX_i|dffg:\fetchInstAddPlus4_dffgs:152:i_dffg                                                             ; dffg            ; work         ;
;       |dffg:\fetchInstAddPlus4_dffgs:153:i_dffg| ; 0 (0)               ; 1 (1)                     ; 0           ; 0            ; 0       ; 0         ; 0    ; 0            ; |RISCV_Processor|IDEX:IDEX_i|dffg:\fetchInstAddPlus4_dffgs:153:i_dffg                                                             ; dffg            ; work         ;
;       |dffg:\fetchInstAddPlus4_dffgs:154:i_dffg| ; 0 (0)               ; 1 (1)                     ; 0           ; 0            ; 0       ; 0         ; 0    ; 0            ; |RISCV_Processor|IDEX:IDEX_i|dffg:\fetchInstAddPlus4_dffgs:154:i_dffg                                                             ; dffg            ; work         ;
;       |dffg:\fetchInstAddPlus4_dffgs:155:i_dffg| ; 0 (0)               ; 1 (1)                     ; 0           ; 0            ; 0       ; 0         ; 0    ; 0            ; |RISCV_Processor|IDEX:IDEX_i|dffg:\fetchInstAddPlus4_dffgs:155:i_dffg                                                             ; dffg            ; work         ;
;       |dffg:\fetchInstAdd_dffgs:188:i_dffg|      ; 0 (0)               ; 1 (1)                     ; 0           ; 0            ; 0       ; 0         ; 0    ; 0            ; |RISCV_Processor|IDEX:IDEX_i|dffg:\fetchInstAdd_dffgs:188:i_dffg                                                                  ; dffg            ; work         ;
;       |dffg:\fetchInstAdd_dffgs:189:i_dffg|      ; 0 (0)               ; 1 (1)                     ; 0           ; 0            ; 0       ; 0         ; 0    ; 0            ; |RISCV_Processor|IDEX:IDEX_i|dffg:\fetchInstAdd_dffgs:189:i_dffg                                                                  ; dffg            ; work         ;
;       |dffg:\fetchInstAdd_dffgs:190:i_dffg|      ; 0 (0)               ; 1 (1)                     ; 0           ; 0            ; 0       ; 0         ; 0    ; 0            ; |RISCV_Processor|IDEX:IDEX_i|dffg:\fetchInstAdd_dffgs:190:i_dffg                                                                  ; dffg            ; work         ;
;       |dffg:\fetchInstAdd_dffgs:191:i_dffg|      ; 0 (0)               ; 1 (1)                     ; 0           ; 0            ; 0       ; 0         ; 0    ; 0            ; |RISCV_Processor|IDEX:IDEX_i|dffg:\fetchInstAdd_dffgs:191:i_dffg                                                                  ; dffg            ; work         ;
;       |dffg:\fetchInstAdd_dffgs:192:i_dffg|      ; 0 (0)               ; 1 (1)                     ; 0           ; 0            ; 0       ; 0         ; 0    ; 0            ; |RISCV_Processor|IDEX:IDEX_i|dffg:\fetchInstAdd_dffgs:192:i_dffg                                                                  ; dffg            ; work         ;
;       |dffg:\fetchInstAdd_dffgs:193:i_dffg|      ; 0 (0)               ; 1 (1)                     ; 0           ; 0            ; 0       ; 0         ; 0    ; 0            ; |RISCV_Processor|IDEX:IDEX_i|dffg:\fetchInstAdd_dffgs:193:i_dffg                                                                  ; dffg            ; work         ;
;       |dffg:\fetchInstAdd_dffgs:194:i_dffg|      ; 0 (0)               ; 1 (1)                     ; 0           ; 0            ; 0       ; 0         ; 0    ; 0            ; |RISCV_Processor|IDEX:IDEX_i|dffg:\fetchInstAdd_dffgs:194:i_dffg                                                                  ; dffg            ; work         ;
;       |dffg:\fetchInstAdd_dffgs:195:i_dffg|      ; 0 (0)               ; 1 (1)                     ; 0           ; 0            ; 0       ; 0         ; 0    ; 0            ; |RISCV_Processor|IDEX:IDEX_i|dffg:\fetchInstAdd_dffgs:195:i_dffg                                                                  ; dffg            ; work         ;
;       |dffg:\fetchInstAdd_dffgs:196:i_dffg|      ; 0 (0)               ; 1 (1)                     ; 0           ; 0            ; 0       ; 0         ; 0    ; 0            ; |RISCV_Processor|IDEX:IDEX_i|dffg:\fetchInstAdd_dffgs:196:i_dffg                                                                  ; dffg            ; work         ;
;       |dffg:\fetchInstAdd_dffgs:197:i_dffg|      ; 0 (0)               ; 1 (1)                     ; 0           ; 0            ; 0       ; 0         ; 0    ; 0            ; |RISCV_Processor|IDEX:IDEX_i|dffg:\fetchInstAdd_dffgs:197:i_dffg                                                                  ; dffg            ; work         ;
;       |dffg:\fetchInstAdd_dffgs:198:i_dffg|      ; 0 (0)               ; 1 (1)                     ; 0           ; 0            ; 0       ; 0         ; 0    ; 0            ; |RISCV_Processor|IDEX:IDEX_i|dffg:\fetchInstAdd_dffgs:198:i_dffg                                                                  ; dffg            ; work         ;
;       |dffg:\fetchInstAdd_dffgs:199:i_dffg|      ; 0 (0)               ; 1 (1)                     ; 0           ; 0            ; 0       ; 0         ; 0    ; 0            ; |RISCV_Processor|IDEX:IDEX_i|dffg:\fetchInstAdd_dffgs:199:i_dffg                                                                  ; dffg            ; work         ;
;       |dffg:\fetchInstAdd_dffgs:200:i_dffg|      ; 0 (0)               ; 1 (1)                     ; 0           ; 0            ; 0       ; 0         ; 0    ; 0            ; |RISCV_Processor|IDEX:IDEX_i|dffg:\fetchInstAdd_dffgs:200:i_dffg                                                                  ; dffg            ; work         ;
;       |dffg:\fetchInstAdd_dffgs:201:i_dffg|      ; 0 (0)               ; 1 (1)                     ; 0           ; 0            ; 0       ; 0         ; 0    ; 0            ; |RISCV_Processor|IDEX:IDEX_i|dffg:\fetchInstAdd_dffgs:201:i_dffg                                                                  ; dffg            ; work         ;
;       |dffg:\fetchInstAdd_dffgs:202:i_dffg|      ; 0 (0)               ; 1 (1)                     ; 0           ; 0            ; 0       ; 0         ; 0    ; 0            ; |RISCV_Processor|IDEX:IDEX_i|dffg:\fetchInstAdd_dffgs:202:i_dffg                                                                  ; dffg            ; work         ;
;       |dffg:\fetchInstAdd_dffgs:203:i_dffg|      ; 0 (0)               ; 1 (1)                     ; 0           ; 0            ; 0       ; 0         ; 0    ; 0            ; |RISCV_Processor|IDEX:IDEX_i|dffg:\fetchInstAdd_dffgs:203:i_dffg                                                                  ; dffg            ; work         ;
;       |dffg:\fetchInstAdd_dffgs:204:i_dffg|      ; 0 (0)               ; 1 (1)                     ; 0           ; 0            ; 0       ; 0         ; 0    ; 0            ; |RISCV_Processor|IDEX:IDEX_i|dffg:\fetchInstAdd_dffgs:204:i_dffg                                                                  ; dffg            ; work         ;
;       |dffg:\fetchInstAdd_dffgs:205:i_dffg|      ; 0 (0)               ; 1 (1)                     ; 0           ; 0            ; 0       ; 0         ; 0    ; 0            ; |RISCV_Processor|IDEX:IDEX_i|dffg:\fetchInstAdd_dffgs:205:i_dffg                                                                  ; dffg            ; work         ;
;       |dffg:\fetchInstAdd_dffgs:206:i_dffg|      ; 0 (0)               ; 1 (1)                     ; 0           ; 0            ; 0       ; 0         ; 0    ; 0            ; |RISCV_Processor|IDEX:IDEX_i|dffg:\fetchInstAdd_dffgs:206:i_dffg                                                                  ; dffg            ; work         ;
;       |dffg:\fetchInstAdd_dffgs:207:i_dffg|      ; 0 (0)               ; 1 (1)                     ; 0           ; 0            ; 0       ; 0         ; 0    ; 0            ; |RISCV_Processor|IDEX:IDEX_i|dffg:\fetchInstAdd_dffgs:207:i_dffg                                                                  ; dffg            ; work         ;
;       |dffg:\fetchInstAdd_dffgs:208:i_dffg|      ; 0 (0)               ; 1 (1)                     ; 0           ; 0            ; 0       ; 0         ; 0    ; 0            ; |RISCV_Processor|IDEX:IDEX_i|dffg:\fetchInstAdd_dffgs:208:i_dffg                                                                  ; dffg            ; work         ;
;       |dffg:\fetchInstAdd_dffgs:209:i_dffg|      ; 0 (0)               ; 1 (1)                     ; 0           ; 0            ; 0       ; 0         ; 0    ; 0            ; |RISCV_Processor|IDEX:IDEX_i|dffg:\fetchInstAdd_dffgs:209:i_dffg                                                                  ; dffg            ; work         ;
;       |dffg:\fetchInstAdd_dffgs:210:i_dffg|      ; 0 (0)               ; 1 (1)                     ; 0           ; 0            ; 0       ; 0         ; 0    ; 0            ; |RISCV_Processor|IDEX:IDEX_i|dffg:\fetchInstAdd_dffgs:210:i_dffg                                                                  ; dffg            ; work         ;
;       |dffg:\fetchInstAdd_dffgs:211:i_dffg|      ; 0 (0)               ; 1 (1)                     ; 0           ; 0            ; 0       ; 0         ; 0    ; 0            ; |RISCV_Processor|IDEX:IDEX_i|dffg:\fetchInstAdd_dffgs:211:i_dffg                                                                  ; dffg            ; work         ;
;       |dffg:\fetchInstAdd_dffgs:212:i_dffg|      ; 0 (0)               ; 1 (1)                     ; 0           ; 0            ; 0       ; 0         ; 0    ; 0            ; |RISCV_Processor|IDEX:IDEX_i|dffg:\fetchInstAdd_dffgs:212:i_dffg                                                                  ; dffg            ; work         ;
;       |dffg:\fetchInstAdd_dffgs:213:i_dffg|      ; 0 (0)               ; 1 (1)                     ; 0           ; 0            ; 0       ; 0         ; 0    ; 0            ; |RISCV_Processor|IDEX:IDEX_i|dffg:\fetchInstAdd_dffgs:213:i_dffg                                                                  ; dffg            ; work         ;
;       |dffg:\fetchInstAdd_dffgs:214:i_dffg|      ; 0 (0)               ; 1 (1)                     ; 0           ; 0            ; 0       ; 0         ; 0    ; 0            ; |RISCV_Processor|IDEX:IDEX_i|dffg:\fetchInstAdd_dffgs:214:i_dffg                                                                  ; dffg            ; work         ;
;       |dffg:\fetchInstAdd_dffgs:215:i_dffg|      ; 0 (0)               ; 1 (1)                     ; 0           ; 0            ; 0       ; 0         ; 0    ; 0            ; |RISCV_Processor|IDEX:IDEX_i|dffg:\fetchInstAdd_dffgs:215:i_dffg                                                                  ; dffg            ; work         ;
;       |dffg:\fetchInstAdd_dffgs:216:i_dffg|      ; 0 (0)               ; 1 (1)                     ; 0           ; 0            ; 0       ; 0         ; 0    ; 0            ; |RISCV_Processor|IDEX:IDEX_i|dffg:\fetchInstAdd_dffgs:216:i_dffg                                                                  ; dffg            ; work         ;
;       |dffg:\fetchInstAdd_dffgs:217:i_dffg|      ; 0 (0)               ; 1 (1)                     ; 0           ; 0            ; 0       ; 0         ; 0    ; 0            ; |RISCV_Processor|IDEX:IDEX_i|dffg:\fetchInstAdd_dffgs:217:i_dffg                                                                  ; dffg            ; work         ;
;       |dffg:\fetchInstAdd_dffgs:218:i_dffg|      ; 0 (0)               ; 1 (1)                     ; 0           ; 0            ; 0       ; 0         ; 0    ; 0            ; |RISCV_Processor|IDEX:IDEX_i|dffg:\fetchInstAdd_dffgs:218:i_dffg                                                                  ; dffg            ; work         ;
;       |dffg:\fetchInstAdd_dffgs:219:i_dffg|      ; 0 (0)               ; 1 (1)                     ; 0           ; 0            ; 0       ; 0         ; 0    ; 0            ; |RISCV_Processor|IDEX:IDEX_i|dffg:\fetchInstAdd_dffgs:219:i_dffg                                                                  ; dffg            ; work         ;
;       |dffg:jalr_dffg|                           ; 0 (0)               ; 1 (1)                     ; 0           ; 0            ; 0       ; 0         ; 0    ; 0            ; |RISCV_Processor|IDEX:IDEX_i|dffg:jalr_dffg                                                                                       ; dffg            ; work         ;
;       |dffg:sign_dffg|                           ; 0 (0)               ; 1 (1)                     ; 0           ; 0            ; 0       ; 0         ; 0    ; 0            ; |RISCV_Processor|IDEX:IDEX_i|dffg:sign_dffg                                                                                       ; dffg            ; work         ;
;    |IFID:IFID_i|                                 ; 33 (32)             ; 93 (0)                    ; 0           ; 0            ; 0       ; 0         ; 0    ; 0            ; |RISCV_Processor|IFID:IFID_i                                                                                                      ; IFID            ; work         ;
;       |dffg:\fetchInstAddPlus4_dffgs:35:i_dffg|  ; 0 (0)               ; 1 (1)                     ; 0           ; 0            ; 0       ; 0         ; 0    ; 0            ; |RISCV_Processor|IFID:IFID_i|dffg:\fetchInstAddPlus4_dffgs:35:i_dffg                                                              ; dffg            ; work         ;
;       |dffg:\fetchInstAddPlus4_dffgs:36:i_dffg|  ; 0 (0)               ; 1 (1)                     ; 0           ; 0            ; 0       ; 0         ; 0    ; 0            ; |RISCV_Processor|IFID:IFID_i|dffg:\fetchInstAddPlus4_dffgs:36:i_dffg                                                              ; dffg            ; work         ;
;       |dffg:\fetchInstAddPlus4_dffgs:37:i_dffg|  ; 0 (0)               ; 1 (1)                     ; 0           ; 0            ; 0       ; 0         ; 0    ; 0            ; |RISCV_Processor|IFID:IFID_i|dffg:\fetchInstAddPlus4_dffgs:37:i_dffg                                                              ; dffg            ; work         ;
;       |dffg:\fetchInstAddPlus4_dffgs:38:i_dffg|  ; 0 (0)               ; 1 (1)                     ; 0           ; 0            ; 0       ; 0         ; 0    ; 0            ; |RISCV_Processor|IFID:IFID_i|dffg:\fetchInstAddPlus4_dffgs:38:i_dffg                                                              ; dffg            ; work         ;
;       |dffg:\fetchInstAddPlus4_dffgs:39:i_dffg|  ; 0 (0)               ; 1 (1)                     ; 0           ; 0            ; 0       ; 0         ; 0    ; 0            ; |RISCV_Processor|IFID:IFID_i|dffg:\fetchInstAddPlus4_dffgs:39:i_dffg                                                              ; dffg            ; work         ;
;       |dffg:\fetchInstAddPlus4_dffgs:40:i_dffg|  ; 0 (0)               ; 1 (1)                     ; 0           ; 0            ; 0       ; 0         ; 0    ; 0            ; |RISCV_Processor|IFID:IFID_i|dffg:\fetchInstAddPlus4_dffgs:40:i_dffg                                                              ; dffg            ; work         ;
;       |dffg:\fetchInstAddPlus4_dffgs:41:i_dffg|  ; 0 (0)               ; 1 (1)                     ; 0           ; 0            ; 0       ; 0         ; 0    ; 0            ; |RISCV_Processor|IFID:IFID_i|dffg:\fetchInstAddPlus4_dffgs:41:i_dffg                                                              ; dffg            ; work         ;
;       |dffg:\fetchInstAddPlus4_dffgs:42:i_dffg|  ; 0 (0)               ; 1 (1)                     ; 0           ; 0            ; 0       ; 0         ; 0    ; 0            ; |RISCV_Processor|IFID:IFID_i|dffg:\fetchInstAddPlus4_dffgs:42:i_dffg                                                              ; dffg            ; work         ;
;       |dffg:\fetchInstAddPlus4_dffgs:43:i_dffg|  ; 0 (0)               ; 1 (1)                     ; 0           ; 0            ; 0       ; 0         ; 0    ; 0            ; |RISCV_Processor|IFID:IFID_i|dffg:\fetchInstAddPlus4_dffgs:43:i_dffg                                                              ; dffg            ; work         ;
;       |dffg:\fetchInstAddPlus4_dffgs:44:i_dffg|  ; 0 (0)               ; 1 (1)                     ; 0           ; 0            ; 0       ; 0         ; 0    ; 0            ; |RISCV_Processor|IFID:IFID_i|dffg:\fetchInstAddPlus4_dffgs:44:i_dffg                                                              ; dffg            ; work         ;
;       |dffg:\fetchInstAddPlus4_dffgs:45:i_dffg|  ; 0 (0)               ; 1 (1)                     ; 0           ; 0            ; 0       ; 0         ; 0    ; 0            ; |RISCV_Processor|IFID:IFID_i|dffg:\fetchInstAddPlus4_dffgs:45:i_dffg                                                              ; dffg            ; work         ;
;       |dffg:\fetchInstAddPlus4_dffgs:46:i_dffg|  ; 0 (0)               ; 1 (1)                     ; 0           ; 0            ; 0       ; 0         ; 0    ; 0            ; |RISCV_Processor|IFID:IFID_i|dffg:\fetchInstAddPlus4_dffgs:46:i_dffg                                                              ; dffg            ; work         ;
;       |dffg:\fetchInstAddPlus4_dffgs:47:i_dffg|  ; 0 (0)               ; 1 (1)                     ; 0           ; 0            ; 0       ; 0         ; 0    ; 0            ; |RISCV_Processor|IFID:IFID_i|dffg:\fetchInstAddPlus4_dffgs:47:i_dffg                                                              ; dffg            ; work         ;
;       |dffg:\fetchInstAddPlus4_dffgs:48:i_dffg|  ; 0 (0)               ; 1 (1)                     ; 0           ; 0            ; 0       ; 0         ; 0    ; 0            ; |RISCV_Processor|IFID:IFID_i|dffg:\fetchInstAddPlus4_dffgs:48:i_dffg                                                              ; dffg            ; work         ;
;       |dffg:\fetchInstAddPlus4_dffgs:49:i_dffg|  ; 0 (0)               ; 1 (1)                     ; 0           ; 0            ; 0       ; 0         ; 0    ; 0            ; |RISCV_Processor|IFID:IFID_i|dffg:\fetchInstAddPlus4_dffgs:49:i_dffg                                                              ; dffg            ; work         ;
;       |dffg:\fetchInstAddPlus4_dffgs:50:i_dffg|  ; 0 (0)               ; 1 (1)                     ; 0           ; 0            ; 0       ; 0         ; 0    ; 0            ; |RISCV_Processor|IFID:IFID_i|dffg:\fetchInstAddPlus4_dffgs:50:i_dffg                                                              ; dffg            ; work         ;
;       |dffg:\fetchInstAddPlus4_dffgs:51:i_dffg|  ; 0 (0)               ; 1 (1)                     ; 0           ; 0            ; 0       ; 0         ; 0    ; 0            ; |RISCV_Processor|IFID:IFID_i|dffg:\fetchInstAddPlus4_dffgs:51:i_dffg                                                              ; dffg            ; work         ;
;       |dffg:\fetchInstAddPlus4_dffgs:52:i_dffg|  ; 0 (0)               ; 1 (1)                     ; 0           ; 0            ; 0       ; 0         ; 0    ; 0            ; |RISCV_Processor|IFID:IFID_i|dffg:\fetchInstAddPlus4_dffgs:52:i_dffg                                                              ; dffg            ; work         ;
;       |dffg:\fetchInstAddPlus4_dffgs:53:i_dffg|  ; 0 (0)               ; 1 (1)                     ; 0           ; 0            ; 0       ; 0         ; 0    ; 0            ; |RISCV_Processor|IFID:IFID_i|dffg:\fetchInstAddPlus4_dffgs:53:i_dffg                                                              ; dffg            ; work         ;
;       |dffg:\fetchInstAddPlus4_dffgs:54:i_dffg|  ; 0 (0)               ; 1 (1)                     ; 0           ; 0            ; 0       ; 0         ; 0    ; 0            ; |RISCV_Processor|IFID:IFID_i|dffg:\fetchInstAddPlus4_dffgs:54:i_dffg                                                              ; dffg            ; work         ;
;       |dffg:\fetchInstAddPlus4_dffgs:55:i_dffg|  ; 0 (0)               ; 1 (1)                     ; 0           ; 0            ; 0       ; 0         ; 0    ; 0            ; |RISCV_Processor|IFID:IFID_i|dffg:\fetchInstAddPlus4_dffgs:55:i_dffg                                                              ; dffg            ; work         ;
;       |dffg:\fetchInstAddPlus4_dffgs:56:i_dffg|  ; 0 (0)               ; 1 (1)                     ; 0           ; 0            ; 0       ; 0         ; 0    ; 0            ; |RISCV_Processor|IFID:IFID_i|dffg:\fetchInstAddPlus4_dffgs:56:i_dffg                                                              ; dffg            ; work         ;
;       |dffg:\fetchInstAddPlus4_dffgs:57:i_dffg|  ; 0 (0)               ; 1 (1)                     ; 0           ; 0            ; 0       ; 0         ; 0    ; 0            ; |RISCV_Processor|IFID:IFID_i|dffg:\fetchInstAddPlus4_dffgs:57:i_dffg                                                              ; dffg            ; work         ;
;       |dffg:\fetchInstAddPlus4_dffgs:58:i_dffg|  ; 0 (0)               ; 1 (1)                     ; 0           ; 0            ; 0       ; 0         ; 0    ; 0            ; |RISCV_Processor|IFID:IFID_i|dffg:\fetchInstAddPlus4_dffgs:58:i_dffg                                                              ; dffg            ; work         ;
;       |dffg:\fetchInstAddPlus4_dffgs:59:i_dffg|  ; 0 (0)               ; 1 (1)                     ; 0           ; 0            ; 0       ; 0         ; 0    ; 0            ; |RISCV_Processor|IFID:IFID_i|dffg:\fetchInstAddPlus4_dffgs:59:i_dffg                                                              ; dffg            ; work         ;
;       |dffg:\fetchInstAddPlus4_dffgs:60:i_dffg|  ; 0 (0)               ; 1 (1)                     ; 0           ; 0            ; 0       ; 0         ; 0    ; 0            ; |RISCV_Processor|IFID:IFID_i|dffg:\fetchInstAddPlus4_dffgs:60:i_dffg                                                              ; dffg            ; work         ;
;       |dffg:\fetchInstAddPlus4_dffgs:61:i_dffg|  ; 0 (0)               ; 1 (1)                     ; 0           ; 0            ; 0       ; 0         ; 0    ; 0            ; |RISCV_Processor|IFID:IFID_i|dffg:\fetchInstAddPlus4_dffgs:61:i_dffg                                                              ; dffg            ; work         ;
;       |dffg:\fetchInstAddPlus4_dffgs:62:i_dffg|  ; 0 (0)               ; 1 (1)                     ; 0           ; 0            ; 0       ; 0         ; 0    ; 0            ; |RISCV_Processor|IFID:IFID_i|dffg:\fetchInstAddPlus4_dffgs:62:i_dffg                                                              ; dffg            ; work         ;
;       |dffg:\fetchInstAddPlus4_dffgs:63:i_dffg|  ; 0 (0)               ; 1 (1)                     ; 0           ; 0            ; 0       ; 0         ; 0    ; 0            ; |RISCV_Processor|IFID:IFID_i|dffg:\fetchInstAddPlus4_dffgs:63:i_dffg                                                              ; dffg            ; work         ;
;       |dffg:\fetchInstAdd_dffgs:64:i_dffg|       ; 0 (0)               ; 1 (1)                     ; 0           ; 0            ; 0       ; 0         ; 0    ; 0            ; |RISCV_Processor|IFID:IFID_i|dffg:\fetchInstAdd_dffgs:64:i_dffg                                                                   ; dffg            ; work         ;
;       |dffg:\fetchInstAdd_dffgs:65:i_dffg|       ; 0 (0)               ; 1 (1)                     ; 0           ; 0            ; 0       ; 0         ; 0    ; 0            ; |RISCV_Processor|IFID:IFID_i|dffg:\fetchInstAdd_dffgs:65:i_dffg                                                                   ; dffg            ; work         ;
;       |dffg:\fetchInstAdd_dffgs:66:i_dffg|       ; 0 (0)               ; 1 (1)                     ; 0           ; 0            ; 0       ; 0         ; 0    ; 0            ; |RISCV_Processor|IFID:IFID_i|dffg:\fetchInstAdd_dffgs:66:i_dffg                                                                   ; dffg            ; work         ;
;       |dffg:\fetchInstAdd_dffgs:67:i_dffg|       ; 0 (0)               ; 1 (1)                     ; 0           ; 0            ; 0       ; 0         ; 0    ; 0            ; |RISCV_Processor|IFID:IFID_i|dffg:\fetchInstAdd_dffgs:67:i_dffg                                                                   ; dffg            ; work         ;
;       |dffg:\fetchInstAdd_dffgs:68:i_dffg|       ; 0 (0)               ; 1 (1)                     ; 0           ; 0            ; 0       ; 0         ; 0    ; 0            ; |RISCV_Processor|IFID:IFID_i|dffg:\fetchInstAdd_dffgs:68:i_dffg                                                                   ; dffg            ; work         ;
;       |dffg:\fetchInstAdd_dffgs:69:i_dffg|       ; 0 (0)               ; 1 (1)                     ; 0           ; 0            ; 0       ; 0         ; 0    ; 0            ; |RISCV_Processor|IFID:IFID_i|dffg:\fetchInstAdd_dffgs:69:i_dffg                                                                   ; dffg            ; work         ;
;       |dffg:\fetchInstAdd_dffgs:70:i_dffg|       ; 0 (0)               ; 1 (1)                     ; 0           ; 0            ; 0       ; 0         ; 0    ; 0            ; |RISCV_Processor|IFID:IFID_i|dffg:\fetchInstAdd_dffgs:70:i_dffg                                                                   ; dffg            ; work         ;
;       |dffg:\fetchInstAdd_dffgs:71:i_dffg|       ; 0 (0)               ; 1 (1)                     ; 0           ; 0            ; 0       ; 0         ; 0    ; 0            ; |RISCV_Processor|IFID:IFID_i|dffg:\fetchInstAdd_dffgs:71:i_dffg                                                                   ; dffg            ; work         ;
;       |dffg:\fetchInstAdd_dffgs:72:i_dffg|       ; 0 (0)               ; 1 (1)                     ; 0           ; 0            ; 0       ; 0         ; 0    ; 0            ; |RISCV_Processor|IFID:IFID_i|dffg:\fetchInstAdd_dffgs:72:i_dffg                                                                   ; dffg            ; work         ;
;       |dffg:\fetchInstAdd_dffgs:73:i_dffg|       ; 0 (0)               ; 1 (1)                     ; 0           ; 0            ; 0       ; 0         ; 0    ; 0            ; |RISCV_Processor|IFID:IFID_i|dffg:\fetchInstAdd_dffgs:73:i_dffg                                                                   ; dffg            ; work         ;
;       |dffg:\fetchInstAdd_dffgs:74:i_dffg|       ; 0 (0)               ; 1 (1)                     ; 0           ; 0            ; 0       ; 0         ; 0    ; 0            ; |RISCV_Processor|IFID:IFID_i|dffg:\fetchInstAdd_dffgs:74:i_dffg                                                                   ; dffg            ; work         ;
;       |dffg:\fetchInstAdd_dffgs:75:i_dffg|       ; 0 (0)               ; 1 (1)                     ; 0           ; 0            ; 0       ; 0         ; 0    ; 0            ; |RISCV_Processor|IFID:IFID_i|dffg:\fetchInstAdd_dffgs:75:i_dffg                                                                   ; dffg            ; work         ;
;       |dffg:\fetchInstAdd_dffgs:76:i_dffg|       ; 0 (0)               ; 1 (1)                     ; 0           ; 0            ; 0       ; 0         ; 0    ; 0            ; |RISCV_Processor|IFID:IFID_i|dffg:\fetchInstAdd_dffgs:76:i_dffg                                                                   ; dffg            ; work         ;
;       |dffg:\fetchInstAdd_dffgs:77:i_dffg|       ; 0 (0)               ; 1 (1)                     ; 0           ; 0            ; 0       ; 0         ; 0    ; 0            ; |RISCV_Processor|IFID:IFID_i|dffg:\fetchInstAdd_dffgs:77:i_dffg                                                                   ; dffg            ; work         ;
;       |dffg:\fetchInstAdd_dffgs:78:i_dffg|       ; 0 (0)               ; 1 (1)                     ; 0           ; 0            ; 0       ; 0         ; 0    ; 0            ; |RISCV_Processor|IFID:IFID_i|dffg:\fetchInstAdd_dffgs:78:i_dffg                                                                   ; dffg            ; work         ;
;       |dffg:\fetchInstAdd_dffgs:79:i_dffg|       ; 0 (0)               ; 1 (1)                     ; 0           ; 0            ; 0       ; 0         ; 0    ; 0            ; |RISCV_Processor|IFID:IFID_i|dffg:\fetchInstAdd_dffgs:79:i_dffg                                                                   ; dffg            ; work         ;
;       |dffg:\fetchInstAdd_dffgs:80:i_dffg|       ; 0 (0)               ; 1 (1)                     ; 0           ; 0            ; 0       ; 0         ; 0    ; 0            ; |RISCV_Processor|IFID:IFID_i|dffg:\fetchInstAdd_dffgs:80:i_dffg                                                                   ; dffg            ; work         ;
;       |dffg:\fetchInstAdd_dffgs:81:i_dffg|       ; 0 (0)               ; 1 (1)                     ; 0           ; 0            ; 0       ; 0         ; 0    ; 0            ; |RISCV_Processor|IFID:IFID_i|dffg:\fetchInstAdd_dffgs:81:i_dffg                                                                   ; dffg            ; work         ;
;       |dffg:\fetchInstAdd_dffgs:82:i_dffg|       ; 0 (0)               ; 1 (1)                     ; 0           ; 0            ; 0       ; 0         ; 0    ; 0            ; |RISCV_Processor|IFID:IFID_i|dffg:\fetchInstAdd_dffgs:82:i_dffg                                                                   ; dffg            ; work         ;
;       |dffg:\fetchInstAdd_dffgs:83:i_dffg|       ; 0 (0)               ; 1 (1)                     ; 0           ; 0            ; 0       ; 0         ; 0    ; 0            ; |RISCV_Processor|IFID:IFID_i|dffg:\fetchInstAdd_dffgs:83:i_dffg                                                                   ; dffg            ; work         ;
;       |dffg:\fetchInstAdd_dffgs:84:i_dffg|       ; 0 (0)               ; 1 (1)                     ; 0           ; 0            ; 0       ; 0         ; 0    ; 0            ; |RISCV_Processor|IFID:IFID_i|dffg:\fetchInstAdd_dffgs:84:i_dffg                                                                   ; dffg            ; work         ;
;       |dffg:\fetchInstAdd_dffgs:85:i_dffg|       ; 0 (0)               ; 1 (1)                     ; 0           ; 0            ; 0       ; 0         ; 0    ; 0            ; |RISCV_Processor|IFID:IFID_i|dffg:\fetchInstAdd_dffgs:85:i_dffg                                                                   ; dffg            ; work         ;
;       |dffg:\fetchInstAdd_dffgs:86:i_dffg|       ; 1 (1)               ; 1 (1)                     ; 0           ; 0            ; 0       ; 0         ; 0    ; 0            ; |RISCV_Processor|IFID:IFID_i|dffg:\fetchInstAdd_dffgs:86:i_dffg                                                                   ; dffg            ; work         ;
;       |dffg:\fetchInstAdd_dffgs:87:i_dffg|       ; 0 (0)               ; 1 (1)                     ; 0           ; 0            ; 0       ; 0         ; 0    ; 0            ; |RISCV_Processor|IFID:IFID_i|dffg:\fetchInstAdd_dffgs:87:i_dffg                                                                   ; dffg            ; work         ;
;       |dffg:\fetchInstAdd_dffgs:88:i_dffg|       ; 0 (0)               ; 1 (1)                     ; 0           ; 0            ; 0       ; 0         ; 0    ; 0            ; |RISCV_Processor|IFID:IFID_i|dffg:\fetchInstAdd_dffgs:88:i_dffg                                                                   ; dffg            ; work         ;
;       |dffg:\fetchInstAdd_dffgs:89:i_dffg|       ; 0 (0)               ; 1 (1)                     ; 0           ; 0            ; 0       ; 0         ; 0    ; 0            ; |RISCV_Processor|IFID:IFID_i|dffg:\fetchInstAdd_dffgs:89:i_dffg                                                                   ; dffg            ; work         ;
;       |dffg:\fetchInstAdd_dffgs:90:i_dffg|       ; 0 (0)               ; 1 (1)                     ; 0           ; 0            ; 0       ; 0         ; 0    ; 0            ; |RISCV_Processor|IFID:IFID_i|dffg:\fetchInstAdd_dffgs:90:i_dffg                                                                   ; dffg            ; work         ;
;       |dffg:\fetchInstAdd_dffgs:91:i_dffg|       ; 0 (0)               ; 1 (1)                     ; 0           ; 0            ; 0       ; 0         ; 0    ; 0            ; |RISCV_Processor|IFID:IFID_i|dffg:\fetchInstAdd_dffgs:91:i_dffg                                                                   ; dffg            ; work         ;
;       |dffg:\fetchInstAdd_dffgs:92:i_dffg|       ; 0 (0)               ; 1 (1)                     ; 0           ; 0            ; 0       ; 0         ; 0    ; 0            ; |RISCV_Processor|IFID:IFID_i|dffg:\fetchInstAdd_dffgs:92:i_dffg                                                                   ; dffg            ; work         ;
;       |dffg:\fetchInstAdd_dffgs:93:i_dffg|       ; 0 (0)               ; 1 (1)                     ; 0           ; 0            ; 0       ; 0         ; 0    ; 0            ; |RISCV_Processor|IFID:IFID_i|dffg:\fetchInstAdd_dffgs:93:i_dffg                                                                   ; dffg            ; work         ;
;       |dffg:\fetchInstAdd_dffgs:94:i_dffg|       ; 0 (0)               ; 1 (1)                     ; 0           ; 0            ; 0       ; 0         ; 0    ; 0            ; |RISCV_Processor|IFID:IFID_i|dffg:\fetchInstAdd_dffgs:94:i_dffg                                                                   ; dffg            ; work         ;
;       |dffg:\fetchInstAdd_dffgs:95:i_dffg|       ; 0 (0)               ; 1 (1)                     ; 0           ; 0            ; 0       ; 0         ; 0    ; 0            ; |RISCV_Processor|IFID:IFID_i|dffg:\fetchInstAdd_dffgs:95:i_dffg                                                                   ; dffg            ; work         ;
;       |dffg:\instruction_dffgs:0:i_dffg|         ; 0 (0)               ; 1 (1)                     ; 0           ; 0            ; 0       ; 0         ; 0    ; 0            ; |RISCV_Processor|IFID:IFID_i|dffg:\instruction_dffgs:0:i_dffg                                                                     ; dffg            ; work         ;
;       |dffg:\instruction_dffgs:10:i_dffg|        ; 0 (0)               ; 1 (1)                     ; 0           ; 0            ; 0       ; 0         ; 0    ; 0            ; |RISCV_Processor|IFID:IFID_i|dffg:\instruction_dffgs:10:i_dffg                                                                    ; dffg            ; work         ;
;       |dffg:\instruction_dffgs:11:i_dffg|        ; 0 (0)               ; 1 (1)                     ; 0           ; 0            ; 0       ; 0         ; 0    ; 0            ; |RISCV_Processor|IFID:IFID_i|dffg:\instruction_dffgs:11:i_dffg                                                                    ; dffg            ; work         ;
;       |dffg:\instruction_dffgs:12:i_dffg|        ; 0 (0)               ; 1 (1)                     ; 0           ; 0            ; 0       ; 0         ; 0    ; 0            ; |RISCV_Processor|IFID:IFID_i|dffg:\instruction_dffgs:12:i_dffg                                                                    ; dffg            ; work         ;
;       |dffg:\instruction_dffgs:13:i_dffg|        ; 0 (0)               ; 1 (1)                     ; 0           ; 0            ; 0       ; 0         ; 0    ; 0            ; |RISCV_Processor|IFID:IFID_i|dffg:\instruction_dffgs:13:i_dffg                                                                    ; dffg            ; work         ;
;       |dffg:\instruction_dffgs:14:i_dffg|        ; 0 (0)               ; 1 (1)                     ; 0           ; 0            ; 0       ; 0         ; 0    ; 0            ; |RISCV_Processor|IFID:IFID_i|dffg:\instruction_dffgs:14:i_dffg                                                                    ; dffg            ; work         ;
;       |dffg:\instruction_dffgs:15:i_dffg|        ; 0 (0)               ; 1 (1)                     ; 0           ; 0            ; 0       ; 0         ; 0    ; 0            ; |RISCV_Processor|IFID:IFID_i|dffg:\instruction_dffgs:15:i_dffg                                                                    ; dffg            ; work         ;
;       |dffg:\instruction_dffgs:16:i_dffg|        ; 0 (0)               ; 1 (1)                     ; 0           ; 0            ; 0       ; 0         ; 0    ; 0            ; |RISCV_Processor|IFID:IFID_i|dffg:\instruction_dffgs:16:i_dffg                                                                    ; dffg            ; work         ;
;       |dffg:\instruction_dffgs:17:i_dffg|        ; 0 (0)               ; 1 (1)                     ; 0           ; 0            ; 0       ; 0         ; 0    ; 0            ; |RISCV_Processor|IFID:IFID_i|dffg:\instruction_dffgs:17:i_dffg                                                                    ; dffg            ; work         ;
;       |dffg:\instruction_dffgs:18:i_dffg|        ; 0 (0)               ; 1 (1)                     ; 0           ; 0            ; 0       ; 0         ; 0    ; 0            ; |RISCV_Processor|IFID:IFID_i|dffg:\instruction_dffgs:18:i_dffg                                                                    ; dffg            ; work         ;
;       |dffg:\instruction_dffgs:19:i_dffg|        ; 0 (0)               ; 1 (1)                     ; 0           ; 0            ; 0       ; 0         ; 0    ; 0            ; |RISCV_Processor|IFID:IFID_i|dffg:\instruction_dffgs:19:i_dffg                                                                    ; dffg            ; work         ;
;       |dffg:\instruction_dffgs:1:i_dffg|         ; 0 (0)               ; 1 (1)                     ; 0           ; 0            ; 0       ; 0         ; 0    ; 0            ; |RISCV_Processor|IFID:IFID_i|dffg:\instruction_dffgs:1:i_dffg                                                                     ; dffg            ; work         ;
;       |dffg:\instruction_dffgs:20:i_dffg|        ; 0 (0)               ; 1 (1)                     ; 0           ; 0            ; 0       ; 0         ; 0    ; 0            ; |RISCV_Processor|IFID:IFID_i|dffg:\instruction_dffgs:20:i_dffg                                                                    ; dffg            ; work         ;
;       |dffg:\instruction_dffgs:21:i_dffg|        ; 0 (0)               ; 1 (1)                     ; 0           ; 0            ; 0       ; 0         ; 0    ; 0            ; |RISCV_Processor|IFID:IFID_i|dffg:\instruction_dffgs:21:i_dffg                                                                    ; dffg            ; work         ;
;       |dffg:\instruction_dffgs:22:i_dffg|        ; 0 (0)               ; 1 (1)                     ; 0           ; 0            ; 0       ; 0         ; 0    ; 0            ; |RISCV_Processor|IFID:IFID_i|dffg:\instruction_dffgs:22:i_dffg                                                                    ; dffg            ; work         ;
;       |dffg:\instruction_dffgs:23:i_dffg|        ; 0 (0)               ; 1 (1)                     ; 0           ; 0            ; 0       ; 0         ; 0    ; 0            ; |RISCV_Processor|IFID:IFID_i|dffg:\instruction_dffgs:23:i_dffg                                                                    ; dffg            ; work         ;
;       |dffg:\instruction_dffgs:24:i_dffg|        ; 0 (0)               ; 1 (1)                     ; 0           ; 0            ; 0       ; 0         ; 0    ; 0            ; |RISCV_Processor|IFID:IFID_i|dffg:\instruction_dffgs:24:i_dffg                                                                    ; dffg            ; work         ;
;       |dffg:\instruction_dffgs:25:i_dffg|        ; 0 (0)               ; 1 (1)                     ; 0           ; 0            ; 0       ; 0         ; 0    ; 0            ; |RISCV_Processor|IFID:IFID_i|dffg:\instruction_dffgs:25:i_dffg                                                                    ; dffg            ; work         ;
;       |dffg:\instruction_dffgs:26:i_dffg|        ; 0 (0)               ; 1 (1)                     ; 0           ; 0            ; 0       ; 0         ; 0    ; 0            ; |RISCV_Processor|IFID:IFID_i|dffg:\instruction_dffgs:26:i_dffg                                                                    ; dffg            ; work         ;
;       |dffg:\instruction_dffgs:27:i_dffg|        ; 0 (0)               ; 1 (1)                     ; 0           ; 0            ; 0       ; 0         ; 0    ; 0            ; |RISCV_Processor|IFID:IFID_i|dffg:\instruction_dffgs:27:i_dffg                                                                    ; dffg            ; work         ;
;       |dffg:\instruction_dffgs:28:i_dffg|        ; 0 (0)               ; 1 (1)                     ; 0           ; 0            ; 0       ; 0         ; 0    ; 0            ; |RISCV_Processor|IFID:IFID_i|dffg:\instruction_dffgs:28:i_dffg                                                                    ; dffg            ; work         ;
;       |dffg:\instruction_dffgs:29:i_dffg|        ; 0 (0)               ; 1 (1)                     ; 0           ; 0            ; 0       ; 0         ; 0    ; 0            ; |RISCV_Processor|IFID:IFID_i|dffg:\instruction_dffgs:29:i_dffg                                                                    ; dffg            ; work         ;
;       |dffg:\instruction_dffgs:2:i_dffg|         ; 0 (0)               ; 1 (1)                     ; 0           ; 0            ; 0       ; 0         ; 0    ; 0            ; |RISCV_Processor|IFID:IFID_i|dffg:\instruction_dffgs:2:i_dffg                                                                     ; dffg            ; work         ;
;       |dffg:\instruction_dffgs:30:i_dffg|        ; 0 (0)               ; 1 (1)                     ; 0           ; 0            ; 0       ; 0         ; 0    ; 0            ; |RISCV_Processor|IFID:IFID_i|dffg:\instruction_dffgs:30:i_dffg                                                                    ; dffg            ; work         ;
;       |dffg:\instruction_dffgs:31:i_dffg|        ; 0 (0)               ; 1 (1)                     ; 0           ; 0            ; 0       ; 0         ; 0    ; 0            ; |RISCV_Processor|IFID:IFID_i|dffg:\instruction_dffgs:31:i_dffg                                                                    ; dffg            ; work         ;
;       |dffg:\instruction_dffgs:3:i_dffg|         ; 0 (0)               ; 1 (1)                     ; 0           ; 0            ; 0       ; 0         ; 0    ; 0            ; |RISCV_Processor|IFID:IFID_i|dffg:\instruction_dffgs:3:i_dffg                                                                     ; dffg            ; work         ;
;       |dffg:\instruction_dffgs:4:i_dffg|         ; 0 (0)               ; 1 (1)                     ; 0           ; 0            ; 0       ; 0         ; 0    ; 0            ; |RISCV_Processor|IFID:IFID_i|dffg:\instruction_dffgs:4:i_dffg                                                                     ; dffg            ; work         ;
;       |dffg:\instruction_dffgs:5:i_dffg|         ; 0 (0)               ; 1 (1)                     ; 0           ; 0            ; 0       ; 0         ; 0    ; 0            ; |RISCV_Processor|IFID:IFID_i|dffg:\instruction_dffgs:5:i_dffg                                                                     ; dffg            ; work         ;
;       |dffg:\instruction_dffgs:6:i_dffg|         ; 0 (0)               ; 1 (1)                     ; 0           ; 0            ; 0       ; 0         ; 0    ; 0            ; |RISCV_Processor|IFID:IFID_i|dffg:\instruction_dffgs:6:i_dffg                                                                     ; dffg            ; work         ;
;       |dffg:\instruction_dffgs:7:i_dffg|         ; 0 (0)               ; 1 (1)                     ; 0           ; 0            ; 0       ; 0         ; 0    ; 0            ; |RISCV_Processor|IFID:IFID_i|dffg:\instruction_dffgs:7:i_dffg                                                                     ; dffg            ; work         ;
;       |dffg:\instruction_dffgs:8:i_dffg|         ; 0 (0)               ; 1 (1)                     ; 0           ; 0            ; 0       ; 0         ; 0    ; 0            ; |RISCV_Processor|IFID:IFID_i|dffg:\instruction_dffgs:8:i_dffg                                                                     ; dffg            ; work         ;
;       |dffg:\instruction_dffgs:9:i_dffg|         ; 0 (0)               ; 1 (1)                     ; 0           ; 0            ; 0       ; 0         ; 0    ; 0            ; |RISCV_Processor|IFID:IFID_i|dffg:\instruction_dffgs:9:i_dffg                                                                     ; dffg            ; work         ;
;    |MEMWB:MEMWB_i|                               ; 0 (0)               ; 65 (0)                    ; 0           ; 0            ; 0       ; 0         ; 0    ; 0            ; |RISCV_Processor|MEMWB:MEMWB_i                                                                                                    ; MEMWB           ; work         ;
;       |dffg:\ext_dffgs:100:e_dffg|               ; 0 (0)               ; 1 (1)                     ; 0           ; 0            ; 0       ; 0         ; 0    ; 0            ; |RISCV_Processor|MEMWB:MEMWB_i|dffg:\ext_dffgs:100:e_dffg                                                                         ; dffg            ; work         ;
;       |dffg:\ext_dffgs:101:e_dffg|               ; 0 (0)               ; 1 (1)                     ; 0           ; 0            ; 0       ; 0         ; 0    ; 0            ; |RISCV_Processor|MEMWB:MEMWB_i|dffg:\ext_dffgs:101:e_dffg                                                                         ; dffg            ; work         ;
;       |dffg:\ext_dffgs:102:e_dffg|               ; 0 (0)               ; 1 (1)                     ; 0           ; 0            ; 0       ; 0         ; 0    ; 0            ; |RISCV_Processor|MEMWB:MEMWB_i|dffg:\ext_dffgs:102:e_dffg                                                                         ; dffg            ; work         ;
;       |dffg:\ext_dffgs:103:e_dffg|               ; 0 (0)               ; 1 (1)                     ; 0           ; 0            ; 0       ; 0         ; 0    ; 0            ; |RISCV_Processor|MEMWB:MEMWB_i|dffg:\ext_dffgs:103:e_dffg                                                                         ; dffg            ; work         ;
;       |dffg:\ext_dffgs:104:e_dffg|               ; 0 (0)               ; 1 (1)                     ; 0           ; 0            ; 0       ; 0         ; 0    ; 0            ; |RISCV_Processor|MEMWB:MEMWB_i|dffg:\ext_dffgs:104:e_dffg                                                                         ; dffg            ; work         ;
;       |dffg:\ext_dffgs:105:e_dffg|               ; 0 (0)               ; 1 (1)                     ; 0           ; 0            ; 0       ; 0         ; 0    ; 0            ; |RISCV_Processor|MEMWB:MEMWB_i|dffg:\ext_dffgs:105:e_dffg                                                                         ; dffg            ; work         ;
;       |dffg:\ext_dffgs:106:e_dffg|               ; 0 (0)               ; 1 (1)                     ; 0           ; 0            ; 0       ; 0         ; 0    ; 0            ; |RISCV_Processor|MEMWB:MEMWB_i|dffg:\ext_dffgs:106:e_dffg                                                                         ; dffg            ; work         ;
;       |dffg:\ext_dffgs:107:e_dffg|               ; 0 (0)               ; 1 (1)                     ; 0           ; 0            ; 0       ; 0         ; 0    ; 0            ; |RISCV_Processor|MEMWB:MEMWB_i|dffg:\ext_dffgs:107:e_dffg                                                                         ; dffg            ; work         ;
;       |dffg:\ext_dffgs:108:e_dffg|               ; 0 (0)               ; 1 (1)                     ; 0           ; 0            ; 0       ; 0         ; 0    ; 0            ; |RISCV_Processor|MEMWB:MEMWB_i|dffg:\ext_dffgs:108:e_dffg                                                                         ; dffg            ; work         ;
;       |dffg:\ext_dffgs:109:e_dffg|               ; 0 (0)               ; 1 (1)                     ; 0           ; 0            ; 0       ; 0         ; 0    ; 0            ; |RISCV_Processor|MEMWB:MEMWB_i|dffg:\ext_dffgs:109:e_dffg                                                                         ; dffg            ; work         ;
;       |dffg:\ext_dffgs:110:e_dffg|               ; 0 (0)               ; 1 (1)                     ; 0           ; 0            ; 0       ; 0         ; 0    ; 0            ; |RISCV_Processor|MEMWB:MEMWB_i|dffg:\ext_dffgs:110:e_dffg                                                                         ; dffg            ; work         ;
;       |dffg:\ext_dffgs:79:e_dffg|                ; 0 (0)               ; 1 (1)                     ; 0           ; 0            ; 0       ; 0         ; 0    ; 0            ; |RISCV_Processor|MEMWB:MEMWB_i|dffg:\ext_dffgs:79:e_dffg                                                                          ; dffg            ; work         ;
;       |dffg:\ext_dffgs:80:e_dffg|                ; 0 (0)               ; 1 (1)                     ; 0           ; 0            ; 0       ; 0         ; 0    ; 0            ; |RISCV_Processor|MEMWB:MEMWB_i|dffg:\ext_dffgs:80:e_dffg                                                                          ; dffg            ; work         ;
;       |dffg:\ext_dffgs:81:e_dffg|                ; 0 (0)               ; 1 (1)                     ; 0           ; 0            ; 0       ; 0         ; 0    ; 0            ; |RISCV_Processor|MEMWB:MEMWB_i|dffg:\ext_dffgs:81:e_dffg                                                                          ; dffg            ; work         ;
;       |dffg:\ext_dffgs:82:e_dffg|                ; 0 (0)               ; 1 (1)                     ; 0           ; 0            ; 0       ; 0         ; 0    ; 0            ; |RISCV_Processor|MEMWB:MEMWB_i|dffg:\ext_dffgs:82:e_dffg                                                                          ; dffg            ; work         ;
;       |dffg:\ext_dffgs:83:e_dffg|                ; 0 (0)               ; 1 (1)                     ; 0           ; 0            ; 0       ; 0         ; 0    ; 0            ; |RISCV_Processor|MEMWB:MEMWB_i|dffg:\ext_dffgs:83:e_dffg                                                                          ; dffg            ; work         ;
;       |dffg:\ext_dffgs:84:e_dffg|                ; 0 (0)               ; 1 (1)                     ; 0           ; 0            ; 0       ; 0         ; 0    ; 0            ; |RISCV_Processor|MEMWB:MEMWB_i|dffg:\ext_dffgs:84:e_dffg                                                                          ; dffg            ; work         ;
;       |dffg:\ext_dffgs:85:e_dffg|                ; 0 (0)               ; 1 (1)                     ; 0           ; 0            ; 0       ; 0         ; 0    ; 0            ; |RISCV_Processor|MEMWB:MEMWB_i|dffg:\ext_dffgs:85:e_dffg                                                                          ; dffg            ; work         ;
;       |dffg:\ext_dffgs:86:e_dffg|                ; 0 (0)               ; 1 (1)                     ; 0           ; 0            ; 0       ; 0         ; 0    ; 0            ; |RISCV_Processor|MEMWB:MEMWB_i|dffg:\ext_dffgs:86:e_dffg                                                                          ; dffg            ; work         ;
;       |dffg:\ext_dffgs:87:e_dffg|                ; 0 (0)               ; 1 (1)                     ; 0           ; 0            ; 0       ; 0         ; 0    ; 0            ; |RISCV_Processor|MEMWB:MEMWB_i|dffg:\ext_dffgs:87:e_dffg                                                                          ; dffg            ; work         ;
;       |dffg:\ext_dffgs:88:e_dffg|                ; 0 (0)               ; 1 (1)                     ; 0           ; 0            ; 0       ; 0         ; 0    ; 0            ; |RISCV_Processor|MEMWB:MEMWB_i|dffg:\ext_dffgs:88:e_dffg                                                                          ; dffg            ; work         ;
;       |dffg:\ext_dffgs:89:e_dffg|                ; 0 (0)               ; 1 (1)                     ; 0           ; 0            ; 0       ; 0         ; 0    ; 0            ; |RISCV_Processor|MEMWB:MEMWB_i|dffg:\ext_dffgs:89:e_dffg                                                                          ; dffg            ; work         ;
;       |dffg:\ext_dffgs:90:e_dffg|                ; 0 (0)               ; 1 (1)                     ; 0           ; 0            ; 0       ; 0         ; 0    ; 0            ; |RISCV_Processor|MEMWB:MEMWB_i|dffg:\ext_dffgs:90:e_dffg                                                                          ; dffg            ; work         ;
;       |dffg:\ext_dffgs:91:e_dffg|                ; 0 (0)               ; 1 (1)                     ; 0           ; 0            ; 0       ; 0         ; 0    ; 0            ; |RISCV_Processor|MEMWB:MEMWB_i|dffg:\ext_dffgs:91:e_dffg                                                                          ; dffg            ; work         ;
;       |dffg:\ext_dffgs:92:e_dffg|                ; 0 (0)               ; 1 (1)                     ; 0           ; 0            ; 0       ; 0         ; 0    ; 0            ; |RISCV_Processor|MEMWB:MEMWB_i|dffg:\ext_dffgs:92:e_dffg                                                                          ; dffg            ; work         ;
;       |dffg:\ext_dffgs:93:e_dffg|                ; 0 (0)               ; 1 (1)                     ; 0           ; 0            ; 0       ; 0         ; 0    ; 0            ; |RISCV_Processor|MEMWB:MEMWB_i|dffg:\ext_dffgs:93:e_dffg                                                                          ; dffg            ; work         ;
;       |dffg:\ext_dffgs:94:e_dffg|                ; 0 (0)               ; 1 (1)                     ; 0           ; 0            ; 0       ; 0         ; 0    ; 0            ; |RISCV_Processor|MEMWB:MEMWB_i|dffg:\ext_dffgs:94:e_dffg                                                                          ; dffg            ; work         ;
;       |dffg:\ext_dffgs:95:e_dffg|                ; 0 (0)               ; 1 (1)                     ; 0           ; 0            ; 0       ; 0         ; 0    ; 0            ; |RISCV_Processor|MEMWB:MEMWB_i|dffg:\ext_dffgs:95:e_dffg                                                                          ; dffg            ; work         ;
;       |dffg:\ext_dffgs:96:e_dffg|                ; 0 (0)               ; 1 (1)                     ; 0           ; 0            ; 0       ; 0         ; 0    ; 0            ; |RISCV_Processor|MEMWB:MEMWB_i|dffg:\ext_dffgs:96:e_dffg                                                                          ; dffg            ; work         ;
;       |dffg:\ext_dffgs:97:e_dffg|                ; 0 (0)               ; 1 (1)                     ; 0           ; 0            ; 0       ; 0         ; 0    ; 0            ; |RISCV_Processor|MEMWB:MEMWB_i|dffg:\ext_dffgs:97:e_dffg                                                                          ; dffg            ; work         ;
;       |dffg:\ext_dffgs:98:e_dffg|                ; 0 (0)               ; 1 (1)                     ; 0           ; 0            ; 0       ; 0         ; 0    ; 0            ; |RISCV_Processor|MEMWB:MEMWB_i|dffg:\ext_dffgs:98:e_dffg                                                                          ; dffg            ; work         ;
;       |dffg:\ext_dffgs:99:e_dffg|                ; 0 (0)               ; 1 (1)                     ; 0           ; 0            ; 0       ; 0         ; 0    ; 0            ; |RISCV_Processor|MEMWB:MEMWB_i|dffg:\ext_dffgs:99:e_dffg                                                                          ; dffg            ; work         ;
;       |dffg:\regdata_dffgs:15:rd_dffg|           ; 0 (0)               ; 1 (1)                     ; 0           ; 0            ; 0       ; 0         ; 0    ; 0            ; |RISCV_Processor|MEMWB:MEMWB_i|dffg:\regdata_dffgs:15:rd_dffg                                                                     ; dffg            ; work         ;
;       |dffg:\regdata_dffgs:16:rd_dffg|           ; 0 (0)               ; 1 (1)                     ; 0           ; 0            ; 0       ; 0         ; 0    ; 0            ; |RISCV_Processor|MEMWB:MEMWB_i|dffg:\regdata_dffgs:16:rd_dffg                                                                     ; dffg            ; work         ;
;       |dffg:\regdata_dffgs:17:rd_dffg|           ; 0 (0)               ; 1 (1)                     ; 0           ; 0            ; 0       ; 0         ; 0    ; 0            ; |RISCV_Processor|MEMWB:MEMWB_i|dffg:\regdata_dffgs:17:rd_dffg                                                                     ; dffg            ; work         ;
;       |dffg:\regdata_dffgs:18:rd_dffg|           ; 0 (0)               ; 1 (1)                     ; 0           ; 0            ; 0       ; 0         ; 0    ; 0            ; |RISCV_Processor|MEMWB:MEMWB_i|dffg:\regdata_dffgs:18:rd_dffg                                                                     ; dffg            ; work         ;
;       |dffg:\regdata_dffgs:19:rd_dffg|           ; 0 (0)               ; 1 (1)                     ; 0           ; 0            ; 0       ; 0         ; 0    ; 0            ; |RISCV_Processor|MEMWB:MEMWB_i|dffg:\regdata_dffgs:19:rd_dffg                                                                     ; dffg            ; work         ;
;       |dffg:\regdata_dffgs:20:rd_dffg|           ; 0 (0)               ; 1 (1)                     ; 0           ; 0            ; 0       ; 0         ; 0    ; 0            ; |RISCV_Processor|MEMWB:MEMWB_i|dffg:\regdata_dffgs:20:rd_dffg                                                                     ; dffg            ; work         ;
;       |dffg:\regdata_dffgs:21:rd_dffg|           ; 0 (0)               ; 1 (1)                     ; 0           ; 0            ; 0       ; 0         ; 0    ; 0            ; |RISCV_Processor|MEMWB:MEMWB_i|dffg:\regdata_dffgs:21:rd_dffg                                                                     ; dffg            ; work         ;
;       |dffg:\regdata_dffgs:22:rd_dffg|           ; 0 (0)               ; 1 (1)                     ; 0           ; 0            ; 0       ; 0         ; 0    ; 0            ; |RISCV_Processor|MEMWB:MEMWB_i|dffg:\regdata_dffgs:22:rd_dffg                                                                     ; dffg            ; work         ;
;       |dffg:\regdata_dffgs:23:rd_dffg|           ; 0 (0)               ; 1 (1)                     ; 0           ; 0            ; 0       ; 0         ; 0    ; 0            ; |RISCV_Processor|MEMWB:MEMWB_i|dffg:\regdata_dffgs:23:rd_dffg                                                                     ; dffg            ; work         ;
;       |dffg:\regdata_dffgs:24:rd_dffg|           ; 0 (0)               ; 1 (1)                     ; 0           ; 0            ; 0       ; 0         ; 0    ; 0            ; |RISCV_Processor|MEMWB:MEMWB_i|dffg:\regdata_dffgs:24:rd_dffg                                                                     ; dffg            ; work         ;
;       |dffg:\regdata_dffgs:25:rd_dffg|           ; 0 (0)               ; 1 (1)                     ; 0           ; 0            ; 0       ; 0         ; 0    ; 0            ; |RISCV_Processor|MEMWB:MEMWB_i|dffg:\regdata_dffgs:25:rd_dffg                                                                     ; dffg            ; work         ;
;       |dffg:\regdata_dffgs:26:rd_dffg|           ; 0 (0)               ; 1 (1)                     ; 0           ; 0            ; 0       ; 0         ; 0    ; 0            ; |RISCV_Processor|MEMWB:MEMWB_i|dffg:\regdata_dffgs:26:rd_dffg                                                                     ; dffg            ; work         ;
;       |dffg:\regdata_dffgs:27:rd_dffg|           ; 0 (0)               ; 1 (1)                     ; 0           ; 0            ; 0       ; 0         ; 0    ; 0            ; |RISCV_Processor|MEMWB:MEMWB_i|dffg:\regdata_dffgs:27:rd_dffg                                                                     ; dffg            ; work         ;
;       |dffg:\regdata_dffgs:28:rd_dffg|           ; 0 (0)               ; 1 (1)                     ; 0           ; 0            ; 0       ; 0         ; 0    ; 0            ; |RISCV_Processor|MEMWB:MEMWB_i|dffg:\regdata_dffgs:28:rd_dffg                                                                     ; dffg            ; work         ;
;       |dffg:\regdata_dffgs:29:rd_dffg|           ; 0 (0)               ; 1 (1)                     ; 0           ; 0            ; 0       ; 0         ; 0    ; 0            ; |RISCV_Processor|MEMWB:MEMWB_i|dffg:\regdata_dffgs:29:rd_dffg                                                                     ; dffg            ; work         ;
;       |dffg:\regdata_dffgs:30:rd_dffg|           ; 0 (0)               ; 1 (1)                     ; 0           ; 0            ; 0       ; 0         ; 0    ; 0            ; |RISCV_Processor|MEMWB:MEMWB_i|dffg:\regdata_dffgs:30:rd_dffg                                                                     ; dffg            ; work         ;
;       |dffg:\regdata_dffgs:31:rd_dffg|           ; 0 (0)               ; 1 (1)                     ; 0           ; 0            ; 0       ; 0         ; 0    ; 0            ; |RISCV_Processor|MEMWB:MEMWB_i|dffg:\regdata_dffgs:31:rd_dffg                                                                     ; dffg            ; work         ;
;       |dffg:\regdata_dffgs:32:rd_dffg|           ; 0 (0)               ; 1 (1)                     ; 0           ; 0            ; 0       ; 0         ; 0    ; 0            ; |RISCV_Processor|MEMWB:MEMWB_i|dffg:\regdata_dffgs:32:rd_dffg                                                                     ; dffg            ; work         ;
;       |dffg:\regdata_dffgs:33:rd_dffg|           ; 0 (0)               ; 1 (1)                     ; 0           ; 0            ; 0       ; 0         ; 0    ; 0            ; |RISCV_Processor|MEMWB:MEMWB_i|dffg:\regdata_dffgs:33:rd_dffg                                                                     ; dffg            ; work         ;
;       |dffg:\regdata_dffgs:34:rd_dffg|           ; 0 (0)               ; 1 (1)                     ; 0           ; 0            ; 0       ; 0         ; 0    ; 0            ; |RISCV_Processor|MEMWB:MEMWB_i|dffg:\regdata_dffgs:34:rd_dffg                                                                     ; dffg            ; work         ;
;       |dffg:\regdata_dffgs:35:rd_dffg|           ; 0 (0)               ; 1 (1)                     ; 0           ; 0            ; 0       ; 0         ; 0    ; 0            ; |RISCV_Processor|MEMWB:MEMWB_i|dffg:\regdata_dffgs:35:rd_dffg                                                                     ; dffg            ; work         ;
;       |dffg:\regdata_dffgs:36:rd_dffg|           ; 0 (0)               ; 1 (1)                     ; 0           ; 0            ; 0       ; 0         ; 0    ; 0            ; |RISCV_Processor|MEMWB:MEMWB_i|dffg:\regdata_dffgs:36:rd_dffg                                                                     ; dffg            ; work         ;
;       |dffg:\regdata_dffgs:37:rd_dffg|           ; 0 (0)               ; 1 (1)                     ; 0           ; 0            ; 0       ; 0         ; 0    ; 0            ; |RISCV_Processor|MEMWB:MEMWB_i|dffg:\regdata_dffgs:37:rd_dffg                                                                     ; dffg            ; work         ;
;       |dffg:\regdata_dffgs:38:rd_dffg|           ; 0 (0)               ; 1 (1)                     ; 0           ; 0            ; 0       ; 0         ; 0    ; 0            ; |RISCV_Processor|MEMWB:MEMWB_i|dffg:\regdata_dffgs:38:rd_dffg                                                                     ; dffg            ; work         ;
;       |dffg:\regdata_dffgs:39:rd_dffg|           ; 0 (0)               ; 1 (1)                     ; 0           ; 0            ; 0       ; 0         ; 0    ; 0            ; |RISCV_Processor|MEMWB:MEMWB_i|dffg:\regdata_dffgs:39:rd_dffg                                                                     ; dffg            ; work         ;
;       |dffg:\regdata_dffgs:40:rd_dffg|           ; 0 (0)               ; 1 (1)                     ; 0           ; 0            ; 0       ; 0         ; 0    ; 0            ; |RISCV_Processor|MEMWB:MEMWB_i|dffg:\regdata_dffgs:40:rd_dffg                                                                     ; dffg            ; work         ;
;       |dffg:\regdata_dffgs:41:rd_dffg|           ; 0 (0)               ; 1 (1)                     ; 0           ; 0            ; 0       ; 0         ; 0    ; 0            ; |RISCV_Processor|MEMWB:MEMWB_i|dffg:\regdata_dffgs:41:rd_dffg                                                                     ; dffg            ; work         ;
;       |dffg:\regdata_dffgs:42:rd_dffg|           ; 0 (0)               ; 1 (1)                     ; 0           ; 0            ; 0       ; 0         ; 0    ; 0            ; |RISCV_Processor|MEMWB:MEMWB_i|dffg:\regdata_dffgs:42:rd_dffg                                                                     ; dffg            ; work         ;
;       |dffg:\regdata_dffgs:43:rd_dffg|           ; 0 (0)               ; 1 (1)                     ; 0           ; 0            ; 0       ; 0         ; 0    ; 0            ; |RISCV_Processor|MEMWB:MEMWB_i|dffg:\regdata_dffgs:43:rd_dffg                                                                     ; dffg            ; work         ;
;       |dffg:\regdata_dffgs:44:rd_dffg|           ; 0 (0)               ; 1 (1)                     ; 0           ; 0            ; 0       ; 0         ; 0    ; 0            ; |RISCV_Processor|MEMWB:MEMWB_i|dffg:\regdata_dffgs:44:rd_dffg                                                                     ; dffg            ; work         ;
;       |dffg:\regdata_dffgs:45:rd_dffg|           ; 0 (0)               ; 1 (1)                     ; 0           ; 0            ; 0       ; 0         ; 0    ; 0            ; |RISCV_Processor|MEMWB:MEMWB_i|dffg:\regdata_dffgs:45:rd_dffg                                                                     ; dffg            ; work         ;
;       |dffg:\regdata_dffgs:46:rd_dffg|           ; 0 (0)               ; 1 (1)                     ; 0           ; 0            ; 0       ; 0         ; 0    ; 0            ; |RISCV_Processor|MEMWB:MEMWB_i|dffg:\regdata_dffgs:46:rd_dffg                                                                     ; dffg            ; work         ;
;       |dffg:sign_dffg|                           ; 0 (0)               ; 1 (1)                     ; 0           ; 0            ; 0       ; 0         ; 0    ; 0            ; |RISCV_Processor|MEMWB:MEMWB_i|dffg:sign_dffg                                                                                     ; dffg            ; work         ;
;    |busmux2to1:busmux_ALUorLUI|                  ; 90 (90)             ; 0 (0)                     ; 0           ; 0            ; 0       ; 0         ; 0    ; 0            ; |RISCV_Processor|busmux2to1:busmux_ALUorLUI                                                                                       ; busmux2to1      ; work         ;
;    |busmux2to1:busmux_pcadd|                     ; 41 (41)             ; 0 (0)                     ; 0           ; 0            ; 0       ; 0         ; 0    ; 0            ; |RISCV_Processor|busmux2to1:busmux_pcadd                                                                                          ; busmux2to1      ; work         ;
;    |busmux2to1:busmux_regdata|                   ; 41 (41)             ; 0 (0)                     ; 0           ; 0            ; 0       ; 0         ; 0    ; 0            ; |RISCV_Processor|busmux2to1:busmux_regdata                                                                                        ; busmux2to1      ; work         ;
;    |busmux2to1:busmux_set|                       ; 12 (12)             ; 0 (0)                     ; 0           ; 0            ; 0       ; 0         ; 0    ; 0            ; |RISCV_Processor|busmux2to1:busmux_set                                                                                            ; busmux2to1      ; work         ;
;    |control:control_i|                           ; 18 (18)             ; 0 (0)                     ; 0           ; 0            ; 0       ; 0         ; 0    ; 0            ; |RISCV_Processor|control:control_i                                                                                                ; control         ; work         ;
;    |extender:extender_i|                         ; 1 (1)               ; 0 (0)                     ; 0           ; 0            ; 0       ; 0         ; 0    ; 0            ; |RISCV_Processor|extender:extender_i                                                                                              ; extender        ; work         ;
;    |fetch:fetch_i|                               ; 163 (0)             ; 32 (0)                    ; 0           ; 0            ; 0       ; 0         ; 0    ; 0            ; |RISCV_Processor|fetch:fetch_i                                                                                                    ; fetch           ; work         ;
;       |PCreg:PC|                                 ; 0 (0)               ; 32 (0)                    ; 0           ; 0            ; 0       ; 0         ; 0    ; 0            ; |RISCV_Processor|fetch:fetch_i|PCreg:PC                                                                                           ; PCreg           ; work         ;
;          |dffg:\g_dffgs2:23:i_dffg|              ; 0 (0)               ; 1 (1)                     ; 0           ; 0            ; 0       ; 0         ; 0    ; 0            ; |RISCV_Processor|fetch:fetch_i|PCreg:PC|dffg:\g_dffgs2:23:i_dffg                                                                  ; dffg            ; work         ;
;          |dffg:\g_dffgs2:24:i_dffg|              ; 0 (0)               ; 1 (1)                     ; 0           ; 0            ; 0       ; 0         ; 0    ; 0            ; |RISCV_Processor|fetch:fetch_i|PCreg:PC|dffg:\g_dffgs2:24:i_dffg                                                                  ; dffg            ; work         ;
;          |dffg:\g_dffgs2:25:i_dffg|              ; 0 (0)               ; 1 (1)                     ; 0           ; 0            ; 0       ; 0         ; 0    ; 0            ; |RISCV_Processor|fetch:fetch_i|PCreg:PC|dffg:\g_dffgs2:25:i_dffg                                                                  ; dffg            ; work         ;
;          |dffg:\g_dffgs2:26:i_dffg|              ; 0 (0)               ; 1 (1)                     ; 0           ; 0            ; 0       ; 0         ; 0    ; 0            ; |RISCV_Processor|fetch:fetch_i|PCreg:PC|dffg:\g_dffgs2:26:i_dffg                                                                  ; dffg            ; work         ;
;          |dffg:\g_dffgs2:27:i_dffg|              ; 0 (0)               ; 1 (1)                     ; 0           ; 0            ; 0       ; 0         ; 0    ; 0            ; |RISCV_Processor|fetch:fetch_i|PCreg:PC|dffg:\g_dffgs2:27:i_dffg                                                                  ; dffg            ; work         ;
;          |dffg:\g_dffgs2:28:i_dffg|              ; 0 (0)               ; 1 (1)                     ; 0           ; 0            ; 0       ; 0         ; 0    ; 0            ; |RISCV_Processor|fetch:fetch_i|PCreg:PC|dffg:\g_dffgs2:28:i_dffg                                                                  ; dffg            ; work         ;
;          |dffg:\g_dffgs2:29:i_dffg|              ; 0 (0)               ; 1 (1)                     ; 0           ; 0            ; 0       ; 0         ; 0    ; 0            ; |RISCV_Processor|fetch:fetch_i|PCreg:PC|dffg:\g_dffgs2:29:i_dffg                                                                  ; dffg            ; work         ;
;          |dffg:\g_dffgs2:30:i_dffg|              ; 0 (0)               ; 1 (1)                     ; 0           ; 0            ; 0       ; 0         ; 0    ; 0            ; |RISCV_Processor|fetch:fetch_i|PCreg:PC|dffg:\g_dffgs2:30:i_dffg                                                                  ; dffg            ; work         ;
;          |dffg:\g_dffgs2:31:i_dffg|              ; 0 (0)               ; 1 (1)                     ; 0           ; 0            ; 0       ; 0         ; 0    ; 0            ; |RISCV_Processor|fetch:fetch_i|PCreg:PC|dffg:\g_dffgs2:31:i_dffg                                                                  ; dffg            ; work         ;
;          |dffg:\g_dffgs:0:i_dffg|                ; 0 (0)               ; 1 (1)                     ; 0           ; 0            ; 0       ; 0         ; 0    ; 0            ; |RISCV_Processor|fetch:fetch_i|PCreg:PC|dffg:\g_dffgs:0:i_dffg                                                                    ; dffg            ; work         ;
;          |dffg:\g_dffgs:10:i_dffg|               ; 0 (0)               ; 1 (1)                     ; 0           ; 0            ; 0       ; 0         ; 0    ; 0            ; |RISCV_Processor|fetch:fetch_i|PCreg:PC|dffg:\g_dffgs:10:i_dffg                                                                   ; dffg            ; work         ;
;          |dffg:\g_dffgs:11:i_dffg|               ; 0 (0)               ; 1 (1)                     ; 0           ; 0            ; 0       ; 0         ; 0    ; 0            ; |RISCV_Processor|fetch:fetch_i|PCreg:PC|dffg:\g_dffgs:11:i_dffg                                                                   ; dffg            ; work         ;
;          |dffg:\g_dffgs:12:i_dffg|               ; 0 (0)               ; 1 (1)                     ; 0           ; 0            ; 0       ; 0         ; 0    ; 0            ; |RISCV_Processor|fetch:fetch_i|PCreg:PC|dffg:\g_dffgs:12:i_dffg                                                                   ; dffg            ; work         ;
;          |dffg:\g_dffgs:13:i_dffg|               ; 0 (0)               ; 1 (1)                     ; 0           ; 0            ; 0       ; 0         ; 0    ; 0            ; |RISCV_Processor|fetch:fetch_i|PCreg:PC|dffg:\g_dffgs:13:i_dffg                                                                   ; dffg            ; work         ;
;          |dffg:\g_dffgs:14:i_dffg|               ; 0 (0)               ; 1 (1)                     ; 0           ; 0            ; 0       ; 0         ; 0    ; 0            ; |RISCV_Processor|fetch:fetch_i|PCreg:PC|dffg:\g_dffgs:14:i_dffg                                                                   ; dffg            ; work         ;
;          |dffg:\g_dffgs:15:i_dffg|               ; 0 (0)               ; 1 (1)                     ; 0           ; 0            ; 0       ; 0         ; 0    ; 0            ; |RISCV_Processor|fetch:fetch_i|PCreg:PC|dffg:\g_dffgs:15:i_dffg                                                                   ; dffg            ; work         ;
;          |dffg:\g_dffgs:16:i_dffg|               ; 0 (0)               ; 1 (1)                     ; 0           ; 0            ; 0       ; 0         ; 0    ; 0            ; |RISCV_Processor|fetch:fetch_i|PCreg:PC|dffg:\g_dffgs:16:i_dffg                                                                   ; dffg            ; work         ;
;          |dffg:\g_dffgs:17:i_dffg|               ; 0 (0)               ; 1 (1)                     ; 0           ; 0            ; 0       ; 0         ; 0    ; 0            ; |RISCV_Processor|fetch:fetch_i|PCreg:PC|dffg:\g_dffgs:17:i_dffg                                                                   ; dffg            ; work         ;
;          |dffg:\g_dffgs:18:i_dffg|               ; 0 (0)               ; 1 (1)                     ; 0           ; 0            ; 0       ; 0         ; 0    ; 0            ; |RISCV_Processor|fetch:fetch_i|PCreg:PC|dffg:\g_dffgs:18:i_dffg                                                                   ; dffg            ; work         ;
;          |dffg:\g_dffgs:19:i_dffg|               ; 0 (0)               ; 1 (1)                     ; 0           ; 0            ; 0       ; 0         ; 0    ; 0            ; |RISCV_Processor|fetch:fetch_i|PCreg:PC|dffg:\g_dffgs:19:i_dffg                                                                   ; dffg            ; work         ;
;          |dffg:\g_dffgs:1:i_dffg|                ; 0 (0)               ; 1 (1)                     ; 0           ; 0            ; 0       ; 0         ; 0    ; 0            ; |RISCV_Processor|fetch:fetch_i|PCreg:PC|dffg:\g_dffgs:1:i_dffg                                                                    ; dffg            ; work         ;
;          |dffg:\g_dffgs:20:i_dffg|               ; 0 (0)               ; 1 (1)                     ; 0           ; 0            ; 0       ; 0         ; 0    ; 0            ; |RISCV_Processor|fetch:fetch_i|PCreg:PC|dffg:\g_dffgs:20:i_dffg                                                                   ; dffg            ; work         ;
;          |dffg:\g_dffgs:21:i_dffg|               ; 0 (0)               ; 1 (1)                     ; 0           ; 0            ; 0       ; 0         ; 0    ; 0            ; |RISCV_Processor|fetch:fetch_i|PCreg:PC|dffg:\g_dffgs:21:i_dffg                                                                   ; dffg            ; work         ;
;          |dffg:\g_dffgs:2:i_dffg|                ; 0 (0)               ; 1 (1)                     ; 0           ; 0            ; 0       ; 0         ; 0    ; 0            ; |RISCV_Processor|fetch:fetch_i|PCreg:PC|dffg:\g_dffgs:2:i_dffg                                                                    ; dffg            ; work         ;
;          |dffg:\g_dffgs:3:i_dffg|                ; 0 (0)               ; 1 (1)                     ; 0           ; 0            ; 0       ; 0         ; 0    ; 0            ; |RISCV_Processor|fetch:fetch_i|PCreg:PC|dffg:\g_dffgs:3:i_dffg                                                                    ; dffg            ; work         ;
;          |dffg:\g_dffgs:4:i_dffg|                ; 0 (0)               ; 1 (1)                     ; 0           ; 0            ; 0       ; 0         ; 0    ; 0            ; |RISCV_Processor|fetch:fetch_i|PCreg:PC|dffg:\g_dffgs:4:i_dffg                                                                    ; dffg            ; work         ;
;          |dffg:\g_dffgs:5:i_dffg|                ; 0 (0)               ; 1 (1)                     ; 0           ; 0            ; 0       ; 0         ; 0    ; 0            ; |RISCV_Processor|fetch:fetch_i|PCreg:PC|dffg:\g_dffgs:5:i_dffg                                                                    ; dffg            ; work         ;
;          |dffg:\g_dffgs:6:i_dffg|                ; 0 (0)               ; 1 (1)                     ; 0           ; 0            ; 0       ; 0         ; 0    ; 0            ; |RISCV_Processor|fetch:fetch_i|PCreg:PC|dffg:\g_dffgs:6:i_dffg                                                                    ; dffg            ; work         ;
;          |dffg:\g_dffgs:7:i_dffg|                ; 0 (0)               ; 1 (1)                     ; 0           ; 0            ; 0       ; 0         ; 0    ; 0            ; |RISCV_Processor|fetch:fetch_i|PCreg:PC|dffg:\g_dffgs:7:i_dffg                                                                    ; dffg            ; work         ;
;          |dffg:\g_dffgs:8:i_dffg|                ; 0 (0)               ; 1 (1)                     ; 0           ; 0            ; 0       ; 0         ; 0    ; 0            ; |RISCV_Processor|fetch:fetch_i|PCreg:PC|dffg:\g_dffgs:8:i_dffg                                                                    ; dffg            ; work         ;
;          |dffg:\g_dffgs:9:i_dffg|                ; 0 (0)               ; 1 (1)                     ; 0           ; 0            ; 0       ; 0         ; 0    ; 0            ; |RISCV_Processor|fetch:fetch_i|PCreg:PC|dffg:\g_dffgs:9:i_dffg                                                                    ; dffg            ; work         ;
;          |special_dffg:special_dffg_i|           ; 0 (0)               ; 1 (1)                     ; 0           ; 0            ; 0       ; 0         ; 0    ; 0            ; |RISCV_Processor|fetch:fetch_i|PCreg:PC|special_dffg:special_dffg_i                                                               ; special_dffg    ; work         ;
;       |busmux2to1:busmux_PCorReg|                ; 30 (30)             ; 0 (0)                     ; 0           ; 0            ; 0       ; 0         ; 0    ; 0            ; |RISCV_Processor|fetch:fetch_i|busmux2to1:busmux_PCorReg                                                                          ; busmux2to1      ; work         ;
;       |busmux2to1:busmux_inst|                   ; 32 (32)             ; 0 (0)                     ; 0           ; 0            ; 0       ; 0         ; 0    ; 0            ; |RISCV_Processor|fetch:fetch_i|busmux2to1:busmux_inst                                                                             ; busmux2to1      ; work         ;
;       |ripple_adder:add4|                        ; 38 (0)              ; 0 (0)                     ; 0           ; 0            ; 0       ; 0         ; 0    ; 0            ; |RISCV_Processor|fetch:fetch_i|ripple_adder:add4                                                                                  ; ripple_adder    ; work         ;
;          |full_adder:\adder_chain:10:FA|         ; 1 (0)               ; 0 (0)                     ; 0           ; 0            ; 0       ; 0         ; 0    ; 0            ; |RISCV_Processor|fetch:fetch_i|ripple_adder:add4|full_adder:\adder_chain:10:FA                                                    ; full_adder      ; work         ;
;             |xorg2:part2|                        ; 1 (1)               ; 0 (0)                     ; 0           ; 0            ; 0       ; 0         ; 0    ; 0            ; |RISCV_Processor|fetch:fetch_i|ripple_adder:add4|full_adder:\adder_chain:10:FA|xorg2:part2                                        ; xorg2           ; work         ;
;          |full_adder:\adder_chain:11:FA|         ; 2 (0)               ; 0 (0)                     ; 0           ; 0            ; 0       ; 0         ; 0    ; 0            ; |RISCV_Processor|fetch:fetch_i|ripple_adder:add4|full_adder:\adder_chain:11:FA                                                    ; full_adder      ; work         ;
;             |andg2:part4|                        ; 1 (1)               ; 0 (0)                     ; 0           ; 0            ; 0       ; 0         ; 0    ; 0            ; |RISCV_Processor|fetch:fetch_i|ripple_adder:add4|full_adder:\adder_chain:11:FA|andg2:part4                                        ; andg2           ; work         ;
;             |xorg2:part2|                        ; 1 (1)               ; 0 (0)                     ; 0           ; 0            ; 0       ; 0         ; 0    ; 0            ; |RISCV_Processor|fetch:fetch_i|ripple_adder:add4|full_adder:\adder_chain:11:FA|xorg2:part2                                        ; xorg2           ; work         ;
;          |full_adder:\adder_chain:12:FA|         ; 1 (0)               ; 0 (0)                     ; 0           ; 0            ; 0       ; 0         ; 0    ; 0            ; |RISCV_Processor|fetch:fetch_i|ripple_adder:add4|full_adder:\adder_chain:12:FA                                                    ; full_adder      ; work         ;
;             |xorg2:part2|                        ; 1 (1)               ; 0 (0)                     ; 0           ; 0            ; 0       ; 0         ; 0    ; 0            ; |RISCV_Processor|fetch:fetch_i|ripple_adder:add4|full_adder:\adder_chain:12:FA|xorg2:part2                                        ; xorg2           ; work         ;
;          |full_adder:\adder_chain:13:FA|         ; 1 (0)               ; 0 (0)                     ; 0           ; 0            ; 0       ; 0         ; 0    ; 0            ; |RISCV_Processor|fetch:fetch_i|ripple_adder:add4|full_adder:\adder_chain:13:FA                                                    ; full_adder      ; work         ;
;             |xorg2:part2|                        ; 1 (1)               ; 0 (0)                     ; 0           ; 0            ; 0       ; 0         ; 0    ; 0            ; |RISCV_Processor|fetch:fetch_i|ripple_adder:add4|full_adder:\adder_chain:13:FA|xorg2:part2                                        ; xorg2           ; work         ;
;          |full_adder:\adder_chain:14:FA|         ; 2 (0)               ; 0 (0)                     ; 0           ; 0            ; 0       ; 0         ; 0    ; 0            ; |RISCV_Processor|fetch:fetch_i|ripple_adder:add4|full_adder:\adder_chain:14:FA                                                    ; full_adder      ; work         ;
;             |andg2:part4|                        ; 1 (1)               ; 0 (0)                     ; 0           ; 0            ; 0       ; 0         ; 0    ; 0            ; |RISCV_Processor|fetch:fetch_i|ripple_adder:add4|full_adder:\adder_chain:14:FA|andg2:part4                                        ; andg2           ; work         ;
;             |xorg2:part2|                        ; 1 (1)               ; 0 (0)                     ; 0           ; 0            ; 0       ; 0         ; 0    ; 0            ; |RISCV_Processor|fetch:fetch_i|ripple_adder:add4|full_adder:\adder_chain:14:FA|xorg2:part2                                        ; xorg2           ; work         ;
;          |full_adder:\adder_chain:15:FA|         ; 1 (0)               ; 0 (0)                     ; 0           ; 0            ; 0       ; 0         ; 0    ; 0            ; |RISCV_Processor|fetch:fetch_i|ripple_adder:add4|full_adder:\adder_chain:15:FA                                                    ; full_adder      ; work         ;
;             |xorg2:part2|                        ; 1 (1)               ; 0 (0)                     ; 0           ; 0            ; 0       ; 0         ; 0    ; 0            ; |RISCV_Processor|fetch:fetch_i|ripple_adder:add4|full_adder:\adder_chain:15:FA|xorg2:part2                                        ; xorg2           ; work         ;
;          |full_adder:\adder_chain:16:FA|         ; 1 (0)               ; 0 (0)                     ; 0           ; 0            ; 0       ; 0         ; 0    ; 0            ; |RISCV_Processor|fetch:fetch_i|ripple_adder:add4|full_adder:\adder_chain:16:FA                                                    ; full_adder      ; work         ;
;             |xorg2:part2|                        ; 1 (1)               ; 0 (0)                     ; 0           ; 0            ; 0       ; 0         ; 0    ; 0            ; |RISCV_Processor|fetch:fetch_i|ripple_adder:add4|full_adder:\adder_chain:16:FA|xorg2:part2                                        ; xorg2           ; work         ;
;          |full_adder:\adder_chain:17:FA|         ; 2 (0)               ; 0 (0)                     ; 0           ; 0            ; 0       ; 0         ; 0    ; 0            ; |RISCV_Processor|fetch:fetch_i|ripple_adder:add4|full_adder:\adder_chain:17:FA                                                    ; full_adder      ; work         ;
;             |andg2:part4|                        ; 1 (1)               ; 0 (0)                     ; 0           ; 0            ; 0       ; 0         ; 0    ; 0            ; |RISCV_Processor|fetch:fetch_i|ripple_adder:add4|full_adder:\adder_chain:17:FA|andg2:part4                                        ; andg2           ; work         ;
;             |xorg2:part2|                        ; 1 (1)               ; 0 (0)                     ; 0           ; 0            ; 0       ; 0         ; 0    ; 0            ; |RISCV_Processor|fetch:fetch_i|ripple_adder:add4|full_adder:\adder_chain:17:FA|xorg2:part2                                        ; xorg2           ; work         ;
;          |full_adder:\adder_chain:18:FA|         ; 1 (0)               ; 0 (0)                     ; 0           ; 0            ; 0       ; 0         ; 0    ; 0            ; |RISCV_Processor|fetch:fetch_i|ripple_adder:add4|full_adder:\adder_chain:18:FA                                                    ; full_adder      ; work         ;
;             |xorg2:part2|                        ; 1 (1)               ; 0 (0)                     ; 0           ; 0            ; 0       ; 0         ; 0    ; 0            ; |RISCV_Processor|fetch:fetch_i|ripple_adder:add4|full_adder:\adder_chain:18:FA|xorg2:part2                                        ; xorg2           ; work         ;
;          |full_adder:\adder_chain:19:FA|         ; 1 (0)               ; 0 (0)                     ; 0           ; 0            ; 0       ; 0         ; 0    ; 0            ; |RISCV_Processor|fetch:fetch_i|ripple_adder:add4|full_adder:\adder_chain:19:FA                                                    ; full_adder      ; work         ;
;             |xorg2:part2|                        ; 1 (1)               ; 0 (0)                     ; 0           ; 0            ; 0       ; 0         ; 0    ; 0            ; |RISCV_Processor|fetch:fetch_i|ripple_adder:add4|full_adder:\adder_chain:19:FA|xorg2:part2                                        ; xorg2           ; work         ;
;          |full_adder:\adder_chain:20:FA|         ; 2 (0)               ; 0 (0)                     ; 0           ; 0            ; 0       ; 0         ; 0    ; 0            ; |RISCV_Processor|fetch:fetch_i|ripple_adder:add4|full_adder:\adder_chain:20:FA                                                    ; full_adder      ; work         ;
;             |andg2:part4|                        ; 1 (1)               ; 0 (0)                     ; 0           ; 0            ; 0       ; 0         ; 0    ; 0            ; |RISCV_Processor|fetch:fetch_i|ripple_adder:add4|full_adder:\adder_chain:20:FA|andg2:part4                                        ; andg2           ; work         ;
;             |xorg2:part2|                        ; 1 (1)               ; 0 (0)                     ; 0           ; 0            ; 0       ; 0         ; 0    ; 0            ; |RISCV_Processor|fetch:fetch_i|ripple_adder:add4|full_adder:\adder_chain:20:FA|xorg2:part2                                        ; xorg2           ; work         ;
;          |full_adder:\adder_chain:21:FA|         ; 1 (0)               ; 0 (0)                     ; 0           ; 0            ; 0       ; 0         ; 0    ; 0            ; |RISCV_Processor|fetch:fetch_i|ripple_adder:add4|full_adder:\adder_chain:21:FA                                                    ; full_adder      ; work         ;
;             |xorg2:part2|                        ; 1 (1)               ; 0 (0)                     ; 0           ; 0            ; 0       ; 0         ; 0    ; 0            ; |RISCV_Processor|fetch:fetch_i|ripple_adder:add4|full_adder:\adder_chain:21:FA|xorg2:part2                                        ; xorg2           ; work         ;
;          |full_adder:\adder_chain:22:FA|         ; 1 (0)               ; 0 (0)                     ; 0           ; 0            ; 0       ; 0         ; 0    ; 0            ; |RISCV_Processor|fetch:fetch_i|ripple_adder:add4|full_adder:\adder_chain:22:FA                                                    ; full_adder      ; work         ;
;             |xorg2:part2|                        ; 1 (1)               ; 0 (0)                     ; 0           ; 0            ; 0       ; 0         ; 0    ; 0            ; |RISCV_Processor|fetch:fetch_i|ripple_adder:add4|full_adder:\adder_chain:22:FA|xorg2:part2                                        ; xorg2           ; work         ;
;          |full_adder:\adder_chain:23:FA|         ; 2 (0)               ; 0 (0)                     ; 0           ; 0            ; 0       ; 0         ; 0    ; 0            ; |RISCV_Processor|fetch:fetch_i|ripple_adder:add4|full_adder:\adder_chain:23:FA                                                    ; full_adder      ; work         ;
;             |andg2:part4|                        ; 1 (1)               ; 0 (0)                     ; 0           ; 0            ; 0       ; 0         ; 0    ; 0            ; |RISCV_Processor|fetch:fetch_i|ripple_adder:add4|full_adder:\adder_chain:23:FA|andg2:part4                                        ; andg2           ; work         ;
;             |xorg2:part2|                        ; 1 (1)               ; 0 (0)                     ; 0           ; 0            ; 0       ; 0         ; 0    ; 0            ; |RISCV_Processor|fetch:fetch_i|ripple_adder:add4|full_adder:\adder_chain:23:FA|xorg2:part2                                        ; xorg2           ; work         ;
;          |full_adder:\adder_chain:24:FA|         ; 1 (0)               ; 0 (0)                     ; 0           ; 0            ; 0       ; 0         ; 0    ; 0            ; |RISCV_Processor|fetch:fetch_i|ripple_adder:add4|full_adder:\adder_chain:24:FA                                                    ; full_adder      ; work         ;
;             |xorg2:part2|                        ; 1 (1)               ; 0 (0)                     ; 0           ; 0            ; 0       ; 0         ; 0    ; 0            ; |RISCV_Processor|fetch:fetch_i|ripple_adder:add4|full_adder:\adder_chain:24:FA|xorg2:part2                                        ; xorg2           ; work         ;
;          |full_adder:\adder_chain:25:FA|         ; 1 (0)               ; 0 (0)                     ; 0           ; 0            ; 0       ; 0         ; 0    ; 0            ; |RISCV_Processor|fetch:fetch_i|ripple_adder:add4|full_adder:\adder_chain:25:FA                                                    ; full_adder      ; work         ;
;             |xorg2:part2|                        ; 1 (1)               ; 0 (0)                     ; 0           ; 0            ; 0       ; 0         ; 0    ; 0            ; |RISCV_Processor|fetch:fetch_i|ripple_adder:add4|full_adder:\adder_chain:25:FA|xorg2:part2                                        ; xorg2           ; work         ;
;          |full_adder:\adder_chain:26:FA|         ; 2 (0)               ; 0 (0)                     ; 0           ; 0            ; 0       ; 0         ; 0    ; 0            ; |RISCV_Processor|fetch:fetch_i|ripple_adder:add4|full_adder:\adder_chain:26:FA                                                    ; full_adder      ; work         ;
;             |andg2:part4|                        ; 1 (1)               ; 0 (0)                     ; 0           ; 0            ; 0       ; 0         ; 0    ; 0            ; |RISCV_Processor|fetch:fetch_i|ripple_adder:add4|full_adder:\adder_chain:26:FA|andg2:part4                                        ; andg2           ; work         ;
;             |xorg2:part2|                        ; 1 (1)               ; 0 (0)                     ; 0           ; 0            ; 0       ; 0         ; 0    ; 0            ; |RISCV_Processor|fetch:fetch_i|ripple_adder:add4|full_adder:\adder_chain:26:FA|xorg2:part2                                        ; xorg2           ; work         ;
;          |full_adder:\adder_chain:27:FA|         ; 1 (0)               ; 0 (0)                     ; 0           ; 0            ; 0       ; 0         ; 0    ; 0            ; |RISCV_Processor|fetch:fetch_i|ripple_adder:add4|full_adder:\adder_chain:27:FA                                                    ; full_adder      ; work         ;
;             |xorg2:part2|                        ; 1 (1)               ; 0 (0)                     ; 0           ; 0            ; 0       ; 0         ; 0    ; 0            ; |RISCV_Processor|fetch:fetch_i|ripple_adder:add4|full_adder:\adder_chain:27:FA|xorg2:part2                                        ; xorg2           ; work         ;
;          |full_adder:\adder_chain:28:FA|         ; 1 (0)               ; 0 (0)                     ; 0           ; 0            ; 0       ; 0         ; 0    ; 0            ; |RISCV_Processor|fetch:fetch_i|ripple_adder:add4|full_adder:\adder_chain:28:FA                                                    ; full_adder      ; work         ;
;             |xorg2:part2|                        ; 1 (1)               ; 0 (0)                     ; 0           ; 0            ; 0       ; 0         ; 0    ; 0            ; |RISCV_Processor|fetch:fetch_i|ripple_adder:add4|full_adder:\adder_chain:28:FA|xorg2:part2                                        ; xorg2           ; work         ;
;          |full_adder:\adder_chain:29:FA|         ; 2 (0)               ; 0 (0)                     ; 0           ; 0            ; 0       ; 0         ; 0    ; 0            ; |RISCV_Processor|fetch:fetch_i|ripple_adder:add4|full_adder:\adder_chain:29:FA                                                    ; full_adder      ; work         ;
;             |andg2:part4|                        ; 1 (1)               ; 0 (0)                     ; 0           ; 0            ; 0       ; 0         ; 0    ; 0            ; |RISCV_Processor|fetch:fetch_i|ripple_adder:add4|full_adder:\adder_chain:29:FA|andg2:part4                                        ; andg2           ; work         ;
;             |xorg2:part2|                        ; 1 (1)               ; 0 (0)                     ; 0           ; 0            ; 0       ; 0         ; 0    ; 0            ; |RISCV_Processor|fetch:fetch_i|ripple_adder:add4|full_adder:\adder_chain:29:FA|xorg2:part2                                        ; xorg2           ; work         ;
;          |full_adder:\adder_chain:30:FA|         ; 1 (0)               ; 0 (0)                     ; 0           ; 0            ; 0       ; 0         ; 0    ; 0            ; |RISCV_Processor|fetch:fetch_i|ripple_adder:add4|full_adder:\adder_chain:30:FA                                                    ; full_adder      ; work         ;
;             |xorg2:part2|                        ; 1 (1)               ; 0 (0)                     ; 0           ; 0            ; 0       ; 0         ; 0    ; 0            ; |RISCV_Processor|fetch:fetch_i|ripple_adder:add4|full_adder:\adder_chain:30:FA|xorg2:part2                                        ; xorg2           ; work         ;
;          |full_adder:\adder_chain:31:FA|         ; 1 (0)               ; 0 (0)                     ; 0           ; 0            ; 0       ; 0         ; 0    ; 0            ; |RISCV_Processor|fetch:fetch_i|ripple_adder:add4|full_adder:\adder_chain:31:FA                                                    ; full_adder      ; work         ;
;             |xorg2:part2|                        ; 1 (1)               ; 0 (0)                     ; 0           ; 0            ; 0       ; 0         ; 0    ; 0            ; |RISCV_Processor|fetch:fetch_i|ripple_adder:add4|full_adder:\adder_chain:31:FA|xorg2:part2                                        ; xorg2           ; work         ;
;          |full_adder:\adder_chain:3:FA|          ; 1 (0)               ; 0 (0)                     ; 0           ; 0            ; 0       ; 0         ; 0    ; 0            ; |RISCV_Processor|fetch:fetch_i|ripple_adder:add4|full_adder:\adder_chain:3:FA                                                     ; full_adder      ; work         ;
;             |xorg2:part2|                        ; 1 (1)               ; 0 (0)                     ; 0           ; 0            ; 0       ; 0         ; 0    ; 0            ; |RISCV_Processor|fetch:fetch_i|ripple_adder:add4|full_adder:\adder_chain:3:FA|xorg2:part2                                         ; xorg2           ; work         ;
;          |full_adder:\adder_chain:4:FA|          ; 1 (0)               ; 0 (0)                     ; 0           ; 0            ; 0       ; 0         ; 0    ; 0            ; |RISCV_Processor|fetch:fetch_i|ripple_adder:add4|full_adder:\adder_chain:4:FA                                                     ; full_adder      ; work         ;
;             |xorg2:part2|                        ; 1 (1)               ; 0 (0)                     ; 0           ; 0            ; 0       ; 0         ; 0    ; 0            ; |RISCV_Processor|fetch:fetch_i|ripple_adder:add4|full_adder:\adder_chain:4:FA|xorg2:part2                                         ; xorg2           ; work         ;
;          |full_adder:\adder_chain:5:FA|          ; 2 (0)               ; 0 (0)                     ; 0           ; 0            ; 0       ; 0         ; 0    ; 0            ; |RISCV_Processor|fetch:fetch_i|ripple_adder:add4|full_adder:\adder_chain:5:FA                                                     ; full_adder      ; work         ;
;             |andg2:part4|                        ; 1 (1)               ; 0 (0)                     ; 0           ; 0            ; 0       ; 0         ; 0    ; 0            ; |RISCV_Processor|fetch:fetch_i|ripple_adder:add4|full_adder:\adder_chain:5:FA|andg2:part4                                         ; andg2           ; work         ;
;             |xorg2:part2|                        ; 1 (1)               ; 0 (0)                     ; 0           ; 0            ; 0       ; 0         ; 0    ; 0            ; |RISCV_Processor|fetch:fetch_i|ripple_adder:add4|full_adder:\adder_chain:5:FA|xorg2:part2                                         ; xorg2           ; work         ;
;          |full_adder:\adder_chain:6:FA|          ; 1 (0)               ; 0 (0)                     ; 0           ; 0            ; 0       ; 0         ; 0    ; 0            ; |RISCV_Processor|fetch:fetch_i|ripple_adder:add4|full_adder:\adder_chain:6:FA                                                     ; full_adder      ; work         ;
;             |xorg2:part2|                        ; 1 (1)               ; 0 (0)                     ; 0           ; 0            ; 0       ; 0         ; 0    ; 0            ; |RISCV_Processor|fetch:fetch_i|ripple_adder:add4|full_adder:\adder_chain:6:FA|xorg2:part2                                         ; xorg2           ; work         ;
;          |full_adder:\adder_chain:7:FA|          ; 1 (0)               ; 0 (0)                     ; 0           ; 0            ; 0       ; 0         ; 0    ; 0            ; |RISCV_Processor|fetch:fetch_i|ripple_adder:add4|full_adder:\adder_chain:7:FA                                                     ; full_adder      ; work         ;
;             |xorg2:part2|                        ; 1 (1)               ; 0 (0)                     ; 0           ; 0            ; 0       ; 0         ; 0    ; 0            ; |RISCV_Processor|fetch:fetch_i|ripple_adder:add4|full_adder:\adder_chain:7:FA|xorg2:part2                                         ; xorg2           ; work         ;
;          |full_adder:\adder_chain:8:FA|          ; 2 (0)               ; 0 (0)                     ; 0           ; 0            ; 0       ; 0         ; 0    ; 0            ; |RISCV_Processor|fetch:fetch_i|ripple_adder:add4|full_adder:\adder_chain:8:FA                                                     ; full_adder      ; work         ;
;             |andg2:part4|                        ; 1 (1)               ; 0 (0)                     ; 0           ; 0            ; 0       ; 0         ; 0    ; 0            ; |RISCV_Processor|fetch:fetch_i|ripple_adder:add4|full_adder:\adder_chain:8:FA|andg2:part4                                         ; andg2           ; work         ;
;             |xorg2:part2|                        ; 1 (1)               ; 0 (0)                     ; 0           ; 0            ; 0       ; 0         ; 0    ; 0            ; |RISCV_Processor|fetch:fetch_i|ripple_adder:add4|full_adder:\adder_chain:8:FA|xorg2:part2                                         ; xorg2           ; work         ;
;          |full_adder:\adder_chain:9:FA|          ; 1 (0)               ; 0 (0)                     ; 0           ; 0            ; 0       ; 0         ; 0    ; 0            ; |RISCV_Processor|fetch:fetch_i|ripple_adder:add4|full_adder:\adder_chain:9:FA                                                     ; full_adder      ; work         ;
;             |xorg2:part2|                        ; 1 (1)               ; 0 (0)                     ; 0           ; 0            ; 0       ; 0         ; 0    ; 0            ; |RISCV_Processor|fetch:fetch_i|ripple_adder:add4|full_adder:\adder_chain:9:FA|xorg2:part2                                         ; xorg2           ; work         ;
;       |ripple_adder:addimm|                      ; 63 (0)              ; 0 (0)                     ; 0           ; 0            ; 0       ; 0         ; 0    ; 0            ; |RISCV_Processor|fetch:fetch_i|ripple_adder:addimm                                                                                ; ripple_adder    ; work         ;
;          |full_adder:\adder_chain:0:FA|          ; 1 (0)               ; 0 (0)                     ; 0           ; 0            ; 0       ; 0         ; 0    ; 0            ; |RISCV_Processor|fetch:fetch_i|ripple_adder:addimm|full_adder:\adder_chain:0:FA                                                   ; full_adder      ; work         ;
;             |xorg2:part1|                        ; 1 (1)               ; 0 (0)                     ; 0           ; 0            ; 0       ; 0         ; 0    ; 0            ; |RISCV_Processor|fetch:fetch_i|ripple_adder:addimm|full_adder:\adder_chain:0:FA|xorg2:part1                                       ; xorg2           ; work         ;
;          |full_adder:\adder_chain:10:FA|         ; 2 (0)               ; 0 (0)                     ; 0           ; 0            ; 0       ; 0         ; 0    ; 0            ; |RISCV_Processor|fetch:fetch_i|ripple_adder:addimm|full_adder:\adder_chain:10:FA                                                  ; full_adder      ; work         ;
;             |org2:part5|                         ; 1 (1)               ; 0 (0)                     ; 0           ; 0            ; 0       ; 0         ; 0    ; 0            ; |RISCV_Processor|fetch:fetch_i|ripple_adder:addimm|full_adder:\adder_chain:10:FA|org2:part5                                       ; org2            ; work         ;
;             |xorg2:part2|                        ; 1 (1)               ; 0 (0)                     ; 0           ; 0            ; 0       ; 0         ; 0    ; 0            ; |RISCV_Processor|fetch:fetch_i|ripple_adder:addimm|full_adder:\adder_chain:10:FA|xorg2:part2                                      ; xorg2           ; work         ;
;          |full_adder:\adder_chain:11:FA|         ; 2 (0)               ; 0 (0)                     ; 0           ; 0            ; 0       ; 0         ; 0    ; 0            ; |RISCV_Processor|fetch:fetch_i|ripple_adder:addimm|full_adder:\adder_chain:11:FA                                                  ; full_adder      ; work         ;
;             |org2:part5|                         ; 1 (1)               ; 0 (0)                     ; 0           ; 0            ; 0       ; 0         ; 0    ; 0            ; |RISCV_Processor|fetch:fetch_i|ripple_adder:addimm|full_adder:\adder_chain:11:FA|org2:part5                                       ; org2            ; work         ;
;             |xorg2:part2|                        ; 1 (1)               ; 0 (0)                     ; 0           ; 0            ; 0       ; 0         ; 0    ; 0            ; |RISCV_Processor|fetch:fetch_i|ripple_adder:addimm|full_adder:\adder_chain:11:FA|xorg2:part2                                      ; xorg2           ; work         ;
;          |full_adder:\adder_chain:12:FA|         ; 2 (0)               ; 0 (0)                     ; 0           ; 0            ; 0       ; 0         ; 0    ; 0            ; |RISCV_Processor|fetch:fetch_i|ripple_adder:addimm|full_adder:\adder_chain:12:FA                                                  ; full_adder      ; work         ;
;             |org2:part5|                         ; 1 (1)               ; 0 (0)                     ; 0           ; 0            ; 0       ; 0         ; 0    ; 0            ; |RISCV_Processor|fetch:fetch_i|ripple_adder:addimm|full_adder:\adder_chain:12:FA|org2:part5                                       ; org2            ; work         ;
;             |xorg2:part2|                        ; 1 (1)               ; 0 (0)                     ; 0           ; 0            ; 0       ; 0         ; 0    ; 0            ; |RISCV_Processor|fetch:fetch_i|ripple_adder:addimm|full_adder:\adder_chain:12:FA|xorg2:part2                                      ; xorg2           ; work         ;
;          |full_adder:\adder_chain:13:FA|         ; 2 (0)               ; 0 (0)                     ; 0           ; 0            ; 0       ; 0         ; 0    ; 0            ; |RISCV_Processor|fetch:fetch_i|ripple_adder:addimm|full_adder:\adder_chain:13:FA                                                  ; full_adder      ; work         ;
;             |org2:part5|                         ; 1 (1)               ; 0 (0)                     ; 0           ; 0            ; 0       ; 0         ; 0    ; 0            ; |RISCV_Processor|fetch:fetch_i|ripple_adder:addimm|full_adder:\adder_chain:13:FA|org2:part5                                       ; org2            ; work         ;
;             |xorg2:part2|                        ; 1 (1)               ; 0 (0)                     ; 0           ; 0            ; 0       ; 0         ; 0    ; 0            ; |RISCV_Processor|fetch:fetch_i|ripple_adder:addimm|full_adder:\adder_chain:13:FA|xorg2:part2                                      ; xorg2           ; work         ;
;          |full_adder:\adder_chain:14:FA|         ; 2 (0)               ; 0 (0)                     ; 0           ; 0            ; 0       ; 0         ; 0    ; 0            ; |RISCV_Processor|fetch:fetch_i|ripple_adder:addimm|full_adder:\adder_chain:14:FA                                                  ; full_adder      ; work         ;
;             |org2:part5|                         ; 1 (1)               ; 0 (0)                     ; 0           ; 0            ; 0       ; 0         ; 0    ; 0            ; |RISCV_Processor|fetch:fetch_i|ripple_adder:addimm|full_adder:\adder_chain:14:FA|org2:part5                                       ; org2            ; work         ;
;             |xorg2:part2|                        ; 1 (1)               ; 0 (0)                     ; 0           ; 0            ; 0       ; 0         ; 0    ; 0            ; |RISCV_Processor|fetch:fetch_i|ripple_adder:addimm|full_adder:\adder_chain:14:FA|xorg2:part2                                      ; xorg2           ; work         ;
;          |full_adder:\adder_chain:15:FA|         ; 2 (0)               ; 0 (0)                     ; 0           ; 0            ; 0       ; 0         ; 0    ; 0            ; |RISCV_Processor|fetch:fetch_i|ripple_adder:addimm|full_adder:\adder_chain:15:FA                                                  ; full_adder      ; work         ;
;             |org2:part5|                         ; 1 (1)               ; 0 (0)                     ; 0           ; 0            ; 0       ; 0         ; 0    ; 0            ; |RISCV_Processor|fetch:fetch_i|ripple_adder:addimm|full_adder:\adder_chain:15:FA|org2:part5                                       ; org2            ; work         ;
;             |xorg2:part2|                        ; 1 (1)               ; 0 (0)                     ; 0           ; 0            ; 0       ; 0         ; 0    ; 0            ; |RISCV_Processor|fetch:fetch_i|ripple_adder:addimm|full_adder:\adder_chain:15:FA|xorg2:part2                                      ; xorg2           ; work         ;
;          |full_adder:\adder_chain:16:FA|         ; 2 (0)               ; 0 (0)                     ; 0           ; 0            ; 0       ; 0         ; 0    ; 0            ; |RISCV_Processor|fetch:fetch_i|ripple_adder:addimm|full_adder:\adder_chain:16:FA                                                  ; full_adder      ; work         ;
;             |org2:part5|                         ; 1 (1)               ; 0 (0)                     ; 0           ; 0            ; 0       ; 0         ; 0    ; 0            ; |RISCV_Processor|fetch:fetch_i|ripple_adder:addimm|full_adder:\adder_chain:16:FA|org2:part5                                       ; org2            ; work         ;
;             |xorg2:part2|                        ; 1 (1)               ; 0 (0)                     ; 0           ; 0            ; 0       ; 0         ; 0    ; 0            ; |RISCV_Processor|fetch:fetch_i|ripple_adder:addimm|full_adder:\adder_chain:16:FA|xorg2:part2                                      ; xorg2           ; work         ;
;          |full_adder:\adder_chain:17:FA|         ; 2 (0)               ; 0 (0)                     ; 0           ; 0            ; 0       ; 0         ; 0    ; 0            ; |RISCV_Processor|fetch:fetch_i|ripple_adder:addimm|full_adder:\adder_chain:17:FA                                                  ; full_adder      ; work         ;
;             |org2:part5|                         ; 1 (1)               ; 0 (0)                     ; 0           ; 0            ; 0       ; 0         ; 0    ; 0            ; |RISCV_Processor|fetch:fetch_i|ripple_adder:addimm|full_adder:\adder_chain:17:FA|org2:part5                                       ; org2            ; work         ;
;             |xorg2:part2|                        ; 1 (1)               ; 0 (0)                     ; 0           ; 0            ; 0       ; 0         ; 0    ; 0            ; |RISCV_Processor|fetch:fetch_i|ripple_adder:addimm|full_adder:\adder_chain:17:FA|xorg2:part2                                      ; xorg2           ; work         ;
;          |full_adder:\adder_chain:18:FA|         ; 2 (0)               ; 0 (0)                     ; 0           ; 0            ; 0       ; 0         ; 0    ; 0            ; |RISCV_Processor|fetch:fetch_i|ripple_adder:addimm|full_adder:\adder_chain:18:FA                                                  ; full_adder      ; work         ;
;             |org2:part5|                         ; 1 (1)               ; 0 (0)                     ; 0           ; 0            ; 0       ; 0         ; 0    ; 0            ; |RISCV_Processor|fetch:fetch_i|ripple_adder:addimm|full_adder:\adder_chain:18:FA|org2:part5                                       ; org2            ; work         ;
;             |xorg2:part2|                        ; 1 (1)               ; 0 (0)                     ; 0           ; 0            ; 0       ; 0         ; 0    ; 0            ; |RISCV_Processor|fetch:fetch_i|ripple_adder:addimm|full_adder:\adder_chain:18:FA|xorg2:part2                                      ; xorg2           ; work         ;
;          |full_adder:\adder_chain:19:FA|         ; 2 (0)               ; 0 (0)                     ; 0           ; 0            ; 0       ; 0         ; 0    ; 0            ; |RISCV_Processor|fetch:fetch_i|ripple_adder:addimm|full_adder:\adder_chain:19:FA                                                  ; full_adder      ; work         ;
;             |org2:part5|                         ; 1 (1)               ; 0 (0)                     ; 0           ; 0            ; 0       ; 0         ; 0    ; 0            ; |RISCV_Processor|fetch:fetch_i|ripple_adder:addimm|full_adder:\adder_chain:19:FA|org2:part5                                       ; org2            ; work         ;
;             |xorg2:part2|                        ; 1 (1)               ; 0 (0)                     ; 0           ; 0            ; 0       ; 0         ; 0    ; 0            ; |RISCV_Processor|fetch:fetch_i|ripple_adder:addimm|full_adder:\adder_chain:19:FA|xorg2:part2                                      ; xorg2           ; work         ;
;          |full_adder:\adder_chain:1:FA|          ; 2 (0)               ; 0 (0)                     ; 0           ; 0            ; 0       ; 0         ; 0    ; 0            ; |RISCV_Processor|fetch:fetch_i|ripple_adder:addimm|full_adder:\adder_chain:1:FA                                                   ; full_adder      ; work         ;
;             |org2:part5|                         ; 1 (1)               ; 0 (0)                     ; 0           ; 0            ; 0       ; 0         ; 0    ; 0            ; |RISCV_Processor|fetch:fetch_i|ripple_adder:addimm|full_adder:\adder_chain:1:FA|org2:part5                                        ; org2            ; work         ;
;             |xorg2:part2|                        ; 1 (1)               ; 0 (0)                     ; 0           ; 0            ; 0       ; 0         ; 0    ; 0            ; |RISCV_Processor|fetch:fetch_i|ripple_adder:addimm|full_adder:\adder_chain:1:FA|xorg2:part2                                       ; xorg2           ; work         ;
;          |full_adder:\adder_chain:20:FA|         ; 2 (0)               ; 0 (0)                     ; 0           ; 0            ; 0       ; 0         ; 0    ; 0            ; |RISCV_Processor|fetch:fetch_i|ripple_adder:addimm|full_adder:\adder_chain:20:FA                                                  ; full_adder      ; work         ;
;             |org2:part5|                         ; 1 (1)               ; 0 (0)                     ; 0           ; 0            ; 0       ; 0         ; 0    ; 0            ; |RISCV_Processor|fetch:fetch_i|ripple_adder:addimm|full_adder:\adder_chain:20:FA|org2:part5                                       ; org2            ; work         ;
;             |xorg2:part2|                        ; 1 (1)               ; 0 (0)                     ; 0           ; 0            ; 0       ; 0         ; 0    ; 0            ; |RISCV_Processor|fetch:fetch_i|ripple_adder:addimm|full_adder:\adder_chain:20:FA|xorg2:part2                                      ; xorg2           ; work         ;
;          |full_adder:\adder_chain:21:FA|         ; 2 (0)               ; 0 (0)                     ; 0           ; 0            ; 0       ; 0         ; 0    ; 0            ; |RISCV_Processor|fetch:fetch_i|ripple_adder:addimm|full_adder:\adder_chain:21:FA                                                  ; full_adder      ; work         ;
;             |org2:part5|                         ; 1 (1)               ; 0 (0)                     ; 0           ; 0            ; 0       ; 0         ; 0    ; 0            ; |RISCV_Processor|fetch:fetch_i|ripple_adder:addimm|full_adder:\adder_chain:21:FA|org2:part5                                       ; org2            ; work         ;
;             |xorg2:part2|                        ; 1 (1)               ; 0 (0)                     ; 0           ; 0            ; 0       ; 0         ; 0    ; 0            ; |RISCV_Processor|fetch:fetch_i|ripple_adder:addimm|full_adder:\adder_chain:21:FA|xorg2:part2                                      ; xorg2           ; work         ;
;          |full_adder:\adder_chain:22:FA|         ; 2 (0)               ; 0 (0)                     ; 0           ; 0            ; 0       ; 0         ; 0    ; 0            ; |RISCV_Processor|fetch:fetch_i|ripple_adder:addimm|full_adder:\adder_chain:22:FA                                                  ; full_adder      ; work         ;
;             |org2:part5|                         ; 1 (1)               ; 0 (0)                     ; 0           ; 0            ; 0       ; 0         ; 0    ; 0            ; |RISCV_Processor|fetch:fetch_i|ripple_adder:addimm|full_adder:\adder_chain:22:FA|org2:part5                                       ; org2            ; work         ;
;             |xorg2:part2|                        ; 1 (1)               ; 0 (0)                     ; 0           ; 0            ; 0       ; 0         ; 0    ; 0            ; |RISCV_Processor|fetch:fetch_i|ripple_adder:addimm|full_adder:\adder_chain:22:FA|xorg2:part2                                      ; xorg2           ; work         ;
;          |full_adder:\adder_chain:23:FA|         ; 2 (0)               ; 0 (0)                     ; 0           ; 0            ; 0       ; 0         ; 0    ; 0            ; |RISCV_Processor|fetch:fetch_i|ripple_adder:addimm|full_adder:\adder_chain:23:FA                                                  ; full_adder      ; work         ;
;             |org2:part5|                         ; 1 (1)               ; 0 (0)                     ; 0           ; 0            ; 0       ; 0         ; 0    ; 0            ; |RISCV_Processor|fetch:fetch_i|ripple_adder:addimm|full_adder:\adder_chain:23:FA|org2:part5                                       ; org2            ; work         ;
;             |xorg2:part2|                        ; 1 (1)               ; 0 (0)                     ; 0           ; 0            ; 0       ; 0         ; 0    ; 0            ; |RISCV_Processor|fetch:fetch_i|ripple_adder:addimm|full_adder:\adder_chain:23:FA|xorg2:part2                                      ; xorg2           ; work         ;
;          |full_adder:\adder_chain:24:FA|         ; 2 (0)               ; 0 (0)                     ; 0           ; 0            ; 0       ; 0         ; 0    ; 0            ; |RISCV_Processor|fetch:fetch_i|ripple_adder:addimm|full_adder:\adder_chain:24:FA                                                  ; full_adder      ; work         ;
;             |org2:part5|                         ; 1 (1)               ; 0 (0)                     ; 0           ; 0            ; 0       ; 0         ; 0    ; 0            ; |RISCV_Processor|fetch:fetch_i|ripple_adder:addimm|full_adder:\adder_chain:24:FA|org2:part5                                       ; org2            ; work         ;
;             |xorg2:part2|                        ; 1 (1)               ; 0 (0)                     ; 0           ; 0            ; 0       ; 0         ; 0    ; 0            ; |RISCV_Processor|fetch:fetch_i|ripple_adder:addimm|full_adder:\adder_chain:24:FA|xorg2:part2                                      ; xorg2           ; work         ;
;          |full_adder:\adder_chain:25:FA|         ; 2 (0)               ; 0 (0)                     ; 0           ; 0            ; 0       ; 0         ; 0    ; 0            ; |RISCV_Processor|fetch:fetch_i|ripple_adder:addimm|full_adder:\adder_chain:25:FA                                                  ; full_adder      ; work         ;
;             |org2:part5|                         ; 1 (1)               ; 0 (0)                     ; 0           ; 0            ; 0       ; 0         ; 0    ; 0            ; |RISCV_Processor|fetch:fetch_i|ripple_adder:addimm|full_adder:\adder_chain:25:FA|org2:part5                                       ; org2            ; work         ;
;             |xorg2:part2|                        ; 1 (1)               ; 0 (0)                     ; 0           ; 0            ; 0       ; 0         ; 0    ; 0            ; |RISCV_Processor|fetch:fetch_i|ripple_adder:addimm|full_adder:\adder_chain:25:FA|xorg2:part2                                      ; xorg2           ; work         ;
;          |full_adder:\adder_chain:26:FA|         ; 2 (0)               ; 0 (0)                     ; 0           ; 0            ; 0       ; 0         ; 0    ; 0            ; |RISCV_Processor|fetch:fetch_i|ripple_adder:addimm|full_adder:\adder_chain:26:FA                                                  ; full_adder      ; work         ;
;             |org2:part5|                         ; 1 (1)               ; 0 (0)                     ; 0           ; 0            ; 0       ; 0         ; 0    ; 0            ; |RISCV_Processor|fetch:fetch_i|ripple_adder:addimm|full_adder:\adder_chain:26:FA|org2:part5                                       ; org2            ; work         ;
;             |xorg2:part2|                        ; 1 (1)               ; 0 (0)                     ; 0           ; 0            ; 0       ; 0         ; 0    ; 0            ; |RISCV_Processor|fetch:fetch_i|ripple_adder:addimm|full_adder:\adder_chain:26:FA|xorg2:part2                                      ; xorg2           ; work         ;
;          |full_adder:\adder_chain:27:FA|         ; 2 (0)               ; 0 (0)                     ; 0           ; 0            ; 0       ; 0         ; 0    ; 0            ; |RISCV_Processor|fetch:fetch_i|ripple_adder:addimm|full_adder:\adder_chain:27:FA                                                  ; full_adder      ; work         ;
;             |org2:part5|                         ; 1 (1)               ; 0 (0)                     ; 0           ; 0            ; 0       ; 0         ; 0    ; 0            ; |RISCV_Processor|fetch:fetch_i|ripple_adder:addimm|full_adder:\adder_chain:27:FA|org2:part5                                       ; org2            ; work         ;
;             |xorg2:part2|                        ; 1 (1)               ; 0 (0)                     ; 0           ; 0            ; 0       ; 0         ; 0    ; 0            ; |RISCV_Processor|fetch:fetch_i|ripple_adder:addimm|full_adder:\adder_chain:27:FA|xorg2:part2                                      ; xorg2           ; work         ;
;          |full_adder:\adder_chain:28:FA|         ; 2 (0)               ; 0 (0)                     ; 0           ; 0            ; 0       ; 0         ; 0    ; 0            ; |RISCV_Processor|fetch:fetch_i|ripple_adder:addimm|full_adder:\adder_chain:28:FA                                                  ; full_adder      ; work         ;
;             |org2:part5|                         ; 1 (1)               ; 0 (0)                     ; 0           ; 0            ; 0       ; 0         ; 0    ; 0            ; |RISCV_Processor|fetch:fetch_i|ripple_adder:addimm|full_adder:\adder_chain:28:FA|org2:part5                                       ; org2            ; work         ;
;             |xorg2:part2|                        ; 1 (1)               ; 0 (0)                     ; 0           ; 0            ; 0       ; 0         ; 0    ; 0            ; |RISCV_Processor|fetch:fetch_i|ripple_adder:addimm|full_adder:\adder_chain:28:FA|xorg2:part2                                      ; xorg2           ; work         ;
;          |full_adder:\adder_chain:29:FA|         ; 2 (0)               ; 0 (0)                     ; 0           ; 0            ; 0       ; 0         ; 0    ; 0            ; |RISCV_Processor|fetch:fetch_i|ripple_adder:addimm|full_adder:\adder_chain:29:FA                                                  ; full_adder      ; work         ;
;             |org2:part5|                         ; 1 (1)               ; 0 (0)                     ; 0           ; 0            ; 0       ; 0         ; 0    ; 0            ; |RISCV_Processor|fetch:fetch_i|ripple_adder:addimm|full_adder:\adder_chain:29:FA|org2:part5                                       ; org2            ; work         ;
;             |xorg2:part2|                        ; 1 (1)               ; 0 (0)                     ; 0           ; 0            ; 0       ; 0         ; 0    ; 0            ; |RISCV_Processor|fetch:fetch_i|ripple_adder:addimm|full_adder:\adder_chain:29:FA|xorg2:part2                                      ; xorg2           ; work         ;
;          |full_adder:\adder_chain:2:FA|          ; 1 (0)               ; 0 (0)                     ; 0           ; 0            ; 0       ; 0         ; 0    ; 0            ; |RISCV_Processor|fetch:fetch_i|ripple_adder:addimm|full_adder:\adder_chain:2:FA                                                   ; full_adder      ; work         ;
;             |org2:part5|                         ; 1 (1)               ; 0 (0)                     ; 0           ; 0            ; 0       ; 0         ; 0    ; 0            ; |RISCV_Processor|fetch:fetch_i|ripple_adder:addimm|full_adder:\adder_chain:2:FA|org2:part5                                        ; org2            ; work         ;
;          |full_adder:\adder_chain:30:FA|         ; 1 (0)               ; 0 (0)                     ; 0           ; 0            ; 0       ; 0         ; 0    ; 0            ; |RISCV_Processor|fetch:fetch_i|ripple_adder:addimm|full_adder:\adder_chain:30:FA                                                  ; full_adder      ; work         ;
;             |xorg2:part2|                        ; 1 (1)               ; 0 (0)                     ; 0           ; 0            ; 0       ; 0         ; 0    ; 0            ; |RISCV_Processor|fetch:fetch_i|ripple_adder:addimm|full_adder:\adder_chain:30:FA|xorg2:part2                                      ; xorg2           ; work         ;
;          |full_adder:\adder_chain:31:FA|         ; 4 (0)               ; 0 (0)                     ; 0           ; 0            ; 0       ; 0         ; 0    ; 0            ; |RISCV_Processor|fetch:fetch_i|ripple_adder:addimm|full_adder:\adder_chain:31:FA                                                  ; full_adder      ; work         ;
;             |xorg2:part2|                        ; 4 (4)               ; 0 (0)                     ; 0           ; 0            ; 0       ; 0         ; 0    ; 0            ; |RISCV_Processor|fetch:fetch_i|ripple_adder:addimm|full_adder:\adder_chain:31:FA|xorg2:part2                                      ; xorg2           ; work         ;
;          |full_adder:\adder_chain:3:FA|          ; 2 (0)               ; 0 (0)                     ; 0           ; 0            ; 0       ; 0         ; 0    ; 0            ; |RISCV_Processor|fetch:fetch_i|ripple_adder:addimm|full_adder:\adder_chain:3:FA                                                   ; full_adder      ; work         ;
;             |org2:part5|                         ; 1 (1)               ; 0 (0)                     ; 0           ; 0            ; 0       ; 0         ; 0    ; 0            ; |RISCV_Processor|fetch:fetch_i|ripple_adder:addimm|full_adder:\adder_chain:3:FA|org2:part5                                        ; org2            ; work         ;
;             |xorg2:part2|                        ; 1 (1)               ; 0 (0)                     ; 0           ; 0            ; 0       ; 0         ; 0    ; 0            ; |RISCV_Processor|fetch:fetch_i|ripple_adder:addimm|full_adder:\adder_chain:3:FA|xorg2:part2                                       ; xorg2           ; work         ;
;          |full_adder:\adder_chain:4:FA|          ; 2 (0)               ; 0 (0)                     ; 0           ; 0            ; 0       ; 0         ; 0    ; 0            ; |RISCV_Processor|fetch:fetch_i|ripple_adder:addimm|full_adder:\adder_chain:4:FA                                                   ; full_adder      ; work         ;
;             |org2:part5|                         ; 1 (1)               ; 0 (0)                     ; 0           ; 0            ; 0       ; 0         ; 0    ; 0            ; |RISCV_Processor|fetch:fetch_i|ripple_adder:addimm|full_adder:\adder_chain:4:FA|org2:part5                                        ; org2            ; work         ;
;             |xorg2:part2|                        ; 1 (1)               ; 0 (0)                     ; 0           ; 0            ; 0       ; 0         ; 0    ; 0            ; |RISCV_Processor|fetch:fetch_i|ripple_adder:addimm|full_adder:\adder_chain:4:FA|xorg2:part2                                       ; xorg2           ; work         ;
;          |full_adder:\adder_chain:5:FA|          ; 2 (0)               ; 0 (0)                     ; 0           ; 0            ; 0       ; 0         ; 0    ; 0            ; |RISCV_Processor|fetch:fetch_i|ripple_adder:addimm|full_adder:\adder_chain:5:FA                                                   ; full_adder      ; work         ;
;             |org2:part5|                         ; 1 (1)               ; 0 (0)                     ; 0           ; 0            ; 0       ; 0         ; 0    ; 0            ; |RISCV_Processor|fetch:fetch_i|ripple_adder:addimm|full_adder:\adder_chain:5:FA|org2:part5                                        ; org2            ; work         ;
;             |xorg2:part2|                        ; 1 (1)               ; 0 (0)                     ; 0           ; 0            ; 0       ; 0         ; 0    ; 0            ; |RISCV_Processor|fetch:fetch_i|ripple_adder:addimm|full_adder:\adder_chain:5:FA|xorg2:part2                                       ; xorg2           ; work         ;
;          |full_adder:\adder_chain:6:FA|          ; 2 (0)               ; 0 (0)                     ; 0           ; 0            ; 0       ; 0         ; 0    ; 0            ; |RISCV_Processor|fetch:fetch_i|ripple_adder:addimm|full_adder:\adder_chain:6:FA                                                   ; full_adder      ; work         ;
;             |org2:part5|                         ; 1 (1)               ; 0 (0)                     ; 0           ; 0            ; 0       ; 0         ; 0    ; 0            ; |RISCV_Processor|fetch:fetch_i|ripple_adder:addimm|full_adder:\adder_chain:6:FA|org2:part5                                        ; org2            ; work         ;
;             |xorg2:part2|                        ; 1 (1)               ; 0 (0)                     ; 0           ; 0            ; 0       ; 0         ; 0    ; 0            ; |RISCV_Processor|fetch:fetch_i|ripple_adder:addimm|full_adder:\adder_chain:6:FA|xorg2:part2                                       ; xorg2           ; work         ;
;          |full_adder:\adder_chain:7:FA|          ; 2 (0)               ; 0 (0)                     ; 0           ; 0            ; 0       ; 0         ; 0    ; 0            ; |RISCV_Processor|fetch:fetch_i|ripple_adder:addimm|full_adder:\adder_chain:7:FA                                                   ; full_adder      ; work         ;
;             |org2:part5|                         ; 1 (1)               ; 0 (0)                     ; 0           ; 0            ; 0       ; 0         ; 0    ; 0            ; |RISCV_Processor|fetch:fetch_i|ripple_adder:addimm|full_adder:\adder_chain:7:FA|org2:part5                                        ; org2            ; work         ;
;             |xorg2:part2|                        ; 1 (1)               ; 0 (0)                     ; 0           ; 0            ; 0       ; 0         ; 0    ; 0            ; |RISCV_Processor|fetch:fetch_i|ripple_adder:addimm|full_adder:\adder_chain:7:FA|xorg2:part2                                       ; xorg2           ; work         ;
;          |full_adder:\adder_chain:8:FA|          ; 2 (0)               ; 0 (0)                     ; 0           ; 0            ; 0       ; 0         ; 0    ; 0            ; |RISCV_Processor|fetch:fetch_i|ripple_adder:addimm|full_adder:\adder_chain:8:FA                                                   ; full_adder      ; work         ;
;             |org2:part5|                         ; 1 (1)               ; 0 (0)                     ; 0           ; 0            ; 0       ; 0         ; 0    ; 0            ; |RISCV_Processor|fetch:fetch_i|ripple_adder:addimm|full_adder:\adder_chain:8:FA|org2:part5                                        ; org2            ; work         ;
;             |xorg2:part2|                        ; 1 (1)               ; 0 (0)                     ; 0           ; 0            ; 0       ; 0         ; 0    ; 0            ; |RISCV_Processor|fetch:fetch_i|ripple_adder:addimm|full_adder:\adder_chain:8:FA|xorg2:part2                                       ; xorg2           ; work         ;
;          |full_adder:\adder_chain:9:FA|          ; 2 (0)               ; 0 (0)                     ; 0           ; 0            ; 0       ; 0         ; 0    ; 0            ; |RISCV_Processor|fetch:fetch_i|ripple_adder:addimm|full_adder:\adder_chain:9:FA                                                   ; full_adder      ; work         ;
;             |org2:part5|                         ; 1 (1)               ; 0 (0)                     ; 0           ; 0            ; 0       ; 0         ; 0    ; 0            ; |RISCV_Processor|fetch:fetch_i|ripple_adder:addimm|full_adder:\adder_chain:9:FA|org2:part5                                        ; org2            ; work         ;
;             |xorg2:part2|                        ; 1 (1)               ; 0 (0)                     ; 0           ; 0            ; 0       ; 0         ; 0    ; 0            ; |RISCV_Processor|fetch:fetch_i|ripple_adder:addimm|full_adder:\adder_chain:9:FA|xorg2:part2                                       ; xorg2           ; work         ;
;    |mem:DMem|                                    ; 18 (18)             ; 1 (1)                     ; 32768       ; 0            ; 0       ; 0         ; 0    ; 0            ; |RISCV_Processor|mem:DMem                                                                                                         ; mem             ; work         ;
;       |altsyncram:ram_rtl_0|                     ; 0 (0)               ; 0 (0)                     ; 32768       ; 0            ; 0       ; 0         ; 0    ; 0            ; |RISCV_Processor|mem:DMem|altsyncram:ram_rtl_0                                                                                    ; altsyncram      ; work         ;
;          |altsyncram_eg81:auto_generated|        ; 0 (0)               ; 0 (0)                     ; 32768       ; 0            ; 0       ; 0         ; 0    ; 0            ; |RISCV_Processor|mem:DMem|altsyncram:ram_rtl_0|altsyncram_eg81:auto_generated                                                     ; altsyncram_eg81 ; work         ;
;    |mem:IMem|                                    ; 22929 (22929)       ; 32768 (32768)             ; 0           ; 0            ; 0       ; 0         ; 0    ; 0            ; |RISCV_Processor|mem:IMem                                                                                                         ; mem             ; work         ;
;    |regfile:regfile_i|                           ; 41 (0)              ; 992 (0)                   ; 0           ; 0            ; 0       ; 0         ; 0    ; 0            ; |RISCV_Processor|regfile:regfile_i                                                                                                ; regfile         ; work         ;
;       |dec5to32:decoder|                         ; 41 (41)             ; 0 (0)                     ; 0           ; 0            ; 0       ; 0         ; 0    ; 0            ; |RISCV_Processor|regfile:regfile_i|dec5to32:decoder                                                                               ; dec5to32        ; work         ;
;       |reg:\g_regs:10:i_reg|                     ; 0 (0)               ; 32 (0)                    ; 0           ; 0            ; 0       ; 0         ; 0    ; 0            ; |RISCV_Processor|regfile:regfile_i|reg:\g_regs:10:i_reg                                                                           ; reg             ; work         ;
;          |dffg:\g_dffgs:0:i_dffg|                ; 0 (0)               ; 1 (1)                     ; 0           ; 0            ; 0       ; 0         ; 0    ; 0            ; |RISCV_Processor|regfile:regfile_i|reg:\g_regs:10:i_reg|dffg:\g_dffgs:0:i_dffg                                                    ; dffg            ; work         ;
;          |dffg:\g_dffgs:10:i_dffg|               ; 0 (0)               ; 1 (1)                     ; 0           ; 0            ; 0       ; 0         ; 0    ; 0            ; |RISCV_Processor|regfile:regfile_i|reg:\g_regs:10:i_reg|dffg:\g_dffgs:10:i_dffg                                                   ; dffg            ; work         ;
;          |dffg:\g_dffgs:11:i_dffg|               ; 0 (0)               ; 1 (1)                     ; 0           ; 0            ; 0       ; 0         ; 0    ; 0            ; |RISCV_Processor|regfile:regfile_i|reg:\g_regs:10:i_reg|dffg:\g_dffgs:11:i_dffg                                                   ; dffg            ; work         ;
;          |dffg:\g_dffgs:12:i_dffg|               ; 0 (0)               ; 1 (1)                     ; 0           ; 0            ; 0       ; 0         ; 0    ; 0            ; |RISCV_Processor|regfile:regfile_i|reg:\g_regs:10:i_reg|dffg:\g_dffgs:12:i_dffg                                                   ; dffg            ; work         ;
;          |dffg:\g_dffgs:13:i_dffg|               ; 0 (0)               ; 1 (1)                     ; 0           ; 0            ; 0       ; 0         ; 0    ; 0            ; |RISCV_Processor|regfile:regfile_i|reg:\g_regs:10:i_reg|dffg:\g_dffgs:13:i_dffg                                                   ; dffg            ; work         ;
;          |dffg:\g_dffgs:14:i_dffg|               ; 0 (0)               ; 1 (1)                     ; 0           ; 0            ; 0       ; 0         ; 0    ; 0            ; |RISCV_Processor|regfile:regfile_i|reg:\g_regs:10:i_reg|dffg:\g_dffgs:14:i_dffg                                                   ; dffg            ; work         ;
;          |dffg:\g_dffgs:15:i_dffg|               ; 0 (0)               ; 1 (1)                     ; 0           ; 0            ; 0       ; 0         ; 0    ; 0            ; |RISCV_Processor|regfile:regfile_i|reg:\g_regs:10:i_reg|dffg:\g_dffgs:15:i_dffg                                                   ; dffg            ; work         ;
;          |dffg:\g_dffgs:16:i_dffg|               ; 0 (0)               ; 1 (1)                     ; 0           ; 0            ; 0       ; 0         ; 0    ; 0            ; |RISCV_Processor|regfile:regfile_i|reg:\g_regs:10:i_reg|dffg:\g_dffgs:16:i_dffg                                                   ; dffg            ; work         ;
;          |dffg:\g_dffgs:17:i_dffg|               ; 0 (0)               ; 1 (1)                     ; 0           ; 0            ; 0       ; 0         ; 0    ; 0            ; |RISCV_Processor|regfile:regfile_i|reg:\g_regs:10:i_reg|dffg:\g_dffgs:17:i_dffg                                                   ; dffg            ; work         ;
;          |dffg:\g_dffgs:18:i_dffg|               ; 0 (0)               ; 1 (1)                     ; 0           ; 0            ; 0       ; 0         ; 0    ; 0            ; |RISCV_Processor|regfile:regfile_i|reg:\g_regs:10:i_reg|dffg:\g_dffgs:18:i_dffg                                                   ; dffg            ; work         ;
;          |dffg:\g_dffgs:19:i_dffg|               ; 0 (0)               ; 1 (1)                     ; 0           ; 0            ; 0       ; 0         ; 0    ; 0            ; |RISCV_Processor|regfile:regfile_i|reg:\g_regs:10:i_reg|dffg:\g_dffgs:19:i_dffg                                                   ; dffg            ; work         ;
;          |dffg:\g_dffgs:1:i_dffg|                ; 0 (0)               ; 1 (1)                     ; 0           ; 0            ; 0       ; 0         ; 0    ; 0            ; |RISCV_Processor|regfile:regfile_i|reg:\g_regs:10:i_reg|dffg:\g_dffgs:1:i_dffg                                                    ; dffg            ; work         ;
;          |dffg:\g_dffgs:20:i_dffg|               ; 0 (0)               ; 1 (1)                     ; 0           ; 0            ; 0       ; 0         ; 0    ; 0            ; |RISCV_Processor|regfile:regfile_i|reg:\g_regs:10:i_reg|dffg:\g_dffgs:20:i_dffg                                                   ; dffg            ; work         ;
;          |dffg:\g_dffgs:21:i_dffg|               ; 0 (0)               ; 1 (1)                     ; 0           ; 0            ; 0       ; 0         ; 0    ; 0            ; |RISCV_Processor|regfile:regfile_i|reg:\g_regs:10:i_reg|dffg:\g_dffgs:21:i_dffg                                                   ; dffg            ; work         ;
;          |dffg:\g_dffgs:22:i_dffg|               ; 0 (0)               ; 1 (1)                     ; 0           ; 0            ; 0       ; 0         ; 0    ; 0            ; |RISCV_Processor|regfile:regfile_i|reg:\g_regs:10:i_reg|dffg:\g_dffgs:22:i_dffg                                                   ; dffg            ; work         ;
;          |dffg:\g_dffgs:23:i_dffg|               ; 0 (0)               ; 1 (1)                     ; 0           ; 0            ; 0       ; 0         ; 0    ; 0            ; |RISCV_Processor|regfile:regfile_i|reg:\g_regs:10:i_reg|dffg:\g_dffgs:23:i_dffg                                                   ; dffg            ; work         ;
;          |dffg:\g_dffgs:24:i_dffg|               ; 0 (0)               ; 1 (1)                     ; 0           ; 0            ; 0       ; 0         ; 0    ; 0            ; |RISCV_Processor|regfile:regfile_i|reg:\g_regs:10:i_reg|dffg:\g_dffgs:24:i_dffg                                                   ; dffg            ; work         ;
;          |dffg:\g_dffgs:25:i_dffg|               ; 0 (0)               ; 1 (1)                     ; 0           ; 0            ; 0       ; 0         ; 0    ; 0            ; |RISCV_Processor|regfile:regfile_i|reg:\g_regs:10:i_reg|dffg:\g_dffgs:25:i_dffg                                                   ; dffg            ; work         ;
;          |dffg:\g_dffgs:26:i_dffg|               ; 0 (0)               ; 1 (1)                     ; 0           ; 0            ; 0       ; 0         ; 0    ; 0            ; |RISCV_Processor|regfile:regfile_i|reg:\g_regs:10:i_reg|dffg:\g_dffgs:26:i_dffg                                                   ; dffg            ; work         ;
;          |dffg:\g_dffgs:27:i_dffg|               ; 0 (0)               ; 1 (1)                     ; 0           ; 0            ; 0       ; 0         ; 0    ; 0            ; |RISCV_Processor|regfile:regfile_i|reg:\g_regs:10:i_reg|dffg:\g_dffgs:27:i_dffg                                                   ; dffg            ; work         ;
;          |dffg:\g_dffgs:28:i_dffg|               ; 0 (0)               ; 1 (1)                     ; 0           ; 0            ; 0       ; 0         ; 0    ; 0            ; |RISCV_Processor|regfile:regfile_i|reg:\g_regs:10:i_reg|dffg:\g_dffgs:28:i_dffg                                                   ; dffg            ; work         ;
;          |dffg:\g_dffgs:29:i_dffg|               ; 0 (0)               ; 1 (1)                     ; 0           ; 0            ; 0       ; 0         ; 0    ; 0            ; |RISCV_Processor|regfile:regfile_i|reg:\g_regs:10:i_reg|dffg:\g_dffgs:29:i_dffg                                                   ; dffg            ; work         ;
;          |dffg:\g_dffgs:2:i_dffg|                ; 0 (0)               ; 1 (1)                     ; 0           ; 0            ; 0       ; 0         ; 0    ; 0            ; |RISCV_Processor|regfile:regfile_i|reg:\g_regs:10:i_reg|dffg:\g_dffgs:2:i_dffg                                                    ; dffg            ; work         ;
;          |dffg:\g_dffgs:30:i_dffg|               ; 0 (0)               ; 1 (1)                     ; 0           ; 0            ; 0       ; 0         ; 0    ; 0            ; |RISCV_Processor|regfile:regfile_i|reg:\g_regs:10:i_reg|dffg:\g_dffgs:30:i_dffg                                                   ; dffg            ; work         ;
;          |dffg:\g_dffgs:31:i_dffg|               ; 0 (0)               ; 1 (1)                     ; 0           ; 0            ; 0       ; 0         ; 0    ; 0            ; |RISCV_Processor|regfile:regfile_i|reg:\g_regs:10:i_reg|dffg:\g_dffgs:31:i_dffg                                                   ; dffg            ; work         ;
;          |dffg:\g_dffgs:3:i_dffg|                ; 0 (0)               ; 1 (1)                     ; 0           ; 0            ; 0       ; 0         ; 0    ; 0            ; |RISCV_Processor|regfile:regfile_i|reg:\g_regs:10:i_reg|dffg:\g_dffgs:3:i_dffg                                                    ; dffg            ; work         ;
;          |dffg:\g_dffgs:4:i_dffg|                ; 0 (0)               ; 1 (1)                     ; 0           ; 0            ; 0       ; 0         ; 0    ; 0            ; |RISCV_Processor|regfile:regfile_i|reg:\g_regs:10:i_reg|dffg:\g_dffgs:4:i_dffg                                                    ; dffg            ; work         ;
;          |dffg:\g_dffgs:5:i_dffg|                ; 0 (0)               ; 1 (1)                     ; 0           ; 0            ; 0       ; 0         ; 0    ; 0            ; |RISCV_Processor|regfile:regfile_i|reg:\g_regs:10:i_reg|dffg:\g_dffgs:5:i_dffg                                                    ; dffg            ; work         ;
;          |dffg:\g_dffgs:6:i_dffg|                ; 0 (0)               ; 1 (1)                     ; 0           ; 0            ; 0       ; 0         ; 0    ; 0            ; |RISCV_Processor|regfile:regfile_i|reg:\g_regs:10:i_reg|dffg:\g_dffgs:6:i_dffg                                                    ; dffg            ; work         ;
;          |dffg:\g_dffgs:7:i_dffg|                ; 0 (0)               ; 1 (1)                     ; 0           ; 0            ; 0       ; 0         ; 0    ; 0            ; |RISCV_Processor|regfile:regfile_i|reg:\g_regs:10:i_reg|dffg:\g_dffgs:7:i_dffg                                                    ; dffg            ; work         ;
;          |dffg:\g_dffgs:8:i_dffg|                ; 0 (0)               ; 1 (1)                     ; 0           ; 0            ; 0       ; 0         ; 0    ; 0            ; |RISCV_Processor|regfile:regfile_i|reg:\g_regs:10:i_reg|dffg:\g_dffgs:8:i_dffg                                                    ; dffg            ; work         ;
;          |dffg:\g_dffgs:9:i_dffg|                ; 0 (0)               ; 1 (1)                     ; 0           ; 0            ; 0       ; 0         ; 0    ; 0            ; |RISCV_Processor|regfile:regfile_i|reg:\g_regs:10:i_reg|dffg:\g_dffgs:9:i_dffg                                                    ; dffg            ; work         ;
;       |reg:\g_regs:11:i_reg|                     ; 0 (0)               ; 32 (0)                    ; 0           ; 0            ; 0       ; 0         ; 0    ; 0            ; |RISCV_Processor|regfile:regfile_i|reg:\g_regs:11:i_reg                                                                           ; reg             ; work         ;
;          |dffg:\g_dffgs:0:i_dffg|                ; 0 (0)               ; 1 (1)                     ; 0           ; 0            ; 0       ; 0         ; 0    ; 0            ; |RISCV_Processor|regfile:regfile_i|reg:\g_regs:11:i_reg|dffg:\g_dffgs:0:i_dffg                                                    ; dffg            ; work         ;
;          |dffg:\g_dffgs:10:i_dffg|               ; 0 (0)               ; 1 (1)                     ; 0           ; 0            ; 0       ; 0         ; 0    ; 0            ; |RISCV_Processor|regfile:regfile_i|reg:\g_regs:11:i_reg|dffg:\g_dffgs:10:i_dffg                                                   ; dffg            ; work         ;
;          |dffg:\g_dffgs:11:i_dffg|               ; 0 (0)               ; 1 (1)                     ; 0           ; 0            ; 0       ; 0         ; 0    ; 0            ; |RISCV_Processor|regfile:regfile_i|reg:\g_regs:11:i_reg|dffg:\g_dffgs:11:i_dffg                                                   ; dffg            ; work         ;
;          |dffg:\g_dffgs:12:i_dffg|               ; 0 (0)               ; 1 (1)                     ; 0           ; 0            ; 0       ; 0         ; 0    ; 0            ; |RISCV_Processor|regfile:regfile_i|reg:\g_regs:11:i_reg|dffg:\g_dffgs:12:i_dffg                                                   ; dffg            ; work         ;
;          |dffg:\g_dffgs:13:i_dffg|               ; 0 (0)               ; 1 (1)                     ; 0           ; 0            ; 0       ; 0         ; 0    ; 0            ; |RISCV_Processor|regfile:regfile_i|reg:\g_regs:11:i_reg|dffg:\g_dffgs:13:i_dffg                                                   ; dffg            ; work         ;
;          |dffg:\g_dffgs:14:i_dffg|               ; 0 (0)               ; 1 (1)                     ; 0           ; 0            ; 0       ; 0         ; 0    ; 0            ; |RISCV_Processor|regfile:regfile_i|reg:\g_regs:11:i_reg|dffg:\g_dffgs:14:i_dffg                                                   ; dffg            ; work         ;
;          |dffg:\g_dffgs:15:i_dffg|               ; 0 (0)               ; 1 (1)                     ; 0           ; 0            ; 0       ; 0         ; 0    ; 0            ; |RISCV_Processor|regfile:regfile_i|reg:\g_regs:11:i_reg|dffg:\g_dffgs:15:i_dffg                                                   ; dffg            ; work         ;
;          |dffg:\g_dffgs:16:i_dffg|               ; 0 (0)               ; 1 (1)                     ; 0           ; 0            ; 0       ; 0         ; 0    ; 0            ; |RISCV_Processor|regfile:regfile_i|reg:\g_regs:11:i_reg|dffg:\g_dffgs:16:i_dffg                                                   ; dffg            ; work         ;
;          |dffg:\g_dffgs:17:i_dffg|               ; 0 (0)               ; 1 (1)                     ; 0           ; 0            ; 0       ; 0         ; 0    ; 0            ; |RISCV_Processor|regfile:regfile_i|reg:\g_regs:11:i_reg|dffg:\g_dffgs:17:i_dffg                                                   ; dffg            ; work         ;
;          |dffg:\g_dffgs:18:i_dffg|               ; 0 (0)               ; 1 (1)                     ; 0           ; 0            ; 0       ; 0         ; 0    ; 0            ; |RISCV_Processor|regfile:regfile_i|reg:\g_regs:11:i_reg|dffg:\g_dffgs:18:i_dffg                                                   ; dffg            ; work         ;
;          |dffg:\g_dffgs:19:i_dffg|               ; 0 (0)               ; 1 (1)                     ; 0           ; 0            ; 0       ; 0         ; 0    ; 0            ; |RISCV_Processor|regfile:regfile_i|reg:\g_regs:11:i_reg|dffg:\g_dffgs:19:i_dffg                                                   ; dffg            ; work         ;
;          |dffg:\g_dffgs:1:i_dffg|                ; 0 (0)               ; 1 (1)                     ; 0           ; 0            ; 0       ; 0         ; 0    ; 0            ; |RISCV_Processor|regfile:regfile_i|reg:\g_regs:11:i_reg|dffg:\g_dffgs:1:i_dffg                                                    ; dffg            ; work         ;
;          |dffg:\g_dffgs:20:i_dffg|               ; 0 (0)               ; 1 (1)                     ; 0           ; 0            ; 0       ; 0         ; 0    ; 0            ; |RISCV_Processor|regfile:regfile_i|reg:\g_regs:11:i_reg|dffg:\g_dffgs:20:i_dffg                                                   ; dffg            ; work         ;
;          |dffg:\g_dffgs:21:i_dffg|               ; 0 (0)               ; 1 (1)                     ; 0           ; 0            ; 0       ; 0         ; 0    ; 0            ; |RISCV_Processor|regfile:regfile_i|reg:\g_regs:11:i_reg|dffg:\g_dffgs:21:i_dffg                                                   ; dffg            ; work         ;
;          |dffg:\g_dffgs:22:i_dffg|               ; 0 (0)               ; 1 (1)                     ; 0           ; 0            ; 0       ; 0         ; 0    ; 0            ; |RISCV_Processor|regfile:regfile_i|reg:\g_regs:11:i_reg|dffg:\g_dffgs:22:i_dffg                                                   ; dffg            ; work         ;
;          |dffg:\g_dffgs:23:i_dffg|               ; 0 (0)               ; 1 (1)                     ; 0           ; 0            ; 0       ; 0         ; 0    ; 0            ; |RISCV_Processor|regfile:regfile_i|reg:\g_regs:11:i_reg|dffg:\g_dffgs:23:i_dffg                                                   ; dffg            ; work         ;
;          |dffg:\g_dffgs:24:i_dffg|               ; 0 (0)               ; 1 (1)                     ; 0           ; 0            ; 0       ; 0         ; 0    ; 0            ; |RISCV_Processor|regfile:regfile_i|reg:\g_regs:11:i_reg|dffg:\g_dffgs:24:i_dffg                                                   ; dffg            ; work         ;
;          |dffg:\g_dffgs:25:i_dffg|               ; 0 (0)               ; 1 (1)                     ; 0           ; 0            ; 0       ; 0         ; 0    ; 0            ; |RISCV_Processor|regfile:regfile_i|reg:\g_regs:11:i_reg|dffg:\g_dffgs:25:i_dffg                                                   ; dffg            ; work         ;
;          |dffg:\g_dffgs:26:i_dffg|               ; 0 (0)               ; 1 (1)                     ; 0           ; 0            ; 0       ; 0         ; 0    ; 0            ; |RISCV_Processor|regfile:regfile_i|reg:\g_regs:11:i_reg|dffg:\g_dffgs:26:i_dffg                                                   ; dffg            ; work         ;
;          |dffg:\g_dffgs:27:i_dffg|               ; 0 (0)               ; 1 (1)                     ; 0           ; 0            ; 0       ; 0         ; 0    ; 0            ; |RISCV_Processor|regfile:regfile_i|reg:\g_regs:11:i_reg|dffg:\g_dffgs:27:i_dffg                                                   ; dffg            ; work         ;
;          |dffg:\g_dffgs:28:i_dffg|               ; 0 (0)               ; 1 (1)                     ; 0           ; 0            ; 0       ; 0         ; 0    ; 0            ; |RISCV_Processor|regfile:regfile_i|reg:\g_regs:11:i_reg|dffg:\g_dffgs:28:i_dffg                                                   ; dffg            ; work         ;
;          |dffg:\g_dffgs:29:i_dffg|               ; 0 (0)               ; 1 (1)                     ; 0           ; 0            ; 0       ; 0         ; 0    ; 0            ; |RISCV_Processor|regfile:regfile_i|reg:\g_regs:11:i_reg|dffg:\g_dffgs:29:i_dffg                                                   ; dffg            ; work         ;
;          |dffg:\g_dffgs:2:i_dffg|                ; 0 (0)               ; 1 (1)                     ; 0           ; 0            ; 0       ; 0         ; 0    ; 0            ; |RISCV_Processor|regfile:regfile_i|reg:\g_regs:11:i_reg|dffg:\g_dffgs:2:i_dffg                                                    ; dffg            ; work         ;
;          |dffg:\g_dffgs:30:i_dffg|               ; 0 (0)               ; 1 (1)                     ; 0           ; 0            ; 0       ; 0         ; 0    ; 0            ; |RISCV_Processor|regfile:regfile_i|reg:\g_regs:11:i_reg|dffg:\g_dffgs:30:i_dffg                                                   ; dffg            ; work         ;
;          |dffg:\g_dffgs:31:i_dffg|               ; 0 (0)               ; 1 (1)                     ; 0           ; 0            ; 0       ; 0         ; 0    ; 0            ; |RISCV_Processor|regfile:regfile_i|reg:\g_regs:11:i_reg|dffg:\g_dffgs:31:i_dffg                                                   ; dffg            ; work         ;
;          |dffg:\g_dffgs:3:i_dffg|                ; 0 (0)               ; 1 (1)                     ; 0           ; 0            ; 0       ; 0         ; 0    ; 0            ; |RISCV_Processor|regfile:regfile_i|reg:\g_regs:11:i_reg|dffg:\g_dffgs:3:i_dffg                                                    ; dffg            ; work         ;
;          |dffg:\g_dffgs:4:i_dffg|                ; 0 (0)               ; 1 (1)                     ; 0           ; 0            ; 0       ; 0         ; 0    ; 0            ; |RISCV_Processor|regfile:regfile_i|reg:\g_regs:11:i_reg|dffg:\g_dffgs:4:i_dffg                                                    ; dffg            ; work         ;
;          |dffg:\g_dffgs:5:i_dffg|                ; 0 (0)               ; 1 (1)                     ; 0           ; 0            ; 0       ; 0         ; 0    ; 0            ; |RISCV_Processor|regfile:regfile_i|reg:\g_regs:11:i_reg|dffg:\g_dffgs:5:i_dffg                                                    ; dffg            ; work         ;
;          |dffg:\g_dffgs:6:i_dffg|                ; 0 (0)               ; 1 (1)                     ; 0           ; 0            ; 0       ; 0         ; 0    ; 0            ; |RISCV_Processor|regfile:regfile_i|reg:\g_regs:11:i_reg|dffg:\g_dffgs:6:i_dffg                                                    ; dffg            ; work         ;
;          |dffg:\g_dffgs:7:i_dffg|                ; 0 (0)               ; 1 (1)                     ; 0           ; 0            ; 0       ; 0         ; 0    ; 0            ; |RISCV_Processor|regfile:regfile_i|reg:\g_regs:11:i_reg|dffg:\g_dffgs:7:i_dffg                                                    ; dffg            ; work         ;
;          |dffg:\g_dffgs:8:i_dffg|                ; 0 (0)               ; 1 (1)                     ; 0           ; 0            ; 0       ; 0         ; 0    ; 0            ; |RISCV_Processor|regfile:regfile_i|reg:\g_regs:11:i_reg|dffg:\g_dffgs:8:i_dffg                                                    ; dffg            ; work         ;
;          |dffg:\g_dffgs:9:i_dffg|                ; 0 (0)               ; 1 (1)                     ; 0           ; 0            ; 0       ; 0         ; 0    ; 0            ; |RISCV_Processor|regfile:regfile_i|reg:\g_regs:11:i_reg|dffg:\g_dffgs:9:i_dffg                                                    ; dffg            ; work         ;
;       |reg:\g_regs:12:i_reg|                     ; 0 (0)               ; 32 (0)                    ; 0           ; 0            ; 0       ; 0         ; 0    ; 0            ; |RISCV_Processor|regfile:regfile_i|reg:\g_regs:12:i_reg                                                                           ; reg             ; work         ;
;          |dffg:\g_dffgs:0:i_dffg|                ; 0 (0)               ; 1 (1)                     ; 0           ; 0            ; 0       ; 0         ; 0    ; 0            ; |RISCV_Processor|regfile:regfile_i|reg:\g_regs:12:i_reg|dffg:\g_dffgs:0:i_dffg                                                    ; dffg            ; work         ;
;          |dffg:\g_dffgs:10:i_dffg|               ; 0 (0)               ; 1 (1)                     ; 0           ; 0            ; 0       ; 0         ; 0    ; 0            ; |RISCV_Processor|regfile:regfile_i|reg:\g_regs:12:i_reg|dffg:\g_dffgs:10:i_dffg                                                   ; dffg            ; work         ;
;          |dffg:\g_dffgs:11:i_dffg|               ; 0 (0)               ; 1 (1)                     ; 0           ; 0            ; 0       ; 0         ; 0    ; 0            ; |RISCV_Processor|regfile:regfile_i|reg:\g_regs:12:i_reg|dffg:\g_dffgs:11:i_dffg                                                   ; dffg            ; work         ;
;          |dffg:\g_dffgs:12:i_dffg|               ; 0 (0)               ; 1 (1)                     ; 0           ; 0            ; 0       ; 0         ; 0    ; 0            ; |RISCV_Processor|regfile:regfile_i|reg:\g_regs:12:i_reg|dffg:\g_dffgs:12:i_dffg                                                   ; dffg            ; work         ;
;          |dffg:\g_dffgs:13:i_dffg|               ; 0 (0)               ; 1 (1)                     ; 0           ; 0            ; 0       ; 0         ; 0    ; 0            ; |RISCV_Processor|regfile:regfile_i|reg:\g_regs:12:i_reg|dffg:\g_dffgs:13:i_dffg                                                   ; dffg            ; work         ;
;          |dffg:\g_dffgs:14:i_dffg|               ; 0 (0)               ; 1 (1)                     ; 0           ; 0            ; 0       ; 0         ; 0    ; 0            ; |RISCV_Processor|regfile:regfile_i|reg:\g_regs:12:i_reg|dffg:\g_dffgs:14:i_dffg                                                   ; dffg            ; work         ;
;          |dffg:\g_dffgs:15:i_dffg|               ; 0 (0)               ; 1 (1)                     ; 0           ; 0            ; 0       ; 0         ; 0    ; 0            ; |RISCV_Processor|regfile:regfile_i|reg:\g_regs:12:i_reg|dffg:\g_dffgs:15:i_dffg                                                   ; dffg            ; work         ;
;          |dffg:\g_dffgs:16:i_dffg|               ; 0 (0)               ; 1 (1)                     ; 0           ; 0            ; 0       ; 0         ; 0    ; 0            ; |RISCV_Processor|regfile:regfile_i|reg:\g_regs:12:i_reg|dffg:\g_dffgs:16:i_dffg                                                   ; dffg            ; work         ;
;          |dffg:\g_dffgs:17:i_dffg|               ; 0 (0)               ; 1 (1)                     ; 0           ; 0            ; 0       ; 0         ; 0    ; 0            ; |RISCV_Processor|regfile:regfile_i|reg:\g_regs:12:i_reg|dffg:\g_dffgs:17:i_dffg                                                   ; dffg            ; work         ;
;          |dffg:\g_dffgs:18:i_dffg|               ; 0 (0)               ; 1 (1)                     ; 0           ; 0            ; 0       ; 0         ; 0    ; 0            ; |RISCV_Processor|regfile:regfile_i|reg:\g_regs:12:i_reg|dffg:\g_dffgs:18:i_dffg                                                   ; dffg            ; work         ;
;          |dffg:\g_dffgs:19:i_dffg|               ; 0 (0)               ; 1 (1)                     ; 0           ; 0            ; 0       ; 0         ; 0    ; 0            ; |RISCV_Processor|regfile:regfile_i|reg:\g_regs:12:i_reg|dffg:\g_dffgs:19:i_dffg                                                   ; dffg            ; work         ;
;          |dffg:\g_dffgs:1:i_dffg|                ; 0 (0)               ; 1 (1)                     ; 0           ; 0            ; 0       ; 0         ; 0    ; 0            ; |RISCV_Processor|regfile:regfile_i|reg:\g_regs:12:i_reg|dffg:\g_dffgs:1:i_dffg                                                    ; dffg            ; work         ;
;          |dffg:\g_dffgs:20:i_dffg|               ; 0 (0)               ; 1 (1)                     ; 0           ; 0            ; 0       ; 0         ; 0    ; 0            ; |RISCV_Processor|regfile:regfile_i|reg:\g_regs:12:i_reg|dffg:\g_dffgs:20:i_dffg                                                   ; dffg            ; work         ;
;          |dffg:\g_dffgs:21:i_dffg|               ; 0 (0)               ; 1 (1)                     ; 0           ; 0            ; 0       ; 0         ; 0    ; 0            ; |RISCV_Processor|regfile:regfile_i|reg:\g_regs:12:i_reg|dffg:\g_dffgs:21:i_dffg                                                   ; dffg            ; work         ;
;          |dffg:\g_dffgs:22:i_dffg|               ; 0 (0)               ; 1 (1)                     ; 0           ; 0            ; 0       ; 0         ; 0    ; 0            ; |RISCV_Processor|regfile:regfile_i|reg:\g_regs:12:i_reg|dffg:\g_dffgs:22:i_dffg                                                   ; dffg            ; work         ;
;          |dffg:\g_dffgs:23:i_dffg|               ; 0 (0)               ; 1 (1)                     ; 0           ; 0            ; 0       ; 0         ; 0    ; 0            ; |RISCV_Processor|regfile:regfile_i|reg:\g_regs:12:i_reg|dffg:\g_dffgs:23:i_dffg                                                   ; dffg            ; work         ;
;          |dffg:\g_dffgs:24:i_dffg|               ; 0 (0)               ; 1 (1)                     ; 0           ; 0            ; 0       ; 0         ; 0    ; 0            ; |RISCV_Processor|regfile:regfile_i|reg:\g_regs:12:i_reg|dffg:\g_dffgs:24:i_dffg                                                   ; dffg            ; work         ;
;          |dffg:\g_dffgs:25:i_dffg|               ; 0 (0)               ; 1 (1)                     ; 0           ; 0            ; 0       ; 0         ; 0    ; 0            ; |RISCV_Processor|regfile:regfile_i|reg:\g_regs:12:i_reg|dffg:\g_dffgs:25:i_dffg                                                   ; dffg            ; work         ;
;          |dffg:\g_dffgs:26:i_dffg|               ; 0 (0)               ; 1 (1)                     ; 0           ; 0            ; 0       ; 0         ; 0    ; 0            ; |RISCV_Processor|regfile:regfile_i|reg:\g_regs:12:i_reg|dffg:\g_dffgs:26:i_dffg                                                   ; dffg            ; work         ;
;          |dffg:\g_dffgs:27:i_dffg|               ; 0 (0)               ; 1 (1)                     ; 0           ; 0            ; 0       ; 0         ; 0    ; 0            ; |RISCV_Processor|regfile:regfile_i|reg:\g_regs:12:i_reg|dffg:\g_dffgs:27:i_dffg                                                   ; dffg            ; work         ;
;          |dffg:\g_dffgs:28:i_dffg|               ; 0 (0)               ; 1 (1)                     ; 0           ; 0            ; 0       ; 0         ; 0    ; 0            ; |RISCV_Processor|regfile:regfile_i|reg:\g_regs:12:i_reg|dffg:\g_dffgs:28:i_dffg                                                   ; dffg            ; work         ;
;          |dffg:\g_dffgs:29:i_dffg|               ; 0 (0)               ; 1 (1)                     ; 0           ; 0            ; 0       ; 0         ; 0    ; 0            ; |RISCV_Processor|regfile:regfile_i|reg:\g_regs:12:i_reg|dffg:\g_dffgs:29:i_dffg                                                   ; dffg            ; work         ;
;          |dffg:\g_dffgs:2:i_dffg|                ; 0 (0)               ; 1 (1)                     ; 0           ; 0            ; 0       ; 0         ; 0    ; 0            ; |RISCV_Processor|regfile:regfile_i|reg:\g_regs:12:i_reg|dffg:\g_dffgs:2:i_dffg                                                    ; dffg            ; work         ;
;          |dffg:\g_dffgs:30:i_dffg|               ; 0 (0)               ; 1 (1)                     ; 0           ; 0            ; 0       ; 0         ; 0    ; 0            ; |RISCV_Processor|regfile:regfile_i|reg:\g_regs:12:i_reg|dffg:\g_dffgs:30:i_dffg                                                   ; dffg            ; work         ;
;          |dffg:\g_dffgs:31:i_dffg|               ; 0 (0)               ; 1 (1)                     ; 0           ; 0            ; 0       ; 0         ; 0    ; 0            ; |RISCV_Processor|regfile:regfile_i|reg:\g_regs:12:i_reg|dffg:\g_dffgs:31:i_dffg                                                   ; dffg            ; work         ;
;          |dffg:\g_dffgs:3:i_dffg|                ; 0 (0)               ; 1 (1)                     ; 0           ; 0            ; 0       ; 0         ; 0    ; 0            ; |RISCV_Processor|regfile:regfile_i|reg:\g_regs:12:i_reg|dffg:\g_dffgs:3:i_dffg                                                    ; dffg            ; work         ;
;          |dffg:\g_dffgs:4:i_dffg|                ; 0 (0)               ; 1 (1)                     ; 0           ; 0            ; 0       ; 0         ; 0    ; 0            ; |RISCV_Processor|regfile:regfile_i|reg:\g_regs:12:i_reg|dffg:\g_dffgs:4:i_dffg                                                    ; dffg            ; work         ;
;          |dffg:\g_dffgs:5:i_dffg|                ; 0 (0)               ; 1 (1)                     ; 0           ; 0            ; 0       ; 0         ; 0    ; 0            ; |RISCV_Processor|regfile:regfile_i|reg:\g_regs:12:i_reg|dffg:\g_dffgs:5:i_dffg                                                    ; dffg            ; work         ;
;          |dffg:\g_dffgs:6:i_dffg|                ; 0 (0)               ; 1 (1)                     ; 0           ; 0            ; 0       ; 0         ; 0    ; 0            ; |RISCV_Processor|regfile:regfile_i|reg:\g_regs:12:i_reg|dffg:\g_dffgs:6:i_dffg                                                    ; dffg            ; work         ;
;          |dffg:\g_dffgs:7:i_dffg|                ; 0 (0)               ; 1 (1)                     ; 0           ; 0            ; 0       ; 0         ; 0    ; 0            ; |RISCV_Processor|regfile:regfile_i|reg:\g_regs:12:i_reg|dffg:\g_dffgs:7:i_dffg                                                    ; dffg            ; work         ;
;          |dffg:\g_dffgs:8:i_dffg|                ; 0 (0)               ; 1 (1)                     ; 0           ; 0            ; 0       ; 0         ; 0    ; 0            ; |RISCV_Processor|regfile:regfile_i|reg:\g_regs:12:i_reg|dffg:\g_dffgs:8:i_dffg                                                    ; dffg            ; work         ;
;          |dffg:\g_dffgs:9:i_dffg|                ; 0 (0)               ; 1 (1)                     ; 0           ; 0            ; 0       ; 0         ; 0    ; 0            ; |RISCV_Processor|regfile:regfile_i|reg:\g_regs:12:i_reg|dffg:\g_dffgs:9:i_dffg                                                    ; dffg            ; work         ;
;       |reg:\g_regs:13:i_reg|                     ; 0 (0)               ; 32 (0)                    ; 0           ; 0            ; 0       ; 0         ; 0    ; 0            ; |RISCV_Processor|regfile:regfile_i|reg:\g_regs:13:i_reg                                                                           ; reg             ; work         ;
;          |dffg:\g_dffgs:0:i_dffg|                ; 0 (0)               ; 1 (1)                     ; 0           ; 0            ; 0       ; 0         ; 0    ; 0            ; |RISCV_Processor|regfile:regfile_i|reg:\g_regs:13:i_reg|dffg:\g_dffgs:0:i_dffg                                                    ; dffg            ; work         ;
;          |dffg:\g_dffgs:10:i_dffg|               ; 0 (0)               ; 1 (1)                     ; 0           ; 0            ; 0       ; 0         ; 0    ; 0            ; |RISCV_Processor|regfile:regfile_i|reg:\g_regs:13:i_reg|dffg:\g_dffgs:10:i_dffg                                                   ; dffg            ; work         ;
;          |dffg:\g_dffgs:11:i_dffg|               ; 0 (0)               ; 1 (1)                     ; 0           ; 0            ; 0       ; 0         ; 0    ; 0            ; |RISCV_Processor|regfile:regfile_i|reg:\g_regs:13:i_reg|dffg:\g_dffgs:11:i_dffg                                                   ; dffg            ; work         ;
;          |dffg:\g_dffgs:12:i_dffg|               ; 0 (0)               ; 1 (1)                     ; 0           ; 0            ; 0       ; 0         ; 0    ; 0            ; |RISCV_Processor|regfile:regfile_i|reg:\g_regs:13:i_reg|dffg:\g_dffgs:12:i_dffg                                                   ; dffg            ; work         ;
;          |dffg:\g_dffgs:13:i_dffg|               ; 0 (0)               ; 1 (1)                     ; 0           ; 0            ; 0       ; 0         ; 0    ; 0            ; |RISCV_Processor|regfile:regfile_i|reg:\g_regs:13:i_reg|dffg:\g_dffgs:13:i_dffg                                                   ; dffg            ; work         ;
;          |dffg:\g_dffgs:14:i_dffg|               ; 0 (0)               ; 1 (1)                     ; 0           ; 0            ; 0       ; 0         ; 0    ; 0            ; |RISCV_Processor|regfile:regfile_i|reg:\g_regs:13:i_reg|dffg:\g_dffgs:14:i_dffg                                                   ; dffg            ; work         ;
;          |dffg:\g_dffgs:15:i_dffg|               ; 0 (0)               ; 1 (1)                     ; 0           ; 0            ; 0       ; 0         ; 0    ; 0            ; |RISCV_Processor|regfile:regfile_i|reg:\g_regs:13:i_reg|dffg:\g_dffgs:15:i_dffg                                                   ; dffg            ; work         ;
;          |dffg:\g_dffgs:16:i_dffg|               ; 0 (0)               ; 1 (1)                     ; 0           ; 0            ; 0       ; 0         ; 0    ; 0            ; |RISCV_Processor|regfile:regfile_i|reg:\g_regs:13:i_reg|dffg:\g_dffgs:16:i_dffg                                                   ; dffg            ; work         ;
;          |dffg:\g_dffgs:17:i_dffg|               ; 0 (0)               ; 1 (1)                     ; 0           ; 0            ; 0       ; 0         ; 0    ; 0            ; |RISCV_Processor|regfile:regfile_i|reg:\g_regs:13:i_reg|dffg:\g_dffgs:17:i_dffg                                                   ; dffg            ; work         ;
;          |dffg:\g_dffgs:18:i_dffg|               ; 0 (0)               ; 1 (1)                     ; 0           ; 0            ; 0       ; 0         ; 0    ; 0            ; |RISCV_Processor|regfile:regfile_i|reg:\g_regs:13:i_reg|dffg:\g_dffgs:18:i_dffg                                                   ; dffg            ; work         ;
;          |dffg:\g_dffgs:19:i_dffg|               ; 0 (0)               ; 1 (1)                     ; 0           ; 0            ; 0       ; 0         ; 0    ; 0            ; |RISCV_Processor|regfile:regfile_i|reg:\g_regs:13:i_reg|dffg:\g_dffgs:19:i_dffg                                                   ; dffg            ; work         ;
;          |dffg:\g_dffgs:1:i_dffg|                ; 0 (0)               ; 1 (1)                     ; 0           ; 0            ; 0       ; 0         ; 0    ; 0            ; |RISCV_Processor|regfile:regfile_i|reg:\g_regs:13:i_reg|dffg:\g_dffgs:1:i_dffg                                                    ; dffg            ; work         ;
;          |dffg:\g_dffgs:20:i_dffg|               ; 0 (0)               ; 1 (1)                     ; 0           ; 0            ; 0       ; 0         ; 0    ; 0            ; |RISCV_Processor|regfile:regfile_i|reg:\g_regs:13:i_reg|dffg:\g_dffgs:20:i_dffg                                                   ; dffg            ; work         ;
;          |dffg:\g_dffgs:21:i_dffg|               ; 0 (0)               ; 1 (1)                     ; 0           ; 0            ; 0       ; 0         ; 0    ; 0            ; |RISCV_Processor|regfile:regfile_i|reg:\g_regs:13:i_reg|dffg:\g_dffgs:21:i_dffg                                                   ; dffg            ; work         ;
;          |dffg:\g_dffgs:22:i_dffg|               ; 0 (0)               ; 1 (1)                     ; 0           ; 0            ; 0       ; 0         ; 0    ; 0            ; |RISCV_Processor|regfile:regfile_i|reg:\g_regs:13:i_reg|dffg:\g_dffgs:22:i_dffg                                                   ; dffg            ; work         ;
;          |dffg:\g_dffgs:23:i_dffg|               ; 0 (0)               ; 1 (1)                     ; 0           ; 0            ; 0       ; 0         ; 0    ; 0            ; |RISCV_Processor|regfile:regfile_i|reg:\g_regs:13:i_reg|dffg:\g_dffgs:23:i_dffg                                                   ; dffg            ; work         ;
;          |dffg:\g_dffgs:24:i_dffg|               ; 0 (0)               ; 1 (1)                     ; 0           ; 0            ; 0       ; 0         ; 0    ; 0            ; |RISCV_Processor|regfile:regfile_i|reg:\g_regs:13:i_reg|dffg:\g_dffgs:24:i_dffg                                                   ; dffg            ; work         ;
;          |dffg:\g_dffgs:25:i_dffg|               ; 0 (0)               ; 1 (1)                     ; 0           ; 0            ; 0       ; 0         ; 0    ; 0            ; |RISCV_Processor|regfile:regfile_i|reg:\g_regs:13:i_reg|dffg:\g_dffgs:25:i_dffg                                                   ; dffg            ; work         ;
;          |dffg:\g_dffgs:26:i_dffg|               ; 0 (0)               ; 1 (1)                     ; 0           ; 0            ; 0       ; 0         ; 0    ; 0            ; |RISCV_Processor|regfile:regfile_i|reg:\g_regs:13:i_reg|dffg:\g_dffgs:26:i_dffg                                                   ; dffg            ; work         ;
;          |dffg:\g_dffgs:27:i_dffg|               ; 0 (0)               ; 1 (1)                     ; 0           ; 0            ; 0       ; 0         ; 0    ; 0            ; |RISCV_Processor|regfile:regfile_i|reg:\g_regs:13:i_reg|dffg:\g_dffgs:27:i_dffg                                                   ; dffg            ; work         ;
;          |dffg:\g_dffgs:28:i_dffg|               ; 0 (0)               ; 1 (1)                     ; 0           ; 0            ; 0       ; 0         ; 0    ; 0            ; |RISCV_Processor|regfile:regfile_i|reg:\g_regs:13:i_reg|dffg:\g_dffgs:28:i_dffg                                                   ; dffg            ; work         ;
;          |dffg:\g_dffgs:29:i_dffg|               ; 0 (0)               ; 1 (1)                     ; 0           ; 0            ; 0       ; 0         ; 0    ; 0            ; |RISCV_Processor|regfile:regfile_i|reg:\g_regs:13:i_reg|dffg:\g_dffgs:29:i_dffg                                                   ; dffg            ; work         ;
;          |dffg:\g_dffgs:2:i_dffg|                ; 0 (0)               ; 1 (1)                     ; 0           ; 0            ; 0       ; 0         ; 0    ; 0            ; |RISCV_Processor|regfile:regfile_i|reg:\g_regs:13:i_reg|dffg:\g_dffgs:2:i_dffg                                                    ; dffg            ; work         ;
;          |dffg:\g_dffgs:30:i_dffg|               ; 0 (0)               ; 1 (1)                     ; 0           ; 0            ; 0       ; 0         ; 0    ; 0            ; |RISCV_Processor|regfile:regfile_i|reg:\g_regs:13:i_reg|dffg:\g_dffgs:30:i_dffg                                                   ; dffg            ; work         ;
;          |dffg:\g_dffgs:31:i_dffg|               ; 0 (0)               ; 1 (1)                     ; 0           ; 0            ; 0       ; 0         ; 0    ; 0            ; |RISCV_Processor|regfile:regfile_i|reg:\g_regs:13:i_reg|dffg:\g_dffgs:31:i_dffg                                                   ; dffg            ; work         ;
;          |dffg:\g_dffgs:3:i_dffg|                ; 0 (0)               ; 1 (1)                     ; 0           ; 0            ; 0       ; 0         ; 0    ; 0            ; |RISCV_Processor|regfile:regfile_i|reg:\g_regs:13:i_reg|dffg:\g_dffgs:3:i_dffg                                                    ; dffg            ; work         ;
;          |dffg:\g_dffgs:4:i_dffg|                ; 0 (0)               ; 1 (1)                     ; 0           ; 0            ; 0       ; 0         ; 0    ; 0            ; |RISCV_Processor|regfile:regfile_i|reg:\g_regs:13:i_reg|dffg:\g_dffgs:4:i_dffg                                                    ; dffg            ; work         ;
;          |dffg:\g_dffgs:5:i_dffg|                ; 0 (0)               ; 1 (1)                     ; 0           ; 0            ; 0       ; 0         ; 0    ; 0            ; |RISCV_Processor|regfile:regfile_i|reg:\g_regs:13:i_reg|dffg:\g_dffgs:5:i_dffg                                                    ; dffg            ; work         ;
;          |dffg:\g_dffgs:6:i_dffg|                ; 0 (0)               ; 1 (1)                     ; 0           ; 0            ; 0       ; 0         ; 0    ; 0            ; |RISCV_Processor|regfile:regfile_i|reg:\g_regs:13:i_reg|dffg:\g_dffgs:6:i_dffg                                                    ; dffg            ; work         ;
;          |dffg:\g_dffgs:7:i_dffg|                ; 0 (0)               ; 1 (1)                     ; 0           ; 0            ; 0       ; 0         ; 0    ; 0            ; |RISCV_Processor|regfile:regfile_i|reg:\g_regs:13:i_reg|dffg:\g_dffgs:7:i_dffg                                                    ; dffg            ; work         ;
;          |dffg:\g_dffgs:8:i_dffg|                ; 0 (0)               ; 1 (1)                     ; 0           ; 0            ; 0       ; 0         ; 0    ; 0            ; |RISCV_Processor|regfile:regfile_i|reg:\g_regs:13:i_reg|dffg:\g_dffgs:8:i_dffg                                                    ; dffg            ; work         ;
;          |dffg:\g_dffgs:9:i_dffg|                ; 0 (0)               ; 1 (1)                     ; 0           ; 0            ; 0       ; 0         ; 0    ; 0            ; |RISCV_Processor|regfile:regfile_i|reg:\g_regs:13:i_reg|dffg:\g_dffgs:9:i_dffg                                                    ; dffg            ; work         ;
;       |reg:\g_regs:14:i_reg|                     ; 0 (0)               ; 32 (0)                    ; 0           ; 0            ; 0       ; 0         ; 0    ; 0            ; |RISCV_Processor|regfile:regfile_i|reg:\g_regs:14:i_reg                                                                           ; reg             ; work         ;
;          |dffg:\g_dffgs:0:i_dffg|                ; 0 (0)               ; 1 (1)                     ; 0           ; 0            ; 0       ; 0         ; 0    ; 0            ; |RISCV_Processor|regfile:regfile_i|reg:\g_regs:14:i_reg|dffg:\g_dffgs:0:i_dffg                                                    ; dffg            ; work         ;
;          |dffg:\g_dffgs:10:i_dffg|               ; 0 (0)               ; 1 (1)                     ; 0           ; 0            ; 0       ; 0         ; 0    ; 0            ; |RISCV_Processor|regfile:regfile_i|reg:\g_regs:14:i_reg|dffg:\g_dffgs:10:i_dffg                                                   ; dffg            ; work         ;
;          |dffg:\g_dffgs:11:i_dffg|               ; 0 (0)               ; 1 (1)                     ; 0           ; 0            ; 0       ; 0         ; 0    ; 0            ; |RISCV_Processor|regfile:regfile_i|reg:\g_regs:14:i_reg|dffg:\g_dffgs:11:i_dffg                                                   ; dffg            ; work         ;
;          |dffg:\g_dffgs:12:i_dffg|               ; 0 (0)               ; 1 (1)                     ; 0           ; 0            ; 0       ; 0         ; 0    ; 0            ; |RISCV_Processor|regfile:regfile_i|reg:\g_regs:14:i_reg|dffg:\g_dffgs:12:i_dffg                                                   ; dffg            ; work         ;
;          |dffg:\g_dffgs:13:i_dffg|               ; 0 (0)               ; 1 (1)                     ; 0           ; 0            ; 0       ; 0         ; 0    ; 0            ; |RISCV_Processor|regfile:regfile_i|reg:\g_regs:14:i_reg|dffg:\g_dffgs:13:i_dffg                                                   ; dffg            ; work         ;
;          |dffg:\g_dffgs:14:i_dffg|               ; 0 (0)               ; 1 (1)                     ; 0           ; 0            ; 0       ; 0         ; 0    ; 0            ; |RISCV_Processor|regfile:regfile_i|reg:\g_regs:14:i_reg|dffg:\g_dffgs:14:i_dffg                                                   ; dffg            ; work         ;
;          |dffg:\g_dffgs:15:i_dffg|               ; 0 (0)               ; 1 (1)                     ; 0           ; 0            ; 0       ; 0         ; 0    ; 0            ; |RISCV_Processor|regfile:regfile_i|reg:\g_regs:14:i_reg|dffg:\g_dffgs:15:i_dffg                                                   ; dffg            ; work         ;
;          |dffg:\g_dffgs:16:i_dffg|               ; 0 (0)               ; 1 (1)                     ; 0           ; 0            ; 0       ; 0         ; 0    ; 0            ; |RISCV_Processor|regfile:regfile_i|reg:\g_regs:14:i_reg|dffg:\g_dffgs:16:i_dffg                                                   ; dffg            ; work         ;
;          |dffg:\g_dffgs:17:i_dffg|               ; 0 (0)               ; 1 (1)                     ; 0           ; 0            ; 0       ; 0         ; 0    ; 0            ; |RISCV_Processor|regfile:regfile_i|reg:\g_regs:14:i_reg|dffg:\g_dffgs:17:i_dffg                                                   ; dffg            ; work         ;
;          |dffg:\g_dffgs:18:i_dffg|               ; 0 (0)               ; 1 (1)                     ; 0           ; 0            ; 0       ; 0         ; 0    ; 0            ; |RISCV_Processor|regfile:regfile_i|reg:\g_regs:14:i_reg|dffg:\g_dffgs:18:i_dffg                                                   ; dffg            ; work         ;
;          |dffg:\g_dffgs:19:i_dffg|               ; 0 (0)               ; 1 (1)                     ; 0           ; 0            ; 0       ; 0         ; 0    ; 0            ; |RISCV_Processor|regfile:regfile_i|reg:\g_regs:14:i_reg|dffg:\g_dffgs:19:i_dffg                                                   ; dffg            ; work         ;
;          |dffg:\g_dffgs:1:i_dffg|                ; 0 (0)               ; 1 (1)                     ; 0           ; 0            ; 0       ; 0         ; 0    ; 0            ; |RISCV_Processor|regfile:regfile_i|reg:\g_regs:14:i_reg|dffg:\g_dffgs:1:i_dffg                                                    ; dffg            ; work         ;
;          |dffg:\g_dffgs:20:i_dffg|               ; 0 (0)               ; 1 (1)                     ; 0           ; 0            ; 0       ; 0         ; 0    ; 0            ; |RISCV_Processor|regfile:regfile_i|reg:\g_regs:14:i_reg|dffg:\g_dffgs:20:i_dffg                                                   ; dffg            ; work         ;
;          |dffg:\g_dffgs:21:i_dffg|               ; 0 (0)               ; 1 (1)                     ; 0           ; 0            ; 0       ; 0         ; 0    ; 0            ; |RISCV_Processor|regfile:regfile_i|reg:\g_regs:14:i_reg|dffg:\g_dffgs:21:i_dffg                                                   ; dffg            ; work         ;
;          |dffg:\g_dffgs:22:i_dffg|               ; 0 (0)               ; 1 (1)                     ; 0           ; 0            ; 0       ; 0         ; 0    ; 0            ; |RISCV_Processor|regfile:regfile_i|reg:\g_regs:14:i_reg|dffg:\g_dffgs:22:i_dffg                                                   ; dffg            ; work         ;
;          |dffg:\g_dffgs:23:i_dffg|               ; 0 (0)               ; 1 (1)                     ; 0           ; 0            ; 0       ; 0         ; 0    ; 0            ; |RISCV_Processor|regfile:regfile_i|reg:\g_regs:14:i_reg|dffg:\g_dffgs:23:i_dffg                                                   ; dffg            ; work         ;
;          |dffg:\g_dffgs:24:i_dffg|               ; 0 (0)               ; 1 (1)                     ; 0           ; 0            ; 0       ; 0         ; 0    ; 0            ; |RISCV_Processor|regfile:regfile_i|reg:\g_regs:14:i_reg|dffg:\g_dffgs:24:i_dffg                                                   ; dffg            ; work         ;
;          |dffg:\g_dffgs:25:i_dffg|               ; 0 (0)               ; 1 (1)                     ; 0           ; 0            ; 0       ; 0         ; 0    ; 0            ; |RISCV_Processor|regfile:regfile_i|reg:\g_regs:14:i_reg|dffg:\g_dffgs:25:i_dffg                                                   ; dffg            ; work         ;
;          |dffg:\g_dffgs:26:i_dffg|               ; 0 (0)               ; 1 (1)                     ; 0           ; 0            ; 0       ; 0         ; 0    ; 0            ; |RISCV_Processor|regfile:regfile_i|reg:\g_regs:14:i_reg|dffg:\g_dffgs:26:i_dffg                                                   ; dffg            ; work         ;
;          |dffg:\g_dffgs:27:i_dffg|               ; 0 (0)               ; 1 (1)                     ; 0           ; 0            ; 0       ; 0         ; 0    ; 0            ; |RISCV_Processor|regfile:regfile_i|reg:\g_regs:14:i_reg|dffg:\g_dffgs:27:i_dffg                                                   ; dffg            ; work         ;
;          |dffg:\g_dffgs:28:i_dffg|               ; 0 (0)               ; 1 (1)                     ; 0           ; 0            ; 0       ; 0         ; 0    ; 0            ; |RISCV_Processor|regfile:regfile_i|reg:\g_regs:14:i_reg|dffg:\g_dffgs:28:i_dffg                                                   ; dffg            ; work         ;
;          |dffg:\g_dffgs:29:i_dffg|               ; 0 (0)               ; 1 (1)                     ; 0           ; 0            ; 0       ; 0         ; 0    ; 0            ; |RISCV_Processor|regfile:regfile_i|reg:\g_regs:14:i_reg|dffg:\g_dffgs:29:i_dffg                                                   ; dffg            ; work         ;
;          |dffg:\g_dffgs:2:i_dffg|                ; 0 (0)               ; 1 (1)                     ; 0           ; 0            ; 0       ; 0         ; 0    ; 0            ; |RISCV_Processor|regfile:regfile_i|reg:\g_regs:14:i_reg|dffg:\g_dffgs:2:i_dffg                                                    ; dffg            ; work         ;
;          |dffg:\g_dffgs:30:i_dffg|               ; 0 (0)               ; 1 (1)                     ; 0           ; 0            ; 0       ; 0         ; 0    ; 0            ; |RISCV_Processor|regfile:regfile_i|reg:\g_regs:14:i_reg|dffg:\g_dffgs:30:i_dffg                                                   ; dffg            ; work         ;
;          |dffg:\g_dffgs:31:i_dffg|               ; 0 (0)               ; 1 (1)                     ; 0           ; 0            ; 0       ; 0         ; 0    ; 0            ; |RISCV_Processor|regfile:regfile_i|reg:\g_regs:14:i_reg|dffg:\g_dffgs:31:i_dffg                                                   ; dffg            ; work         ;
;          |dffg:\g_dffgs:3:i_dffg|                ; 0 (0)               ; 1 (1)                     ; 0           ; 0            ; 0       ; 0         ; 0    ; 0            ; |RISCV_Processor|regfile:regfile_i|reg:\g_regs:14:i_reg|dffg:\g_dffgs:3:i_dffg                                                    ; dffg            ; work         ;
;          |dffg:\g_dffgs:4:i_dffg|                ; 0 (0)               ; 1 (1)                     ; 0           ; 0            ; 0       ; 0         ; 0    ; 0            ; |RISCV_Processor|regfile:regfile_i|reg:\g_regs:14:i_reg|dffg:\g_dffgs:4:i_dffg                                                    ; dffg            ; work         ;
;          |dffg:\g_dffgs:5:i_dffg|                ; 0 (0)               ; 1 (1)                     ; 0           ; 0            ; 0       ; 0         ; 0    ; 0            ; |RISCV_Processor|regfile:regfile_i|reg:\g_regs:14:i_reg|dffg:\g_dffgs:5:i_dffg                                                    ; dffg            ; work         ;
;          |dffg:\g_dffgs:6:i_dffg|                ; 0 (0)               ; 1 (1)                     ; 0           ; 0            ; 0       ; 0         ; 0    ; 0            ; |RISCV_Processor|regfile:regfile_i|reg:\g_regs:14:i_reg|dffg:\g_dffgs:6:i_dffg                                                    ; dffg            ; work         ;
;          |dffg:\g_dffgs:7:i_dffg|                ; 0 (0)               ; 1 (1)                     ; 0           ; 0            ; 0       ; 0         ; 0    ; 0            ; |RISCV_Processor|regfile:regfile_i|reg:\g_regs:14:i_reg|dffg:\g_dffgs:7:i_dffg                                                    ; dffg            ; work         ;
;          |dffg:\g_dffgs:8:i_dffg|                ; 0 (0)               ; 1 (1)                     ; 0           ; 0            ; 0       ; 0         ; 0    ; 0            ; |RISCV_Processor|regfile:regfile_i|reg:\g_regs:14:i_reg|dffg:\g_dffgs:8:i_dffg                                                    ; dffg            ; work         ;
;          |dffg:\g_dffgs:9:i_dffg|                ; 0 (0)               ; 1 (1)                     ; 0           ; 0            ; 0       ; 0         ; 0    ; 0            ; |RISCV_Processor|regfile:regfile_i|reg:\g_regs:14:i_reg|dffg:\g_dffgs:9:i_dffg                                                    ; dffg            ; work         ;
;       |reg:\g_regs:15:i_reg|                     ; 0 (0)               ; 32 (0)                    ; 0           ; 0            ; 0       ; 0         ; 0    ; 0            ; |RISCV_Processor|regfile:regfile_i|reg:\g_regs:15:i_reg                                                                           ; reg             ; work         ;
;          |dffg:\g_dffgs:0:i_dffg|                ; 0 (0)               ; 1 (1)                     ; 0           ; 0            ; 0       ; 0         ; 0    ; 0            ; |RISCV_Processor|regfile:regfile_i|reg:\g_regs:15:i_reg|dffg:\g_dffgs:0:i_dffg                                                    ; dffg            ; work         ;
;          |dffg:\g_dffgs:10:i_dffg|               ; 0 (0)               ; 1 (1)                     ; 0           ; 0            ; 0       ; 0         ; 0    ; 0            ; |RISCV_Processor|regfile:regfile_i|reg:\g_regs:15:i_reg|dffg:\g_dffgs:10:i_dffg                                                   ; dffg            ; work         ;
;          |dffg:\g_dffgs:11:i_dffg|               ; 0 (0)               ; 1 (1)                     ; 0           ; 0            ; 0       ; 0         ; 0    ; 0            ; |RISCV_Processor|regfile:regfile_i|reg:\g_regs:15:i_reg|dffg:\g_dffgs:11:i_dffg                                                   ; dffg            ; work         ;
;          |dffg:\g_dffgs:12:i_dffg|               ; 0 (0)               ; 1 (1)                     ; 0           ; 0            ; 0       ; 0         ; 0    ; 0            ; |RISCV_Processor|regfile:regfile_i|reg:\g_regs:15:i_reg|dffg:\g_dffgs:12:i_dffg                                                   ; dffg            ; work         ;
;          |dffg:\g_dffgs:13:i_dffg|               ; 0 (0)               ; 1 (1)                     ; 0           ; 0            ; 0       ; 0         ; 0    ; 0            ; |RISCV_Processor|regfile:regfile_i|reg:\g_regs:15:i_reg|dffg:\g_dffgs:13:i_dffg                                                   ; dffg            ; work         ;
;          |dffg:\g_dffgs:14:i_dffg|               ; 0 (0)               ; 1 (1)                     ; 0           ; 0            ; 0       ; 0         ; 0    ; 0            ; |RISCV_Processor|regfile:regfile_i|reg:\g_regs:15:i_reg|dffg:\g_dffgs:14:i_dffg                                                   ; dffg            ; work         ;
;          |dffg:\g_dffgs:15:i_dffg|               ; 0 (0)               ; 1 (1)                     ; 0           ; 0            ; 0       ; 0         ; 0    ; 0            ; |RISCV_Processor|regfile:regfile_i|reg:\g_regs:15:i_reg|dffg:\g_dffgs:15:i_dffg                                                   ; dffg            ; work         ;
;          |dffg:\g_dffgs:16:i_dffg|               ; 0 (0)               ; 1 (1)                     ; 0           ; 0            ; 0       ; 0         ; 0    ; 0            ; |RISCV_Processor|regfile:regfile_i|reg:\g_regs:15:i_reg|dffg:\g_dffgs:16:i_dffg                                                   ; dffg            ; work         ;
;          |dffg:\g_dffgs:17:i_dffg|               ; 0 (0)               ; 1 (1)                     ; 0           ; 0            ; 0       ; 0         ; 0    ; 0            ; |RISCV_Processor|regfile:regfile_i|reg:\g_regs:15:i_reg|dffg:\g_dffgs:17:i_dffg                                                   ; dffg            ; work         ;
;          |dffg:\g_dffgs:18:i_dffg|               ; 0 (0)               ; 1 (1)                     ; 0           ; 0            ; 0       ; 0         ; 0    ; 0            ; |RISCV_Processor|regfile:regfile_i|reg:\g_regs:15:i_reg|dffg:\g_dffgs:18:i_dffg                                                   ; dffg            ; work         ;
;          |dffg:\g_dffgs:19:i_dffg|               ; 0 (0)               ; 1 (1)                     ; 0           ; 0            ; 0       ; 0         ; 0    ; 0            ; |RISCV_Processor|regfile:regfile_i|reg:\g_regs:15:i_reg|dffg:\g_dffgs:19:i_dffg                                                   ; dffg            ; work         ;
;          |dffg:\g_dffgs:1:i_dffg|                ; 0 (0)               ; 1 (1)                     ; 0           ; 0            ; 0       ; 0         ; 0    ; 0            ; |RISCV_Processor|regfile:regfile_i|reg:\g_regs:15:i_reg|dffg:\g_dffgs:1:i_dffg                                                    ; dffg            ; work         ;
;          |dffg:\g_dffgs:20:i_dffg|               ; 0 (0)               ; 1 (1)                     ; 0           ; 0            ; 0       ; 0         ; 0    ; 0            ; |RISCV_Processor|regfile:regfile_i|reg:\g_regs:15:i_reg|dffg:\g_dffgs:20:i_dffg                                                   ; dffg            ; work         ;
;          |dffg:\g_dffgs:21:i_dffg|               ; 0 (0)               ; 1 (1)                     ; 0           ; 0            ; 0       ; 0         ; 0    ; 0            ; |RISCV_Processor|regfile:regfile_i|reg:\g_regs:15:i_reg|dffg:\g_dffgs:21:i_dffg                                                   ; dffg            ; work         ;
;          |dffg:\g_dffgs:22:i_dffg|               ; 0 (0)               ; 1 (1)                     ; 0           ; 0            ; 0       ; 0         ; 0    ; 0            ; |RISCV_Processor|regfile:regfile_i|reg:\g_regs:15:i_reg|dffg:\g_dffgs:22:i_dffg                                                   ; dffg            ; work         ;
;          |dffg:\g_dffgs:23:i_dffg|               ; 0 (0)               ; 1 (1)                     ; 0           ; 0            ; 0       ; 0         ; 0    ; 0            ; |RISCV_Processor|regfile:regfile_i|reg:\g_regs:15:i_reg|dffg:\g_dffgs:23:i_dffg                                                   ; dffg            ; work         ;
;          |dffg:\g_dffgs:24:i_dffg|               ; 0 (0)               ; 1 (1)                     ; 0           ; 0            ; 0       ; 0         ; 0    ; 0            ; |RISCV_Processor|regfile:regfile_i|reg:\g_regs:15:i_reg|dffg:\g_dffgs:24:i_dffg                                                   ; dffg            ; work         ;
;          |dffg:\g_dffgs:25:i_dffg|               ; 0 (0)               ; 1 (1)                     ; 0           ; 0            ; 0       ; 0         ; 0    ; 0            ; |RISCV_Processor|regfile:regfile_i|reg:\g_regs:15:i_reg|dffg:\g_dffgs:25:i_dffg                                                   ; dffg            ; work         ;
;          |dffg:\g_dffgs:26:i_dffg|               ; 0 (0)               ; 1 (1)                     ; 0           ; 0            ; 0       ; 0         ; 0    ; 0            ; |RISCV_Processor|regfile:regfile_i|reg:\g_regs:15:i_reg|dffg:\g_dffgs:26:i_dffg                                                   ; dffg            ; work         ;
;          |dffg:\g_dffgs:27:i_dffg|               ; 0 (0)               ; 1 (1)                     ; 0           ; 0            ; 0       ; 0         ; 0    ; 0            ; |RISCV_Processor|regfile:regfile_i|reg:\g_regs:15:i_reg|dffg:\g_dffgs:27:i_dffg                                                   ; dffg            ; work         ;
;          |dffg:\g_dffgs:28:i_dffg|               ; 0 (0)               ; 1 (1)                     ; 0           ; 0            ; 0       ; 0         ; 0    ; 0            ; |RISCV_Processor|regfile:regfile_i|reg:\g_regs:15:i_reg|dffg:\g_dffgs:28:i_dffg                                                   ; dffg            ; work         ;
;          |dffg:\g_dffgs:29:i_dffg|               ; 0 (0)               ; 1 (1)                     ; 0           ; 0            ; 0       ; 0         ; 0    ; 0            ; |RISCV_Processor|regfile:regfile_i|reg:\g_regs:15:i_reg|dffg:\g_dffgs:29:i_dffg                                                   ; dffg            ; work         ;
;          |dffg:\g_dffgs:2:i_dffg|                ; 0 (0)               ; 1 (1)                     ; 0           ; 0            ; 0       ; 0         ; 0    ; 0            ; |RISCV_Processor|regfile:regfile_i|reg:\g_regs:15:i_reg|dffg:\g_dffgs:2:i_dffg                                                    ; dffg            ; work         ;
;          |dffg:\g_dffgs:30:i_dffg|               ; 0 (0)               ; 1 (1)                     ; 0           ; 0            ; 0       ; 0         ; 0    ; 0            ; |RISCV_Processor|regfile:regfile_i|reg:\g_regs:15:i_reg|dffg:\g_dffgs:30:i_dffg                                                   ; dffg            ; work         ;
;          |dffg:\g_dffgs:31:i_dffg|               ; 0 (0)               ; 1 (1)                     ; 0           ; 0            ; 0       ; 0         ; 0    ; 0            ; |RISCV_Processor|regfile:regfile_i|reg:\g_regs:15:i_reg|dffg:\g_dffgs:31:i_dffg                                                   ; dffg            ; work         ;
;          |dffg:\g_dffgs:3:i_dffg|                ; 0 (0)               ; 1 (1)                     ; 0           ; 0            ; 0       ; 0         ; 0    ; 0            ; |RISCV_Processor|regfile:regfile_i|reg:\g_regs:15:i_reg|dffg:\g_dffgs:3:i_dffg                                                    ; dffg            ; work         ;
;          |dffg:\g_dffgs:4:i_dffg|                ; 0 (0)               ; 1 (1)                     ; 0           ; 0            ; 0       ; 0         ; 0    ; 0            ; |RISCV_Processor|regfile:regfile_i|reg:\g_regs:15:i_reg|dffg:\g_dffgs:4:i_dffg                                                    ; dffg            ; work         ;
;          |dffg:\g_dffgs:5:i_dffg|                ; 0 (0)               ; 1 (1)                     ; 0           ; 0            ; 0       ; 0         ; 0    ; 0            ; |RISCV_Processor|regfile:regfile_i|reg:\g_regs:15:i_reg|dffg:\g_dffgs:5:i_dffg                                                    ; dffg            ; work         ;
;          |dffg:\g_dffgs:6:i_dffg|                ; 0 (0)               ; 1 (1)                     ; 0           ; 0            ; 0       ; 0         ; 0    ; 0            ; |RISCV_Processor|regfile:regfile_i|reg:\g_regs:15:i_reg|dffg:\g_dffgs:6:i_dffg                                                    ; dffg            ; work         ;
;          |dffg:\g_dffgs:7:i_dffg|                ; 0 (0)               ; 1 (1)                     ; 0           ; 0            ; 0       ; 0         ; 0    ; 0            ; |RISCV_Processor|regfile:regfile_i|reg:\g_regs:15:i_reg|dffg:\g_dffgs:7:i_dffg                                                    ; dffg            ; work         ;
;          |dffg:\g_dffgs:8:i_dffg|                ; 0 (0)               ; 1 (1)                     ; 0           ; 0            ; 0       ; 0         ; 0    ; 0            ; |RISCV_Processor|regfile:regfile_i|reg:\g_regs:15:i_reg|dffg:\g_dffgs:8:i_dffg                                                    ; dffg            ; work         ;
;          |dffg:\g_dffgs:9:i_dffg|                ; 0 (0)               ; 1 (1)                     ; 0           ; 0            ; 0       ; 0         ; 0    ; 0            ; |RISCV_Processor|regfile:regfile_i|reg:\g_regs:15:i_reg|dffg:\g_dffgs:9:i_dffg                                                    ; dffg            ; work         ;
;       |reg:\g_regs:16:i_reg|                     ; 0 (0)               ; 32 (0)                    ; 0           ; 0            ; 0       ; 0         ; 0    ; 0            ; |RISCV_Processor|regfile:regfile_i|reg:\g_regs:16:i_reg                                                                           ; reg             ; work         ;
;          |dffg:\g_dffgs:0:i_dffg|                ; 0 (0)               ; 1 (1)                     ; 0           ; 0            ; 0       ; 0         ; 0    ; 0            ; |RISCV_Processor|regfile:regfile_i|reg:\g_regs:16:i_reg|dffg:\g_dffgs:0:i_dffg                                                    ; dffg            ; work         ;
;          |dffg:\g_dffgs:10:i_dffg|               ; 0 (0)               ; 1 (1)                     ; 0           ; 0            ; 0       ; 0         ; 0    ; 0            ; |RISCV_Processor|regfile:regfile_i|reg:\g_regs:16:i_reg|dffg:\g_dffgs:10:i_dffg                                                   ; dffg            ; work         ;
;          |dffg:\g_dffgs:11:i_dffg|               ; 0 (0)               ; 1 (1)                     ; 0           ; 0            ; 0       ; 0         ; 0    ; 0            ; |RISCV_Processor|regfile:regfile_i|reg:\g_regs:16:i_reg|dffg:\g_dffgs:11:i_dffg                                                   ; dffg            ; work         ;
;          |dffg:\g_dffgs:12:i_dffg|               ; 0 (0)               ; 1 (1)                     ; 0           ; 0            ; 0       ; 0         ; 0    ; 0            ; |RISCV_Processor|regfile:regfile_i|reg:\g_regs:16:i_reg|dffg:\g_dffgs:12:i_dffg                                                   ; dffg            ; work         ;
;          |dffg:\g_dffgs:13:i_dffg|               ; 0 (0)               ; 1 (1)                     ; 0           ; 0            ; 0       ; 0         ; 0    ; 0            ; |RISCV_Processor|regfile:regfile_i|reg:\g_regs:16:i_reg|dffg:\g_dffgs:13:i_dffg                                                   ; dffg            ; work         ;
;          |dffg:\g_dffgs:14:i_dffg|               ; 0 (0)               ; 1 (1)                     ; 0           ; 0            ; 0       ; 0         ; 0    ; 0            ; |RISCV_Processor|regfile:regfile_i|reg:\g_regs:16:i_reg|dffg:\g_dffgs:14:i_dffg                                                   ; dffg            ; work         ;
;          |dffg:\g_dffgs:15:i_dffg|               ; 0 (0)               ; 1 (1)                     ; 0           ; 0            ; 0       ; 0         ; 0    ; 0            ; |RISCV_Processor|regfile:regfile_i|reg:\g_regs:16:i_reg|dffg:\g_dffgs:15:i_dffg                                                   ; dffg            ; work         ;
;          |dffg:\g_dffgs:16:i_dffg|               ; 0 (0)               ; 1 (1)                     ; 0           ; 0            ; 0       ; 0         ; 0    ; 0            ; |RISCV_Processor|regfile:regfile_i|reg:\g_regs:16:i_reg|dffg:\g_dffgs:16:i_dffg                                                   ; dffg            ; work         ;
;          |dffg:\g_dffgs:17:i_dffg|               ; 0 (0)               ; 1 (1)                     ; 0           ; 0            ; 0       ; 0         ; 0    ; 0            ; |RISCV_Processor|regfile:regfile_i|reg:\g_regs:16:i_reg|dffg:\g_dffgs:17:i_dffg                                                   ; dffg            ; work         ;
;          |dffg:\g_dffgs:18:i_dffg|               ; 0 (0)               ; 1 (1)                     ; 0           ; 0            ; 0       ; 0         ; 0    ; 0            ; |RISCV_Processor|regfile:regfile_i|reg:\g_regs:16:i_reg|dffg:\g_dffgs:18:i_dffg                                                   ; dffg            ; work         ;
;          |dffg:\g_dffgs:19:i_dffg|               ; 0 (0)               ; 1 (1)                     ; 0           ; 0            ; 0       ; 0         ; 0    ; 0            ; |RISCV_Processor|regfile:regfile_i|reg:\g_regs:16:i_reg|dffg:\g_dffgs:19:i_dffg                                                   ; dffg            ; work         ;
;          |dffg:\g_dffgs:1:i_dffg|                ; 0 (0)               ; 1 (1)                     ; 0           ; 0            ; 0       ; 0         ; 0    ; 0            ; |RISCV_Processor|regfile:regfile_i|reg:\g_regs:16:i_reg|dffg:\g_dffgs:1:i_dffg                                                    ; dffg            ; work         ;
;          |dffg:\g_dffgs:20:i_dffg|               ; 0 (0)               ; 1 (1)                     ; 0           ; 0            ; 0       ; 0         ; 0    ; 0            ; |RISCV_Processor|regfile:regfile_i|reg:\g_regs:16:i_reg|dffg:\g_dffgs:20:i_dffg                                                   ; dffg            ; work         ;
;          |dffg:\g_dffgs:21:i_dffg|               ; 0 (0)               ; 1 (1)                     ; 0           ; 0            ; 0       ; 0         ; 0    ; 0            ; |RISCV_Processor|regfile:regfile_i|reg:\g_regs:16:i_reg|dffg:\g_dffgs:21:i_dffg                                                   ; dffg            ; work         ;
;          |dffg:\g_dffgs:22:i_dffg|               ; 0 (0)               ; 1 (1)                     ; 0           ; 0            ; 0       ; 0         ; 0    ; 0            ; |RISCV_Processor|regfile:regfile_i|reg:\g_regs:16:i_reg|dffg:\g_dffgs:22:i_dffg                                                   ; dffg            ; work         ;
;          |dffg:\g_dffgs:23:i_dffg|               ; 0 (0)               ; 1 (1)                     ; 0           ; 0            ; 0       ; 0         ; 0    ; 0            ; |RISCV_Processor|regfile:regfile_i|reg:\g_regs:16:i_reg|dffg:\g_dffgs:23:i_dffg                                                   ; dffg            ; work         ;
;          |dffg:\g_dffgs:24:i_dffg|               ; 0 (0)               ; 1 (1)                     ; 0           ; 0            ; 0       ; 0         ; 0    ; 0            ; |RISCV_Processor|regfile:regfile_i|reg:\g_regs:16:i_reg|dffg:\g_dffgs:24:i_dffg                                                   ; dffg            ; work         ;
;          |dffg:\g_dffgs:25:i_dffg|               ; 0 (0)               ; 1 (1)                     ; 0           ; 0            ; 0       ; 0         ; 0    ; 0            ; |RISCV_Processor|regfile:regfile_i|reg:\g_regs:16:i_reg|dffg:\g_dffgs:25:i_dffg                                                   ; dffg            ; work         ;
;          |dffg:\g_dffgs:26:i_dffg|               ; 0 (0)               ; 1 (1)                     ; 0           ; 0            ; 0       ; 0         ; 0    ; 0            ; |RISCV_Processor|regfile:regfile_i|reg:\g_regs:16:i_reg|dffg:\g_dffgs:26:i_dffg                                                   ; dffg            ; work         ;
;          |dffg:\g_dffgs:27:i_dffg|               ; 0 (0)               ; 1 (1)                     ; 0           ; 0            ; 0       ; 0         ; 0    ; 0            ; |RISCV_Processor|regfile:regfile_i|reg:\g_regs:16:i_reg|dffg:\g_dffgs:27:i_dffg                                                   ; dffg            ; work         ;
;          |dffg:\g_dffgs:28:i_dffg|               ; 0 (0)               ; 1 (1)                     ; 0           ; 0            ; 0       ; 0         ; 0    ; 0            ; |RISCV_Processor|regfile:regfile_i|reg:\g_regs:16:i_reg|dffg:\g_dffgs:28:i_dffg                                                   ; dffg            ; work         ;
;          |dffg:\g_dffgs:29:i_dffg|               ; 0 (0)               ; 1 (1)                     ; 0           ; 0            ; 0       ; 0         ; 0    ; 0            ; |RISCV_Processor|regfile:regfile_i|reg:\g_regs:16:i_reg|dffg:\g_dffgs:29:i_dffg                                                   ; dffg            ; work         ;
;          |dffg:\g_dffgs:2:i_dffg|                ; 0 (0)               ; 1 (1)                     ; 0           ; 0            ; 0       ; 0         ; 0    ; 0            ; |RISCV_Processor|regfile:regfile_i|reg:\g_regs:16:i_reg|dffg:\g_dffgs:2:i_dffg                                                    ; dffg            ; work         ;
;          |dffg:\g_dffgs:30:i_dffg|               ; 0 (0)               ; 1 (1)                     ; 0           ; 0            ; 0       ; 0         ; 0    ; 0            ; |RISCV_Processor|regfile:regfile_i|reg:\g_regs:16:i_reg|dffg:\g_dffgs:30:i_dffg                                                   ; dffg            ; work         ;
;          |dffg:\g_dffgs:31:i_dffg|               ; 0 (0)               ; 1 (1)                     ; 0           ; 0            ; 0       ; 0         ; 0    ; 0            ; |RISCV_Processor|regfile:regfile_i|reg:\g_regs:16:i_reg|dffg:\g_dffgs:31:i_dffg                                                   ; dffg            ; work         ;
;          |dffg:\g_dffgs:3:i_dffg|                ; 0 (0)               ; 1 (1)                     ; 0           ; 0            ; 0       ; 0         ; 0    ; 0            ; |RISCV_Processor|regfile:regfile_i|reg:\g_regs:16:i_reg|dffg:\g_dffgs:3:i_dffg                                                    ; dffg            ; work         ;
;          |dffg:\g_dffgs:4:i_dffg|                ; 0 (0)               ; 1 (1)                     ; 0           ; 0            ; 0       ; 0         ; 0    ; 0            ; |RISCV_Processor|regfile:regfile_i|reg:\g_regs:16:i_reg|dffg:\g_dffgs:4:i_dffg                                                    ; dffg            ; work         ;
;          |dffg:\g_dffgs:5:i_dffg|                ; 0 (0)               ; 1 (1)                     ; 0           ; 0            ; 0       ; 0         ; 0    ; 0            ; |RISCV_Processor|regfile:regfile_i|reg:\g_regs:16:i_reg|dffg:\g_dffgs:5:i_dffg                                                    ; dffg            ; work         ;
;          |dffg:\g_dffgs:6:i_dffg|                ; 0 (0)               ; 1 (1)                     ; 0           ; 0            ; 0       ; 0         ; 0    ; 0            ; |RISCV_Processor|regfile:regfile_i|reg:\g_regs:16:i_reg|dffg:\g_dffgs:6:i_dffg                                                    ; dffg            ; work         ;
;          |dffg:\g_dffgs:7:i_dffg|                ; 0 (0)               ; 1 (1)                     ; 0           ; 0            ; 0       ; 0         ; 0    ; 0            ; |RISCV_Processor|regfile:regfile_i|reg:\g_regs:16:i_reg|dffg:\g_dffgs:7:i_dffg                                                    ; dffg            ; work         ;
;          |dffg:\g_dffgs:8:i_dffg|                ; 0 (0)               ; 1 (1)                     ; 0           ; 0            ; 0       ; 0         ; 0    ; 0            ; |RISCV_Processor|regfile:regfile_i|reg:\g_regs:16:i_reg|dffg:\g_dffgs:8:i_dffg                                                    ; dffg            ; work         ;
;          |dffg:\g_dffgs:9:i_dffg|                ; 0 (0)               ; 1 (1)                     ; 0           ; 0            ; 0       ; 0         ; 0    ; 0            ; |RISCV_Processor|regfile:regfile_i|reg:\g_regs:16:i_reg|dffg:\g_dffgs:9:i_dffg                                                    ; dffg            ; work         ;
;       |reg:\g_regs:17:i_reg|                     ; 0 (0)               ; 32 (0)                    ; 0           ; 0            ; 0       ; 0         ; 0    ; 0            ; |RISCV_Processor|regfile:regfile_i|reg:\g_regs:17:i_reg                                                                           ; reg             ; work         ;
;          |dffg:\g_dffgs:0:i_dffg|                ; 0 (0)               ; 1 (1)                     ; 0           ; 0            ; 0       ; 0         ; 0    ; 0            ; |RISCV_Processor|regfile:regfile_i|reg:\g_regs:17:i_reg|dffg:\g_dffgs:0:i_dffg                                                    ; dffg            ; work         ;
;          |dffg:\g_dffgs:10:i_dffg|               ; 0 (0)               ; 1 (1)                     ; 0           ; 0            ; 0       ; 0         ; 0    ; 0            ; |RISCV_Processor|regfile:regfile_i|reg:\g_regs:17:i_reg|dffg:\g_dffgs:10:i_dffg                                                   ; dffg            ; work         ;
;          |dffg:\g_dffgs:11:i_dffg|               ; 0 (0)               ; 1 (1)                     ; 0           ; 0            ; 0       ; 0         ; 0    ; 0            ; |RISCV_Processor|regfile:regfile_i|reg:\g_regs:17:i_reg|dffg:\g_dffgs:11:i_dffg                                                   ; dffg            ; work         ;
;          |dffg:\g_dffgs:12:i_dffg|               ; 0 (0)               ; 1 (1)                     ; 0           ; 0            ; 0       ; 0         ; 0    ; 0            ; |RISCV_Processor|regfile:regfile_i|reg:\g_regs:17:i_reg|dffg:\g_dffgs:12:i_dffg                                                   ; dffg            ; work         ;
;          |dffg:\g_dffgs:13:i_dffg|               ; 0 (0)               ; 1 (1)                     ; 0           ; 0            ; 0       ; 0         ; 0    ; 0            ; |RISCV_Processor|regfile:regfile_i|reg:\g_regs:17:i_reg|dffg:\g_dffgs:13:i_dffg                                                   ; dffg            ; work         ;
;          |dffg:\g_dffgs:14:i_dffg|               ; 0 (0)               ; 1 (1)                     ; 0           ; 0            ; 0       ; 0         ; 0    ; 0            ; |RISCV_Processor|regfile:regfile_i|reg:\g_regs:17:i_reg|dffg:\g_dffgs:14:i_dffg                                                   ; dffg            ; work         ;
;          |dffg:\g_dffgs:15:i_dffg|               ; 0 (0)               ; 1 (1)                     ; 0           ; 0            ; 0       ; 0         ; 0    ; 0            ; |RISCV_Processor|regfile:regfile_i|reg:\g_regs:17:i_reg|dffg:\g_dffgs:15:i_dffg                                                   ; dffg            ; work         ;
;          |dffg:\g_dffgs:16:i_dffg|               ; 0 (0)               ; 1 (1)                     ; 0           ; 0            ; 0       ; 0         ; 0    ; 0            ; |RISCV_Processor|regfile:regfile_i|reg:\g_regs:17:i_reg|dffg:\g_dffgs:16:i_dffg                                                   ; dffg            ; work         ;
;          |dffg:\g_dffgs:17:i_dffg|               ; 0 (0)               ; 1 (1)                     ; 0           ; 0            ; 0       ; 0         ; 0    ; 0            ; |RISCV_Processor|regfile:regfile_i|reg:\g_regs:17:i_reg|dffg:\g_dffgs:17:i_dffg                                                   ; dffg            ; work         ;
;          |dffg:\g_dffgs:18:i_dffg|               ; 0 (0)               ; 1 (1)                     ; 0           ; 0            ; 0       ; 0         ; 0    ; 0            ; |RISCV_Processor|regfile:regfile_i|reg:\g_regs:17:i_reg|dffg:\g_dffgs:18:i_dffg                                                   ; dffg            ; work         ;
;          |dffg:\g_dffgs:19:i_dffg|               ; 0 (0)               ; 1 (1)                     ; 0           ; 0            ; 0       ; 0         ; 0    ; 0            ; |RISCV_Processor|regfile:regfile_i|reg:\g_regs:17:i_reg|dffg:\g_dffgs:19:i_dffg                                                   ; dffg            ; work         ;
;          |dffg:\g_dffgs:1:i_dffg|                ; 0 (0)               ; 1 (1)                     ; 0           ; 0            ; 0       ; 0         ; 0    ; 0            ; |RISCV_Processor|regfile:regfile_i|reg:\g_regs:17:i_reg|dffg:\g_dffgs:1:i_dffg                                                    ; dffg            ; work         ;
;          |dffg:\g_dffgs:20:i_dffg|               ; 0 (0)               ; 1 (1)                     ; 0           ; 0            ; 0       ; 0         ; 0    ; 0            ; |RISCV_Processor|regfile:regfile_i|reg:\g_regs:17:i_reg|dffg:\g_dffgs:20:i_dffg                                                   ; dffg            ; work         ;
;          |dffg:\g_dffgs:21:i_dffg|               ; 0 (0)               ; 1 (1)                     ; 0           ; 0            ; 0       ; 0         ; 0    ; 0            ; |RISCV_Processor|regfile:regfile_i|reg:\g_regs:17:i_reg|dffg:\g_dffgs:21:i_dffg                                                   ; dffg            ; work         ;
;          |dffg:\g_dffgs:22:i_dffg|               ; 0 (0)               ; 1 (1)                     ; 0           ; 0            ; 0       ; 0         ; 0    ; 0            ; |RISCV_Processor|regfile:regfile_i|reg:\g_regs:17:i_reg|dffg:\g_dffgs:22:i_dffg                                                   ; dffg            ; work         ;
;          |dffg:\g_dffgs:23:i_dffg|               ; 0 (0)               ; 1 (1)                     ; 0           ; 0            ; 0       ; 0         ; 0    ; 0            ; |RISCV_Processor|regfile:regfile_i|reg:\g_regs:17:i_reg|dffg:\g_dffgs:23:i_dffg                                                   ; dffg            ; work         ;
;          |dffg:\g_dffgs:24:i_dffg|               ; 0 (0)               ; 1 (1)                     ; 0           ; 0            ; 0       ; 0         ; 0    ; 0            ; |RISCV_Processor|regfile:regfile_i|reg:\g_regs:17:i_reg|dffg:\g_dffgs:24:i_dffg                                                   ; dffg            ; work         ;
;          |dffg:\g_dffgs:25:i_dffg|               ; 0 (0)               ; 1 (1)                     ; 0           ; 0            ; 0       ; 0         ; 0    ; 0            ; |RISCV_Processor|regfile:regfile_i|reg:\g_regs:17:i_reg|dffg:\g_dffgs:25:i_dffg                                                   ; dffg            ; work         ;
;          |dffg:\g_dffgs:26:i_dffg|               ; 0 (0)               ; 1 (1)                     ; 0           ; 0            ; 0       ; 0         ; 0    ; 0            ; |RISCV_Processor|regfile:regfile_i|reg:\g_regs:17:i_reg|dffg:\g_dffgs:26:i_dffg                                                   ; dffg            ; work         ;
;          |dffg:\g_dffgs:27:i_dffg|               ; 0 (0)               ; 1 (1)                     ; 0           ; 0            ; 0       ; 0         ; 0    ; 0            ; |RISCV_Processor|regfile:regfile_i|reg:\g_regs:17:i_reg|dffg:\g_dffgs:27:i_dffg                                                   ; dffg            ; work         ;
;          |dffg:\g_dffgs:28:i_dffg|               ; 0 (0)               ; 1 (1)                     ; 0           ; 0            ; 0       ; 0         ; 0    ; 0            ; |RISCV_Processor|regfile:regfile_i|reg:\g_regs:17:i_reg|dffg:\g_dffgs:28:i_dffg                                                   ; dffg            ; work         ;
;          |dffg:\g_dffgs:29:i_dffg|               ; 0 (0)               ; 1 (1)                     ; 0           ; 0            ; 0       ; 0         ; 0    ; 0            ; |RISCV_Processor|regfile:regfile_i|reg:\g_regs:17:i_reg|dffg:\g_dffgs:29:i_dffg                                                   ; dffg            ; work         ;
;          |dffg:\g_dffgs:2:i_dffg|                ; 0 (0)               ; 1 (1)                     ; 0           ; 0            ; 0       ; 0         ; 0    ; 0            ; |RISCV_Processor|regfile:regfile_i|reg:\g_regs:17:i_reg|dffg:\g_dffgs:2:i_dffg                                                    ; dffg            ; work         ;
;          |dffg:\g_dffgs:30:i_dffg|               ; 0 (0)               ; 1 (1)                     ; 0           ; 0            ; 0       ; 0         ; 0    ; 0            ; |RISCV_Processor|regfile:regfile_i|reg:\g_regs:17:i_reg|dffg:\g_dffgs:30:i_dffg                                                   ; dffg            ; work         ;
;          |dffg:\g_dffgs:31:i_dffg|               ; 0 (0)               ; 1 (1)                     ; 0           ; 0            ; 0       ; 0         ; 0    ; 0            ; |RISCV_Processor|regfile:regfile_i|reg:\g_regs:17:i_reg|dffg:\g_dffgs:31:i_dffg                                                   ; dffg            ; work         ;
;          |dffg:\g_dffgs:3:i_dffg|                ; 0 (0)               ; 1 (1)                     ; 0           ; 0            ; 0       ; 0         ; 0    ; 0            ; |RISCV_Processor|regfile:regfile_i|reg:\g_regs:17:i_reg|dffg:\g_dffgs:3:i_dffg                                                    ; dffg            ; work         ;
;          |dffg:\g_dffgs:4:i_dffg|                ; 0 (0)               ; 1 (1)                     ; 0           ; 0            ; 0       ; 0         ; 0    ; 0            ; |RISCV_Processor|regfile:regfile_i|reg:\g_regs:17:i_reg|dffg:\g_dffgs:4:i_dffg                                                    ; dffg            ; work         ;
;          |dffg:\g_dffgs:5:i_dffg|                ; 0 (0)               ; 1 (1)                     ; 0           ; 0            ; 0       ; 0         ; 0    ; 0            ; |RISCV_Processor|regfile:regfile_i|reg:\g_regs:17:i_reg|dffg:\g_dffgs:5:i_dffg                                                    ; dffg            ; work         ;
;          |dffg:\g_dffgs:6:i_dffg|                ; 0 (0)               ; 1 (1)                     ; 0           ; 0            ; 0       ; 0         ; 0    ; 0            ; |RISCV_Processor|regfile:regfile_i|reg:\g_regs:17:i_reg|dffg:\g_dffgs:6:i_dffg                                                    ; dffg            ; work         ;
;          |dffg:\g_dffgs:7:i_dffg|                ; 0 (0)               ; 1 (1)                     ; 0           ; 0            ; 0       ; 0         ; 0    ; 0            ; |RISCV_Processor|regfile:regfile_i|reg:\g_regs:17:i_reg|dffg:\g_dffgs:7:i_dffg                                                    ; dffg            ; work         ;
;          |dffg:\g_dffgs:8:i_dffg|                ; 0 (0)               ; 1 (1)                     ; 0           ; 0            ; 0       ; 0         ; 0    ; 0            ; |RISCV_Processor|regfile:regfile_i|reg:\g_regs:17:i_reg|dffg:\g_dffgs:8:i_dffg                                                    ; dffg            ; work         ;
;          |dffg:\g_dffgs:9:i_dffg|                ; 0 (0)               ; 1 (1)                     ; 0           ; 0            ; 0       ; 0         ; 0    ; 0            ; |RISCV_Processor|regfile:regfile_i|reg:\g_regs:17:i_reg|dffg:\g_dffgs:9:i_dffg                                                    ; dffg            ; work         ;
;       |reg:\g_regs:18:i_reg|                     ; 0 (0)               ; 32 (0)                    ; 0           ; 0            ; 0       ; 0         ; 0    ; 0            ; |RISCV_Processor|regfile:regfile_i|reg:\g_regs:18:i_reg                                                                           ; reg             ; work         ;
;          |dffg:\g_dffgs:0:i_dffg|                ; 0 (0)               ; 1 (1)                     ; 0           ; 0            ; 0       ; 0         ; 0    ; 0            ; |RISCV_Processor|regfile:regfile_i|reg:\g_regs:18:i_reg|dffg:\g_dffgs:0:i_dffg                                                    ; dffg            ; work         ;
;          |dffg:\g_dffgs:10:i_dffg|               ; 0 (0)               ; 1 (1)                     ; 0           ; 0            ; 0       ; 0         ; 0    ; 0            ; |RISCV_Processor|regfile:regfile_i|reg:\g_regs:18:i_reg|dffg:\g_dffgs:10:i_dffg                                                   ; dffg            ; work         ;
;          |dffg:\g_dffgs:11:i_dffg|               ; 0 (0)               ; 1 (1)                     ; 0           ; 0            ; 0       ; 0         ; 0    ; 0            ; |RISCV_Processor|regfile:regfile_i|reg:\g_regs:18:i_reg|dffg:\g_dffgs:11:i_dffg                                                   ; dffg            ; work         ;
;          |dffg:\g_dffgs:12:i_dffg|               ; 0 (0)               ; 1 (1)                     ; 0           ; 0            ; 0       ; 0         ; 0    ; 0            ; |RISCV_Processor|regfile:regfile_i|reg:\g_regs:18:i_reg|dffg:\g_dffgs:12:i_dffg                                                   ; dffg            ; work         ;
;          |dffg:\g_dffgs:13:i_dffg|               ; 0 (0)               ; 1 (1)                     ; 0           ; 0            ; 0       ; 0         ; 0    ; 0            ; |RISCV_Processor|regfile:regfile_i|reg:\g_regs:18:i_reg|dffg:\g_dffgs:13:i_dffg                                                   ; dffg            ; work         ;
;          |dffg:\g_dffgs:14:i_dffg|               ; 0 (0)               ; 1 (1)                     ; 0           ; 0            ; 0       ; 0         ; 0    ; 0            ; |RISCV_Processor|regfile:regfile_i|reg:\g_regs:18:i_reg|dffg:\g_dffgs:14:i_dffg                                                   ; dffg            ; work         ;
;          |dffg:\g_dffgs:15:i_dffg|               ; 0 (0)               ; 1 (1)                     ; 0           ; 0            ; 0       ; 0         ; 0    ; 0            ; |RISCV_Processor|regfile:regfile_i|reg:\g_regs:18:i_reg|dffg:\g_dffgs:15:i_dffg                                                   ; dffg            ; work         ;
;          |dffg:\g_dffgs:16:i_dffg|               ; 0 (0)               ; 1 (1)                     ; 0           ; 0            ; 0       ; 0         ; 0    ; 0            ; |RISCV_Processor|regfile:regfile_i|reg:\g_regs:18:i_reg|dffg:\g_dffgs:16:i_dffg                                                   ; dffg            ; work         ;
;          |dffg:\g_dffgs:17:i_dffg|               ; 0 (0)               ; 1 (1)                     ; 0           ; 0            ; 0       ; 0         ; 0    ; 0            ; |RISCV_Processor|regfile:regfile_i|reg:\g_regs:18:i_reg|dffg:\g_dffgs:17:i_dffg                                                   ; dffg            ; work         ;
;          |dffg:\g_dffgs:18:i_dffg|               ; 0 (0)               ; 1 (1)                     ; 0           ; 0            ; 0       ; 0         ; 0    ; 0            ; |RISCV_Processor|regfile:regfile_i|reg:\g_regs:18:i_reg|dffg:\g_dffgs:18:i_dffg                                                   ; dffg            ; work         ;
;          |dffg:\g_dffgs:19:i_dffg|               ; 0 (0)               ; 1 (1)                     ; 0           ; 0            ; 0       ; 0         ; 0    ; 0            ; |RISCV_Processor|regfile:regfile_i|reg:\g_regs:18:i_reg|dffg:\g_dffgs:19:i_dffg                                                   ; dffg            ; work         ;
;          |dffg:\g_dffgs:1:i_dffg|                ; 0 (0)               ; 1 (1)                     ; 0           ; 0            ; 0       ; 0         ; 0    ; 0            ; |RISCV_Processor|regfile:regfile_i|reg:\g_regs:18:i_reg|dffg:\g_dffgs:1:i_dffg                                                    ; dffg            ; work         ;
;          |dffg:\g_dffgs:20:i_dffg|               ; 0 (0)               ; 1 (1)                     ; 0           ; 0            ; 0       ; 0         ; 0    ; 0            ; |RISCV_Processor|regfile:regfile_i|reg:\g_regs:18:i_reg|dffg:\g_dffgs:20:i_dffg                                                   ; dffg            ; work         ;
;          |dffg:\g_dffgs:21:i_dffg|               ; 0 (0)               ; 1 (1)                     ; 0           ; 0            ; 0       ; 0         ; 0    ; 0            ; |RISCV_Processor|regfile:regfile_i|reg:\g_regs:18:i_reg|dffg:\g_dffgs:21:i_dffg                                                   ; dffg            ; work         ;
;          |dffg:\g_dffgs:22:i_dffg|               ; 0 (0)               ; 1 (1)                     ; 0           ; 0            ; 0       ; 0         ; 0    ; 0            ; |RISCV_Processor|regfile:regfile_i|reg:\g_regs:18:i_reg|dffg:\g_dffgs:22:i_dffg                                                   ; dffg            ; work         ;
;          |dffg:\g_dffgs:23:i_dffg|               ; 0 (0)               ; 1 (1)                     ; 0           ; 0            ; 0       ; 0         ; 0    ; 0            ; |RISCV_Processor|regfile:regfile_i|reg:\g_regs:18:i_reg|dffg:\g_dffgs:23:i_dffg                                                   ; dffg            ; work         ;
;          |dffg:\g_dffgs:24:i_dffg|               ; 0 (0)               ; 1 (1)                     ; 0           ; 0            ; 0       ; 0         ; 0    ; 0            ; |RISCV_Processor|regfile:regfile_i|reg:\g_regs:18:i_reg|dffg:\g_dffgs:24:i_dffg                                                   ; dffg            ; work         ;
;          |dffg:\g_dffgs:25:i_dffg|               ; 0 (0)               ; 1 (1)                     ; 0           ; 0            ; 0       ; 0         ; 0    ; 0            ; |RISCV_Processor|regfile:regfile_i|reg:\g_regs:18:i_reg|dffg:\g_dffgs:25:i_dffg                                                   ; dffg            ; work         ;
;          |dffg:\g_dffgs:26:i_dffg|               ; 0 (0)               ; 1 (1)                     ; 0           ; 0            ; 0       ; 0         ; 0    ; 0            ; |RISCV_Processor|regfile:regfile_i|reg:\g_regs:18:i_reg|dffg:\g_dffgs:26:i_dffg                                                   ; dffg            ; work         ;
;          |dffg:\g_dffgs:27:i_dffg|               ; 0 (0)               ; 1 (1)                     ; 0           ; 0            ; 0       ; 0         ; 0    ; 0            ; |RISCV_Processor|regfile:regfile_i|reg:\g_regs:18:i_reg|dffg:\g_dffgs:27:i_dffg                                                   ; dffg            ; work         ;
;          |dffg:\g_dffgs:28:i_dffg|               ; 0 (0)               ; 1 (1)                     ; 0           ; 0            ; 0       ; 0         ; 0    ; 0            ; |RISCV_Processor|regfile:regfile_i|reg:\g_regs:18:i_reg|dffg:\g_dffgs:28:i_dffg                                                   ; dffg            ; work         ;
;          |dffg:\g_dffgs:29:i_dffg|               ; 0 (0)               ; 1 (1)                     ; 0           ; 0            ; 0       ; 0         ; 0    ; 0            ; |RISCV_Processor|regfile:regfile_i|reg:\g_regs:18:i_reg|dffg:\g_dffgs:29:i_dffg                                                   ; dffg            ; work         ;
;          |dffg:\g_dffgs:2:i_dffg|                ; 0 (0)               ; 1 (1)                     ; 0           ; 0            ; 0       ; 0         ; 0    ; 0            ; |RISCV_Processor|regfile:regfile_i|reg:\g_regs:18:i_reg|dffg:\g_dffgs:2:i_dffg                                                    ; dffg            ; work         ;
;          |dffg:\g_dffgs:30:i_dffg|               ; 0 (0)               ; 1 (1)                     ; 0           ; 0            ; 0       ; 0         ; 0    ; 0            ; |RISCV_Processor|regfile:regfile_i|reg:\g_regs:18:i_reg|dffg:\g_dffgs:30:i_dffg                                                   ; dffg            ; work         ;
;          |dffg:\g_dffgs:31:i_dffg|               ; 0 (0)               ; 1 (1)                     ; 0           ; 0            ; 0       ; 0         ; 0    ; 0            ; |RISCV_Processor|regfile:regfile_i|reg:\g_regs:18:i_reg|dffg:\g_dffgs:31:i_dffg                                                   ; dffg            ; work         ;
;          |dffg:\g_dffgs:3:i_dffg|                ; 0 (0)               ; 1 (1)                     ; 0           ; 0            ; 0       ; 0         ; 0    ; 0            ; |RISCV_Processor|regfile:regfile_i|reg:\g_regs:18:i_reg|dffg:\g_dffgs:3:i_dffg                                                    ; dffg            ; work         ;
;          |dffg:\g_dffgs:4:i_dffg|                ; 0 (0)               ; 1 (1)                     ; 0           ; 0            ; 0       ; 0         ; 0    ; 0            ; |RISCV_Processor|regfile:regfile_i|reg:\g_regs:18:i_reg|dffg:\g_dffgs:4:i_dffg                                                    ; dffg            ; work         ;
;          |dffg:\g_dffgs:5:i_dffg|                ; 0 (0)               ; 1 (1)                     ; 0           ; 0            ; 0       ; 0         ; 0    ; 0            ; |RISCV_Processor|regfile:regfile_i|reg:\g_regs:18:i_reg|dffg:\g_dffgs:5:i_dffg                                                    ; dffg            ; work         ;
;          |dffg:\g_dffgs:6:i_dffg|                ; 0 (0)               ; 1 (1)                     ; 0           ; 0            ; 0       ; 0         ; 0    ; 0            ; |RISCV_Processor|regfile:regfile_i|reg:\g_regs:18:i_reg|dffg:\g_dffgs:6:i_dffg                                                    ; dffg            ; work         ;
;          |dffg:\g_dffgs:7:i_dffg|                ; 0 (0)               ; 1 (1)                     ; 0           ; 0            ; 0       ; 0         ; 0    ; 0            ; |RISCV_Processor|regfile:regfile_i|reg:\g_regs:18:i_reg|dffg:\g_dffgs:7:i_dffg                                                    ; dffg            ; work         ;
;          |dffg:\g_dffgs:8:i_dffg|                ; 0 (0)               ; 1 (1)                     ; 0           ; 0            ; 0       ; 0         ; 0    ; 0            ; |RISCV_Processor|regfile:regfile_i|reg:\g_regs:18:i_reg|dffg:\g_dffgs:8:i_dffg                                                    ; dffg            ; work         ;
;          |dffg:\g_dffgs:9:i_dffg|                ; 0 (0)               ; 1 (1)                     ; 0           ; 0            ; 0       ; 0         ; 0    ; 0            ; |RISCV_Processor|regfile:regfile_i|reg:\g_regs:18:i_reg|dffg:\g_dffgs:9:i_dffg                                                    ; dffg            ; work         ;
;       |reg:\g_regs:19:i_reg|                     ; 0 (0)               ; 32 (0)                    ; 0           ; 0            ; 0       ; 0         ; 0    ; 0            ; |RISCV_Processor|regfile:regfile_i|reg:\g_regs:19:i_reg                                                                           ; reg             ; work         ;
;          |dffg:\g_dffgs:0:i_dffg|                ; 0 (0)               ; 1 (1)                     ; 0           ; 0            ; 0       ; 0         ; 0    ; 0            ; |RISCV_Processor|regfile:regfile_i|reg:\g_regs:19:i_reg|dffg:\g_dffgs:0:i_dffg                                                    ; dffg            ; work         ;
;          |dffg:\g_dffgs:10:i_dffg|               ; 0 (0)               ; 1 (1)                     ; 0           ; 0            ; 0       ; 0         ; 0    ; 0            ; |RISCV_Processor|regfile:regfile_i|reg:\g_regs:19:i_reg|dffg:\g_dffgs:10:i_dffg                                                   ; dffg            ; work         ;
;          |dffg:\g_dffgs:11:i_dffg|               ; 0 (0)               ; 1 (1)                     ; 0           ; 0            ; 0       ; 0         ; 0    ; 0            ; |RISCV_Processor|regfile:regfile_i|reg:\g_regs:19:i_reg|dffg:\g_dffgs:11:i_dffg                                                   ; dffg            ; work         ;
;          |dffg:\g_dffgs:12:i_dffg|               ; 0 (0)               ; 1 (1)                     ; 0           ; 0            ; 0       ; 0         ; 0    ; 0            ; |RISCV_Processor|regfile:regfile_i|reg:\g_regs:19:i_reg|dffg:\g_dffgs:12:i_dffg                                                   ; dffg            ; work         ;
;          |dffg:\g_dffgs:13:i_dffg|               ; 0 (0)               ; 1 (1)                     ; 0           ; 0            ; 0       ; 0         ; 0    ; 0            ; |RISCV_Processor|regfile:regfile_i|reg:\g_regs:19:i_reg|dffg:\g_dffgs:13:i_dffg                                                   ; dffg            ; work         ;
;          |dffg:\g_dffgs:14:i_dffg|               ; 0 (0)               ; 1 (1)                     ; 0           ; 0            ; 0       ; 0         ; 0    ; 0            ; |RISCV_Processor|regfile:regfile_i|reg:\g_regs:19:i_reg|dffg:\g_dffgs:14:i_dffg                                                   ; dffg            ; work         ;
;          |dffg:\g_dffgs:15:i_dffg|               ; 0 (0)               ; 1 (1)                     ; 0           ; 0            ; 0       ; 0         ; 0    ; 0            ; |RISCV_Processor|regfile:regfile_i|reg:\g_regs:19:i_reg|dffg:\g_dffgs:15:i_dffg                                                   ; dffg            ; work         ;
;          |dffg:\g_dffgs:16:i_dffg|               ; 0 (0)               ; 1 (1)                     ; 0           ; 0            ; 0       ; 0         ; 0    ; 0            ; |RISCV_Processor|regfile:regfile_i|reg:\g_regs:19:i_reg|dffg:\g_dffgs:16:i_dffg                                                   ; dffg            ; work         ;
;          |dffg:\g_dffgs:17:i_dffg|               ; 0 (0)               ; 1 (1)                     ; 0           ; 0            ; 0       ; 0         ; 0    ; 0            ; |RISCV_Processor|regfile:regfile_i|reg:\g_regs:19:i_reg|dffg:\g_dffgs:17:i_dffg                                                   ; dffg            ; work         ;
;          |dffg:\g_dffgs:18:i_dffg|               ; 0 (0)               ; 1 (1)                     ; 0           ; 0            ; 0       ; 0         ; 0    ; 0            ; |RISCV_Processor|regfile:regfile_i|reg:\g_regs:19:i_reg|dffg:\g_dffgs:18:i_dffg                                                   ; dffg            ; work         ;
;          |dffg:\g_dffgs:19:i_dffg|               ; 0 (0)               ; 1 (1)                     ; 0           ; 0            ; 0       ; 0         ; 0    ; 0            ; |RISCV_Processor|regfile:regfile_i|reg:\g_regs:19:i_reg|dffg:\g_dffgs:19:i_dffg                                                   ; dffg            ; work         ;
;          |dffg:\g_dffgs:1:i_dffg|                ; 0 (0)               ; 1 (1)                     ; 0           ; 0            ; 0       ; 0         ; 0    ; 0            ; |RISCV_Processor|regfile:regfile_i|reg:\g_regs:19:i_reg|dffg:\g_dffgs:1:i_dffg                                                    ; dffg            ; work         ;
;          |dffg:\g_dffgs:20:i_dffg|               ; 0 (0)               ; 1 (1)                     ; 0           ; 0            ; 0       ; 0         ; 0    ; 0            ; |RISCV_Processor|regfile:regfile_i|reg:\g_regs:19:i_reg|dffg:\g_dffgs:20:i_dffg                                                   ; dffg            ; work         ;
;          |dffg:\g_dffgs:21:i_dffg|               ; 0 (0)               ; 1 (1)                     ; 0           ; 0            ; 0       ; 0         ; 0    ; 0            ; |RISCV_Processor|regfile:regfile_i|reg:\g_regs:19:i_reg|dffg:\g_dffgs:21:i_dffg                                                   ; dffg            ; work         ;
;          |dffg:\g_dffgs:22:i_dffg|               ; 0 (0)               ; 1 (1)                     ; 0           ; 0            ; 0       ; 0         ; 0    ; 0            ; |RISCV_Processor|regfile:regfile_i|reg:\g_regs:19:i_reg|dffg:\g_dffgs:22:i_dffg                                                   ; dffg            ; work         ;
;          |dffg:\g_dffgs:23:i_dffg|               ; 0 (0)               ; 1 (1)                     ; 0           ; 0            ; 0       ; 0         ; 0    ; 0            ; |RISCV_Processor|regfile:regfile_i|reg:\g_regs:19:i_reg|dffg:\g_dffgs:23:i_dffg                                                   ; dffg            ; work         ;
;          |dffg:\g_dffgs:24:i_dffg|               ; 0 (0)               ; 1 (1)                     ; 0           ; 0            ; 0       ; 0         ; 0    ; 0            ; |RISCV_Processor|regfile:regfile_i|reg:\g_regs:19:i_reg|dffg:\g_dffgs:24:i_dffg                                                   ; dffg            ; work         ;
;          |dffg:\g_dffgs:25:i_dffg|               ; 0 (0)               ; 1 (1)                     ; 0           ; 0            ; 0       ; 0         ; 0    ; 0            ; |RISCV_Processor|regfile:regfile_i|reg:\g_regs:19:i_reg|dffg:\g_dffgs:25:i_dffg                                                   ; dffg            ; work         ;
;          |dffg:\g_dffgs:26:i_dffg|               ; 0 (0)               ; 1 (1)                     ; 0           ; 0            ; 0       ; 0         ; 0    ; 0            ; |RISCV_Processor|regfile:regfile_i|reg:\g_regs:19:i_reg|dffg:\g_dffgs:26:i_dffg                                                   ; dffg            ; work         ;
;          |dffg:\g_dffgs:27:i_dffg|               ; 0 (0)               ; 1 (1)                     ; 0           ; 0            ; 0       ; 0         ; 0    ; 0            ; |RISCV_Processor|regfile:regfile_i|reg:\g_regs:19:i_reg|dffg:\g_dffgs:27:i_dffg                                                   ; dffg            ; work         ;
;          |dffg:\g_dffgs:28:i_dffg|               ; 0 (0)               ; 1 (1)                     ; 0           ; 0            ; 0       ; 0         ; 0    ; 0            ; |RISCV_Processor|regfile:regfile_i|reg:\g_regs:19:i_reg|dffg:\g_dffgs:28:i_dffg                                                   ; dffg            ; work         ;
;          |dffg:\g_dffgs:29:i_dffg|               ; 0 (0)               ; 1 (1)                     ; 0           ; 0            ; 0       ; 0         ; 0    ; 0            ; |RISCV_Processor|regfile:regfile_i|reg:\g_regs:19:i_reg|dffg:\g_dffgs:29:i_dffg                                                   ; dffg            ; work         ;
;          |dffg:\g_dffgs:2:i_dffg|                ; 0 (0)               ; 1 (1)                     ; 0           ; 0            ; 0       ; 0         ; 0    ; 0            ; |RISCV_Processor|regfile:regfile_i|reg:\g_regs:19:i_reg|dffg:\g_dffgs:2:i_dffg                                                    ; dffg            ; work         ;
;          |dffg:\g_dffgs:30:i_dffg|               ; 0 (0)               ; 1 (1)                     ; 0           ; 0            ; 0       ; 0         ; 0    ; 0            ; |RISCV_Processor|regfile:regfile_i|reg:\g_regs:19:i_reg|dffg:\g_dffgs:30:i_dffg                                                   ; dffg            ; work         ;
;          |dffg:\g_dffgs:31:i_dffg|               ; 0 (0)               ; 1 (1)                     ; 0           ; 0            ; 0       ; 0         ; 0    ; 0            ; |RISCV_Processor|regfile:regfile_i|reg:\g_regs:19:i_reg|dffg:\g_dffgs:31:i_dffg                                                   ; dffg            ; work         ;
;          |dffg:\g_dffgs:3:i_dffg|                ; 0 (0)               ; 1 (1)                     ; 0           ; 0            ; 0       ; 0         ; 0    ; 0            ; |RISCV_Processor|regfile:regfile_i|reg:\g_regs:19:i_reg|dffg:\g_dffgs:3:i_dffg                                                    ; dffg            ; work         ;
;          |dffg:\g_dffgs:4:i_dffg|                ; 0 (0)               ; 1 (1)                     ; 0           ; 0            ; 0       ; 0         ; 0    ; 0            ; |RISCV_Processor|regfile:regfile_i|reg:\g_regs:19:i_reg|dffg:\g_dffgs:4:i_dffg                                                    ; dffg            ; work         ;
;          |dffg:\g_dffgs:5:i_dffg|                ; 0 (0)               ; 1 (1)                     ; 0           ; 0            ; 0       ; 0         ; 0    ; 0            ; |RISCV_Processor|regfile:regfile_i|reg:\g_regs:19:i_reg|dffg:\g_dffgs:5:i_dffg                                                    ; dffg            ; work         ;
;          |dffg:\g_dffgs:6:i_dffg|                ; 0 (0)               ; 1 (1)                     ; 0           ; 0            ; 0       ; 0         ; 0    ; 0            ; |RISCV_Processor|regfile:regfile_i|reg:\g_regs:19:i_reg|dffg:\g_dffgs:6:i_dffg                                                    ; dffg            ; work         ;
;          |dffg:\g_dffgs:7:i_dffg|                ; 0 (0)               ; 1 (1)                     ; 0           ; 0            ; 0       ; 0         ; 0    ; 0            ; |RISCV_Processor|regfile:regfile_i|reg:\g_regs:19:i_reg|dffg:\g_dffgs:7:i_dffg                                                    ; dffg            ; work         ;
;          |dffg:\g_dffgs:8:i_dffg|                ; 0 (0)               ; 1 (1)                     ; 0           ; 0            ; 0       ; 0         ; 0    ; 0            ; |RISCV_Processor|regfile:regfile_i|reg:\g_regs:19:i_reg|dffg:\g_dffgs:8:i_dffg                                                    ; dffg            ; work         ;
;          |dffg:\g_dffgs:9:i_dffg|                ; 0 (0)               ; 1 (1)                     ; 0           ; 0            ; 0       ; 0         ; 0    ; 0            ; |RISCV_Processor|regfile:regfile_i|reg:\g_regs:19:i_reg|dffg:\g_dffgs:9:i_dffg                                                    ; dffg            ; work         ;
;       |reg:\g_regs:1:i_reg|                      ; 0 (0)               ; 32 (0)                    ; 0           ; 0            ; 0       ; 0         ; 0    ; 0            ; |RISCV_Processor|regfile:regfile_i|reg:\g_regs:1:i_reg                                                                            ; reg             ; work         ;
;          |dffg:\g_dffgs:0:i_dffg|                ; 0 (0)               ; 1 (1)                     ; 0           ; 0            ; 0       ; 0         ; 0    ; 0            ; |RISCV_Processor|regfile:regfile_i|reg:\g_regs:1:i_reg|dffg:\g_dffgs:0:i_dffg                                                     ; dffg            ; work         ;
;          |dffg:\g_dffgs:10:i_dffg|               ; 0 (0)               ; 1 (1)                     ; 0           ; 0            ; 0       ; 0         ; 0    ; 0            ; |RISCV_Processor|regfile:regfile_i|reg:\g_regs:1:i_reg|dffg:\g_dffgs:10:i_dffg                                                    ; dffg            ; work         ;
;          |dffg:\g_dffgs:11:i_dffg|               ; 0 (0)               ; 1 (1)                     ; 0           ; 0            ; 0       ; 0         ; 0    ; 0            ; |RISCV_Processor|regfile:regfile_i|reg:\g_regs:1:i_reg|dffg:\g_dffgs:11:i_dffg                                                    ; dffg            ; work         ;
;          |dffg:\g_dffgs:12:i_dffg|               ; 0 (0)               ; 1 (1)                     ; 0           ; 0            ; 0       ; 0         ; 0    ; 0            ; |RISCV_Processor|regfile:regfile_i|reg:\g_regs:1:i_reg|dffg:\g_dffgs:12:i_dffg                                                    ; dffg            ; work         ;
;          |dffg:\g_dffgs:13:i_dffg|               ; 0 (0)               ; 1 (1)                     ; 0           ; 0            ; 0       ; 0         ; 0    ; 0            ; |RISCV_Processor|regfile:regfile_i|reg:\g_regs:1:i_reg|dffg:\g_dffgs:13:i_dffg                                                    ; dffg            ; work         ;
;          |dffg:\g_dffgs:14:i_dffg|               ; 0 (0)               ; 1 (1)                     ; 0           ; 0            ; 0       ; 0         ; 0    ; 0            ; |RISCV_Processor|regfile:regfile_i|reg:\g_regs:1:i_reg|dffg:\g_dffgs:14:i_dffg                                                    ; dffg            ; work         ;
;          |dffg:\g_dffgs:15:i_dffg|               ; 0 (0)               ; 1 (1)                     ; 0           ; 0            ; 0       ; 0         ; 0    ; 0            ; |RISCV_Processor|regfile:regfile_i|reg:\g_regs:1:i_reg|dffg:\g_dffgs:15:i_dffg                                                    ; dffg            ; work         ;
;          |dffg:\g_dffgs:16:i_dffg|               ; 0 (0)               ; 1 (1)                     ; 0           ; 0            ; 0       ; 0         ; 0    ; 0            ; |RISCV_Processor|regfile:regfile_i|reg:\g_regs:1:i_reg|dffg:\g_dffgs:16:i_dffg                                                    ; dffg            ; work         ;
;          |dffg:\g_dffgs:17:i_dffg|               ; 0 (0)               ; 1 (1)                     ; 0           ; 0            ; 0       ; 0         ; 0    ; 0            ; |RISCV_Processor|regfile:regfile_i|reg:\g_regs:1:i_reg|dffg:\g_dffgs:17:i_dffg                                                    ; dffg            ; work         ;
;          |dffg:\g_dffgs:18:i_dffg|               ; 0 (0)               ; 1 (1)                     ; 0           ; 0            ; 0       ; 0         ; 0    ; 0            ; |RISCV_Processor|regfile:regfile_i|reg:\g_regs:1:i_reg|dffg:\g_dffgs:18:i_dffg                                                    ; dffg            ; work         ;
;          |dffg:\g_dffgs:19:i_dffg|               ; 0 (0)               ; 1 (1)                     ; 0           ; 0            ; 0       ; 0         ; 0    ; 0            ; |RISCV_Processor|regfile:regfile_i|reg:\g_regs:1:i_reg|dffg:\g_dffgs:19:i_dffg                                                    ; dffg            ; work         ;
;          |dffg:\g_dffgs:1:i_dffg|                ; 0 (0)               ; 1 (1)                     ; 0           ; 0            ; 0       ; 0         ; 0    ; 0            ; |RISCV_Processor|regfile:regfile_i|reg:\g_regs:1:i_reg|dffg:\g_dffgs:1:i_dffg                                                     ; dffg            ; work         ;
;          |dffg:\g_dffgs:20:i_dffg|               ; 0 (0)               ; 1 (1)                     ; 0           ; 0            ; 0       ; 0         ; 0    ; 0            ; |RISCV_Processor|regfile:regfile_i|reg:\g_regs:1:i_reg|dffg:\g_dffgs:20:i_dffg                                                    ; dffg            ; work         ;
;          |dffg:\g_dffgs:21:i_dffg|               ; 0 (0)               ; 1 (1)                     ; 0           ; 0            ; 0       ; 0         ; 0    ; 0            ; |RISCV_Processor|regfile:regfile_i|reg:\g_regs:1:i_reg|dffg:\g_dffgs:21:i_dffg                                                    ; dffg            ; work         ;
;          |dffg:\g_dffgs:22:i_dffg|               ; 0 (0)               ; 1 (1)                     ; 0           ; 0            ; 0       ; 0         ; 0    ; 0            ; |RISCV_Processor|regfile:regfile_i|reg:\g_regs:1:i_reg|dffg:\g_dffgs:22:i_dffg                                                    ; dffg            ; work         ;
;          |dffg:\g_dffgs:23:i_dffg|               ; 0 (0)               ; 1 (1)                     ; 0           ; 0            ; 0       ; 0         ; 0    ; 0            ; |RISCV_Processor|regfile:regfile_i|reg:\g_regs:1:i_reg|dffg:\g_dffgs:23:i_dffg                                                    ; dffg            ; work         ;
;          |dffg:\g_dffgs:24:i_dffg|               ; 0 (0)               ; 1 (1)                     ; 0           ; 0            ; 0       ; 0         ; 0    ; 0            ; |RISCV_Processor|regfile:regfile_i|reg:\g_regs:1:i_reg|dffg:\g_dffgs:24:i_dffg                                                    ; dffg            ; work         ;
;          |dffg:\g_dffgs:25:i_dffg|               ; 0 (0)               ; 1 (1)                     ; 0           ; 0            ; 0       ; 0         ; 0    ; 0            ; |RISCV_Processor|regfile:regfile_i|reg:\g_regs:1:i_reg|dffg:\g_dffgs:25:i_dffg                                                    ; dffg            ; work         ;
;          |dffg:\g_dffgs:26:i_dffg|               ; 0 (0)               ; 1 (1)                     ; 0           ; 0            ; 0       ; 0         ; 0    ; 0            ; |RISCV_Processor|regfile:regfile_i|reg:\g_regs:1:i_reg|dffg:\g_dffgs:26:i_dffg                                                    ; dffg            ; work         ;
;          |dffg:\g_dffgs:27:i_dffg|               ; 0 (0)               ; 1 (1)                     ; 0           ; 0            ; 0       ; 0         ; 0    ; 0            ; |RISCV_Processor|regfile:regfile_i|reg:\g_regs:1:i_reg|dffg:\g_dffgs:27:i_dffg                                                    ; dffg            ; work         ;
;          |dffg:\g_dffgs:28:i_dffg|               ; 0 (0)               ; 1 (1)                     ; 0           ; 0            ; 0       ; 0         ; 0    ; 0            ; |RISCV_Processor|regfile:regfile_i|reg:\g_regs:1:i_reg|dffg:\g_dffgs:28:i_dffg                                                    ; dffg            ; work         ;
;          |dffg:\g_dffgs:29:i_dffg|               ; 0 (0)               ; 1 (1)                     ; 0           ; 0            ; 0       ; 0         ; 0    ; 0            ; |RISCV_Processor|regfile:regfile_i|reg:\g_regs:1:i_reg|dffg:\g_dffgs:29:i_dffg                                                    ; dffg            ; work         ;
;          |dffg:\g_dffgs:2:i_dffg|                ; 0 (0)               ; 1 (1)                     ; 0           ; 0            ; 0       ; 0         ; 0    ; 0            ; |RISCV_Processor|regfile:regfile_i|reg:\g_regs:1:i_reg|dffg:\g_dffgs:2:i_dffg                                                     ; dffg            ; work         ;
;          |dffg:\g_dffgs:30:i_dffg|               ; 0 (0)               ; 1 (1)                     ; 0           ; 0            ; 0       ; 0         ; 0    ; 0            ; |RISCV_Processor|regfile:regfile_i|reg:\g_regs:1:i_reg|dffg:\g_dffgs:30:i_dffg                                                    ; dffg            ; work         ;
;          |dffg:\g_dffgs:31:i_dffg|               ; 0 (0)               ; 1 (1)                     ; 0           ; 0            ; 0       ; 0         ; 0    ; 0            ; |RISCV_Processor|regfile:regfile_i|reg:\g_regs:1:i_reg|dffg:\g_dffgs:31:i_dffg                                                    ; dffg            ; work         ;
;          |dffg:\g_dffgs:3:i_dffg|                ; 0 (0)               ; 1 (1)                     ; 0           ; 0            ; 0       ; 0         ; 0    ; 0            ; |RISCV_Processor|regfile:regfile_i|reg:\g_regs:1:i_reg|dffg:\g_dffgs:3:i_dffg                                                     ; dffg            ; work         ;
;          |dffg:\g_dffgs:4:i_dffg|                ; 0 (0)               ; 1 (1)                     ; 0           ; 0            ; 0       ; 0         ; 0    ; 0            ; |RISCV_Processor|regfile:regfile_i|reg:\g_regs:1:i_reg|dffg:\g_dffgs:4:i_dffg                                                     ; dffg            ; work         ;
;          |dffg:\g_dffgs:5:i_dffg|                ; 0 (0)               ; 1 (1)                     ; 0           ; 0            ; 0       ; 0         ; 0    ; 0            ; |RISCV_Processor|regfile:regfile_i|reg:\g_regs:1:i_reg|dffg:\g_dffgs:5:i_dffg                                                     ; dffg            ; work         ;
;          |dffg:\g_dffgs:6:i_dffg|                ; 0 (0)               ; 1 (1)                     ; 0           ; 0            ; 0       ; 0         ; 0    ; 0            ; |RISCV_Processor|regfile:regfile_i|reg:\g_regs:1:i_reg|dffg:\g_dffgs:6:i_dffg                                                     ; dffg            ; work         ;
;          |dffg:\g_dffgs:7:i_dffg|                ; 0 (0)               ; 1 (1)                     ; 0           ; 0            ; 0       ; 0         ; 0    ; 0            ; |RISCV_Processor|regfile:regfile_i|reg:\g_regs:1:i_reg|dffg:\g_dffgs:7:i_dffg                                                     ; dffg            ; work         ;
;          |dffg:\g_dffgs:8:i_dffg|                ; 0 (0)               ; 1 (1)                     ; 0           ; 0            ; 0       ; 0         ; 0    ; 0            ; |RISCV_Processor|regfile:regfile_i|reg:\g_regs:1:i_reg|dffg:\g_dffgs:8:i_dffg                                                     ; dffg            ; work         ;
;          |dffg:\g_dffgs:9:i_dffg|                ; 0 (0)               ; 1 (1)                     ; 0           ; 0            ; 0       ; 0         ; 0    ; 0            ; |RISCV_Processor|regfile:regfile_i|reg:\g_regs:1:i_reg|dffg:\g_dffgs:9:i_dffg                                                     ; dffg            ; work         ;
;       |reg:\g_regs:20:i_reg|                     ; 0 (0)               ; 32 (0)                    ; 0           ; 0            ; 0       ; 0         ; 0    ; 0            ; |RISCV_Processor|regfile:regfile_i|reg:\g_regs:20:i_reg                                                                           ; reg             ; work         ;
;          |dffg:\g_dffgs:0:i_dffg|                ; 0 (0)               ; 1 (1)                     ; 0           ; 0            ; 0       ; 0         ; 0    ; 0            ; |RISCV_Processor|regfile:regfile_i|reg:\g_regs:20:i_reg|dffg:\g_dffgs:0:i_dffg                                                    ; dffg            ; work         ;
;          |dffg:\g_dffgs:10:i_dffg|               ; 0 (0)               ; 1 (1)                     ; 0           ; 0            ; 0       ; 0         ; 0    ; 0            ; |RISCV_Processor|regfile:regfile_i|reg:\g_regs:20:i_reg|dffg:\g_dffgs:10:i_dffg                                                   ; dffg            ; work         ;
;          |dffg:\g_dffgs:11:i_dffg|               ; 0 (0)               ; 1 (1)                     ; 0           ; 0            ; 0       ; 0         ; 0    ; 0            ; |RISCV_Processor|regfile:regfile_i|reg:\g_regs:20:i_reg|dffg:\g_dffgs:11:i_dffg                                                   ; dffg            ; work         ;
;          |dffg:\g_dffgs:12:i_dffg|               ; 0 (0)               ; 1 (1)                     ; 0           ; 0            ; 0       ; 0         ; 0    ; 0            ; |RISCV_Processor|regfile:regfile_i|reg:\g_regs:20:i_reg|dffg:\g_dffgs:12:i_dffg                                                   ; dffg            ; work         ;
;          |dffg:\g_dffgs:13:i_dffg|               ; 0 (0)               ; 1 (1)                     ; 0           ; 0            ; 0       ; 0         ; 0    ; 0            ; |RISCV_Processor|regfile:regfile_i|reg:\g_regs:20:i_reg|dffg:\g_dffgs:13:i_dffg                                                   ; dffg            ; work         ;
;          |dffg:\g_dffgs:14:i_dffg|               ; 0 (0)               ; 1 (1)                     ; 0           ; 0            ; 0       ; 0         ; 0    ; 0            ; |RISCV_Processor|regfile:regfile_i|reg:\g_regs:20:i_reg|dffg:\g_dffgs:14:i_dffg                                                   ; dffg            ; work         ;
;          |dffg:\g_dffgs:15:i_dffg|               ; 0 (0)               ; 1 (1)                     ; 0           ; 0            ; 0       ; 0         ; 0    ; 0            ; |RISCV_Processor|regfile:regfile_i|reg:\g_regs:20:i_reg|dffg:\g_dffgs:15:i_dffg                                                   ; dffg            ; work         ;
;          |dffg:\g_dffgs:16:i_dffg|               ; 0 (0)               ; 1 (1)                     ; 0           ; 0            ; 0       ; 0         ; 0    ; 0            ; |RISCV_Processor|regfile:regfile_i|reg:\g_regs:20:i_reg|dffg:\g_dffgs:16:i_dffg                                                   ; dffg            ; work         ;
;          |dffg:\g_dffgs:17:i_dffg|               ; 0 (0)               ; 1 (1)                     ; 0           ; 0            ; 0       ; 0         ; 0    ; 0            ; |RISCV_Processor|regfile:regfile_i|reg:\g_regs:20:i_reg|dffg:\g_dffgs:17:i_dffg                                                   ; dffg            ; work         ;
;          |dffg:\g_dffgs:18:i_dffg|               ; 0 (0)               ; 1 (1)                     ; 0           ; 0            ; 0       ; 0         ; 0    ; 0            ; |RISCV_Processor|regfile:regfile_i|reg:\g_regs:20:i_reg|dffg:\g_dffgs:18:i_dffg                                                   ; dffg            ; work         ;
;          |dffg:\g_dffgs:19:i_dffg|               ; 0 (0)               ; 1 (1)                     ; 0           ; 0            ; 0       ; 0         ; 0    ; 0            ; |RISCV_Processor|regfile:regfile_i|reg:\g_regs:20:i_reg|dffg:\g_dffgs:19:i_dffg                                                   ; dffg            ; work         ;
;          |dffg:\g_dffgs:1:i_dffg|                ; 0 (0)               ; 1 (1)                     ; 0           ; 0            ; 0       ; 0         ; 0    ; 0            ; |RISCV_Processor|regfile:regfile_i|reg:\g_regs:20:i_reg|dffg:\g_dffgs:1:i_dffg                                                    ; dffg            ; work         ;
;          |dffg:\g_dffgs:20:i_dffg|               ; 0 (0)               ; 1 (1)                     ; 0           ; 0            ; 0       ; 0         ; 0    ; 0            ; |RISCV_Processor|regfile:regfile_i|reg:\g_regs:20:i_reg|dffg:\g_dffgs:20:i_dffg                                                   ; dffg            ; work         ;
;          |dffg:\g_dffgs:21:i_dffg|               ; 0 (0)               ; 1 (1)                     ; 0           ; 0            ; 0       ; 0         ; 0    ; 0            ; |RISCV_Processor|regfile:regfile_i|reg:\g_regs:20:i_reg|dffg:\g_dffgs:21:i_dffg                                                   ; dffg            ; work         ;
;          |dffg:\g_dffgs:22:i_dffg|               ; 0 (0)               ; 1 (1)                     ; 0           ; 0            ; 0       ; 0         ; 0    ; 0            ; |RISCV_Processor|regfile:regfile_i|reg:\g_regs:20:i_reg|dffg:\g_dffgs:22:i_dffg                                                   ; dffg            ; work         ;
;          |dffg:\g_dffgs:23:i_dffg|               ; 0 (0)               ; 1 (1)                     ; 0           ; 0            ; 0       ; 0         ; 0    ; 0            ; |RISCV_Processor|regfile:regfile_i|reg:\g_regs:20:i_reg|dffg:\g_dffgs:23:i_dffg                                                   ; dffg            ; work         ;
;          |dffg:\g_dffgs:24:i_dffg|               ; 0 (0)               ; 1 (1)                     ; 0           ; 0            ; 0       ; 0         ; 0    ; 0            ; |RISCV_Processor|regfile:regfile_i|reg:\g_regs:20:i_reg|dffg:\g_dffgs:24:i_dffg                                                   ; dffg            ; work         ;
;          |dffg:\g_dffgs:25:i_dffg|               ; 0 (0)               ; 1 (1)                     ; 0           ; 0            ; 0       ; 0         ; 0    ; 0            ; |RISCV_Processor|regfile:regfile_i|reg:\g_regs:20:i_reg|dffg:\g_dffgs:25:i_dffg                                                   ; dffg            ; work         ;
;          |dffg:\g_dffgs:26:i_dffg|               ; 0 (0)               ; 1 (1)                     ; 0           ; 0            ; 0       ; 0         ; 0    ; 0            ; |RISCV_Processor|regfile:regfile_i|reg:\g_regs:20:i_reg|dffg:\g_dffgs:26:i_dffg                                                   ; dffg            ; work         ;
;          |dffg:\g_dffgs:27:i_dffg|               ; 0 (0)               ; 1 (1)                     ; 0           ; 0            ; 0       ; 0         ; 0    ; 0            ; |RISCV_Processor|regfile:regfile_i|reg:\g_regs:20:i_reg|dffg:\g_dffgs:27:i_dffg                                                   ; dffg            ; work         ;
;          |dffg:\g_dffgs:28:i_dffg|               ; 0 (0)               ; 1 (1)                     ; 0           ; 0            ; 0       ; 0         ; 0    ; 0            ; |RISCV_Processor|regfile:regfile_i|reg:\g_regs:20:i_reg|dffg:\g_dffgs:28:i_dffg                                                   ; dffg            ; work         ;
;          |dffg:\g_dffgs:29:i_dffg|               ; 0 (0)               ; 1 (1)                     ; 0           ; 0            ; 0       ; 0         ; 0    ; 0            ; |RISCV_Processor|regfile:regfile_i|reg:\g_regs:20:i_reg|dffg:\g_dffgs:29:i_dffg                                                   ; dffg            ; work         ;
;          |dffg:\g_dffgs:2:i_dffg|                ; 0 (0)               ; 1 (1)                     ; 0           ; 0            ; 0       ; 0         ; 0    ; 0            ; |RISCV_Processor|regfile:regfile_i|reg:\g_regs:20:i_reg|dffg:\g_dffgs:2:i_dffg                                                    ; dffg            ; work         ;
;          |dffg:\g_dffgs:30:i_dffg|               ; 0 (0)               ; 1 (1)                     ; 0           ; 0            ; 0       ; 0         ; 0    ; 0            ; |RISCV_Processor|regfile:regfile_i|reg:\g_regs:20:i_reg|dffg:\g_dffgs:30:i_dffg                                                   ; dffg            ; work         ;
;          |dffg:\g_dffgs:31:i_dffg|               ; 0 (0)               ; 1 (1)                     ; 0           ; 0            ; 0       ; 0         ; 0    ; 0            ; |RISCV_Processor|regfile:regfile_i|reg:\g_regs:20:i_reg|dffg:\g_dffgs:31:i_dffg                                                   ; dffg            ; work         ;
;          |dffg:\g_dffgs:3:i_dffg|                ; 0 (0)               ; 1 (1)                     ; 0           ; 0            ; 0       ; 0         ; 0    ; 0            ; |RISCV_Processor|regfile:regfile_i|reg:\g_regs:20:i_reg|dffg:\g_dffgs:3:i_dffg                                                    ; dffg            ; work         ;
;          |dffg:\g_dffgs:4:i_dffg|                ; 0 (0)               ; 1 (1)                     ; 0           ; 0            ; 0       ; 0         ; 0    ; 0            ; |RISCV_Processor|regfile:regfile_i|reg:\g_regs:20:i_reg|dffg:\g_dffgs:4:i_dffg                                                    ; dffg            ; work         ;
;          |dffg:\g_dffgs:5:i_dffg|                ; 0 (0)               ; 1 (1)                     ; 0           ; 0            ; 0       ; 0         ; 0    ; 0            ; |RISCV_Processor|regfile:regfile_i|reg:\g_regs:20:i_reg|dffg:\g_dffgs:5:i_dffg                                                    ; dffg            ; work         ;
;          |dffg:\g_dffgs:6:i_dffg|                ; 0 (0)               ; 1 (1)                     ; 0           ; 0            ; 0       ; 0         ; 0    ; 0            ; |RISCV_Processor|regfile:regfile_i|reg:\g_regs:20:i_reg|dffg:\g_dffgs:6:i_dffg                                                    ; dffg            ; work         ;
;          |dffg:\g_dffgs:7:i_dffg|                ; 0 (0)               ; 1 (1)                     ; 0           ; 0            ; 0       ; 0         ; 0    ; 0            ; |RISCV_Processor|regfile:regfile_i|reg:\g_regs:20:i_reg|dffg:\g_dffgs:7:i_dffg                                                    ; dffg            ; work         ;
;          |dffg:\g_dffgs:8:i_dffg|                ; 0 (0)               ; 1 (1)                     ; 0           ; 0            ; 0       ; 0         ; 0    ; 0            ; |RISCV_Processor|regfile:regfile_i|reg:\g_regs:20:i_reg|dffg:\g_dffgs:8:i_dffg                                                    ; dffg            ; work         ;
;          |dffg:\g_dffgs:9:i_dffg|                ; 0 (0)               ; 1 (1)                     ; 0           ; 0            ; 0       ; 0         ; 0    ; 0            ; |RISCV_Processor|regfile:regfile_i|reg:\g_regs:20:i_reg|dffg:\g_dffgs:9:i_dffg                                                    ; dffg            ; work         ;
;       |reg:\g_regs:21:i_reg|                     ; 0 (0)               ; 32 (0)                    ; 0           ; 0            ; 0       ; 0         ; 0    ; 0            ; |RISCV_Processor|regfile:regfile_i|reg:\g_regs:21:i_reg                                                                           ; reg             ; work         ;
;          |dffg:\g_dffgs:0:i_dffg|                ; 0 (0)               ; 1 (1)                     ; 0           ; 0            ; 0       ; 0         ; 0    ; 0            ; |RISCV_Processor|regfile:regfile_i|reg:\g_regs:21:i_reg|dffg:\g_dffgs:0:i_dffg                                                    ; dffg            ; work         ;
;          |dffg:\g_dffgs:10:i_dffg|               ; 0 (0)               ; 1 (1)                     ; 0           ; 0            ; 0       ; 0         ; 0    ; 0            ; |RISCV_Processor|regfile:regfile_i|reg:\g_regs:21:i_reg|dffg:\g_dffgs:10:i_dffg                                                   ; dffg            ; work         ;
;          |dffg:\g_dffgs:11:i_dffg|               ; 0 (0)               ; 1 (1)                     ; 0           ; 0            ; 0       ; 0         ; 0    ; 0            ; |RISCV_Processor|regfile:regfile_i|reg:\g_regs:21:i_reg|dffg:\g_dffgs:11:i_dffg                                                   ; dffg            ; work         ;
;          |dffg:\g_dffgs:12:i_dffg|               ; 0 (0)               ; 1 (1)                     ; 0           ; 0            ; 0       ; 0         ; 0    ; 0            ; |RISCV_Processor|regfile:regfile_i|reg:\g_regs:21:i_reg|dffg:\g_dffgs:12:i_dffg                                                   ; dffg            ; work         ;
;          |dffg:\g_dffgs:13:i_dffg|               ; 0 (0)               ; 1 (1)                     ; 0           ; 0            ; 0       ; 0         ; 0    ; 0            ; |RISCV_Processor|regfile:regfile_i|reg:\g_regs:21:i_reg|dffg:\g_dffgs:13:i_dffg                                                   ; dffg            ; work         ;
;          |dffg:\g_dffgs:14:i_dffg|               ; 0 (0)               ; 1 (1)                     ; 0           ; 0            ; 0       ; 0         ; 0    ; 0            ; |RISCV_Processor|regfile:regfile_i|reg:\g_regs:21:i_reg|dffg:\g_dffgs:14:i_dffg                                                   ; dffg            ; work         ;
;          |dffg:\g_dffgs:15:i_dffg|               ; 0 (0)               ; 1 (1)                     ; 0           ; 0            ; 0       ; 0         ; 0    ; 0            ; |RISCV_Processor|regfile:regfile_i|reg:\g_regs:21:i_reg|dffg:\g_dffgs:15:i_dffg                                                   ; dffg            ; work         ;
;          |dffg:\g_dffgs:16:i_dffg|               ; 0 (0)               ; 1 (1)                     ; 0           ; 0            ; 0       ; 0         ; 0    ; 0            ; |RISCV_Processor|regfile:regfile_i|reg:\g_regs:21:i_reg|dffg:\g_dffgs:16:i_dffg                                                   ; dffg            ; work         ;
;          |dffg:\g_dffgs:17:i_dffg|               ; 0 (0)               ; 1 (1)                     ; 0           ; 0            ; 0       ; 0         ; 0    ; 0            ; |RISCV_Processor|regfile:regfile_i|reg:\g_regs:21:i_reg|dffg:\g_dffgs:17:i_dffg                                                   ; dffg            ; work         ;
;          |dffg:\g_dffgs:18:i_dffg|               ; 0 (0)               ; 1 (1)                     ; 0           ; 0            ; 0       ; 0         ; 0    ; 0            ; |RISCV_Processor|regfile:regfile_i|reg:\g_regs:21:i_reg|dffg:\g_dffgs:18:i_dffg                                                   ; dffg            ; work         ;
;          |dffg:\g_dffgs:19:i_dffg|               ; 0 (0)               ; 1 (1)                     ; 0           ; 0            ; 0       ; 0         ; 0    ; 0            ; |RISCV_Processor|regfile:regfile_i|reg:\g_regs:21:i_reg|dffg:\g_dffgs:19:i_dffg                                                   ; dffg            ; work         ;
;          |dffg:\g_dffgs:1:i_dffg|                ; 0 (0)               ; 1 (1)                     ; 0           ; 0            ; 0       ; 0         ; 0    ; 0            ; |RISCV_Processor|regfile:regfile_i|reg:\g_regs:21:i_reg|dffg:\g_dffgs:1:i_dffg                                                    ; dffg            ; work         ;
;          |dffg:\g_dffgs:20:i_dffg|               ; 0 (0)               ; 1 (1)                     ; 0           ; 0            ; 0       ; 0         ; 0    ; 0            ; |RISCV_Processor|regfile:regfile_i|reg:\g_regs:21:i_reg|dffg:\g_dffgs:20:i_dffg                                                   ; dffg            ; work         ;
;          |dffg:\g_dffgs:21:i_dffg|               ; 0 (0)               ; 1 (1)                     ; 0           ; 0            ; 0       ; 0         ; 0    ; 0            ; |RISCV_Processor|regfile:regfile_i|reg:\g_regs:21:i_reg|dffg:\g_dffgs:21:i_dffg                                                   ; dffg            ; work         ;
;          |dffg:\g_dffgs:22:i_dffg|               ; 0 (0)               ; 1 (1)                     ; 0           ; 0            ; 0       ; 0         ; 0    ; 0            ; |RISCV_Processor|regfile:regfile_i|reg:\g_regs:21:i_reg|dffg:\g_dffgs:22:i_dffg                                                   ; dffg            ; work         ;
;          |dffg:\g_dffgs:23:i_dffg|               ; 0 (0)               ; 1 (1)                     ; 0           ; 0            ; 0       ; 0         ; 0    ; 0            ; |RISCV_Processor|regfile:regfile_i|reg:\g_regs:21:i_reg|dffg:\g_dffgs:23:i_dffg                                                   ; dffg            ; work         ;
;          |dffg:\g_dffgs:24:i_dffg|               ; 0 (0)               ; 1 (1)                     ; 0           ; 0            ; 0       ; 0         ; 0    ; 0            ; |RISCV_Processor|regfile:regfile_i|reg:\g_regs:21:i_reg|dffg:\g_dffgs:24:i_dffg                                                   ; dffg            ; work         ;
;          |dffg:\g_dffgs:25:i_dffg|               ; 0 (0)               ; 1 (1)                     ; 0           ; 0            ; 0       ; 0         ; 0    ; 0            ; |RISCV_Processor|regfile:regfile_i|reg:\g_regs:21:i_reg|dffg:\g_dffgs:25:i_dffg                                                   ; dffg            ; work         ;
;          |dffg:\g_dffgs:26:i_dffg|               ; 0 (0)               ; 1 (1)                     ; 0           ; 0            ; 0       ; 0         ; 0    ; 0            ; |RISCV_Processor|regfile:regfile_i|reg:\g_regs:21:i_reg|dffg:\g_dffgs:26:i_dffg                                                   ; dffg            ; work         ;
;          |dffg:\g_dffgs:27:i_dffg|               ; 0 (0)               ; 1 (1)                     ; 0           ; 0            ; 0       ; 0         ; 0    ; 0            ; |RISCV_Processor|regfile:regfile_i|reg:\g_regs:21:i_reg|dffg:\g_dffgs:27:i_dffg                                                   ; dffg            ; work         ;
;          |dffg:\g_dffgs:28:i_dffg|               ; 0 (0)               ; 1 (1)                     ; 0           ; 0            ; 0       ; 0         ; 0    ; 0            ; |RISCV_Processor|regfile:regfile_i|reg:\g_regs:21:i_reg|dffg:\g_dffgs:28:i_dffg                                                   ; dffg            ; work         ;
;          |dffg:\g_dffgs:29:i_dffg|               ; 0 (0)               ; 1 (1)                     ; 0           ; 0            ; 0       ; 0         ; 0    ; 0            ; |RISCV_Processor|regfile:regfile_i|reg:\g_regs:21:i_reg|dffg:\g_dffgs:29:i_dffg                                                   ; dffg            ; work         ;
;          |dffg:\g_dffgs:2:i_dffg|                ; 0 (0)               ; 1 (1)                     ; 0           ; 0            ; 0       ; 0         ; 0    ; 0            ; |RISCV_Processor|regfile:regfile_i|reg:\g_regs:21:i_reg|dffg:\g_dffgs:2:i_dffg                                                    ; dffg            ; work         ;
;          |dffg:\g_dffgs:30:i_dffg|               ; 0 (0)               ; 1 (1)                     ; 0           ; 0            ; 0       ; 0         ; 0    ; 0            ; |RISCV_Processor|regfile:regfile_i|reg:\g_regs:21:i_reg|dffg:\g_dffgs:30:i_dffg                                                   ; dffg            ; work         ;
;          |dffg:\g_dffgs:31:i_dffg|               ; 0 (0)               ; 1 (1)                     ; 0           ; 0            ; 0       ; 0         ; 0    ; 0            ; |RISCV_Processor|regfile:regfile_i|reg:\g_regs:21:i_reg|dffg:\g_dffgs:31:i_dffg                                                   ; dffg            ; work         ;
;          |dffg:\g_dffgs:3:i_dffg|                ; 0 (0)               ; 1 (1)                     ; 0           ; 0            ; 0       ; 0         ; 0    ; 0            ; |RISCV_Processor|regfile:regfile_i|reg:\g_regs:21:i_reg|dffg:\g_dffgs:3:i_dffg                                                    ; dffg            ; work         ;
;          |dffg:\g_dffgs:4:i_dffg|                ; 0 (0)               ; 1 (1)                     ; 0           ; 0            ; 0       ; 0         ; 0    ; 0            ; |RISCV_Processor|regfile:regfile_i|reg:\g_regs:21:i_reg|dffg:\g_dffgs:4:i_dffg                                                    ; dffg            ; work         ;
;          |dffg:\g_dffgs:5:i_dffg|                ; 0 (0)               ; 1 (1)                     ; 0           ; 0            ; 0       ; 0         ; 0    ; 0            ; |RISCV_Processor|regfile:regfile_i|reg:\g_regs:21:i_reg|dffg:\g_dffgs:5:i_dffg                                                    ; dffg            ; work         ;
;          |dffg:\g_dffgs:6:i_dffg|                ; 0 (0)               ; 1 (1)                     ; 0           ; 0            ; 0       ; 0         ; 0    ; 0            ; |RISCV_Processor|regfile:regfile_i|reg:\g_regs:21:i_reg|dffg:\g_dffgs:6:i_dffg                                                    ; dffg            ; work         ;
;          |dffg:\g_dffgs:7:i_dffg|                ; 0 (0)               ; 1 (1)                     ; 0           ; 0            ; 0       ; 0         ; 0    ; 0            ; |RISCV_Processor|regfile:regfile_i|reg:\g_regs:21:i_reg|dffg:\g_dffgs:7:i_dffg                                                    ; dffg            ; work         ;
;          |dffg:\g_dffgs:8:i_dffg|                ; 0 (0)               ; 1 (1)                     ; 0           ; 0            ; 0       ; 0         ; 0    ; 0            ; |RISCV_Processor|regfile:regfile_i|reg:\g_regs:21:i_reg|dffg:\g_dffgs:8:i_dffg                                                    ; dffg            ; work         ;
;          |dffg:\g_dffgs:9:i_dffg|                ; 0 (0)               ; 1 (1)                     ; 0           ; 0            ; 0       ; 0         ; 0    ; 0            ; |RISCV_Processor|regfile:regfile_i|reg:\g_regs:21:i_reg|dffg:\g_dffgs:9:i_dffg                                                    ; dffg            ; work         ;
;       |reg:\g_regs:22:i_reg|                     ; 0 (0)               ; 32 (0)                    ; 0           ; 0            ; 0       ; 0         ; 0    ; 0            ; |RISCV_Processor|regfile:regfile_i|reg:\g_regs:22:i_reg                                                                           ; reg             ; work         ;
;          |dffg:\g_dffgs:0:i_dffg|                ; 0 (0)               ; 1 (1)                     ; 0           ; 0            ; 0       ; 0         ; 0    ; 0            ; |RISCV_Processor|regfile:regfile_i|reg:\g_regs:22:i_reg|dffg:\g_dffgs:0:i_dffg                                                    ; dffg            ; work         ;
;          |dffg:\g_dffgs:10:i_dffg|               ; 0 (0)               ; 1 (1)                     ; 0           ; 0            ; 0       ; 0         ; 0    ; 0            ; |RISCV_Processor|regfile:regfile_i|reg:\g_regs:22:i_reg|dffg:\g_dffgs:10:i_dffg                                                   ; dffg            ; work         ;
;          |dffg:\g_dffgs:11:i_dffg|               ; 0 (0)               ; 1 (1)                     ; 0           ; 0            ; 0       ; 0         ; 0    ; 0            ; |RISCV_Processor|regfile:regfile_i|reg:\g_regs:22:i_reg|dffg:\g_dffgs:11:i_dffg                                                   ; dffg            ; work         ;
;          |dffg:\g_dffgs:12:i_dffg|               ; 0 (0)               ; 1 (1)                     ; 0           ; 0            ; 0       ; 0         ; 0    ; 0            ; |RISCV_Processor|regfile:regfile_i|reg:\g_regs:22:i_reg|dffg:\g_dffgs:12:i_dffg                                                   ; dffg            ; work         ;
;          |dffg:\g_dffgs:13:i_dffg|               ; 0 (0)               ; 1 (1)                     ; 0           ; 0            ; 0       ; 0         ; 0    ; 0            ; |RISCV_Processor|regfile:regfile_i|reg:\g_regs:22:i_reg|dffg:\g_dffgs:13:i_dffg                                                   ; dffg            ; work         ;
;          |dffg:\g_dffgs:14:i_dffg|               ; 0 (0)               ; 1 (1)                     ; 0           ; 0            ; 0       ; 0         ; 0    ; 0            ; |RISCV_Processor|regfile:regfile_i|reg:\g_regs:22:i_reg|dffg:\g_dffgs:14:i_dffg                                                   ; dffg            ; work         ;
;          |dffg:\g_dffgs:15:i_dffg|               ; 0 (0)               ; 1 (1)                     ; 0           ; 0            ; 0       ; 0         ; 0    ; 0            ; |RISCV_Processor|regfile:regfile_i|reg:\g_regs:22:i_reg|dffg:\g_dffgs:15:i_dffg                                                   ; dffg            ; work         ;
;          |dffg:\g_dffgs:16:i_dffg|               ; 0 (0)               ; 1 (1)                     ; 0           ; 0            ; 0       ; 0         ; 0    ; 0            ; |RISCV_Processor|regfile:regfile_i|reg:\g_regs:22:i_reg|dffg:\g_dffgs:16:i_dffg                                                   ; dffg            ; work         ;
;          |dffg:\g_dffgs:17:i_dffg|               ; 0 (0)               ; 1 (1)                     ; 0           ; 0            ; 0       ; 0         ; 0    ; 0            ; |RISCV_Processor|regfile:regfile_i|reg:\g_regs:22:i_reg|dffg:\g_dffgs:17:i_dffg                                                   ; dffg            ; work         ;
;          |dffg:\g_dffgs:18:i_dffg|               ; 0 (0)               ; 1 (1)                     ; 0           ; 0            ; 0       ; 0         ; 0    ; 0            ; |RISCV_Processor|regfile:regfile_i|reg:\g_regs:22:i_reg|dffg:\g_dffgs:18:i_dffg                                                   ; dffg            ; work         ;
;          |dffg:\g_dffgs:19:i_dffg|               ; 0 (0)               ; 1 (1)                     ; 0           ; 0            ; 0       ; 0         ; 0    ; 0            ; |RISCV_Processor|regfile:regfile_i|reg:\g_regs:22:i_reg|dffg:\g_dffgs:19:i_dffg                                                   ; dffg            ; work         ;
;          |dffg:\g_dffgs:1:i_dffg|                ; 0 (0)               ; 1 (1)                     ; 0           ; 0            ; 0       ; 0         ; 0    ; 0            ; |RISCV_Processor|regfile:regfile_i|reg:\g_regs:22:i_reg|dffg:\g_dffgs:1:i_dffg                                                    ; dffg            ; work         ;
;          |dffg:\g_dffgs:20:i_dffg|               ; 0 (0)               ; 1 (1)                     ; 0           ; 0            ; 0       ; 0         ; 0    ; 0            ; |RISCV_Processor|regfile:regfile_i|reg:\g_regs:22:i_reg|dffg:\g_dffgs:20:i_dffg                                                   ; dffg            ; work         ;
;          |dffg:\g_dffgs:21:i_dffg|               ; 0 (0)               ; 1 (1)                     ; 0           ; 0            ; 0       ; 0         ; 0    ; 0            ; |RISCV_Processor|regfile:regfile_i|reg:\g_regs:22:i_reg|dffg:\g_dffgs:21:i_dffg                                                   ; dffg            ; work         ;
;          |dffg:\g_dffgs:22:i_dffg|               ; 0 (0)               ; 1 (1)                     ; 0           ; 0            ; 0       ; 0         ; 0    ; 0            ; |RISCV_Processor|regfile:regfile_i|reg:\g_regs:22:i_reg|dffg:\g_dffgs:22:i_dffg                                                   ; dffg            ; work         ;
;          |dffg:\g_dffgs:23:i_dffg|               ; 0 (0)               ; 1 (1)                     ; 0           ; 0            ; 0       ; 0         ; 0    ; 0            ; |RISCV_Processor|regfile:regfile_i|reg:\g_regs:22:i_reg|dffg:\g_dffgs:23:i_dffg                                                   ; dffg            ; work         ;
;          |dffg:\g_dffgs:24:i_dffg|               ; 0 (0)               ; 1 (1)                     ; 0           ; 0            ; 0       ; 0         ; 0    ; 0            ; |RISCV_Processor|regfile:regfile_i|reg:\g_regs:22:i_reg|dffg:\g_dffgs:24:i_dffg                                                   ; dffg            ; work         ;
;          |dffg:\g_dffgs:25:i_dffg|               ; 0 (0)               ; 1 (1)                     ; 0           ; 0            ; 0       ; 0         ; 0    ; 0            ; |RISCV_Processor|regfile:regfile_i|reg:\g_regs:22:i_reg|dffg:\g_dffgs:25:i_dffg                                                   ; dffg            ; work         ;
;          |dffg:\g_dffgs:26:i_dffg|               ; 0 (0)               ; 1 (1)                     ; 0           ; 0            ; 0       ; 0         ; 0    ; 0            ; |RISCV_Processor|regfile:regfile_i|reg:\g_regs:22:i_reg|dffg:\g_dffgs:26:i_dffg                                                   ; dffg            ; work         ;
;          |dffg:\g_dffgs:27:i_dffg|               ; 0 (0)               ; 1 (1)                     ; 0           ; 0            ; 0       ; 0         ; 0    ; 0            ; |RISCV_Processor|regfile:regfile_i|reg:\g_regs:22:i_reg|dffg:\g_dffgs:27:i_dffg                                                   ; dffg            ; work         ;
;          |dffg:\g_dffgs:28:i_dffg|               ; 0 (0)               ; 1 (1)                     ; 0           ; 0            ; 0       ; 0         ; 0    ; 0            ; |RISCV_Processor|regfile:regfile_i|reg:\g_regs:22:i_reg|dffg:\g_dffgs:28:i_dffg                                                   ; dffg            ; work         ;
;          |dffg:\g_dffgs:29:i_dffg|               ; 0 (0)               ; 1 (1)                     ; 0           ; 0            ; 0       ; 0         ; 0    ; 0            ; |RISCV_Processor|regfile:regfile_i|reg:\g_regs:22:i_reg|dffg:\g_dffgs:29:i_dffg                                                   ; dffg            ; work         ;
;          |dffg:\g_dffgs:2:i_dffg|                ; 0 (0)               ; 1 (1)                     ; 0           ; 0            ; 0       ; 0         ; 0    ; 0            ; |RISCV_Processor|regfile:regfile_i|reg:\g_regs:22:i_reg|dffg:\g_dffgs:2:i_dffg                                                    ; dffg            ; work         ;
;          |dffg:\g_dffgs:30:i_dffg|               ; 0 (0)               ; 1 (1)                     ; 0           ; 0            ; 0       ; 0         ; 0    ; 0            ; |RISCV_Processor|regfile:regfile_i|reg:\g_regs:22:i_reg|dffg:\g_dffgs:30:i_dffg                                                   ; dffg            ; work         ;
;          |dffg:\g_dffgs:31:i_dffg|               ; 0 (0)               ; 1 (1)                     ; 0           ; 0            ; 0       ; 0         ; 0    ; 0            ; |RISCV_Processor|regfile:regfile_i|reg:\g_regs:22:i_reg|dffg:\g_dffgs:31:i_dffg                                                   ; dffg            ; work         ;
;          |dffg:\g_dffgs:3:i_dffg|                ; 0 (0)               ; 1 (1)                     ; 0           ; 0            ; 0       ; 0         ; 0    ; 0            ; |RISCV_Processor|regfile:regfile_i|reg:\g_regs:22:i_reg|dffg:\g_dffgs:3:i_dffg                                                    ; dffg            ; work         ;
;          |dffg:\g_dffgs:4:i_dffg|                ; 0 (0)               ; 1 (1)                     ; 0           ; 0            ; 0       ; 0         ; 0    ; 0            ; |RISCV_Processor|regfile:regfile_i|reg:\g_regs:22:i_reg|dffg:\g_dffgs:4:i_dffg                                                    ; dffg            ; work         ;
;          |dffg:\g_dffgs:5:i_dffg|                ; 0 (0)               ; 1 (1)                     ; 0           ; 0            ; 0       ; 0         ; 0    ; 0            ; |RISCV_Processor|regfile:regfile_i|reg:\g_regs:22:i_reg|dffg:\g_dffgs:5:i_dffg                                                    ; dffg            ; work         ;
;          |dffg:\g_dffgs:6:i_dffg|                ; 0 (0)               ; 1 (1)                     ; 0           ; 0            ; 0       ; 0         ; 0    ; 0            ; |RISCV_Processor|regfile:regfile_i|reg:\g_regs:22:i_reg|dffg:\g_dffgs:6:i_dffg                                                    ; dffg            ; work         ;
;          |dffg:\g_dffgs:7:i_dffg|                ; 0 (0)               ; 1 (1)                     ; 0           ; 0            ; 0       ; 0         ; 0    ; 0            ; |RISCV_Processor|regfile:regfile_i|reg:\g_regs:22:i_reg|dffg:\g_dffgs:7:i_dffg                                                    ; dffg            ; work         ;
;          |dffg:\g_dffgs:8:i_dffg|                ; 0 (0)               ; 1 (1)                     ; 0           ; 0            ; 0       ; 0         ; 0    ; 0            ; |RISCV_Processor|regfile:regfile_i|reg:\g_regs:22:i_reg|dffg:\g_dffgs:8:i_dffg                                                    ; dffg            ; work         ;
;          |dffg:\g_dffgs:9:i_dffg|                ; 0 (0)               ; 1 (1)                     ; 0           ; 0            ; 0       ; 0         ; 0    ; 0            ; |RISCV_Processor|regfile:regfile_i|reg:\g_regs:22:i_reg|dffg:\g_dffgs:9:i_dffg                                                    ; dffg            ; work         ;
;       |reg:\g_regs:23:i_reg|                     ; 0 (0)               ; 32 (0)                    ; 0           ; 0            ; 0       ; 0         ; 0    ; 0            ; |RISCV_Processor|regfile:regfile_i|reg:\g_regs:23:i_reg                                                                           ; reg             ; work         ;
;          |dffg:\g_dffgs:0:i_dffg|                ; 0 (0)               ; 1 (1)                     ; 0           ; 0            ; 0       ; 0         ; 0    ; 0            ; |RISCV_Processor|regfile:regfile_i|reg:\g_regs:23:i_reg|dffg:\g_dffgs:0:i_dffg                                                    ; dffg            ; work         ;
;          |dffg:\g_dffgs:10:i_dffg|               ; 0 (0)               ; 1 (1)                     ; 0           ; 0            ; 0       ; 0         ; 0    ; 0            ; |RISCV_Processor|regfile:regfile_i|reg:\g_regs:23:i_reg|dffg:\g_dffgs:10:i_dffg                                                   ; dffg            ; work         ;
;          |dffg:\g_dffgs:11:i_dffg|               ; 0 (0)               ; 1 (1)                     ; 0           ; 0            ; 0       ; 0         ; 0    ; 0            ; |RISCV_Processor|regfile:regfile_i|reg:\g_regs:23:i_reg|dffg:\g_dffgs:11:i_dffg                                                   ; dffg            ; work         ;
;          |dffg:\g_dffgs:12:i_dffg|               ; 0 (0)               ; 1 (1)                     ; 0           ; 0            ; 0       ; 0         ; 0    ; 0            ; |RISCV_Processor|regfile:regfile_i|reg:\g_regs:23:i_reg|dffg:\g_dffgs:12:i_dffg                                                   ; dffg            ; work         ;
;          |dffg:\g_dffgs:13:i_dffg|               ; 0 (0)               ; 1 (1)                     ; 0           ; 0            ; 0       ; 0         ; 0    ; 0            ; |RISCV_Processor|regfile:regfile_i|reg:\g_regs:23:i_reg|dffg:\g_dffgs:13:i_dffg                                                   ; dffg            ; work         ;
;          |dffg:\g_dffgs:14:i_dffg|               ; 0 (0)               ; 1 (1)                     ; 0           ; 0            ; 0       ; 0         ; 0    ; 0            ; |RISCV_Processor|regfile:regfile_i|reg:\g_regs:23:i_reg|dffg:\g_dffgs:14:i_dffg                                                   ; dffg            ; work         ;
;          |dffg:\g_dffgs:15:i_dffg|               ; 0 (0)               ; 1 (1)                     ; 0           ; 0            ; 0       ; 0         ; 0    ; 0            ; |RISCV_Processor|regfile:regfile_i|reg:\g_regs:23:i_reg|dffg:\g_dffgs:15:i_dffg                                                   ; dffg            ; work         ;
;          |dffg:\g_dffgs:16:i_dffg|               ; 0 (0)               ; 1 (1)                     ; 0           ; 0            ; 0       ; 0         ; 0    ; 0            ; |RISCV_Processor|regfile:regfile_i|reg:\g_regs:23:i_reg|dffg:\g_dffgs:16:i_dffg                                                   ; dffg            ; work         ;
;          |dffg:\g_dffgs:17:i_dffg|               ; 0 (0)               ; 1 (1)                     ; 0           ; 0            ; 0       ; 0         ; 0    ; 0            ; |RISCV_Processor|regfile:regfile_i|reg:\g_regs:23:i_reg|dffg:\g_dffgs:17:i_dffg                                                   ; dffg            ; work         ;
;          |dffg:\g_dffgs:18:i_dffg|               ; 0 (0)               ; 1 (1)                     ; 0           ; 0            ; 0       ; 0         ; 0    ; 0            ; |RISCV_Processor|regfile:regfile_i|reg:\g_regs:23:i_reg|dffg:\g_dffgs:18:i_dffg                                                   ; dffg            ; work         ;
;          |dffg:\g_dffgs:19:i_dffg|               ; 0 (0)               ; 1 (1)                     ; 0           ; 0            ; 0       ; 0         ; 0    ; 0            ; |RISCV_Processor|regfile:regfile_i|reg:\g_regs:23:i_reg|dffg:\g_dffgs:19:i_dffg                                                   ; dffg            ; work         ;
;          |dffg:\g_dffgs:1:i_dffg|                ; 0 (0)               ; 1 (1)                     ; 0           ; 0            ; 0       ; 0         ; 0    ; 0            ; |RISCV_Processor|regfile:regfile_i|reg:\g_regs:23:i_reg|dffg:\g_dffgs:1:i_dffg                                                    ; dffg            ; work         ;
;          |dffg:\g_dffgs:20:i_dffg|               ; 0 (0)               ; 1 (1)                     ; 0           ; 0            ; 0       ; 0         ; 0    ; 0            ; |RISCV_Processor|regfile:regfile_i|reg:\g_regs:23:i_reg|dffg:\g_dffgs:20:i_dffg                                                   ; dffg            ; work         ;
;          |dffg:\g_dffgs:21:i_dffg|               ; 0 (0)               ; 1 (1)                     ; 0           ; 0            ; 0       ; 0         ; 0    ; 0            ; |RISCV_Processor|regfile:regfile_i|reg:\g_regs:23:i_reg|dffg:\g_dffgs:21:i_dffg                                                   ; dffg            ; work         ;
;          |dffg:\g_dffgs:22:i_dffg|               ; 0 (0)               ; 1 (1)                     ; 0           ; 0            ; 0       ; 0         ; 0    ; 0            ; |RISCV_Processor|regfile:regfile_i|reg:\g_regs:23:i_reg|dffg:\g_dffgs:22:i_dffg                                                   ; dffg            ; work         ;
;          |dffg:\g_dffgs:23:i_dffg|               ; 0 (0)               ; 1 (1)                     ; 0           ; 0            ; 0       ; 0         ; 0    ; 0            ; |RISCV_Processor|regfile:regfile_i|reg:\g_regs:23:i_reg|dffg:\g_dffgs:23:i_dffg                                                   ; dffg            ; work         ;
;          |dffg:\g_dffgs:24:i_dffg|               ; 0 (0)               ; 1 (1)                     ; 0           ; 0            ; 0       ; 0         ; 0    ; 0            ; |RISCV_Processor|regfile:regfile_i|reg:\g_regs:23:i_reg|dffg:\g_dffgs:24:i_dffg                                                   ; dffg            ; work         ;
;          |dffg:\g_dffgs:25:i_dffg|               ; 0 (0)               ; 1 (1)                     ; 0           ; 0            ; 0       ; 0         ; 0    ; 0            ; |RISCV_Processor|regfile:regfile_i|reg:\g_regs:23:i_reg|dffg:\g_dffgs:25:i_dffg                                                   ; dffg            ; work         ;
;          |dffg:\g_dffgs:26:i_dffg|               ; 0 (0)               ; 1 (1)                     ; 0           ; 0            ; 0       ; 0         ; 0    ; 0            ; |RISCV_Processor|regfile:regfile_i|reg:\g_regs:23:i_reg|dffg:\g_dffgs:26:i_dffg                                                   ; dffg            ; work         ;
;          |dffg:\g_dffgs:27:i_dffg|               ; 0 (0)               ; 1 (1)                     ; 0           ; 0            ; 0       ; 0         ; 0    ; 0            ; |RISCV_Processor|regfile:regfile_i|reg:\g_regs:23:i_reg|dffg:\g_dffgs:27:i_dffg                                                   ; dffg            ; work         ;
;          |dffg:\g_dffgs:28:i_dffg|               ; 0 (0)               ; 1 (1)                     ; 0           ; 0            ; 0       ; 0         ; 0    ; 0            ; |RISCV_Processor|regfile:regfile_i|reg:\g_regs:23:i_reg|dffg:\g_dffgs:28:i_dffg                                                   ; dffg            ; work         ;
;          |dffg:\g_dffgs:29:i_dffg|               ; 0 (0)               ; 1 (1)                     ; 0           ; 0            ; 0       ; 0         ; 0    ; 0            ; |RISCV_Processor|regfile:regfile_i|reg:\g_regs:23:i_reg|dffg:\g_dffgs:29:i_dffg                                                   ; dffg            ; work         ;
;          |dffg:\g_dffgs:2:i_dffg|                ; 0 (0)               ; 1 (1)                     ; 0           ; 0            ; 0       ; 0         ; 0    ; 0            ; |RISCV_Processor|regfile:regfile_i|reg:\g_regs:23:i_reg|dffg:\g_dffgs:2:i_dffg                                                    ; dffg            ; work         ;
;          |dffg:\g_dffgs:30:i_dffg|               ; 0 (0)               ; 1 (1)                     ; 0           ; 0            ; 0       ; 0         ; 0    ; 0            ; |RISCV_Processor|regfile:regfile_i|reg:\g_regs:23:i_reg|dffg:\g_dffgs:30:i_dffg                                                   ; dffg            ; work         ;
;          |dffg:\g_dffgs:31:i_dffg|               ; 0 (0)               ; 1 (1)                     ; 0           ; 0            ; 0       ; 0         ; 0    ; 0            ; |RISCV_Processor|regfile:regfile_i|reg:\g_regs:23:i_reg|dffg:\g_dffgs:31:i_dffg                                                   ; dffg            ; work         ;
;          |dffg:\g_dffgs:3:i_dffg|                ; 0 (0)               ; 1 (1)                     ; 0           ; 0            ; 0       ; 0         ; 0    ; 0            ; |RISCV_Processor|regfile:regfile_i|reg:\g_regs:23:i_reg|dffg:\g_dffgs:3:i_dffg                                                    ; dffg            ; work         ;
;          |dffg:\g_dffgs:4:i_dffg|                ; 0 (0)               ; 1 (1)                     ; 0           ; 0            ; 0       ; 0         ; 0    ; 0            ; |RISCV_Processor|regfile:regfile_i|reg:\g_regs:23:i_reg|dffg:\g_dffgs:4:i_dffg                                                    ; dffg            ; work         ;
;          |dffg:\g_dffgs:5:i_dffg|                ; 0 (0)               ; 1 (1)                     ; 0           ; 0            ; 0       ; 0         ; 0    ; 0            ; |RISCV_Processor|regfile:regfile_i|reg:\g_regs:23:i_reg|dffg:\g_dffgs:5:i_dffg                                                    ; dffg            ; work         ;
;          |dffg:\g_dffgs:6:i_dffg|                ; 0 (0)               ; 1 (1)                     ; 0           ; 0            ; 0       ; 0         ; 0    ; 0            ; |RISCV_Processor|regfile:regfile_i|reg:\g_regs:23:i_reg|dffg:\g_dffgs:6:i_dffg                                                    ; dffg            ; work         ;
;          |dffg:\g_dffgs:7:i_dffg|                ; 0 (0)               ; 1 (1)                     ; 0           ; 0            ; 0       ; 0         ; 0    ; 0            ; |RISCV_Processor|regfile:regfile_i|reg:\g_regs:23:i_reg|dffg:\g_dffgs:7:i_dffg                                                    ; dffg            ; work         ;
;          |dffg:\g_dffgs:8:i_dffg|                ; 0 (0)               ; 1 (1)                     ; 0           ; 0            ; 0       ; 0         ; 0    ; 0            ; |RISCV_Processor|regfile:regfile_i|reg:\g_regs:23:i_reg|dffg:\g_dffgs:8:i_dffg                                                    ; dffg            ; work         ;
;          |dffg:\g_dffgs:9:i_dffg|                ; 0 (0)               ; 1 (1)                     ; 0           ; 0            ; 0       ; 0         ; 0    ; 0            ; |RISCV_Processor|regfile:regfile_i|reg:\g_regs:23:i_reg|dffg:\g_dffgs:9:i_dffg                                                    ; dffg            ; work         ;
;       |reg:\g_regs:24:i_reg|                     ; 0 (0)               ; 32 (0)                    ; 0           ; 0            ; 0       ; 0         ; 0    ; 0            ; |RISCV_Processor|regfile:regfile_i|reg:\g_regs:24:i_reg                                                                           ; reg             ; work         ;
;          |dffg:\g_dffgs:0:i_dffg|                ; 0 (0)               ; 1 (1)                     ; 0           ; 0            ; 0       ; 0         ; 0    ; 0            ; |RISCV_Processor|regfile:regfile_i|reg:\g_regs:24:i_reg|dffg:\g_dffgs:0:i_dffg                                                    ; dffg            ; work         ;
;          |dffg:\g_dffgs:10:i_dffg|               ; 0 (0)               ; 1 (1)                     ; 0           ; 0            ; 0       ; 0         ; 0    ; 0            ; |RISCV_Processor|regfile:regfile_i|reg:\g_regs:24:i_reg|dffg:\g_dffgs:10:i_dffg                                                   ; dffg            ; work         ;
;          |dffg:\g_dffgs:11:i_dffg|               ; 0 (0)               ; 1 (1)                     ; 0           ; 0            ; 0       ; 0         ; 0    ; 0            ; |RISCV_Processor|regfile:regfile_i|reg:\g_regs:24:i_reg|dffg:\g_dffgs:11:i_dffg                                                   ; dffg            ; work         ;
;          |dffg:\g_dffgs:12:i_dffg|               ; 0 (0)               ; 1 (1)                     ; 0           ; 0            ; 0       ; 0         ; 0    ; 0            ; |RISCV_Processor|regfile:regfile_i|reg:\g_regs:24:i_reg|dffg:\g_dffgs:12:i_dffg                                                   ; dffg            ; work         ;
;          |dffg:\g_dffgs:13:i_dffg|               ; 0 (0)               ; 1 (1)                     ; 0           ; 0            ; 0       ; 0         ; 0    ; 0            ; |RISCV_Processor|regfile:regfile_i|reg:\g_regs:24:i_reg|dffg:\g_dffgs:13:i_dffg                                                   ; dffg            ; work         ;
;          |dffg:\g_dffgs:14:i_dffg|               ; 0 (0)               ; 1 (1)                     ; 0           ; 0            ; 0       ; 0         ; 0    ; 0            ; |RISCV_Processor|regfile:regfile_i|reg:\g_regs:24:i_reg|dffg:\g_dffgs:14:i_dffg                                                   ; dffg            ; work         ;
;          |dffg:\g_dffgs:15:i_dffg|               ; 0 (0)               ; 1 (1)                     ; 0           ; 0            ; 0       ; 0         ; 0    ; 0            ; |RISCV_Processor|regfile:regfile_i|reg:\g_regs:24:i_reg|dffg:\g_dffgs:15:i_dffg                                                   ; dffg            ; work         ;
;          |dffg:\g_dffgs:16:i_dffg|               ; 0 (0)               ; 1 (1)                     ; 0           ; 0            ; 0       ; 0         ; 0    ; 0            ; |RISCV_Processor|regfile:regfile_i|reg:\g_regs:24:i_reg|dffg:\g_dffgs:16:i_dffg                                                   ; dffg            ; work         ;
;          |dffg:\g_dffgs:17:i_dffg|               ; 0 (0)               ; 1 (1)                     ; 0           ; 0            ; 0       ; 0         ; 0    ; 0            ; |RISCV_Processor|regfile:regfile_i|reg:\g_regs:24:i_reg|dffg:\g_dffgs:17:i_dffg                                                   ; dffg            ; work         ;
;          |dffg:\g_dffgs:18:i_dffg|               ; 0 (0)               ; 1 (1)                     ; 0           ; 0            ; 0       ; 0         ; 0    ; 0            ; |RISCV_Processor|regfile:regfile_i|reg:\g_regs:24:i_reg|dffg:\g_dffgs:18:i_dffg                                                   ; dffg            ; work         ;
;          |dffg:\g_dffgs:19:i_dffg|               ; 0 (0)               ; 1 (1)                     ; 0           ; 0            ; 0       ; 0         ; 0    ; 0            ; |RISCV_Processor|regfile:regfile_i|reg:\g_regs:24:i_reg|dffg:\g_dffgs:19:i_dffg                                                   ; dffg            ; work         ;
;          |dffg:\g_dffgs:1:i_dffg|                ; 0 (0)               ; 1 (1)                     ; 0           ; 0            ; 0       ; 0         ; 0    ; 0            ; |RISCV_Processor|regfile:regfile_i|reg:\g_regs:24:i_reg|dffg:\g_dffgs:1:i_dffg                                                    ; dffg            ; work         ;
;          |dffg:\g_dffgs:20:i_dffg|               ; 0 (0)               ; 1 (1)                     ; 0           ; 0            ; 0       ; 0         ; 0    ; 0            ; |RISCV_Processor|regfile:regfile_i|reg:\g_regs:24:i_reg|dffg:\g_dffgs:20:i_dffg                                                   ; dffg            ; work         ;
;          |dffg:\g_dffgs:21:i_dffg|               ; 0 (0)               ; 1 (1)                     ; 0           ; 0            ; 0       ; 0         ; 0    ; 0            ; |RISCV_Processor|regfile:regfile_i|reg:\g_regs:24:i_reg|dffg:\g_dffgs:21:i_dffg                                                   ; dffg            ; work         ;
;          |dffg:\g_dffgs:22:i_dffg|               ; 0 (0)               ; 1 (1)                     ; 0           ; 0            ; 0       ; 0         ; 0    ; 0            ; |RISCV_Processor|regfile:regfile_i|reg:\g_regs:24:i_reg|dffg:\g_dffgs:22:i_dffg                                                   ; dffg            ; work         ;
;          |dffg:\g_dffgs:23:i_dffg|               ; 0 (0)               ; 1 (1)                     ; 0           ; 0            ; 0       ; 0         ; 0    ; 0            ; |RISCV_Processor|regfile:regfile_i|reg:\g_regs:24:i_reg|dffg:\g_dffgs:23:i_dffg                                                   ; dffg            ; work         ;
;          |dffg:\g_dffgs:24:i_dffg|               ; 0 (0)               ; 1 (1)                     ; 0           ; 0            ; 0       ; 0         ; 0    ; 0            ; |RISCV_Processor|regfile:regfile_i|reg:\g_regs:24:i_reg|dffg:\g_dffgs:24:i_dffg                                                   ; dffg            ; work         ;
;          |dffg:\g_dffgs:25:i_dffg|               ; 0 (0)               ; 1 (1)                     ; 0           ; 0            ; 0       ; 0         ; 0    ; 0            ; |RISCV_Processor|regfile:regfile_i|reg:\g_regs:24:i_reg|dffg:\g_dffgs:25:i_dffg                                                   ; dffg            ; work         ;
;          |dffg:\g_dffgs:26:i_dffg|               ; 0 (0)               ; 1 (1)                     ; 0           ; 0            ; 0       ; 0         ; 0    ; 0            ; |RISCV_Processor|regfile:regfile_i|reg:\g_regs:24:i_reg|dffg:\g_dffgs:26:i_dffg                                                   ; dffg            ; work         ;
;          |dffg:\g_dffgs:27:i_dffg|               ; 0 (0)               ; 1 (1)                     ; 0           ; 0            ; 0       ; 0         ; 0    ; 0            ; |RISCV_Processor|regfile:regfile_i|reg:\g_regs:24:i_reg|dffg:\g_dffgs:27:i_dffg                                                   ; dffg            ; work         ;
;          |dffg:\g_dffgs:28:i_dffg|               ; 0 (0)               ; 1 (1)                     ; 0           ; 0            ; 0       ; 0         ; 0    ; 0            ; |RISCV_Processor|regfile:regfile_i|reg:\g_regs:24:i_reg|dffg:\g_dffgs:28:i_dffg                                                   ; dffg            ; work         ;
;          |dffg:\g_dffgs:29:i_dffg|               ; 0 (0)               ; 1 (1)                     ; 0           ; 0            ; 0       ; 0         ; 0    ; 0            ; |RISCV_Processor|regfile:regfile_i|reg:\g_regs:24:i_reg|dffg:\g_dffgs:29:i_dffg                                                   ; dffg            ; work         ;
;          |dffg:\g_dffgs:2:i_dffg|                ; 0 (0)               ; 1 (1)                     ; 0           ; 0            ; 0       ; 0         ; 0    ; 0            ; |RISCV_Processor|regfile:regfile_i|reg:\g_regs:24:i_reg|dffg:\g_dffgs:2:i_dffg                                                    ; dffg            ; work         ;
;          |dffg:\g_dffgs:30:i_dffg|               ; 0 (0)               ; 1 (1)                     ; 0           ; 0            ; 0       ; 0         ; 0    ; 0            ; |RISCV_Processor|regfile:regfile_i|reg:\g_regs:24:i_reg|dffg:\g_dffgs:30:i_dffg                                                   ; dffg            ; work         ;
;          |dffg:\g_dffgs:31:i_dffg|               ; 0 (0)               ; 1 (1)                     ; 0           ; 0            ; 0       ; 0         ; 0    ; 0            ; |RISCV_Processor|regfile:regfile_i|reg:\g_regs:24:i_reg|dffg:\g_dffgs:31:i_dffg                                                   ; dffg            ; work         ;
;          |dffg:\g_dffgs:3:i_dffg|                ; 0 (0)               ; 1 (1)                     ; 0           ; 0            ; 0       ; 0         ; 0    ; 0            ; |RISCV_Processor|regfile:regfile_i|reg:\g_regs:24:i_reg|dffg:\g_dffgs:3:i_dffg                                                    ; dffg            ; work         ;
;          |dffg:\g_dffgs:4:i_dffg|                ; 0 (0)               ; 1 (1)                     ; 0           ; 0            ; 0       ; 0         ; 0    ; 0            ; |RISCV_Processor|regfile:regfile_i|reg:\g_regs:24:i_reg|dffg:\g_dffgs:4:i_dffg                                                    ; dffg            ; work         ;
;          |dffg:\g_dffgs:5:i_dffg|                ; 0 (0)               ; 1 (1)                     ; 0           ; 0            ; 0       ; 0         ; 0    ; 0            ; |RISCV_Processor|regfile:regfile_i|reg:\g_regs:24:i_reg|dffg:\g_dffgs:5:i_dffg                                                    ; dffg            ; work         ;
;          |dffg:\g_dffgs:6:i_dffg|                ; 0 (0)               ; 1 (1)                     ; 0           ; 0            ; 0       ; 0         ; 0    ; 0            ; |RISCV_Processor|regfile:regfile_i|reg:\g_regs:24:i_reg|dffg:\g_dffgs:6:i_dffg                                                    ; dffg            ; work         ;
;          |dffg:\g_dffgs:7:i_dffg|                ; 0 (0)               ; 1 (1)                     ; 0           ; 0            ; 0       ; 0         ; 0    ; 0            ; |RISCV_Processor|regfile:regfile_i|reg:\g_regs:24:i_reg|dffg:\g_dffgs:7:i_dffg                                                    ; dffg            ; work         ;
;          |dffg:\g_dffgs:8:i_dffg|                ; 0 (0)               ; 1 (1)                     ; 0           ; 0            ; 0       ; 0         ; 0    ; 0            ; |RISCV_Processor|regfile:regfile_i|reg:\g_regs:24:i_reg|dffg:\g_dffgs:8:i_dffg                                                    ; dffg            ; work         ;
;          |dffg:\g_dffgs:9:i_dffg|                ; 0 (0)               ; 1 (1)                     ; 0           ; 0            ; 0       ; 0         ; 0    ; 0            ; |RISCV_Processor|regfile:regfile_i|reg:\g_regs:24:i_reg|dffg:\g_dffgs:9:i_dffg                                                    ; dffg            ; work         ;
;       |reg:\g_regs:25:i_reg|                     ; 0 (0)               ; 32 (0)                    ; 0           ; 0            ; 0       ; 0         ; 0    ; 0            ; |RISCV_Processor|regfile:regfile_i|reg:\g_regs:25:i_reg                                                                           ; reg             ; work         ;
;          |dffg:\g_dffgs:0:i_dffg|                ; 0 (0)               ; 1 (1)                     ; 0           ; 0            ; 0       ; 0         ; 0    ; 0            ; |RISCV_Processor|regfile:regfile_i|reg:\g_regs:25:i_reg|dffg:\g_dffgs:0:i_dffg                                                    ; dffg            ; work         ;
;          |dffg:\g_dffgs:10:i_dffg|               ; 0 (0)               ; 1 (1)                     ; 0           ; 0            ; 0       ; 0         ; 0    ; 0            ; |RISCV_Processor|regfile:regfile_i|reg:\g_regs:25:i_reg|dffg:\g_dffgs:10:i_dffg                                                   ; dffg            ; work         ;
;          |dffg:\g_dffgs:11:i_dffg|               ; 0 (0)               ; 1 (1)                     ; 0           ; 0            ; 0       ; 0         ; 0    ; 0            ; |RISCV_Processor|regfile:regfile_i|reg:\g_regs:25:i_reg|dffg:\g_dffgs:11:i_dffg                                                   ; dffg            ; work         ;
;          |dffg:\g_dffgs:12:i_dffg|               ; 0 (0)               ; 1 (1)                     ; 0           ; 0            ; 0       ; 0         ; 0    ; 0            ; |RISCV_Processor|regfile:regfile_i|reg:\g_regs:25:i_reg|dffg:\g_dffgs:12:i_dffg                                                   ; dffg            ; work         ;
;          |dffg:\g_dffgs:13:i_dffg|               ; 0 (0)               ; 1 (1)                     ; 0           ; 0            ; 0       ; 0         ; 0    ; 0            ; |RISCV_Processor|regfile:regfile_i|reg:\g_regs:25:i_reg|dffg:\g_dffgs:13:i_dffg                                                   ; dffg            ; work         ;
;          |dffg:\g_dffgs:14:i_dffg|               ; 0 (0)               ; 1 (1)                     ; 0           ; 0            ; 0       ; 0         ; 0    ; 0            ; |RISCV_Processor|regfile:regfile_i|reg:\g_regs:25:i_reg|dffg:\g_dffgs:14:i_dffg                                                   ; dffg            ; work         ;
;          |dffg:\g_dffgs:15:i_dffg|               ; 0 (0)               ; 1 (1)                     ; 0           ; 0            ; 0       ; 0         ; 0    ; 0            ; |RISCV_Processor|regfile:regfile_i|reg:\g_regs:25:i_reg|dffg:\g_dffgs:15:i_dffg                                                   ; dffg            ; work         ;
;          |dffg:\g_dffgs:16:i_dffg|               ; 0 (0)               ; 1 (1)                     ; 0           ; 0            ; 0       ; 0         ; 0    ; 0            ; |RISCV_Processor|regfile:regfile_i|reg:\g_regs:25:i_reg|dffg:\g_dffgs:16:i_dffg                                                   ; dffg            ; work         ;
;          |dffg:\g_dffgs:17:i_dffg|               ; 0 (0)               ; 1 (1)                     ; 0           ; 0            ; 0       ; 0         ; 0    ; 0            ; |RISCV_Processor|regfile:regfile_i|reg:\g_regs:25:i_reg|dffg:\g_dffgs:17:i_dffg                                                   ; dffg            ; work         ;
;          |dffg:\g_dffgs:18:i_dffg|               ; 0 (0)               ; 1 (1)                     ; 0           ; 0            ; 0       ; 0         ; 0    ; 0            ; |RISCV_Processor|regfile:regfile_i|reg:\g_regs:25:i_reg|dffg:\g_dffgs:18:i_dffg                                                   ; dffg            ; work         ;
;          |dffg:\g_dffgs:19:i_dffg|               ; 0 (0)               ; 1 (1)                     ; 0           ; 0            ; 0       ; 0         ; 0    ; 0            ; |RISCV_Processor|regfile:regfile_i|reg:\g_regs:25:i_reg|dffg:\g_dffgs:19:i_dffg                                                   ; dffg            ; work         ;
;          |dffg:\g_dffgs:1:i_dffg|                ; 0 (0)               ; 1 (1)                     ; 0           ; 0            ; 0       ; 0         ; 0    ; 0            ; |RISCV_Processor|regfile:regfile_i|reg:\g_regs:25:i_reg|dffg:\g_dffgs:1:i_dffg                                                    ; dffg            ; work         ;
;          |dffg:\g_dffgs:20:i_dffg|               ; 0 (0)               ; 1 (1)                     ; 0           ; 0            ; 0       ; 0         ; 0    ; 0            ; |RISCV_Processor|regfile:regfile_i|reg:\g_regs:25:i_reg|dffg:\g_dffgs:20:i_dffg                                                   ; dffg            ; work         ;
;          |dffg:\g_dffgs:21:i_dffg|               ; 0 (0)               ; 1 (1)                     ; 0           ; 0            ; 0       ; 0         ; 0    ; 0            ; |RISCV_Processor|regfile:regfile_i|reg:\g_regs:25:i_reg|dffg:\g_dffgs:21:i_dffg                                                   ; dffg            ; work         ;
;          |dffg:\g_dffgs:22:i_dffg|               ; 0 (0)               ; 1 (1)                     ; 0           ; 0            ; 0       ; 0         ; 0    ; 0            ; |RISCV_Processor|regfile:regfile_i|reg:\g_regs:25:i_reg|dffg:\g_dffgs:22:i_dffg                                                   ; dffg            ; work         ;
;          |dffg:\g_dffgs:23:i_dffg|               ; 0 (0)               ; 1 (1)                     ; 0           ; 0            ; 0       ; 0         ; 0    ; 0            ; |RISCV_Processor|regfile:regfile_i|reg:\g_regs:25:i_reg|dffg:\g_dffgs:23:i_dffg                                                   ; dffg            ; work         ;
;          |dffg:\g_dffgs:24:i_dffg|               ; 0 (0)               ; 1 (1)                     ; 0           ; 0            ; 0       ; 0         ; 0    ; 0            ; |RISCV_Processor|regfile:regfile_i|reg:\g_regs:25:i_reg|dffg:\g_dffgs:24:i_dffg                                                   ; dffg            ; work         ;
;          |dffg:\g_dffgs:25:i_dffg|               ; 0 (0)               ; 1 (1)                     ; 0           ; 0            ; 0       ; 0         ; 0    ; 0            ; |RISCV_Processor|regfile:regfile_i|reg:\g_regs:25:i_reg|dffg:\g_dffgs:25:i_dffg                                                   ; dffg            ; work         ;
;          |dffg:\g_dffgs:26:i_dffg|               ; 0 (0)               ; 1 (1)                     ; 0           ; 0            ; 0       ; 0         ; 0    ; 0            ; |RISCV_Processor|regfile:regfile_i|reg:\g_regs:25:i_reg|dffg:\g_dffgs:26:i_dffg                                                   ; dffg            ; work         ;
;          |dffg:\g_dffgs:27:i_dffg|               ; 0 (0)               ; 1 (1)                     ; 0           ; 0            ; 0       ; 0         ; 0    ; 0            ; |RISCV_Processor|regfile:regfile_i|reg:\g_regs:25:i_reg|dffg:\g_dffgs:27:i_dffg                                                   ; dffg            ; work         ;
;          |dffg:\g_dffgs:28:i_dffg|               ; 0 (0)               ; 1 (1)                     ; 0           ; 0            ; 0       ; 0         ; 0    ; 0            ; |RISCV_Processor|regfile:regfile_i|reg:\g_regs:25:i_reg|dffg:\g_dffgs:28:i_dffg                                                   ; dffg            ; work         ;
;          |dffg:\g_dffgs:29:i_dffg|               ; 0 (0)               ; 1 (1)                     ; 0           ; 0            ; 0       ; 0         ; 0    ; 0            ; |RISCV_Processor|regfile:regfile_i|reg:\g_regs:25:i_reg|dffg:\g_dffgs:29:i_dffg                                                   ; dffg            ; work         ;
;          |dffg:\g_dffgs:2:i_dffg|                ; 0 (0)               ; 1 (1)                     ; 0           ; 0            ; 0       ; 0         ; 0    ; 0            ; |RISCV_Processor|regfile:regfile_i|reg:\g_regs:25:i_reg|dffg:\g_dffgs:2:i_dffg                                                    ; dffg            ; work         ;
;          |dffg:\g_dffgs:30:i_dffg|               ; 0 (0)               ; 1 (1)                     ; 0           ; 0            ; 0       ; 0         ; 0    ; 0            ; |RISCV_Processor|regfile:regfile_i|reg:\g_regs:25:i_reg|dffg:\g_dffgs:30:i_dffg                                                   ; dffg            ; work         ;
;          |dffg:\g_dffgs:31:i_dffg|               ; 0 (0)               ; 1 (1)                     ; 0           ; 0            ; 0       ; 0         ; 0    ; 0            ; |RISCV_Processor|regfile:regfile_i|reg:\g_regs:25:i_reg|dffg:\g_dffgs:31:i_dffg                                                   ; dffg            ; work         ;
;          |dffg:\g_dffgs:3:i_dffg|                ; 0 (0)               ; 1 (1)                     ; 0           ; 0            ; 0       ; 0         ; 0    ; 0            ; |RISCV_Processor|regfile:regfile_i|reg:\g_regs:25:i_reg|dffg:\g_dffgs:3:i_dffg                                                    ; dffg            ; work         ;
;          |dffg:\g_dffgs:4:i_dffg|                ; 0 (0)               ; 1 (1)                     ; 0           ; 0            ; 0       ; 0         ; 0    ; 0            ; |RISCV_Processor|regfile:regfile_i|reg:\g_regs:25:i_reg|dffg:\g_dffgs:4:i_dffg                                                    ; dffg            ; work         ;
;          |dffg:\g_dffgs:5:i_dffg|                ; 0 (0)               ; 1 (1)                     ; 0           ; 0            ; 0       ; 0         ; 0    ; 0            ; |RISCV_Processor|regfile:regfile_i|reg:\g_regs:25:i_reg|dffg:\g_dffgs:5:i_dffg                                                    ; dffg            ; work         ;
;          |dffg:\g_dffgs:6:i_dffg|                ; 0 (0)               ; 1 (1)                     ; 0           ; 0            ; 0       ; 0         ; 0    ; 0            ; |RISCV_Processor|regfile:regfile_i|reg:\g_regs:25:i_reg|dffg:\g_dffgs:6:i_dffg                                                    ; dffg            ; work         ;
;          |dffg:\g_dffgs:7:i_dffg|                ; 0 (0)               ; 1 (1)                     ; 0           ; 0            ; 0       ; 0         ; 0    ; 0            ; |RISCV_Processor|regfile:regfile_i|reg:\g_regs:25:i_reg|dffg:\g_dffgs:7:i_dffg                                                    ; dffg            ; work         ;
;          |dffg:\g_dffgs:8:i_dffg|                ; 0 (0)               ; 1 (1)                     ; 0           ; 0            ; 0       ; 0         ; 0    ; 0            ; |RISCV_Processor|regfile:regfile_i|reg:\g_regs:25:i_reg|dffg:\g_dffgs:8:i_dffg                                                    ; dffg            ; work         ;
;          |dffg:\g_dffgs:9:i_dffg|                ; 0 (0)               ; 1 (1)                     ; 0           ; 0            ; 0       ; 0         ; 0    ; 0            ; |RISCV_Processor|regfile:regfile_i|reg:\g_regs:25:i_reg|dffg:\g_dffgs:9:i_dffg                                                    ; dffg            ; work         ;
;       |reg:\g_regs:26:i_reg|                     ; 0 (0)               ; 32 (0)                    ; 0           ; 0            ; 0       ; 0         ; 0    ; 0            ; |RISCV_Processor|regfile:regfile_i|reg:\g_regs:26:i_reg                                                                           ; reg             ; work         ;
;          |dffg:\g_dffgs:0:i_dffg|                ; 0 (0)               ; 1 (1)                     ; 0           ; 0            ; 0       ; 0         ; 0    ; 0            ; |RISCV_Processor|regfile:regfile_i|reg:\g_regs:26:i_reg|dffg:\g_dffgs:0:i_dffg                                                    ; dffg            ; work         ;
;          |dffg:\g_dffgs:10:i_dffg|               ; 0 (0)               ; 1 (1)                     ; 0           ; 0            ; 0       ; 0         ; 0    ; 0            ; |RISCV_Processor|regfile:regfile_i|reg:\g_regs:26:i_reg|dffg:\g_dffgs:10:i_dffg                                                   ; dffg            ; work         ;
;          |dffg:\g_dffgs:11:i_dffg|               ; 0 (0)               ; 1 (1)                     ; 0           ; 0            ; 0       ; 0         ; 0    ; 0            ; |RISCV_Processor|regfile:regfile_i|reg:\g_regs:26:i_reg|dffg:\g_dffgs:11:i_dffg                                                   ; dffg            ; work         ;
;          |dffg:\g_dffgs:12:i_dffg|               ; 0 (0)               ; 1 (1)                     ; 0           ; 0            ; 0       ; 0         ; 0    ; 0            ; |RISCV_Processor|regfile:regfile_i|reg:\g_regs:26:i_reg|dffg:\g_dffgs:12:i_dffg                                                   ; dffg            ; work         ;
;          |dffg:\g_dffgs:13:i_dffg|               ; 0 (0)               ; 1 (1)                     ; 0           ; 0            ; 0       ; 0         ; 0    ; 0            ; |RISCV_Processor|regfile:regfile_i|reg:\g_regs:26:i_reg|dffg:\g_dffgs:13:i_dffg                                                   ; dffg            ; work         ;
;          |dffg:\g_dffgs:14:i_dffg|               ; 0 (0)               ; 1 (1)                     ; 0           ; 0            ; 0       ; 0         ; 0    ; 0            ; |RISCV_Processor|regfile:regfile_i|reg:\g_regs:26:i_reg|dffg:\g_dffgs:14:i_dffg                                                   ; dffg            ; work         ;
;          |dffg:\g_dffgs:15:i_dffg|               ; 0 (0)               ; 1 (1)                     ; 0           ; 0            ; 0       ; 0         ; 0    ; 0            ; |RISCV_Processor|regfile:regfile_i|reg:\g_regs:26:i_reg|dffg:\g_dffgs:15:i_dffg                                                   ; dffg            ; work         ;
;          |dffg:\g_dffgs:16:i_dffg|               ; 0 (0)               ; 1 (1)                     ; 0           ; 0            ; 0       ; 0         ; 0    ; 0            ; |RISCV_Processor|regfile:regfile_i|reg:\g_regs:26:i_reg|dffg:\g_dffgs:16:i_dffg                                                   ; dffg            ; work         ;
;          |dffg:\g_dffgs:17:i_dffg|               ; 0 (0)               ; 1 (1)                     ; 0           ; 0            ; 0       ; 0         ; 0    ; 0            ; |RISCV_Processor|regfile:regfile_i|reg:\g_regs:26:i_reg|dffg:\g_dffgs:17:i_dffg                                                   ; dffg            ; work         ;
;          |dffg:\g_dffgs:18:i_dffg|               ; 0 (0)               ; 1 (1)                     ; 0           ; 0            ; 0       ; 0         ; 0    ; 0            ; |RISCV_Processor|regfile:regfile_i|reg:\g_regs:26:i_reg|dffg:\g_dffgs:18:i_dffg                                                   ; dffg            ; work         ;
;          |dffg:\g_dffgs:19:i_dffg|               ; 0 (0)               ; 1 (1)                     ; 0           ; 0            ; 0       ; 0         ; 0    ; 0            ; |RISCV_Processor|regfile:regfile_i|reg:\g_regs:26:i_reg|dffg:\g_dffgs:19:i_dffg                                                   ; dffg            ; work         ;
;          |dffg:\g_dffgs:1:i_dffg|                ; 0 (0)               ; 1 (1)                     ; 0           ; 0            ; 0       ; 0         ; 0    ; 0            ; |RISCV_Processor|regfile:regfile_i|reg:\g_regs:26:i_reg|dffg:\g_dffgs:1:i_dffg                                                    ; dffg            ; work         ;
;          |dffg:\g_dffgs:20:i_dffg|               ; 0 (0)               ; 1 (1)                     ; 0           ; 0            ; 0       ; 0         ; 0    ; 0            ; |RISCV_Processor|regfile:regfile_i|reg:\g_regs:26:i_reg|dffg:\g_dffgs:20:i_dffg                                                   ; dffg            ; work         ;
;          |dffg:\g_dffgs:21:i_dffg|               ; 0 (0)               ; 1 (1)                     ; 0           ; 0            ; 0       ; 0         ; 0    ; 0            ; |RISCV_Processor|regfile:regfile_i|reg:\g_regs:26:i_reg|dffg:\g_dffgs:21:i_dffg                                                   ; dffg            ; work         ;
;          |dffg:\g_dffgs:22:i_dffg|               ; 0 (0)               ; 1 (1)                     ; 0           ; 0            ; 0       ; 0         ; 0    ; 0            ; |RISCV_Processor|regfile:regfile_i|reg:\g_regs:26:i_reg|dffg:\g_dffgs:22:i_dffg                                                   ; dffg            ; work         ;
;          |dffg:\g_dffgs:23:i_dffg|               ; 0 (0)               ; 1 (1)                     ; 0           ; 0            ; 0       ; 0         ; 0    ; 0            ; |RISCV_Processor|regfile:regfile_i|reg:\g_regs:26:i_reg|dffg:\g_dffgs:23:i_dffg                                                   ; dffg            ; work         ;
;          |dffg:\g_dffgs:24:i_dffg|               ; 0 (0)               ; 1 (1)                     ; 0           ; 0            ; 0       ; 0         ; 0    ; 0            ; |RISCV_Processor|regfile:regfile_i|reg:\g_regs:26:i_reg|dffg:\g_dffgs:24:i_dffg                                                   ; dffg            ; work         ;
;          |dffg:\g_dffgs:25:i_dffg|               ; 0 (0)               ; 1 (1)                     ; 0           ; 0            ; 0       ; 0         ; 0    ; 0            ; |RISCV_Processor|regfile:regfile_i|reg:\g_regs:26:i_reg|dffg:\g_dffgs:25:i_dffg                                                   ; dffg            ; work         ;
;          |dffg:\g_dffgs:26:i_dffg|               ; 0 (0)               ; 1 (1)                     ; 0           ; 0            ; 0       ; 0         ; 0    ; 0            ; |RISCV_Processor|regfile:regfile_i|reg:\g_regs:26:i_reg|dffg:\g_dffgs:26:i_dffg                                                   ; dffg            ; work         ;
;          |dffg:\g_dffgs:27:i_dffg|               ; 0 (0)               ; 1 (1)                     ; 0           ; 0            ; 0       ; 0         ; 0    ; 0            ; |RISCV_Processor|regfile:regfile_i|reg:\g_regs:26:i_reg|dffg:\g_dffgs:27:i_dffg                                                   ; dffg            ; work         ;
;          |dffg:\g_dffgs:28:i_dffg|               ; 0 (0)               ; 1 (1)                     ; 0           ; 0            ; 0       ; 0         ; 0    ; 0            ; |RISCV_Processor|regfile:regfile_i|reg:\g_regs:26:i_reg|dffg:\g_dffgs:28:i_dffg                                                   ; dffg            ; work         ;
;          |dffg:\g_dffgs:29:i_dffg|               ; 0 (0)               ; 1 (1)                     ; 0           ; 0            ; 0       ; 0         ; 0    ; 0            ; |RISCV_Processor|regfile:regfile_i|reg:\g_regs:26:i_reg|dffg:\g_dffgs:29:i_dffg                                                   ; dffg            ; work         ;
;          |dffg:\g_dffgs:2:i_dffg|                ; 0 (0)               ; 1 (1)                     ; 0           ; 0            ; 0       ; 0         ; 0    ; 0            ; |RISCV_Processor|regfile:regfile_i|reg:\g_regs:26:i_reg|dffg:\g_dffgs:2:i_dffg                                                    ; dffg            ; work         ;
;          |dffg:\g_dffgs:30:i_dffg|               ; 0 (0)               ; 1 (1)                     ; 0           ; 0            ; 0       ; 0         ; 0    ; 0            ; |RISCV_Processor|regfile:regfile_i|reg:\g_regs:26:i_reg|dffg:\g_dffgs:30:i_dffg                                                   ; dffg            ; work         ;
;          |dffg:\g_dffgs:31:i_dffg|               ; 0 (0)               ; 1 (1)                     ; 0           ; 0            ; 0       ; 0         ; 0    ; 0            ; |RISCV_Processor|regfile:regfile_i|reg:\g_regs:26:i_reg|dffg:\g_dffgs:31:i_dffg                                                   ; dffg            ; work         ;
;          |dffg:\g_dffgs:3:i_dffg|                ; 0 (0)               ; 1 (1)                     ; 0           ; 0            ; 0       ; 0         ; 0    ; 0            ; |RISCV_Processor|regfile:regfile_i|reg:\g_regs:26:i_reg|dffg:\g_dffgs:3:i_dffg                                                    ; dffg            ; work         ;
;          |dffg:\g_dffgs:4:i_dffg|                ; 0 (0)               ; 1 (1)                     ; 0           ; 0            ; 0       ; 0         ; 0    ; 0            ; |RISCV_Processor|regfile:regfile_i|reg:\g_regs:26:i_reg|dffg:\g_dffgs:4:i_dffg                                                    ; dffg            ; work         ;
;          |dffg:\g_dffgs:5:i_dffg|                ; 0 (0)               ; 1 (1)                     ; 0           ; 0            ; 0       ; 0         ; 0    ; 0            ; |RISCV_Processor|regfile:regfile_i|reg:\g_regs:26:i_reg|dffg:\g_dffgs:5:i_dffg                                                    ; dffg            ; work         ;
;          |dffg:\g_dffgs:6:i_dffg|                ; 0 (0)               ; 1 (1)                     ; 0           ; 0            ; 0       ; 0         ; 0    ; 0            ; |RISCV_Processor|regfile:regfile_i|reg:\g_regs:26:i_reg|dffg:\g_dffgs:6:i_dffg                                                    ; dffg            ; work         ;
;          |dffg:\g_dffgs:7:i_dffg|                ; 0 (0)               ; 1 (1)                     ; 0           ; 0            ; 0       ; 0         ; 0    ; 0            ; |RISCV_Processor|regfile:regfile_i|reg:\g_regs:26:i_reg|dffg:\g_dffgs:7:i_dffg                                                    ; dffg            ; work         ;
;          |dffg:\g_dffgs:8:i_dffg|                ; 0 (0)               ; 1 (1)                     ; 0           ; 0            ; 0       ; 0         ; 0    ; 0            ; |RISCV_Processor|regfile:regfile_i|reg:\g_regs:26:i_reg|dffg:\g_dffgs:8:i_dffg                                                    ; dffg            ; work         ;
;          |dffg:\g_dffgs:9:i_dffg|                ; 0 (0)               ; 1 (1)                     ; 0           ; 0            ; 0       ; 0         ; 0    ; 0            ; |RISCV_Processor|regfile:regfile_i|reg:\g_regs:26:i_reg|dffg:\g_dffgs:9:i_dffg                                                    ; dffg            ; work         ;
;       |reg:\g_regs:27:i_reg|                     ; 0 (0)               ; 32 (0)                    ; 0           ; 0            ; 0       ; 0         ; 0    ; 0            ; |RISCV_Processor|regfile:regfile_i|reg:\g_regs:27:i_reg                                                                           ; reg             ; work         ;
;          |dffg:\g_dffgs:0:i_dffg|                ; 0 (0)               ; 1 (1)                     ; 0           ; 0            ; 0       ; 0         ; 0    ; 0            ; |RISCV_Processor|regfile:regfile_i|reg:\g_regs:27:i_reg|dffg:\g_dffgs:0:i_dffg                                                    ; dffg            ; work         ;
;          |dffg:\g_dffgs:10:i_dffg|               ; 0 (0)               ; 1 (1)                     ; 0           ; 0            ; 0       ; 0         ; 0    ; 0            ; |RISCV_Processor|regfile:regfile_i|reg:\g_regs:27:i_reg|dffg:\g_dffgs:10:i_dffg                                                   ; dffg            ; work         ;
;          |dffg:\g_dffgs:11:i_dffg|               ; 0 (0)               ; 1 (1)                     ; 0           ; 0            ; 0       ; 0         ; 0    ; 0            ; |RISCV_Processor|regfile:regfile_i|reg:\g_regs:27:i_reg|dffg:\g_dffgs:11:i_dffg                                                   ; dffg            ; work         ;
;          |dffg:\g_dffgs:12:i_dffg|               ; 0 (0)               ; 1 (1)                     ; 0           ; 0            ; 0       ; 0         ; 0    ; 0            ; |RISCV_Processor|regfile:regfile_i|reg:\g_regs:27:i_reg|dffg:\g_dffgs:12:i_dffg                                                   ; dffg            ; work         ;
;          |dffg:\g_dffgs:13:i_dffg|               ; 0 (0)               ; 1 (1)                     ; 0           ; 0            ; 0       ; 0         ; 0    ; 0            ; |RISCV_Processor|regfile:regfile_i|reg:\g_regs:27:i_reg|dffg:\g_dffgs:13:i_dffg                                                   ; dffg            ; work         ;
;          |dffg:\g_dffgs:14:i_dffg|               ; 0 (0)               ; 1 (1)                     ; 0           ; 0            ; 0       ; 0         ; 0    ; 0            ; |RISCV_Processor|regfile:regfile_i|reg:\g_regs:27:i_reg|dffg:\g_dffgs:14:i_dffg                                                   ; dffg            ; work         ;
;          |dffg:\g_dffgs:15:i_dffg|               ; 0 (0)               ; 1 (1)                     ; 0           ; 0            ; 0       ; 0         ; 0    ; 0            ; |RISCV_Processor|regfile:regfile_i|reg:\g_regs:27:i_reg|dffg:\g_dffgs:15:i_dffg                                                   ; dffg            ; work         ;
;          |dffg:\g_dffgs:16:i_dffg|               ; 0 (0)               ; 1 (1)                     ; 0           ; 0            ; 0       ; 0         ; 0    ; 0            ; |RISCV_Processor|regfile:regfile_i|reg:\g_regs:27:i_reg|dffg:\g_dffgs:16:i_dffg                                                   ; dffg            ; work         ;
;          |dffg:\g_dffgs:17:i_dffg|               ; 0 (0)               ; 1 (1)                     ; 0           ; 0            ; 0       ; 0         ; 0    ; 0            ; |RISCV_Processor|regfile:regfile_i|reg:\g_regs:27:i_reg|dffg:\g_dffgs:17:i_dffg                                                   ; dffg            ; work         ;
;          |dffg:\g_dffgs:18:i_dffg|               ; 0 (0)               ; 1 (1)                     ; 0           ; 0            ; 0       ; 0         ; 0    ; 0            ; |RISCV_Processor|regfile:regfile_i|reg:\g_regs:27:i_reg|dffg:\g_dffgs:18:i_dffg                                                   ; dffg            ; work         ;
;          |dffg:\g_dffgs:19:i_dffg|               ; 0 (0)               ; 1 (1)                     ; 0           ; 0            ; 0       ; 0         ; 0    ; 0            ; |RISCV_Processor|regfile:regfile_i|reg:\g_regs:27:i_reg|dffg:\g_dffgs:19:i_dffg                                                   ; dffg            ; work         ;
;          |dffg:\g_dffgs:1:i_dffg|                ; 0 (0)               ; 1 (1)                     ; 0           ; 0            ; 0       ; 0         ; 0    ; 0            ; |RISCV_Processor|regfile:regfile_i|reg:\g_regs:27:i_reg|dffg:\g_dffgs:1:i_dffg                                                    ; dffg            ; work         ;
;          |dffg:\g_dffgs:20:i_dffg|               ; 0 (0)               ; 1 (1)                     ; 0           ; 0            ; 0       ; 0         ; 0    ; 0            ; |RISCV_Processor|regfile:regfile_i|reg:\g_regs:27:i_reg|dffg:\g_dffgs:20:i_dffg                                                   ; dffg            ; work         ;
;          |dffg:\g_dffgs:21:i_dffg|               ; 0 (0)               ; 1 (1)                     ; 0           ; 0            ; 0       ; 0         ; 0    ; 0            ; |RISCV_Processor|regfile:regfile_i|reg:\g_regs:27:i_reg|dffg:\g_dffgs:21:i_dffg                                                   ; dffg            ; work         ;
;          |dffg:\g_dffgs:22:i_dffg|               ; 0 (0)               ; 1 (1)                     ; 0           ; 0            ; 0       ; 0         ; 0    ; 0            ; |RISCV_Processor|regfile:regfile_i|reg:\g_regs:27:i_reg|dffg:\g_dffgs:22:i_dffg                                                   ; dffg            ; work         ;
;          |dffg:\g_dffgs:23:i_dffg|               ; 0 (0)               ; 1 (1)                     ; 0           ; 0            ; 0       ; 0         ; 0    ; 0            ; |RISCV_Processor|regfile:regfile_i|reg:\g_regs:27:i_reg|dffg:\g_dffgs:23:i_dffg                                                   ; dffg            ; work         ;
;          |dffg:\g_dffgs:24:i_dffg|               ; 0 (0)               ; 1 (1)                     ; 0           ; 0            ; 0       ; 0         ; 0    ; 0            ; |RISCV_Processor|regfile:regfile_i|reg:\g_regs:27:i_reg|dffg:\g_dffgs:24:i_dffg                                                   ; dffg            ; work         ;
;          |dffg:\g_dffgs:25:i_dffg|               ; 0 (0)               ; 1 (1)                     ; 0           ; 0            ; 0       ; 0         ; 0    ; 0            ; |RISCV_Processor|regfile:regfile_i|reg:\g_regs:27:i_reg|dffg:\g_dffgs:25:i_dffg                                                   ; dffg            ; work         ;
;          |dffg:\g_dffgs:26:i_dffg|               ; 0 (0)               ; 1 (1)                     ; 0           ; 0            ; 0       ; 0         ; 0    ; 0            ; |RISCV_Processor|regfile:regfile_i|reg:\g_regs:27:i_reg|dffg:\g_dffgs:26:i_dffg                                                   ; dffg            ; work         ;
;          |dffg:\g_dffgs:27:i_dffg|               ; 0 (0)               ; 1 (1)                     ; 0           ; 0            ; 0       ; 0         ; 0    ; 0            ; |RISCV_Processor|regfile:regfile_i|reg:\g_regs:27:i_reg|dffg:\g_dffgs:27:i_dffg                                                   ; dffg            ; work         ;
;          |dffg:\g_dffgs:28:i_dffg|               ; 0 (0)               ; 1 (1)                     ; 0           ; 0            ; 0       ; 0         ; 0    ; 0            ; |RISCV_Processor|regfile:regfile_i|reg:\g_regs:27:i_reg|dffg:\g_dffgs:28:i_dffg                                                   ; dffg            ; work         ;
;          |dffg:\g_dffgs:29:i_dffg|               ; 0 (0)               ; 1 (1)                     ; 0           ; 0            ; 0       ; 0         ; 0    ; 0            ; |RISCV_Processor|regfile:regfile_i|reg:\g_regs:27:i_reg|dffg:\g_dffgs:29:i_dffg                                                   ; dffg            ; work         ;
;          |dffg:\g_dffgs:2:i_dffg|                ; 0 (0)               ; 1 (1)                     ; 0           ; 0            ; 0       ; 0         ; 0    ; 0            ; |RISCV_Processor|regfile:regfile_i|reg:\g_regs:27:i_reg|dffg:\g_dffgs:2:i_dffg                                                    ; dffg            ; work         ;
;          |dffg:\g_dffgs:30:i_dffg|               ; 0 (0)               ; 1 (1)                     ; 0           ; 0            ; 0       ; 0         ; 0    ; 0            ; |RISCV_Processor|regfile:regfile_i|reg:\g_regs:27:i_reg|dffg:\g_dffgs:30:i_dffg                                                   ; dffg            ; work         ;
;          |dffg:\g_dffgs:31:i_dffg|               ; 0 (0)               ; 1 (1)                     ; 0           ; 0            ; 0       ; 0         ; 0    ; 0            ; |RISCV_Processor|regfile:regfile_i|reg:\g_regs:27:i_reg|dffg:\g_dffgs:31:i_dffg                                                   ; dffg            ; work         ;
;          |dffg:\g_dffgs:3:i_dffg|                ; 0 (0)               ; 1 (1)                     ; 0           ; 0            ; 0       ; 0         ; 0    ; 0            ; |RISCV_Processor|regfile:regfile_i|reg:\g_regs:27:i_reg|dffg:\g_dffgs:3:i_dffg                                                    ; dffg            ; work         ;
;          |dffg:\g_dffgs:4:i_dffg|                ; 0 (0)               ; 1 (1)                     ; 0           ; 0            ; 0       ; 0         ; 0    ; 0            ; |RISCV_Processor|regfile:regfile_i|reg:\g_regs:27:i_reg|dffg:\g_dffgs:4:i_dffg                                                    ; dffg            ; work         ;
;          |dffg:\g_dffgs:5:i_dffg|                ; 0 (0)               ; 1 (1)                     ; 0           ; 0            ; 0       ; 0         ; 0    ; 0            ; |RISCV_Processor|regfile:regfile_i|reg:\g_regs:27:i_reg|dffg:\g_dffgs:5:i_dffg                                                    ; dffg            ; work         ;
;          |dffg:\g_dffgs:6:i_dffg|                ; 0 (0)               ; 1 (1)                     ; 0           ; 0            ; 0       ; 0         ; 0    ; 0            ; |RISCV_Processor|regfile:regfile_i|reg:\g_regs:27:i_reg|dffg:\g_dffgs:6:i_dffg                                                    ; dffg            ; work         ;
;          |dffg:\g_dffgs:7:i_dffg|                ; 0 (0)               ; 1 (1)                     ; 0           ; 0            ; 0       ; 0         ; 0    ; 0            ; |RISCV_Processor|regfile:regfile_i|reg:\g_regs:27:i_reg|dffg:\g_dffgs:7:i_dffg                                                    ; dffg            ; work         ;
;          |dffg:\g_dffgs:8:i_dffg|                ; 0 (0)               ; 1 (1)                     ; 0           ; 0            ; 0       ; 0         ; 0    ; 0            ; |RISCV_Processor|regfile:regfile_i|reg:\g_regs:27:i_reg|dffg:\g_dffgs:8:i_dffg                                                    ; dffg            ; work         ;
;          |dffg:\g_dffgs:9:i_dffg|                ; 0 (0)               ; 1 (1)                     ; 0           ; 0            ; 0       ; 0         ; 0    ; 0            ; |RISCV_Processor|regfile:regfile_i|reg:\g_regs:27:i_reg|dffg:\g_dffgs:9:i_dffg                                                    ; dffg            ; work         ;
;       |reg:\g_regs:28:i_reg|                     ; 0 (0)               ; 32 (0)                    ; 0           ; 0            ; 0       ; 0         ; 0    ; 0            ; |RISCV_Processor|regfile:regfile_i|reg:\g_regs:28:i_reg                                                                           ; reg             ; work         ;
;          |dffg:\g_dffgs:0:i_dffg|                ; 0 (0)               ; 1 (1)                     ; 0           ; 0            ; 0       ; 0         ; 0    ; 0            ; |RISCV_Processor|regfile:regfile_i|reg:\g_regs:28:i_reg|dffg:\g_dffgs:0:i_dffg                                                    ; dffg            ; work         ;
;          |dffg:\g_dffgs:10:i_dffg|               ; 0 (0)               ; 1 (1)                     ; 0           ; 0            ; 0       ; 0         ; 0    ; 0            ; |RISCV_Processor|regfile:regfile_i|reg:\g_regs:28:i_reg|dffg:\g_dffgs:10:i_dffg                                                   ; dffg            ; work         ;
;          |dffg:\g_dffgs:11:i_dffg|               ; 0 (0)               ; 1 (1)                     ; 0           ; 0            ; 0       ; 0         ; 0    ; 0            ; |RISCV_Processor|regfile:regfile_i|reg:\g_regs:28:i_reg|dffg:\g_dffgs:11:i_dffg                                                   ; dffg            ; work         ;
;          |dffg:\g_dffgs:12:i_dffg|               ; 0 (0)               ; 1 (1)                     ; 0           ; 0            ; 0       ; 0         ; 0    ; 0            ; |RISCV_Processor|regfile:regfile_i|reg:\g_regs:28:i_reg|dffg:\g_dffgs:12:i_dffg                                                   ; dffg            ; work         ;
;          |dffg:\g_dffgs:13:i_dffg|               ; 0 (0)               ; 1 (1)                     ; 0           ; 0            ; 0       ; 0         ; 0    ; 0            ; |RISCV_Processor|regfile:regfile_i|reg:\g_regs:28:i_reg|dffg:\g_dffgs:13:i_dffg                                                   ; dffg            ; work         ;
;          |dffg:\g_dffgs:14:i_dffg|               ; 0 (0)               ; 1 (1)                     ; 0           ; 0            ; 0       ; 0         ; 0    ; 0            ; |RISCV_Processor|regfile:regfile_i|reg:\g_regs:28:i_reg|dffg:\g_dffgs:14:i_dffg                                                   ; dffg            ; work         ;
;          |dffg:\g_dffgs:15:i_dffg|               ; 0 (0)               ; 1 (1)                     ; 0           ; 0            ; 0       ; 0         ; 0    ; 0            ; |RISCV_Processor|regfile:regfile_i|reg:\g_regs:28:i_reg|dffg:\g_dffgs:15:i_dffg                                                   ; dffg            ; work         ;
;          |dffg:\g_dffgs:16:i_dffg|               ; 0 (0)               ; 1 (1)                     ; 0           ; 0            ; 0       ; 0         ; 0    ; 0            ; |RISCV_Processor|regfile:regfile_i|reg:\g_regs:28:i_reg|dffg:\g_dffgs:16:i_dffg                                                   ; dffg            ; work         ;
;          |dffg:\g_dffgs:17:i_dffg|               ; 0 (0)               ; 1 (1)                     ; 0           ; 0            ; 0       ; 0         ; 0    ; 0            ; |RISCV_Processor|regfile:regfile_i|reg:\g_regs:28:i_reg|dffg:\g_dffgs:17:i_dffg                                                   ; dffg            ; work         ;
;          |dffg:\g_dffgs:18:i_dffg|               ; 0 (0)               ; 1 (1)                     ; 0           ; 0            ; 0       ; 0         ; 0    ; 0            ; |RISCV_Processor|regfile:regfile_i|reg:\g_regs:28:i_reg|dffg:\g_dffgs:18:i_dffg                                                   ; dffg            ; work         ;
;          |dffg:\g_dffgs:19:i_dffg|               ; 0 (0)               ; 1 (1)                     ; 0           ; 0            ; 0       ; 0         ; 0    ; 0            ; |RISCV_Processor|regfile:regfile_i|reg:\g_regs:28:i_reg|dffg:\g_dffgs:19:i_dffg                                                   ; dffg            ; work         ;
;          |dffg:\g_dffgs:1:i_dffg|                ; 0 (0)               ; 1 (1)                     ; 0           ; 0            ; 0       ; 0         ; 0    ; 0            ; |RISCV_Processor|regfile:regfile_i|reg:\g_regs:28:i_reg|dffg:\g_dffgs:1:i_dffg                                                    ; dffg            ; work         ;
;          |dffg:\g_dffgs:20:i_dffg|               ; 0 (0)               ; 1 (1)                     ; 0           ; 0            ; 0       ; 0         ; 0    ; 0            ; |RISCV_Processor|regfile:regfile_i|reg:\g_regs:28:i_reg|dffg:\g_dffgs:20:i_dffg                                                   ; dffg            ; work         ;
;          |dffg:\g_dffgs:21:i_dffg|               ; 0 (0)               ; 1 (1)                     ; 0           ; 0            ; 0       ; 0         ; 0    ; 0            ; |RISCV_Processor|regfile:regfile_i|reg:\g_regs:28:i_reg|dffg:\g_dffgs:21:i_dffg                                                   ; dffg            ; work         ;
;          |dffg:\g_dffgs:22:i_dffg|               ; 0 (0)               ; 1 (1)                     ; 0           ; 0            ; 0       ; 0         ; 0    ; 0            ; |RISCV_Processor|regfile:regfile_i|reg:\g_regs:28:i_reg|dffg:\g_dffgs:22:i_dffg                                                   ; dffg            ; work         ;
;          |dffg:\g_dffgs:23:i_dffg|               ; 0 (0)               ; 1 (1)                     ; 0           ; 0            ; 0       ; 0         ; 0    ; 0            ; |RISCV_Processor|regfile:regfile_i|reg:\g_regs:28:i_reg|dffg:\g_dffgs:23:i_dffg                                                   ; dffg            ; work         ;
;          |dffg:\g_dffgs:24:i_dffg|               ; 0 (0)               ; 1 (1)                     ; 0           ; 0            ; 0       ; 0         ; 0    ; 0            ; |RISCV_Processor|regfile:regfile_i|reg:\g_regs:28:i_reg|dffg:\g_dffgs:24:i_dffg                                                   ; dffg            ; work         ;
;          |dffg:\g_dffgs:25:i_dffg|               ; 0 (0)               ; 1 (1)                     ; 0           ; 0            ; 0       ; 0         ; 0    ; 0            ; |RISCV_Processor|regfile:regfile_i|reg:\g_regs:28:i_reg|dffg:\g_dffgs:25:i_dffg                                                   ; dffg            ; work         ;
;          |dffg:\g_dffgs:26:i_dffg|               ; 0 (0)               ; 1 (1)                     ; 0           ; 0            ; 0       ; 0         ; 0    ; 0            ; |RISCV_Processor|regfile:regfile_i|reg:\g_regs:28:i_reg|dffg:\g_dffgs:26:i_dffg                                                   ; dffg            ; work         ;
;          |dffg:\g_dffgs:27:i_dffg|               ; 0 (0)               ; 1 (1)                     ; 0           ; 0            ; 0       ; 0         ; 0    ; 0            ; |RISCV_Processor|regfile:regfile_i|reg:\g_regs:28:i_reg|dffg:\g_dffgs:27:i_dffg                                                   ; dffg            ; work         ;
;          |dffg:\g_dffgs:28:i_dffg|               ; 0 (0)               ; 1 (1)                     ; 0           ; 0            ; 0       ; 0         ; 0    ; 0            ; |RISCV_Processor|regfile:regfile_i|reg:\g_regs:28:i_reg|dffg:\g_dffgs:28:i_dffg                                                   ; dffg            ; work         ;
;          |dffg:\g_dffgs:29:i_dffg|               ; 0 (0)               ; 1 (1)                     ; 0           ; 0            ; 0       ; 0         ; 0    ; 0            ; |RISCV_Processor|regfile:regfile_i|reg:\g_regs:28:i_reg|dffg:\g_dffgs:29:i_dffg                                                   ; dffg            ; work         ;
;          |dffg:\g_dffgs:2:i_dffg|                ; 0 (0)               ; 1 (1)                     ; 0           ; 0            ; 0       ; 0         ; 0    ; 0            ; |RISCV_Processor|regfile:regfile_i|reg:\g_regs:28:i_reg|dffg:\g_dffgs:2:i_dffg                                                    ; dffg            ; work         ;
;          |dffg:\g_dffgs:30:i_dffg|               ; 0 (0)               ; 1 (1)                     ; 0           ; 0            ; 0       ; 0         ; 0    ; 0            ; |RISCV_Processor|regfile:regfile_i|reg:\g_regs:28:i_reg|dffg:\g_dffgs:30:i_dffg                                                   ; dffg            ; work         ;
;          |dffg:\g_dffgs:31:i_dffg|               ; 0 (0)               ; 1 (1)                     ; 0           ; 0            ; 0       ; 0         ; 0    ; 0            ; |RISCV_Processor|regfile:regfile_i|reg:\g_regs:28:i_reg|dffg:\g_dffgs:31:i_dffg                                                   ; dffg            ; work         ;
;          |dffg:\g_dffgs:3:i_dffg|                ; 0 (0)               ; 1 (1)                     ; 0           ; 0            ; 0       ; 0         ; 0    ; 0            ; |RISCV_Processor|regfile:regfile_i|reg:\g_regs:28:i_reg|dffg:\g_dffgs:3:i_dffg                                                    ; dffg            ; work         ;
;          |dffg:\g_dffgs:4:i_dffg|                ; 0 (0)               ; 1 (1)                     ; 0           ; 0            ; 0       ; 0         ; 0    ; 0            ; |RISCV_Processor|regfile:regfile_i|reg:\g_regs:28:i_reg|dffg:\g_dffgs:4:i_dffg                                                    ; dffg            ; work         ;
;          |dffg:\g_dffgs:5:i_dffg|                ; 0 (0)               ; 1 (1)                     ; 0           ; 0            ; 0       ; 0         ; 0    ; 0            ; |RISCV_Processor|regfile:regfile_i|reg:\g_regs:28:i_reg|dffg:\g_dffgs:5:i_dffg                                                    ; dffg            ; work         ;
;          |dffg:\g_dffgs:6:i_dffg|                ; 0 (0)               ; 1 (1)                     ; 0           ; 0            ; 0       ; 0         ; 0    ; 0            ; |RISCV_Processor|regfile:regfile_i|reg:\g_regs:28:i_reg|dffg:\g_dffgs:6:i_dffg                                                    ; dffg            ; work         ;
;          |dffg:\g_dffgs:7:i_dffg|                ; 0 (0)               ; 1 (1)                     ; 0           ; 0            ; 0       ; 0         ; 0    ; 0            ; |RISCV_Processor|regfile:regfile_i|reg:\g_regs:28:i_reg|dffg:\g_dffgs:7:i_dffg                                                    ; dffg            ; work         ;
;          |dffg:\g_dffgs:8:i_dffg|                ; 0 (0)               ; 1 (1)                     ; 0           ; 0            ; 0       ; 0         ; 0    ; 0            ; |RISCV_Processor|regfile:regfile_i|reg:\g_regs:28:i_reg|dffg:\g_dffgs:8:i_dffg                                                    ; dffg            ; work         ;
;          |dffg:\g_dffgs:9:i_dffg|                ; 0 (0)               ; 1 (1)                     ; 0           ; 0            ; 0       ; 0         ; 0    ; 0            ; |RISCV_Processor|regfile:regfile_i|reg:\g_regs:28:i_reg|dffg:\g_dffgs:9:i_dffg                                                    ; dffg            ; work         ;
;       |reg:\g_regs:29:i_reg|                     ; 0 (0)               ; 32 (0)                    ; 0           ; 0            ; 0       ; 0         ; 0    ; 0            ; |RISCV_Processor|regfile:regfile_i|reg:\g_regs:29:i_reg                                                                           ; reg             ; work         ;
;          |dffg:\g_dffgs:0:i_dffg|                ; 0 (0)               ; 1 (1)                     ; 0           ; 0            ; 0       ; 0         ; 0    ; 0            ; |RISCV_Processor|regfile:regfile_i|reg:\g_regs:29:i_reg|dffg:\g_dffgs:0:i_dffg                                                    ; dffg            ; work         ;
;          |dffg:\g_dffgs:10:i_dffg|               ; 0 (0)               ; 1 (1)                     ; 0           ; 0            ; 0       ; 0         ; 0    ; 0            ; |RISCV_Processor|regfile:regfile_i|reg:\g_regs:29:i_reg|dffg:\g_dffgs:10:i_dffg                                                   ; dffg            ; work         ;
;          |dffg:\g_dffgs:11:i_dffg|               ; 0 (0)               ; 1 (1)                     ; 0           ; 0            ; 0       ; 0         ; 0    ; 0            ; |RISCV_Processor|regfile:regfile_i|reg:\g_regs:29:i_reg|dffg:\g_dffgs:11:i_dffg                                                   ; dffg            ; work         ;
;          |dffg:\g_dffgs:12:i_dffg|               ; 0 (0)               ; 1 (1)                     ; 0           ; 0            ; 0       ; 0         ; 0    ; 0            ; |RISCV_Processor|regfile:regfile_i|reg:\g_regs:29:i_reg|dffg:\g_dffgs:12:i_dffg                                                   ; dffg            ; work         ;
;          |dffg:\g_dffgs:13:i_dffg|               ; 0 (0)               ; 1 (1)                     ; 0           ; 0            ; 0       ; 0         ; 0    ; 0            ; |RISCV_Processor|regfile:regfile_i|reg:\g_regs:29:i_reg|dffg:\g_dffgs:13:i_dffg                                                   ; dffg            ; work         ;
;          |dffg:\g_dffgs:14:i_dffg|               ; 0 (0)               ; 1 (1)                     ; 0           ; 0            ; 0       ; 0         ; 0    ; 0            ; |RISCV_Processor|regfile:regfile_i|reg:\g_regs:29:i_reg|dffg:\g_dffgs:14:i_dffg                                                   ; dffg            ; work         ;
;          |dffg:\g_dffgs:15:i_dffg|               ; 0 (0)               ; 1 (1)                     ; 0           ; 0            ; 0       ; 0         ; 0    ; 0            ; |RISCV_Processor|regfile:regfile_i|reg:\g_regs:29:i_reg|dffg:\g_dffgs:15:i_dffg                                                   ; dffg            ; work         ;
;          |dffg:\g_dffgs:16:i_dffg|               ; 0 (0)               ; 1 (1)                     ; 0           ; 0            ; 0       ; 0         ; 0    ; 0            ; |RISCV_Processor|regfile:regfile_i|reg:\g_regs:29:i_reg|dffg:\g_dffgs:16:i_dffg                                                   ; dffg            ; work         ;
;          |dffg:\g_dffgs:17:i_dffg|               ; 0 (0)               ; 1 (1)                     ; 0           ; 0            ; 0       ; 0         ; 0    ; 0            ; |RISCV_Processor|regfile:regfile_i|reg:\g_regs:29:i_reg|dffg:\g_dffgs:17:i_dffg                                                   ; dffg            ; work         ;
;          |dffg:\g_dffgs:18:i_dffg|               ; 0 (0)               ; 1 (1)                     ; 0           ; 0            ; 0       ; 0         ; 0    ; 0            ; |RISCV_Processor|regfile:regfile_i|reg:\g_regs:29:i_reg|dffg:\g_dffgs:18:i_dffg                                                   ; dffg            ; work         ;
;          |dffg:\g_dffgs:19:i_dffg|               ; 0 (0)               ; 1 (1)                     ; 0           ; 0            ; 0       ; 0         ; 0    ; 0            ; |RISCV_Processor|regfile:regfile_i|reg:\g_regs:29:i_reg|dffg:\g_dffgs:19:i_dffg                                                   ; dffg            ; work         ;
;          |dffg:\g_dffgs:1:i_dffg|                ; 0 (0)               ; 1 (1)                     ; 0           ; 0            ; 0       ; 0         ; 0    ; 0            ; |RISCV_Processor|regfile:regfile_i|reg:\g_regs:29:i_reg|dffg:\g_dffgs:1:i_dffg                                                    ; dffg            ; work         ;
;          |dffg:\g_dffgs:20:i_dffg|               ; 0 (0)               ; 1 (1)                     ; 0           ; 0            ; 0       ; 0         ; 0    ; 0            ; |RISCV_Processor|regfile:regfile_i|reg:\g_regs:29:i_reg|dffg:\g_dffgs:20:i_dffg                                                   ; dffg            ; work         ;
;          |dffg:\g_dffgs:21:i_dffg|               ; 0 (0)               ; 1 (1)                     ; 0           ; 0            ; 0       ; 0         ; 0    ; 0            ; |RISCV_Processor|regfile:regfile_i|reg:\g_regs:29:i_reg|dffg:\g_dffgs:21:i_dffg                                                   ; dffg            ; work         ;
;          |dffg:\g_dffgs:22:i_dffg|               ; 0 (0)               ; 1 (1)                     ; 0           ; 0            ; 0       ; 0         ; 0    ; 0            ; |RISCV_Processor|regfile:regfile_i|reg:\g_regs:29:i_reg|dffg:\g_dffgs:22:i_dffg                                                   ; dffg            ; work         ;
;          |dffg:\g_dffgs:23:i_dffg|               ; 0 (0)               ; 1 (1)                     ; 0           ; 0            ; 0       ; 0         ; 0    ; 0            ; |RISCV_Processor|regfile:regfile_i|reg:\g_regs:29:i_reg|dffg:\g_dffgs:23:i_dffg                                                   ; dffg            ; work         ;
;          |dffg:\g_dffgs:24:i_dffg|               ; 0 (0)               ; 1 (1)                     ; 0           ; 0            ; 0       ; 0         ; 0    ; 0            ; |RISCV_Processor|regfile:regfile_i|reg:\g_regs:29:i_reg|dffg:\g_dffgs:24:i_dffg                                                   ; dffg            ; work         ;
;          |dffg:\g_dffgs:25:i_dffg|               ; 0 (0)               ; 1 (1)                     ; 0           ; 0            ; 0       ; 0         ; 0    ; 0            ; |RISCV_Processor|regfile:regfile_i|reg:\g_regs:29:i_reg|dffg:\g_dffgs:25:i_dffg                                                   ; dffg            ; work         ;
;          |dffg:\g_dffgs:26:i_dffg|               ; 0 (0)               ; 1 (1)                     ; 0           ; 0            ; 0       ; 0         ; 0    ; 0            ; |RISCV_Processor|regfile:regfile_i|reg:\g_regs:29:i_reg|dffg:\g_dffgs:26:i_dffg                                                   ; dffg            ; work         ;
;          |dffg:\g_dffgs:27:i_dffg|               ; 0 (0)               ; 1 (1)                     ; 0           ; 0            ; 0       ; 0         ; 0    ; 0            ; |RISCV_Processor|regfile:regfile_i|reg:\g_regs:29:i_reg|dffg:\g_dffgs:27:i_dffg                                                   ; dffg            ; work         ;
;          |dffg:\g_dffgs:28:i_dffg|               ; 0 (0)               ; 1 (1)                     ; 0           ; 0            ; 0       ; 0         ; 0    ; 0            ; |RISCV_Processor|regfile:regfile_i|reg:\g_regs:29:i_reg|dffg:\g_dffgs:28:i_dffg                                                   ; dffg            ; work         ;
;          |dffg:\g_dffgs:29:i_dffg|               ; 0 (0)               ; 1 (1)                     ; 0           ; 0            ; 0       ; 0         ; 0    ; 0            ; |RISCV_Processor|regfile:regfile_i|reg:\g_regs:29:i_reg|dffg:\g_dffgs:29:i_dffg                                                   ; dffg            ; work         ;
;          |dffg:\g_dffgs:2:i_dffg|                ; 0 (0)               ; 1 (1)                     ; 0           ; 0            ; 0       ; 0         ; 0    ; 0            ; |RISCV_Processor|regfile:regfile_i|reg:\g_regs:29:i_reg|dffg:\g_dffgs:2:i_dffg                                                    ; dffg            ; work         ;
;          |dffg:\g_dffgs:30:i_dffg|               ; 0 (0)               ; 1 (1)                     ; 0           ; 0            ; 0       ; 0         ; 0    ; 0            ; |RISCV_Processor|regfile:regfile_i|reg:\g_regs:29:i_reg|dffg:\g_dffgs:30:i_dffg                                                   ; dffg            ; work         ;
;          |dffg:\g_dffgs:31:i_dffg|               ; 0 (0)               ; 1 (1)                     ; 0           ; 0            ; 0       ; 0         ; 0    ; 0            ; |RISCV_Processor|regfile:regfile_i|reg:\g_regs:29:i_reg|dffg:\g_dffgs:31:i_dffg                                                   ; dffg            ; work         ;
;          |dffg:\g_dffgs:3:i_dffg|                ; 0 (0)               ; 1 (1)                     ; 0           ; 0            ; 0       ; 0         ; 0    ; 0            ; |RISCV_Processor|regfile:regfile_i|reg:\g_regs:29:i_reg|dffg:\g_dffgs:3:i_dffg                                                    ; dffg            ; work         ;
;          |dffg:\g_dffgs:4:i_dffg|                ; 0 (0)               ; 1 (1)                     ; 0           ; 0            ; 0       ; 0         ; 0    ; 0            ; |RISCV_Processor|regfile:regfile_i|reg:\g_regs:29:i_reg|dffg:\g_dffgs:4:i_dffg                                                    ; dffg            ; work         ;
;          |dffg:\g_dffgs:5:i_dffg|                ; 0 (0)               ; 1 (1)                     ; 0           ; 0            ; 0       ; 0         ; 0    ; 0            ; |RISCV_Processor|regfile:regfile_i|reg:\g_regs:29:i_reg|dffg:\g_dffgs:5:i_dffg                                                    ; dffg            ; work         ;
;          |dffg:\g_dffgs:6:i_dffg|                ; 0 (0)               ; 1 (1)                     ; 0           ; 0            ; 0       ; 0         ; 0    ; 0            ; |RISCV_Processor|regfile:regfile_i|reg:\g_regs:29:i_reg|dffg:\g_dffgs:6:i_dffg                                                    ; dffg            ; work         ;
;          |dffg:\g_dffgs:7:i_dffg|                ; 0 (0)               ; 1 (1)                     ; 0           ; 0            ; 0       ; 0         ; 0    ; 0            ; |RISCV_Processor|regfile:regfile_i|reg:\g_regs:29:i_reg|dffg:\g_dffgs:7:i_dffg                                                    ; dffg            ; work         ;
;          |dffg:\g_dffgs:8:i_dffg|                ; 0 (0)               ; 1 (1)                     ; 0           ; 0            ; 0       ; 0         ; 0    ; 0            ; |RISCV_Processor|regfile:regfile_i|reg:\g_regs:29:i_reg|dffg:\g_dffgs:8:i_dffg                                                    ; dffg            ; work         ;
;          |dffg:\g_dffgs:9:i_dffg|                ; 0 (0)               ; 1 (1)                     ; 0           ; 0            ; 0       ; 0         ; 0    ; 0            ; |RISCV_Processor|regfile:regfile_i|reg:\g_regs:29:i_reg|dffg:\g_dffgs:9:i_dffg                                                    ; dffg            ; work         ;
;       |reg:\g_regs:2:i_reg|                      ; 0 (0)               ; 32 (0)                    ; 0           ; 0            ; 0       ; 0         ; 0    ; 0            ; |RISCV_Processor|regfile:regfile_i|reg:\g_regs:2:i_reg                                                                            ; reg             ; work         ;
;          |dffg:\g_dffgs:0:i_dffg|                ; 0 (0)               ; 1 (1)                     ; 0           ; 0            ; 0       ; 0         ; 0    ; 0            ; |RISCV_Processor|regfile:regfile_i|reg:\g_regs:2:i_reg|dffg:\g_dffgs:0:i_dffg                                                     ; dffg            ; work         ;
;          |dffg:\g_dffgs:10:i_dffg|               ; 0 (0)               ; 1 (1)                     ; 0           ; 0            ; 0       ; 0         ; 0    ; 0            ; |RISCV_Processor|regfile:regfile_i|reg:\g_regs:2:i_reg|dffg:\g_dffgs:10:i_dffg                                                    ; dffg            ; work         ;
;          |dffg:\g_dffgs:11:i_dffg|               ; 0 (0)               ; 1 (1)                     ; 0           ; 0            ; 0       ; 0         ; 0    ; 0            ; |RISCV_Processor|regfile:regfile_i|reg:\g_regs:2:i_reg|dffg:\g_dffgs:11:i_dffg                                                    ; dffg            ; work         ;
;          |dffg:\g_dffgs:12:i_dffg|               ; 0 (0)               ; 1 (1)                     ; 0           ; 0            ; 0       ; 0         ; 0    ; 0            ; |RISCV_Processor|regfile:regfile_i|reg:\g_regs:2:i_reg|dffg:\g_dffgs:12:i_dffg                                                    ; dffg            ; work         ;
;          |dffg:\g_dffgs:13:i_dffg|               ; 0 (0)               ; 1 (1)                     ; 0           ; 0            ; 0       ; 0         ; 0    ; 0            ; |RISCV_Processor|regfile:regfile_i|reg:\g_regs:2:i_reg|dffg:\g_dffgs:13:i_dffg                                                    ; dffg            ; work         ;
;          |dffg:\g_dffgs:14:i_dffg|               ; 0 (0)               ; 1 (1)                     ; 0           ; 0            ; 0       ; 0         ; 0    ; 0            ; |RISCV_Processor|regfile:regfile_i|reg:\g_regs:2:i_reg|dffg:\g_dffgs:14:i_dffg                                                    ; dffg            ; work         ;
;          |dffg:\g_dffgs:15:i_dffg|               ; 0 (0)               ; 1 (1)                     ; 0           ; 0            ; 0       ; 0         ; 0    ; 0            ; |RISCV_Processor|regfile:regfile_i|reg:\g_regs:2:i_reg|dffg:\g_dffgs:15:i_dffg                                                    ; dffg            ; work         ;
;          |dffg:\g_dffgs:16:i_dffg|               ; 0 (0)               ; 1 (1)                     ; 0           ; 0            ; 0       ; 0         ; 0    ; 0            ; |RISCV_Processor|regfile:regfile_i|reg:\g_regs:2:i_reg|dffg:\g_dffgs:16:i_dffg                                                    ; dffg            ; work         ;
;          |dffg:\g_dffgs:17:i_dffg|               ; 0 (0)               ; 1 (1)                     ; 0           ; 0            ; 0       ; 0         ; 0    ; 0            ; |RISCV_Processor|regfile:regfile_i|reg:\g_regs:2:i_reg|dffg:\g_dffgs:17:i_dffg                                                    ; dffg            ; work         ;
;          |dffg:\g_dffgs:18:i_dffg|               ; 0 (0)               ; 1 (1)                     ; 0           ; 0            ; 0       ; 0         ; 0    ; 0            ; |RISCV_Processor|regfile:regfile_i|reg:\g_regs:2:i_reg|dffg:\g_dffgs:18:i_dffg                                                    ; dffg            ; work         ;
;          |dffg:\g_dffgs:19:i_dffg|               ; 0 (0)               ; 1 (1)                     ; 0           ; 0            ; 0       ; 0         ; 0    ; 0            ; |RISCV_Processor|regfile:regfile_i|reg:\g_regs:2:i_reg|dffg:\g_dffgs:19:i_dffg                                                    ; dffg            ; work         ;
;          |dffg:\g_dffgs:1:i_dffg|                ; 0 (0)               ; 1 (1)                     ; 0           ; 0            ; 0       ; 0         ; 0    ; 0            ; |RISCV_Processor|regfile:regfile_i|reg:\g_regs:2:i_reg|dffg:\g_dffgs:1:i_dffg                                                     ; dffg            ; work         ;
;          |dffg:\g_dffgs:20:i_dffg|               ; 0 (0)               ; 1 (1)                     ; 0           ; 0            ; 0       ; 0         ; 0    ; 0            ; |RISCV_Processor|regfile:regfile_i|reg:\g_regs:2:i_reg|dffg:\g_dffgs:20:i_dffg                                                    ; dffg            ; work         ;
;          |dffg:\g_dffgs:21:i_dffg|               ; 0 (0)               ; 1 (1)                     ; 0           ; 0            ; 0       ; 0         ; 0    ; 0            ; |RISCV_Processor|regfile:regfile_i|reg:\g_regs:2:i_reg|dffg:\g_dffgs:21:i_dffg                                                    ; dffg            ; work         ;
;          |dffg:\g_dffgs:22:i_dffg|               ; 0 (0)               ; 1 (1)                     ; 0           ; 0            ; 0       ; 0         ; 0    ; 0            ; |RISCV_Processor|regfile:regfile_i|reg:\g_regs:2:i_reg|dffg:\g_dffgs:22:i_dffg                                                    ; dffg            ; work         ;
;          |dffg:\g_dffgs:23:i_dffg|               ; 0 (0)               ; 1 (1)                     ; 0           ; 0            ; 0       ; 0         ; 0    ; 0            ; |RISCV_Processor|regfile:regfile_i|reg:\g_regs:2:i_reg|dffg:\g_dffgs:23:i_dffg                                                    ; dffg            ; work         ;
;          |dffg:\g_dffgs:24:i_dffg|               ; 0 (0)               ; 1 (1)                     ; 0           ; 0            ; 0       ; 0         ; 0    ; 0            ; |RISCV_Processor|regfile:regfile_i|reg:\g_regs:2:i_reg|dffg:\g_dffgs:24:i_dffg                                                    ; dffg            ; work         ;
;          |dffg:\g_dffgs:25:i_dffg|               ; 0 (0)               ; 1 (1)                     ; 0           ; 0            ; 0       ; 0         ; 0    ; 0            ; |RISCV_Processor|regfile:regfile_i|reg:\g_regs:2:i_reg|dffg:\g_dffgs:25:i_dffg                                                    ; dffg            ; work         ;
;          |dffg:\g_dffgs:26:i_dffg|               ; 0 (0)               ; 1 (1)                     ; 0           ; 0            ; 0       ; 0         ; 0    ; 0            ; |RISCV_Processor|regfile:regfile_i|reg:\g_regs:2:i_reg|dffg:\g_dffgs:26:i_dffg                                                    ; dffg            ; work         ;
;          |dffg:\g_dffgs:27:i_dffg|               ; 0 (0)               ; 1 (1)                     ; 0           ; 0            ; 0       ; 0         ; 0    ; 0            ; |RISCV_Processor|regfile:regfile_i|reg:\g_regs:2:i_reg|dffg:\g_dffgs:27:i_dffg                                                    ; dffg            ; work         ;
;          |dffg:\g_dffgs:28:i_dffg|               ; 0 (0)               ; 1 (1)                     ; 0           ; 0            ; 0       ; 0         ; 0    ; 0            ; |RISCV_Processor|regfile:regfile_i|reg:\g_regs:2:i_reg|dffg:\g_dffgs:28:i_dffg                                                    ; dffg            ; work         ;
;          |dffg:\g_dffgs:29:i_dffg|               ; 0 (0)               ; 1 (1)                     ; 0           ; 0            ; 0       ; 0         ; 0    ; 0            ; |RISCV_Processor|regfile:regfile_i|reg:\g_regs:2:i_reg|dffg:\g_dffgs:29:i_dffg                                                    ; dffg            ; work         ;
;          |dffg:\g_dffgs:2:i_dffg|                ; 0 (0)               ; 1 (1)                     ; 0           ; 0            ; 0       ; 0         ; 0    ; 0            ; |RISCV_Processor|regfile:regfile_i|reg:\g_regs:2:i_reg|dffg:\g_dffgs:2:i_dffg                                                     ; dffg            ; work         ;
;          |dffg:\g_dffgs:30:i_dffg|               ; 0 (0)               ; 1 (1)                     ; 0           ; 0            ; 0       ; 0         ; 0    ; 0            ; |RISCV_Processor|regfile:regfile_i|reg:\g_regs:2:i_reg|dffg:\g_dffgs:30:i_dffg                                                    ; dffg            ; work         ;
;          |dffg:\g_dffgs:31:i_dffg|               ; 0 (0)               ; 1 (1)                     ; 0           ; 0            ; 0       ; 0         ; 0    ; 0            ; |RISCV_Processor|regfile:regfile_i|reg:\g_regs:2:i_reg|dffg:\g_dffgs:31:i_dffg                                                    ; dffg            ; work         ;
;          |dffg:\g_dffgs:3:i_dffg|                ; 0 (0)               ; 1 (1)                     ; 0           ; 0            ; 0       ; 0         ; 0    ; 0            ; |RISCV_Processor|regfile:regfile_i|reg:\g_regs:2:i_reg|dffg:\g_dffgs:3:i_dffg                                                     ; dffg            ; work         ;
;          |dffg:\g_dffgs:4:i_dffg|                ; 0 (0)               ; 1 (1)                     ; 0           ; 0            ; 0       ; 0         ; 0    ; 0            ; |RISCV_Processor|regfile:regfile_i|reg:\g_regs:2:i_reg|dffg:\g_dffgs:4:i_dffg                                                     ; dffg            ; work         ;
;          |dffg:\g_dffgs:5:i_dffg|                ; 0 (0)               ; 1 (1)                     ; 0           ; 0            ; 0       ; 0         ; 0    ; 0            ; |RISCV_Processor|regfile:regfile_i|reg:\g_regs:2:i_reg|dffg:\g_dffgs:5:i_dffg                                                     ; dffg            ; work         ;
;          |dffg:\g_dffgs:6:i_dffg|                ; 0 (0)               ; 1 (1)                     ; 0           ; 0            ; 0       ; 0         ; 0    ; 0            ; |RISCV_Processor|regfile:regfile_i|reg:\g_regs:2:i_reg|dffg:\g_dffgs:6:i_dffg                                                     ; dffg            ; work         ;
;          |dffg:\g_dffgs:7:i_dffg|                ; 0 (0)               ; 1 (1)                     ; 0           ; 0            ; 0       ; 0         ; 0    ; 0            ; |RISCV_Processor|regfile:regfile_i|reg:\g_regs:2:i_reg|dffg:\g_dffgs:7:i_dffg                                                     ; dffg            ; work         ;
;          |dffg:\g_dffgs:8:i_dffg|                ; 0 (0)               ; 1 (1)                     ; 0           ; 0            ; 0       ; 0         ; 0    ; 0            ; |RISCV_Processor|regfile:regfile_i|reg:\g_regs:2:i_reg|dffg:\g_dffgs:8:i_dffg                                                     ; dffg            ; work         ;
;          |dffg:\g_dffgs:9:i_dffg|                ; 0 (0)               ; 1 (1)                     ; 0           ; 0            ; 0       ; 0         ; 0    ; 0            ; |RISCV_Processor|regfile:regfile_i|reg:\g_regs:2:i_reg|dffg:\g_dffgs:9:i_dffg                                                     ; dffg            ; work         ;
;       |reg:\g_regs:30:i_reg|                     ; 0 (0)               ; 32 (0)                    ; 0           ; 0            ; 0       ; 0         ; 0    ; 0            ; |RISCV_Processor|regfile:regfile_i|reg:\g_regs:30:i_reg                                                                           ; reg             ; work         ;
;          |dffg:\g_dffgs:0:i_dffg|                ; 0 (0)               ; 1 (1)                     ; 0           ; 0            ; 0       ; 0         ; 0    ; 0            ; |RISCV_Processor|regfile:regfile_i|reg:\g_regs:30:i_reg|dffg:\g_dffgs:0:i_dffg                                                    ; dffg            ; work         ;
;          |dffg:\g_dffgs:10:i_dffg|               ; 0 (0)               ; 1 (1)                     ; 0           ; 0            ; 0       ; 0         ; 0    ; 0            ; |RISCV_Processor|regfile:regfile_i|reg:\g_regs:30:i_reg|dffg:\g_dffgs:10:i_dffg                                                   ; dffg            ; work         ;
;          |dffg:\g_dffgs:11:i_dffg|               ; 0 (0)               ; 1 (1)                     ; 0           ; 0            ; 0       ; 0         ; 0    ; 0            ; |RISCV_Processor|regfile:regfile_i|reg:\g_regs:30:i_reg|dffg:\g_dffgs:11:i_dffg                                                   ; dffg            ; work         ;
;          |dffg:\g_dffgs:12:i_dffg|               ; 0 (0)               ; 1 (1)                     ; 0           ; 0            ; 0       ; 0         ; 0    ; 0            ; |RISCV_Processor|regfile:regfile_i|reg:\g_regs:30:i_reg|dffg:\g_dffgs:12:i_dffg                                                   ; dffg            ; work         ;
;          |dffg:\g_dffgs:13:i_dffg|               ; 0 (0)               ; 1 (1)                     ; 0           ; 0            ; 0       ; 0         ; 0    ; 0            ; |RISCV_Processor|regfile:regfile_i|reg:\g_regs:30:i_reg|dffg:\g_dffgs:13:i_dffg                                                   ; dffg            ; work         ;
;          |dffg:\g_dffgs:14:i_dffg|               ; 0 (0)               ; 1 (1)                     ; 0           ; 0            ; 0       ; 0         ; 0    ; 0            ; |RISCV_Processor|regfile:regfile_i|reg:\g_regs:30:i_reg|dffg:\g_dffgs:14:i_dffg                                                   ; dffg            ; work         ;
;          |dffg:\g_dffgs:15:i_dffg|               ; 0 (0)               ; 1 (1)                     ; 0           ; 0            ; 0       ; 0         ; 0    ; 0            ; |RISCV_Processor|regfile:regfile_i|reg:\g_regs:30:i_reg|dffg:\g_dffgs:15:i_dffg                                                   ; dffg            ; work         ;
;          |dffg:\g_dffgs:16:i_dffg|               ; 0 (0)               ; 1 (1)                     ; 0           ; 0            ; 0       ; 0         ; 0    ; 0            ; |RISCV_Processor|regfile:regfile_i|reg:\g_regs:30:i_reg|dffg:\g_dffgs:16:i_dffg                                                   ; dffg            ; work         ;
;          |dffg:\g_dffgs:17:i_dffg|               ; 0 (0)               ; 1 (1)                     ; 0           ; 0            ; 0       ; 0         ; 0    ; 0            ; |RISCV_Processor|regfile:regfile_i|reg:\g_regs:30:i_reg|dffg:\g_dffgs:17:i_dffg                                                   ; dffg            ; work         ;
;          |dffg:\g_dffgs:18:i_dffg|               ; 0 (0)               ; 1 (1)                     ; 0           ; 0            ; 0       ; 0         ; 0    ; 0            ; |RISCV_Processor|regfile:regfile_i|reg:\g_regs:30:i_reg|dffg:\g_dffgs:18:i_dffg                                                   ; dffg            ; work         ;
;          |dffg:\g_dffgs:19:i_dffg|               ; 0 (0)               ; 1 (1)                     ; 0           ; 0            ; 0       ; 0         ; 0    ; 0            ; |RISCV_Processor|regfile:regfile_i|reg:\g_regs:30:i_reg|dffg:\g_dffgs:19:i_dffg                                                   ; dffg            ; work         ;
;          |dffg:\g_dffgs:1:i_dffg|                ; 0 (0)               ; 1 (1)                     ; 0           ; 0            ; 0       ; 0         ; 0    ; 0            ; |RISCV_Processor|regfile:regfile_i|reg:\g_regs:30:i_reg|dffg:\g_dffgs:1:i_dffg                                                    ; dffg            ; work         ;
;          |dffg:\g_dffgs:20:i_dffg|               ; 0 (0)               ; 1 (1)                     ; 0           ; 0            ; 0       ; 0         ; 0    ; 0            ; |RISCV_Processor|regfile:regfile_i|reg:\g_regs:30:i_reg|dffg:\g_dffgs:20:i_dffg                                                   ; dffg            ; work         ;
;          |dffg:\g_dffgs:21:i_dffg|               ; 0 (0)               ; 1 (1)                     ; 0           ; 0            ; 0       ; 0         ; 0    ; 0            ; |RISCV_Processor|regfile:regfile_i|reg:\g_regs:30:i_reg|dffg:\g_dffgs:21:i_dffg                                                   ; dffg            ; work         ;
;          |dffg:\g_dffgs:22:i_dffg|               ; 0 (0)               ; 1 (1)                     ; 0           ; 0            ; 0       ; 0         ; 0    ; 0            ; |RISCV_Processor|regfile:regfile_i|reg:\g_regs:30:i_reg|dffg:\g_dffgs:22:i_dffg                                                   ; dffg            ; work         ;
;          |dffg:\g_dffgs:23:i_dffg|               ; 0 (0)               ; 1 (1)                     ; 0           ; 0            ; 0       ; 0         ; 0    ; 0            ; |RISCV_Processor|regfile:regfile_i|reg:\g_regs:30:i_reg|dffg:\g_dffgs:23:i_dffg                                                   ; dffg            ; work         ;
;          |dffg:\g_dffgs:24:i_dffg|               ; 0 (0)               ; 1 (1)                     ; 0           ; 0            ; 0       ; 0         ; 0    ; 0            ; |RISCV_Processor|regfile:regfile_i|reg:\g_regs:30:i_reg|dffg:\g_dffgs:24:i_dffg                                                   ; dffg            ; work         ;
;          |dffg:\g_dffgs:25:i_dffg|               ; 0 (0)               ; 1 (1)                     ; 0           ; 0            ; 0       ; 0         ; 0    ; 0            ; |RISCV_Processor|regfile:regfile_i|reg:\g_regs:30:i_reg|dffg:\g_dffgs:25:i_dffg                                                   ; dffg            ; work         ;
;          |dffg:\g_dffgs:26:i_dffg|               ; 0 (0)               ; 1 (1)                     ; 0           ; 0            ; 0       ; 0         ; 0    ; 0            ; |RISCV_Processor|regfile:regfile_i|reg:\g_regs:30:i_reg|dffg:\g_dffgs:26:i_dffg                                                   ; dffg            ; work         ;
;          |dffg:\g_dffgs:27:i_dffg|               ; 0 (0)               ; 1 (1)                     ; 0           ; 0            ; 0       ; 0         ; 0    ; 0            ; |RISCV_Processor|regfile:regfile_i|reg:\g_regs:30:i_reg|dffg:\g_dffgs:27:i_dffg                                                   ; dffg            ; work         ;
;          |dffg:\g_dffgs:28:i_dffg|               ; 0 (0)               ; 1 (1)                     ; 0           ; 0            ; 0       ; 0         ; 0    ; 0            ; |RISCV_Processor|regfile:regfile_i|reg:\g_regs:30:i_reg|dffg:\g_dffgs:28:i_dffg                                                   ; dffg            ; work         ;
;          |dffg:\g_dffgs:29:i_dffg|               ; 0 (0)               ; 1 (1)                     ; 0           ; 0            ; 0       ; 0         ; 0    ; 0            ; |RISCV_Processor|regfile:regfile_i|reg:\g_regs:30:i_reg|dffg:\g_dffgs:29:i_dffg                                                   ; dffg            ; work         ;
;          |dffg:\g_dffgs:2:i_dffg|                ; 0 (0)               ; 1 (1)                     ; 0           ; 0            ; 0       ; 0         ; 0    ; 0            ; |RISCV_Processor|regfile:regfile_i|reg:\g_regs:30:i_reg|dffg:\g_dffgs:2:i_dffg                                                    ; dffg            ; work         ;
;          |dffg:\g_dffgs:30:i_dffg|               ; 0 (0)               ; 1 (1)                     ; 0           ; 0            ; 0       ; 0         ; 0    ; 0            ; |RISCV_Processor|regfile:regfile_i|reg:\g_regs:30:i_reg|dffg:\g_dffgs:30:i_dffg                                                   ; dffg            ; work         ;
;          |dffg:\g_dffgs:31:i_dffg|               ; 0 (0)               ; 1 (1)                     ; 0           ; 0            ; 0       ; 0         ; 0    ; 0            ; |RISCV_Processor|regfile:regfile_i|reg:\g_regs:30:i_reg|dffg:\g_dffgs:31:i_dffg                                                   ; dffg            ; work         ;
;          |dffg:\g_dffgs:3:i_dffg|                ; 0 (0)               ; 1 (1)                     ; 0           ; 0            ; 0       ; 0         ; 0    ; 0            ; |RISCV_Processor|regfile:regfile_i|reg:\g_regs:30:i_reg|dffg:\g_dffgs:3:i_dffg                                                    ; dffg            ; work         ;
;          |dffg:\g_dffgs:4:i_dffg|                ; 0 (0)               ; 1 (1)                     ; 0           ; 0            ; 0       ; 0         ; 0    ; 0            ; |RISCV_Processor|regfile:regfile_i|reg:\g_regs:30:i_reg|dffg:\g_dffgs:4:i_dffg                                                    ; dffg            ; work         ;
;          |dffg:\g_dffgs:5:i_dffg|                ; 0 (0)               ; 1 (1)                     ; 0           ; 0            ; 0       ; 0         ; 0    ; 0            ; |RISCV_Processor|regfile:regfile_i|reg:\g_regs:30:i_reg|dffg:\g_dffgs:5:i_dffg                                                    ; dffg            ; work         ;
;          |dffg:\g_dffgs:6:i_dffg|                ; 0 (0)               ; 1 (1)                     ; 0           ; 0            ; 0       ; 0         ; 0    ; 0            ; |RISCV_Processor|regfile:regfile_i|reg:\g_regs:30:i_reg|dffg:\g_dffgs:6:i_dffg                                                    ; dffg            ; work         ;
;          |dffg:\g_dffgs:7:i_dffg|                ; 0 (0)               ; 1 (1)                     ; 0           ; 0            ; 0       ; 0         ; 0    ; 0            ; |RISCV_Processor|regfile:regfile_i|reg:\g_regs:30:i_reg|dffg:\g_dffgs:7:i_dffg                                                    ; dffg            ; work         ;
;          |dffg:\g_dffgs:8:i_dffg|                ; 0 (0)               ; 1 (1)                     ; 0           ; 0            ; 0       ; 0         ; 0    ; 0            ; |RISCV_Processor|regfile:regfile_i|reg:\g_regs:30:i_reg|dffg:\g_dffgs:8:i_dffg                                                    ; dffg            ; work         ;
;          |dffg:\g_dffgs:9:i_dffg|                ; 0 (0)               ; 1 (1)                     ; 0           ; 0            ; 0       ; 0         ; 0    ; 0            ; |RISCV_Processor|regfile:regfile_i|reg:\g_regs:30:i_reg|dffg:\g_dffgs:9:i_dffg                                                    ; dffg            ; work         ;
;       |reg:\g_regs:31:i_reg|                     ; 0 (0)               ; 32 (0)                    ; 0           ; 0            ; 0       ; 0         ; 0    ; 0            ; |RISCV_Processor|regfile:regfile_i|reg:\g_regs:31:i_reg                                                                           ; reg             ; work         ;
;          |dffg:\g_dffgs:0:i_dffg|                ; 0 (0)               ; 1 (1)                     ; 0           ; 0            ; 0       ; 0         ; 0    ; 0            ; |RISCV_Processor|regfile:regfile_i|reg:\g_regs:31:i_reg|dffg:\g_dffgs:0:i_dffg                                                    ; dffg            ; work         ;
;          |dffg:\g_dffgs:10:i_dffg|               ; 0 (0)               ; 1 (1)                     ; 0           ; 0            ; 0       ; 0         ; 0    ; 0            ; |RISCV_Processor|regfile:regfile_i|reg:\g_regs:31:i_reg|dffg:\g_dffgs:10:i_dffg                                                   ; dffg            ; work         ;
;          |dffg:\g_dffgs:11:i_dffg|               ; 0 (0)               ; 1 (1)                     ; 0           ; 0            ; 0       ; 0         ; 0    ; 0            ; |RISCV_Processor|regfile:regfile_i|reg:\g_regs:31:i_reg|dffg:\g_dffgs:11:i_dffg                                                   ; dffg            ; work         ;
;          |dffg:\g_dffgs:12:i_dffg|               ; 0 (0)               ; 1 (1)                     ; 0           ; 0            ; 0       ; 0         ; 0    ; 0            ; |RISCV_Processor|regfile:regfile_i|reg:\g_regs:31:i_reg|dffg:\g_dffgs:12:i_dffg                                                   ; dffg            ; work         ;
;          |dffg:\g_dffgs:13:i_dffg|               ; 0 (0)               ; 1 (1)                     ; 0           ; 0            ; 0       ; 0         ; 0    ; 0            ; |RISCV_Processor|regfile:regfile_i|reg:\g_regs:31:i_reg|dffg:\g_dffgs:13:i_dffg                                                   ; dffg            ; work         ;
;          |dffg:\g_dffgs:14:i_dffg|               ; 0 (0)               ; 1 (1)                     ; 0           ; 0            ; 0       ; 0         ; 0    ; 0            ; |RISCV_Processor|regfile:regfile_i|reg:\g_regs:31:i_reg|dffg:\g_dffgs:14:i_dffg                                                   ; dffg            ; work         ;
;          |dffg:\g_dffgs:15:i_dffg|               ; 0 (0)               ; 1 (1)                     ; 0           ; 0            ; 0       ; 0         ; 0    ; 0            ; |RISCV_Processor|regfile:regfile_i|reg:\g_regs:31:i_reg|dffg:\g_dffgs:15:i_dffg                                                   ; dffg            ; work         ;
;          |dffg:\g_dffgs:16:i_dffg|               ; 0 (0)               ; 1 (1)                     ; 0           ; 0            ; 0       ; 0         ; 0    ; 0            ; |RISCV_Processor|regfile:regfile_i|reg:\g_regs:31:i_reg|dffg:\g_dffgs:16:i_dffg                                                   ; dffg            ; work         ;
;          |dffg:\g_dffgs:17:i_dffg|               ; 0 (0)               ; 1 (1)                     ; 0           ; 0            ; 0       ; 0         ; 0    ; 0            ; |RISCV_Processor|regfile:regfile_i|reg:\g_regs:31:i_reg|dffg:\g_dffgs:17:i_dffg                                                   ; dffg            ; work         ;
;          |dffg:\g_dffgs:18:i_dffg|               ; 0 (0)               ; 1 (1)                     ; 0           ; 0            ; 0       ; 0         ; 0    ; 0            ; |RISCV_Processor|regfile:regfile_i|reg:\g_regs:31:i_reg|dffg:\g_dffgs:18:i_dffg                                                   ; dffg            ; work         ;
;          |dffg:\g_dffgs:19:i_dffg|               ; 0 (0)               ; 1 (1)                     ; 0           ; 0            ; 0       ; 0         ; 0    ; 0            ; |RISCV_Processor|regfile:regfile_i|reg:\g_regs:31:i_reg|dffg:\g_dffgs:19:i_dffg                                                   ; dffg            ; work         ;
;          |dffg:\g_dffgs:1:i_dffg|                ; 0 (0)               ; 1 (1)                     ; 0           ; 0            ; 0       ; 0         ; 0    ; 0            ; |RISCV_Processor|regfile:regfile_i|reg:\g_regs:31:i_reg|dffg:\g_dffgs:1:i_dffg                                                    ; dffg            ; work         ;
;          |dffg:\g_dffgs:20:i_dffg|               ; 0 (0)               ; 1 (1)                     ; 0           ; 0            ; 0       ; 0         ; 0    ; 0            ; |RISCV_Processor|regfile:regfile_i|reg:\g_regs:31:i_reg|dffg:\g_dffgs:20:i_dffg                                                   ; dffg            ; work         ;
;          |dffg:\g_dffgs:21:i_dffg|               ; 0 (0)               ; 1 (1)                     ; 0           ; 0            ; 0       ; 0         ; 0    ; 0            ; |RISCV_Processor|regfile:regfile_i|reg:\g_regs:31:i_reg|dffg:\g_dffgs:21:i_dffg                                                   ; dffg            ; work         ;
;          |dffg:\g_dffgs:22:i_dffg|               ; 0 (0)               ; 1 (1)                     ; 0           ; 0            ; 0       ; 0         ; 0    ; 0            ; |RISCV_Processor|regfile:regfile_i|reg:\g_regs:31:i_reg|dffg:\g_dffgs:22:i_dffg                                                   ; dffg            ; work         ;
;          |dffg:\g_dffgs:23:i_dffg|               ; 0 (0)               ; 1 (1)                     ; 0           ; 0            ; 0       ; 0         ; 0    ; 0            ; |RISCV_Processor|regfile:regfile_i|reg:\g_regs:31:i_reg|dffg:\g_dffgs:23:i_dffg                                                   ; dffg            ; work         ;
;          |dffg:\g_dffgs:24:i_dffg|               ; 0 (0)               ; 1 (1)                     ; 0           ; 0            ; 0       ; 0         ; 0    ; 0            ; |RISCV_Processor|regfile:regfile_i|reg:\g_regs:31:i_reg|dffg:\g_dffgs:24:i_dffg                                                   ; dffg            ; work         ;
;          |dffg:\g_dffgs:25:i_dffg|               ; 0 (0)               ; 1 (1)                     ; 0           ; 0            ; 0       ; 0         ; 0    ; 0            ; |RISCV_Processor|regfile:regfile_i|reg:\g_regs:31:i_reg|dffg:\g_dffgs:25:i_dffg                                                   ; dffg            ; work         ;
;          |dffg:\g_dffgs:26:i_dffg|               ; 0 (0)               ; 1 (1)                     ; 0           ; 0            ; 0       ; 0         ; 0    ; 0            ; |RISCV_Processor|regfile:regfile_i|reg:\g_regs:31:i_reg|dffg:\g_dffgs:26:i_dffg                                                   ; dffg            ; work         ;
;          |dffg:\g_dffgs:27:i_dffg|               ; 0 (0)               ; 1 (1)                     ; 0           ; 0            ; 0       ; 0         ; 0    ; 0            ; |RISCV_Processor|regfile:regfile_i|reg:\g_regs:31:i_reg|dffg:\g_dffgs:27:i_dffg                                                   ; dffg            ; work         ;
;          |dffg:\g_dffgs:28:i_dffg|               ; 0 (0)               ; 1 (1)                     ; 0           ; 0            ; 0       ; 0         ; 0    ; 0            ; |RISCV_Processor|regfile:regfile_i|reg:\g_regs:31:i_reg|dffg:\g_dffgs:28:i_dffg                                                   ; dffg            ; work         ;
;          |dffg:\g_dffgs:29:i_dffg|               ; 0 (0)               ; 1 (1)                     ; 0           ; 0            ; 0       ; 0         ; 0    ; 0            ; |RISCV_Processor|regfile:regfile_i|reg:\g_regs:31:i_reg|dffg:\g_dffgs:29:i_dffg                                                   ; dffg            ; work         ;
;          |dffg:\g_dffgs:2:i_dffg|                ; 0 (0)               ; 1 (1)                     ; 0           ; 0            ; 0       ; 0         ; 0    ; 0            ; |RISCV_Processor|regfile:regfile_i|reg:\g_regs:31:i_reg|dffg:\g_dffgs:2:i_dffg                                                    ; dffg            ; work         ;
;          |dffg:\g_dffgs:30:i_dffg|               ; 0 (0)               ; 1 (1)                     ; 0           ; 0            ; 0       ; 0         ; 0    ; 0            ; |RISCV_Processor|regfile:regfile_i|reg:\g_regs:31:i_reg|dffg:\g_dffgs:30:i_dffg                                                   ; dffg            ; work         ;
;          |dffg:\g_dffgs:31:i_dffg|               ; 0 (0)               ; 1 (1)                     ; 0           ; 0            ; 0       ; 0         ; 0    ; 0            ; |RISCV_Processor|regfile:regfile_i|reg:\g_regs:31:i_reg|dffg:\g_dffgs:31:i_dffg                                                   ; dffg            ; work         ;
;          |dffg:\g_dffgs:3:i_dffg|                ; 0 (0)               ; 1 (1)                     ; 0           ; 0            ; 0       ; 0         ; 0    ; 0            ; |RISCV_Processor|regfile:regfile_i|reg:\g_regs:31:i_reg|dffg:\g_dffgs:3:i_dffg                                                    ; dffg            ; work         ;
;          |dffg:\g_dffgs:4:i_dffg|                ; 0 (0)               ; 1 (1)                     ; 0           ; 0            ; 0       ; 0         ; 0    ; 0            ; |RISCV_Processor|regfile:regfile_i|reg:\g_regs:31:i_reg|dffg:\g_dffgs:4:i_dffg                                                    ; dffg            ; work         ;
;          |dffg:\g_dffgs:5:i_dffg|                ; 0 (0)               ; 1 (1)                     ; 0           ; 0            ; 0       ; 0         ; 0    ; 0            ; |RISCV_Processor|regfile:regfile_i|reg:\g_regs:31:i_reg|dffg:\g_dffgs:5:i_dffg                                                    ; dffg            ; work         ;
;          |dffg:\g_dffgs:6:i_dffg|                ; 0 (0)               ; 1 (1)                     ; 0           ; 0            ; 0       ; 0         ; 0    ; 0            ; |RISCV_Processor|regfile:regfile_i|reg:\g_regs:31:i_reg|dffg:\g_dffgs:6:i_dffg                                                    ; dffg            ; work         ;
;          |dffg:\g_dffgs:7:i_dffg|                ; 0 (0)               ; 1 (1)                     ; 0           ; 0            ; 0       ; 0         ; 0    ; 0            ; |RISCV_Processor|regfile:regfile_i|reg:\g_regs:31:i_reg|dffg:\g_dffgs:7:i_dffg                                                    ; dffg            ; work         ;
;          |dffg:\g_dffgs:8:i_dffg|                ; 0 (0)               ; 1 (1)                     ; 0           ; 0            ; 0       ; 0         ; 0    ; 0            ; |RISCV_Processor|regfile:regfile_i|reg:\g_regs:31:i_reg|dffg:\g_dffgs:8:i_dffg                                                    ; dffg            ; work         ;
;          |dffg:\g_dffgs:9:i_dffg|                ; 0 (0)               ; 1 (1)                     ; 0           ; 0            ; 0       ; 0         ; 0    ; 0            ; |RISCV_Processor|regfile:regfile_i|reg:\g_regs:31:i_reg|dffg:\g_dffgs:9:i_dffg                                                    ; dffg            ; work         ;
;       |reg:\g_regs:3:i_reg|                      ; 0 (0)               ; 32 (0)                    ; 0           ; 0            ; 0       ; 0         ; 0    ; 0            ; |RISCV_Processor|regfile:regfile_i|reg:\g_regs:3:i_reg                                                                            ; reg             ; work         ;
;          |dffg:\g_dffgs:0:i_dffg|                ; 0 (0)               ; 1 (1)                     ; 0           ; 0            ; 0       ; 0         ; 0    ; 0            ; |RISCV_Processor|regfile:regfile_i|reg:\g_regs:3:i_reg|dffg:\g_dffgs:0:i_dffg                                                     ; dffg            ; work         ;
;          |dffg:\g_dffgs:10:i_dffg|               ; 0 (0)               ; 1 (1)                     ; 0           ; 0            ; 0       ; 0         ; 0    ; 0            ; |RISCV_Processor|regfile:regfile_i|reg:\g_regs:3:i_reg|dffg:\g_dffgs:10:i_dffg                                                    ; dffg            ; work         ;
;          |dffg:\g_dffgs:11:i_dffg|               ; 0 (0)               ; 1 (1)                     ; 0           ; 0            ; 0       ; 0         ; 0    ; 0            ; |RISCV_Processor|regfile:regfile_i|reg:\g_regs:3:i_reg|dffg:\g_dffgs:11:i_dffg                                                    ; dffg            ; work         ;
;          |dffg:\g_dffgs:12:i_dffg|               ; 0 (0)               ; 1 (1)                     ; 0           ; 0            ; 0       ; 0         ; 0    ; 0            ; |RISCV_Processor|regfile:regfile_i|reg:\g_regs:3:i_reg|dffg:\g_dffgs:12:i_dffg                                                    ; dffg            ; work         ;
;          |dffg:\g_dffgs:13:i_dffg|               ; 0 (0)               ; 1 (1)                     ; 0           ; 0            ; 0       ; 0         ; 0    ; 0            ; |RISCV_Processor|regfile:regfile_i|reg:\g_regs:3:i_reg|dffg:\g_dffgs:13:i_dffg                                                    ; dffg            ; work         ;
;          |dffg:\g_dffgs:14:i_dffg|               ; 0 (0)               ; 1 (1)                     ; 0           ; 0            ; 0       ; 0         ; 0    ; 0            ; |RISCV_Processor|regfile:regfile_i|reg:\g_regs:3:i_reg|dffg:\g_dffgs:14:i_dffg                                                    ; dffg            ; work         ;
;          |dffg:\g_dffgs:15:i_dffg|               ; 0 (0)               ; 1 (1)                     ; 0           ; 0            ; 0       ; 0         ; 0    ; 0            ; |RISCV_Processor|regfile:regfile_i|reg:\g_regs:3:i_reg|dffg:\g_dffgs:15:i_dffg                                                    ; dffg            ; work         ;
;          |dffg:\g_dffgs:16:i_dffg|               ; 0 (0)               ; 1 (1)                     ; 0           ; 0            ; 0       ; 0         ; 0    ; 0            ; |RISCV_Processor|regfile:regfile_i|reg:\g_regs:3:i_reg|dffg:\g_dffgs:16:i_dffg                                                    ; dffg            ; work         ;
;          |dffg:\g_dffgs:17:i_dffg|               ; 0 (0)               ; 1 (1)                     ; 0           ; 0            ; 0       ; 0         ; 0    ; 0            ; |RISCV_Processor|regfile:regfile_i|reg:\g_regs:3:i_reg|dffg:\g_dffgs:17:i_dffg                                                    ; dffg            ; work         ;
;          |dffg:\g_dffgs:18:i_dffg|               ; 0 (0)               ; 1 (1)                     ; 0           ; 0            ; 0       ; 0         ; 0    ; 0            ; |RISCV_Processor|regfile:regfile_i|reg:\g_regs:3:i_reg|dffg:\g_dffgs:18:i_dffg                                                    ; dffg            ; work         ;
;          |dffg:\g_dffgs:19:i_dffg|               ; 0 (0)               ; 1 (1)                     ; 0           ; 0            ; 0       ; 0         ; 0    ; 0            ; |RISCV_Processor|regfile:regfile_i|reg:\g_regs:3:i_reg|dffg:\g_dffgs:19:i_dffg                                                    ; dffg            ; work         ;
;          |dffg:\g_dffgs:1:i_dffg|                ; 0 (0)               ; 1 (1)                     ; 0           ; 0            ; 0       ; 0         ; 0    ; 0            ; |RISCV_Processor|regfile:regfile_i|reg:\g_regs:3:i_reg|dffg:\g_dffgs:1:i_dffg                                                     ; dffg            ; work         ;
;          |dffg:\g_dffgs:20:i_dffg|               ; 0 (0)               ; 1 (1)                     ; 0           ; 0            ; 0       ; 0         ; 0    ; 0            ; |RISCV_Processor|regfile:regfile_i|reg:\g_regs:3:i_reg|dffg:\g_dffgs:20:i_dffg                                                    ; dffg            ; work         ;
;          |dffg:\g_dffgs:21:i_dffg|               ; 0 (0)               ; 1 (1)                     ; 0           ; 0            ; 0       ; 0         ; 0    ; 0            ; |RISCV_Processor|regfile:regfile_i|reg:\g_regs:3:i_reg|dffg:\g_dffgs:21:i_dffg                                                    ; dffg            ; work         ;
;          |dffg:\g_dffgs:22:i_dffg|               ; 0 (0)               ; 1 (1)                     ; 0           ; 0            ; 0       ; 0         ; 0    ; 0            ; |RISCV_Processor|regfile:regfile_i|reg:\g_regs:3:i_reg|dffg:\g_dffgs:22:i_dffg                                                    ; dffg            ; work         ;
;          |dffg:\g_dffgs:23:i_dffg|               ; 0 (0)               ; 1 (1)                     ; 0           ; 0            ; 0       ; 0         ; 0    ; 0            ; |RISCV_Processor|regfile:regfile_i|reg:\g_regs:3:i_reg|dffg:\g_dffgs:23:i_dffg                                                    ; dffg            ; work         ;
;          |dffg:\g_dffgs:24:i_dffg|               ; 0 (0)               ; 1 (1)                     ; 0           ; 0            ; 0       ; 0         ; 0    ; 0            ; |RISCV_Processor|regfile:regfile_i|reg:\g_regs:3:i_reg|dffg:\g_dffgs:24:i_dffg                                                    ; dffg            ; work         ;
;          |dffg:\g_dffgs:25:i_dffg|               ; 0 (0)               ; 1 (1)                     ; 0           ; 0            ; 0       ; 0         ; 0    ; 0            ; |RISCV_Processor|regfile:regfile_i|reg:\g_regs:3:i_reg|dffg:\g_dffgs:25:i_dffg                                                    ; dffg            ; work         ;
;          |dffg:\g_dffgs:26:i_dffg|               ; 0 (0)               ; 1 (1)                     ; 0           ; 0            ; 0       ; 0         ; 0    ; 0            ; |RISCV_Processor|regfile:regfile_i|reg:\g_regs:3:i_reg|dffg:\g_dffgs:26:i_dffg                                                    ; dffg            ; work         ;
;          |dffg:\g_dffgs:27:i_dffg|               ; 0 (0)               ; 1 (1)                     ; 0           ; 0            ; 0       ; 0         ; 0    ; 0            ; |RISCV_Processor|regfile:regfile_i|reg:\g_regs:3:i_reg|dffg:\g_dffgs:27:i_dffg                                                    ; dffg            ; work         ;
;          |dffg:\g_dffgs:28:i_dffg|               ; 0 (0)               ; 1 (1)                     ; 0           ; 0            ; 0       ; 0         ; 0    ; 0            ; |RISCV_Processor|regfile:regfile_i|reg:\g_regs:3:i_reg|dffg:\g_dffgs:28:i_dffg                                                    ; dffg            ; work         ;
;          |dffg:\g_dffgs:29:i_dffg|               ; 0 (0)               ; 1 (1)                     ; 0           ; 0            ; 0       ; 0         ; 0    ; 0            ; |RISCV_Processor|regfile:regfile_i|reg:\g_regs:3:i_reg|dffg:\g_dffgs:29:i_dffg                                                    ; dffg            ; work         ;
;          |dffg:\g_dffgs:2:i_dffg|                ; 0 (0)               ; 1 (1)                     ; 0           ; 0            ; 0       ; 0         ; 0    ; 0            ; |RISCV_Processor|regfile:regfile_i|reg:\g_regs:3:i_reg|dffg:\g_dffgs:2:i_dffg                                                     ; dffg            ; work         ;
;          |dffg:\g_dffgs:30:i_dffg|               ; 0 (0)               ; 1 (1)                     ; 0           ; 0            ; 0       ; 0         ; 0    ; 0            ; |RISCV_Processor|regfile:regfile_i|reg:\g_regs:3:i_reg|dffg:\g_dffgs:30:i_dffg                                                    ; dffg            ; work         ;
;          |dffg:\g_dffgs:31:i_dffg|               ; 0 (0)               ; 1 (1)                     ; 0           ; 0            ; 0       ; 0         ; 0    ; 0            ; |RISCV_Processor|regfile:regfile_i|reg:\g_regs:3:i_reg|dffg:\g_dffgs:31:i_dffg                                                    ; dffg            ; work         ;
;          |dffg:\g_dffgs:3:i_dffg|                ; 0 (0)               ; 1 (1)                     ; 0           ; 0            ; 0       ; 0         ; 0    ; 0            ; |RISCV_Processor|regfile:regfile_i|reg:\g_regs:3:i_reg|dffg:\g_dffgs:3:i_dffg                                                     ; dffg            ; work         ;
;          |dffg:\g_dffgs:4:i_dffg|                ; 0 (0)               ; 1 (1)                     ; 0           ; 0            ; 0       ; 0         ; 0    ; 0            ; |RISCV_Processor|regfile:regfile_i|reg:\g_regs:3:i_reg|dffg:\g_dffgs:4:i_dffg                                                     ; dffg            ; work         ;
;          |dffg:\g_dffgs:5:i_dffg|                ; 0 (0)               ; 1 (1)                     ; 0           ; 0            ; 0       ; 0         ; 0    ; 0            ; |RISCV_Processor|regfile:regfile_i|reg:\g_regs:3:i_reg|dffg:\g_dffgs:5:i_dffg                                                     ; dffg            ; work         ;
;          |dffg:\g_dffgs:6:i_dffg|                ; 0 (0)               ; 1 (1)                     ; 0           ; 0            ; 0       ; 0         ; 0    ; 0            ; |RISCV_Processor|regfile:regfile_i|reg:\g_regs:3:i_reg|dffg:\g_dffgs:6:i_dffg                                                     ; dffg            ; work         ;
;          |dffg:\g_dffgs:7:i_dffg|                ; 0 (0)               ; 1 (1)                     ; 0           ; 0            ; 0       ; 0         ; 0    ; 0            ; |RISCV_Processor|regfile:regfile_i|reg:\g_regs:3:i_reg|dffg:\g_dffgs:7:i_dffg                                                     ; dffg            ; work         ;
;          |dffg:\g_dffgs:8:i_dffg|                ; 0 (0)               ; 1 (1)                     ; 0           ; 0            ; 0       ; 0         ; 0    ; 0            ; |RISCV_Processor|regfile:regfile_i|reg:\g_regs:3:i_reg|dffg:\g_dffgs:8:i_dffg                                                     ; dffg            ; work         ;
;          |dffg:\g_dffgs:9:i_dffg|                ; 0 (0)               ; 1 (1)                     ; 0           ; 0            ; 0       ; 0         ; 0    ; 0            ; |RISCV_Processor|regfile:regfile_i|reg:\g_regs:3:i_reg|dffg:\g_dffgs:9:i_dffg                                                     ; dffg            ; work         ;
;       |reg:\g_regs:4:i_reg|                      ; 0 (0)               ; 32 (0)                    ; 0           ; 0            ; 0       ; 0         ; 0    ; 0            ; |RISCV_Processor|regfile:regfile_i|reg:\g_regs:4:i_reg                                                                            ; reg             ; work         ;
;          |dffg:\g_dffgs:0:i_dffg|                ; 0 (0)               ; 1 (1)                     ; 0           ; 0            ; 0       ; 0         ; 0    ; 0            ; |RISCV_Processor|regfile:regfile_i|reg:\g_regs:4:i_reg|dffg:\g_dffgs:0:i_dffg                                                     ; dffg            ; work         ;
;          |dffg:\g_dffgs:10:i_dffg|               ; 0 (0)               ; 1 (1)                     ; 0           ; 0            ; 0       ; 0         ; 0    ; 0            ; |RISCV_Processor|regfile:regfile_i|reg:\g_regs:4:i_reg|dffg:\g_dffgs:10:i_dffg                                                    ; dffg            ; work         ;
;          |dffg:\g_dffgs:11:i_dffg|               ; 0 (0)               ; 1 (1)                     ; 0           ; 0            ; 0       ; 0         ; 0    ; 0            ; |RISCV_Processor|regfile:regfile_i|reg:\g_regs:4:i_reg|dffg:\g_dffgs:11:i_dffg                                                    ; dffg            ; work         ;
;          |dffg:\g_dffgs:12:i_dffg|               ; 0 (0)               ; 1 (1)                     ; 0           ; 0            ; 0       ; 0         ; 0    ; 0            ; |RISCV_Processor|regfile:regfile_i|reg:\g_regs:4:i_reg|dffg:\g_dffgs:12:i_dffg                                                    ; dffg            ; work         ;
;          |dffg:\g_dffgs:13:i_dffg|               ; 0 (0)               ; 1 (1)                     ; 0           ; 0            ; 0       ; 0         ; 0    ; 0            ; |RISCV_Processor|regfile:regfile_i|reg:\g_regs:4:i_reg|dffg:\g_dffgs:13:i_dffg                                                    ; dffg            ; work         ;
;          |dffg:\g_dffgs:14:i_dffg|               ; 0 (0)               ; 1 (1)                     ; 0           ; 0            ; 0       ; 0         ; 0    ; 0            ; |RISCV_Processor|regfile:regfile_i|reg:\g_regs:4:i_reg|dffg:\g_dffgs:14:i_dffg                                                    ; dffg            ; work         ;
;          |dffg:\g_dffgs:15:i_dffg|               ; 0 (0)               ; 1 (1)                     ; 0           ; 0            ; 0       ; 0         ; 0    ; 0            ; |RISCV_Processor|regfile:regfile_i|reg:\g_regs:4:i_reg|dffg:\g_dffgs:15:i_dffg                                                    ; dffg            ; work         ;
;          |dffg:\g_dffgs:16:i_dffg|               ; 0 (0)               ; 1 (1)                     ; 0           ; 0            ; 0       ; 0         ; 0    ; 0            ; |RISCV_Processor|regfile:regfile_i|reg:\g_regs:4:i_reg|dffg:\g_dffgs:16:i_dffg                                                    ; dffg            ; work         ;
;          |dffg:\g_dffgs:17:i_dffg|               ; 0 (0)               ; 1 (1)                     ; 0           ; 0            ; 0       ; 0         ; 0    ; 0            ; |RISCV_Processor|regfile:regfile_i|reg:\g_regs:4:i_reg|dffg:\g_dffgs:17:i_dffg                                                    ; dffg            ; work         ;
;          |dffg:\g_dffgs:18:i_dffg|               ; 0 (0)               ; 1 (1)                     ; 0           ; 0            ; 0       ; 0         ; 0    ; 0            ; |RISCV_Processor|regfile:regfile_i|reg:\g_regs:4:i_reg|dffg:\g_dffgs:18:i_dffg                                                    ; dffg            ; work         ;
;          |dffg:\g_dffgs:19:i_dffg|               ; 0 (0)               ; 1 (1)                     ; 0           ; 0            ; 0       ; 0         ; 0    ; 0            ; |RISCV_Processor|regfile:regfile_i|reg:\g_regs:4:i_reg|dffg:\g_dffgs:19:i_dffg                                                    ; dffg            ; work         ;
;          |dffg:\g_dffgs:1:i_dffg|                ; 0 (0)               ; 1 (1)                     ; 0           ; 0            ; 0       ; 0         ; 0    ; 0            ; |RISCV_Processor|regfile:regfile_i|reg:\g_regs:4:i_reg|dffg:\g_dffgs:1:i_dffg                                                     ; dffg            ; work         ;
;          |dffg:\g_dffgs:20:i_dffg|               ; 0 (0)               ; 1 (1)                     ; 0           ; 0            ; 0       ; 0         ; 0    ; 0            ; |RISCV_Processor|regfile:regfile_i|reg:\g_regs:4:i_reg|dffg:\g_dffgs:20:i_dffg                                                    ; dffg            ; work         ;
;          |dffg:\g_dffgs:21:i_dffg|               ; 0 (0)               ; 1 (1)                     ; 0           ; 0            ; 0       ; 0         ; 0    ; 0            ; |RISCV_Processor|regfile:regfile_i|reg:\g_regs:4:i_reg|dffg:\g_dffgs:21:i_dffg                                                    ; dffg            ; work         ;
;          |dffg:\g_dffgs:22:i_dffg|               ; 0 (0)               ; 1 (1)                     ; 0           ; 0            ; 0       ; 0         ; 0    ; 0            ; |RISCV_Processor|regfile:regfile_i|reg:\g_regs:4:i_reg|dffg:\g_dffgs:22:i_dffg                                                    ; dffg            ; work         ;
;          |dffg:\g_dffgs:23:i_dffg|               ; 0 (0)               ; 1 (1)                     ; 0           ; 0            ; 0       ; 0         ; 0    ; 0            ; |RISCV_Processor|regfile:regfile_i|reg:\g_regs:4:i_reg|dffg:\g_dffgs:23:i_dffg                                                    ; dffg            ; work         ;
;          |dffg:\g_dffgs:24:i_dffg|               ; 0 (0)               ; 1 (1)                     ; 0           ; 0            ; 0       ; 0         ; 0    ; 0            ; |RISCV_Processor|regfile:regfile_i|reg:\g_regs:4:i_reg|dffg:\g_dffgs:24:i_dffg                                                    ; dffg            ; work         ;
;          |dffg:\g_dffgs:25:i_dffg|               ; 0 (0)               ; 1 (1)                     ; 0           ; 0            ; 0       ; 0         ; 0    ; 0            ; |RISCV_Processor|regfile:regfile_i|reg:\g_regs:4:i_reg|dffg:\g_dffgs:25:i_dffg                                                    ; dffg            ; work         ;
;          |dffg:\g_dffgs:26:i_dffg|               ; 0 (0)               ; 1 (1)                     ; 0           ; 0            ; 0       ; 0         ; 0    ; 0            ; |RISCV_Processor|regfile:regfile_i|reg:\g_regs:4:i_reg|dffg:\g_dffgs:26:i_dffg                                                    ; dffg            ; work         ;
;          |dffg:\g_dffgs:27:i_dffg|               ; 0 (0)               ; 1 (1)                     ; 0           ; 0            ; 0       ; 0         ; 0    ; 0            ; |RISCV_Processor|regfile:regfile_i|reg:\g_regs:4:i_reg|dffg:\g_dffgs:27:i_dffg                                                    ; dffg            ; work         ;
;          |dffg:\g_dffgs:28:i_dffg|               ; 0 (0)               ; 1 (1)                     ; 0           ; 0            ; 0       ; 0         ; 0    ; 0            ; |RISCV_Processor|regfile:regfile_i|reg:\g_regs:4:i_reg|dffg:\g_dffgs:28:i_dffg                                                    ; dffg            ; work         ;
;          |dffg:\g_dffgs:29:i_dffg|               ; 0 (0)               ; 1 (1)                     ; 0           ; 0            ; 0       ; 0         ; 0    ; 0            ; |RISCV_Processor|regfile:regfile_i|reg:\g_regs:4:i_reg|dffg:\g_dffgs:29:i_dffg                                                    ; dffg            ; work         ;
;          |dffg:\g_dffgs:2:i_dffg|                ; 0 (0)               ; 1 (1)                     ; 0           ; 0            ; 0       ; 0         ; 0    ; 0            ; |RISCV_Processor|regfile:regfile_i|reg:\g_regs:4:i_reg|dffg:\g_dffgs:2:i_dffg                                                     ; dffg            ; work         ;
;          |dffg:\g_dffgs:30:i_dffg|               ; 0 (0)               ; 1 (1)                     ; 0           ; 0            ; 0       ; 0         ; 0    ; 0            ; |RISCV_Processor|regfile:regfile_i|reg:\g_regs:4:i_reg|dffg:\g_dffgs:30:i_dffg                                                    ; dffg            ; work         ;
;          |dffg:\g_dffgs:31:i_dffg|               ; 0 (0)               ; 1 (1)                     ; 0           ; 0            ; 0       ; 0         ; 0    ; 0            ; |RISCV_Processor|regfile:regfile_i|reg:\g_regs:4:i_reg|dffg:\g_dffgs:31:i_dffg                                                    ; dffg            ; work         ;
;          |dffg:\g_dffgs:3:i_dffg|                ; 0 (0)               ; 1 (1)                     ; 0           ; 0            ; 0       ; 0         ; 0    ; 0            ; |RISCV_Processor|regfile:regfile_i|reg:\g_regs:4:i_reg|dffg:\g_dffgs:3:i_dffg                                                     ; dffg            ; work         ;
;          |dffg:\g_dffgs:4:i_dffg|                ; 0 (0)               ; 1 (1)                     ; 0           ; 0            ; 0       ; 0         ; 0    ; 0            ; |RISCV_Processor|regfile:regfile_i|reg:\g_regs:4:i_reg|dffg:\g_dffgs:4:i_dffg                                                     ; dffg            ; work         ;
;          |dffg:\g_dffgs:5:i_dffg|                ; 0 (0)               ; 1 (1)                     ; 0           ; 0            ; 0       ; 0         ; 0    ; 0            ; |RISCV_Processor|regfile:regfile_i|reg:\g_regs:4:i_reg|dffg:\g_dffgs:5:i_dffg                                                     ; dffg            ; work         ;
;          |dffg:\g_dffgs:6:i_dffg|                ; 0 (0)               ; 1 (1)                     ; 0           ; 0            ; 0       ; 0         ; 0    ; 0            ; |RISCV_Processor|regfile:regfile_i|reg:\g_regs:4:i_reg|dffg:\g_dffgs:6:i_dffg                                                     ; dffg            ; work         ;
;          |dffg:\g_dffgs:7:i_dffg|                ; 0 (0)               ; 1 (1)                     ; 0           ; 0            ; 0       ; 0         ; 0    ; 0            ; |RISCV_Processor|regfile:regfile_i|reg:\g_regs:4:i_reg|dffg:\g_dffgs:7:i_dffg                                                     ; dffg            ; work         ;
;          |dffg:\g_dffgs:8:i_dffg|                ; 0 (0)               ; 1 (1)                     ; 0           ; 0            ; 0       ; 0         ; 0    ; 0            ; |RISCV_Processor|regfile:regfile_i|reg:\g_regs:4:i_reg|dffg:\g_dffgs:8:i_dffg                                                     ; dffg            ; work         ;
;          |dffg:\g_dffgs:9:i_dffg|                ; 0 (0)               ; 1 (1)                     ; 0           ; 0            ; 0       ; 0         ; 0    ; 0            ; |RISCV_Processor|regfile:regfile_i|reg:\g_regs:4:i_reg|dffg:\g_dffgs:9:i_dffg                                                     ; dffg            ; work         ;
;       |reg:\g_regs:5:i_reg|                      ; 0 (0)               ; 32 (0)                    ; 0           ; 0            ; 0       ; 0         ; 0    ; 0            ; |RISCV_Processor|regfile:regfile_i|reg:\g_regs:5:i_reg                                                                            ; reg             ; work         ;
;          |dffg:\g_dffgs:0:i_dffg|                ; 0 (0)               ; 1 (1)                     ; 0           ; 0            ; 0       ; 0         ; 0    ; 0            ; |RISCV_Processor|regfile:regfile_i|reg:\g_regs:5:i_reg|dffg:\g_dffgs:0:i_dffg                                                     ; dffg            ; work         ;
;          |dffg:\g_dffgs:10:i_dffg|               ; 0 (0)               ; 1 (1)                     ; 0           ; 0            ; 0       ; 0         ; 0    ; 0            ; |RISCV_Processor|regfile:regfile_i|reg:\g_regs:5:i_reg|dffg:\g_dffgs:10:i_dffg                                                    ; dffg            ; work         ;
;          |dffg:\g_dffgs:11:i_dffg|               ; 0 (0)               ; 1 (1)                     ; 0           ; 0            ; 0       ; 0         ; 0    ; 0            ; |RISCV_Processor|regfile:regfile_i|reg:\g_regs:5:i_reg|dffg:\g_dffgs:11:i_dffg                                                    ; dffg            ; work         ;
;          |dffg:\g_dffgs:12:i_dffg|               ; 0 (0)               ; 1 (1)                     ; 0           ; 0            ; 0       ; 0         ; 0    ; 0            ; |RISCV_Processor|regfile:regfile_i|reg:\g_regs:5:i_reg|dffg:\g_dffgs:12:i_dffg                                                    ; dffg            ; work         ;
;          |dffg:\g_dffgs:13:i_dffg|               ; 0 (0)               ; 1 (1)                     ; 0           ; 0            ; 0       ; 0         ; 0    ; 0            ; |RISCV_Processor|regfile:regfile_i|reg:\g_regs:5:i_reg|dffg:\g_dffgs:13:i_dffg                                                    ; dffg            ; work         ;
;          |dffg:\g_dffgs:14:i_dffg|               ; 0 (0)               ; 1 (1)                     ; 0           ; 0            ; 0       ; 0         ; 0    ; 0            ; |RISCV_Processor|regfile:regfile_i|reg:\g_regs:5:i_reg|dffg:\g_dffgs:14:i_dffg                                                    ; dffg            ; work         ;
;          |dffg:\g_dffgs:15:i_dffg|               ; 0 (0)               ; 1 (1)                     ; 0           ; 0            ; 0       ; 0         ; 0    ; 0            ; |RISCV_Processor|regfile:regfile_i|reg:\g_regs:5:i_reg|dffg:\g_dffgs:15:i_dffg                                                    ; dffg            ; work         ;
;          |dffg:\g_dffgs:16:i_dffg|               ; 0 (0)               ; 1 (1)                     ; 0           ; 0            ; 0       ; 0         ; 0    ; 0            ; |RISCV_Processor|regfile:regfile_i|reg:\g_regs:5:i_reg|dffg:\g_dffgs:16:i_dffg                                                    ; dffg            ; work         ;
;          |dffg:\g_dffgs:17:i_dffg|               ; 0 (0)               ; 1 (1)                     ; 0           ; 0            ; 0       ; 0         ; 0    ; 0            ; |RISCV_Processor|regfile:regfile_i|reg:\g_regs:5:i_reg|dffg:\g_dffgs:17:i_dffg                                                    ; dffg            ; work         ;
;          |dffg:\g_dffgs:18:i_dffg|               ; 0 (0)               ; 1 (1)                     ; 0           ; 0            ; 0       ; 0         ; 0    ; 0            ; |RISCV_Processor|regfile:regfile_i|reg:\g_regs:5:i_reg|dffg:\g_dffgs:18:i_dffg                                                    ; dffg            ; work         ;
;          |dffg:\g_dffgs:19:i_dffg|               ; 0 (0)               ; 1 (1)                     ; 0           ; 0            ; 0       ; 0         ; 0    ; 0            ; |RISCV_Processor|regfile:regfile_i|reg:\g_regs:5:i_reg|dffg:\g_dffgs:19:i_dffg                                                    ; dffg            ; work         ;
;          |dffg:\g_dffgs:1:i_dffg|                ; 0 (0)               ; 1 (1)                     ; 0           ; 0            ; 0       ; 0         ; 0    ; 0            ; |RISCV_Processor|regfile:regfile_i|reg:\g_regs:5:i_reg|dffg:\g_dffgs:1:i_dffg                                                     ; dffg            ; work         ;
;          |dffg:\g_dffgs:20:i_dffg|               ; 0 (0)               ; 1 (1)                     ; 0           ; 0            ; 0       ; 0         ; 0    ; 0            ; |RISCV_Processor|regfile:regfile_i|reg:\g_regs:5:i_reg|dffg:\g_dffgs:20:i_dffg                                                    ; dffg            ; work         ;
;          |dffg:\g_dffgs:21:i_dffg|               ; 0 (0)               ; 1 (1)                     ; 0           ; 0            ; 0       ; 0         ; 0    ; 0            ; |RISCV_Processor|regfile:regfile_i|reg:\g_regs:5:i_reg|dffg:\g_dffgs:21:i_dffg                                                    ; dffg            ; work         ;
;          |dffg:\g_dffgs:22:i_dffg|               ; 0 (0)               ; 1 (1)                     ; 0           ; 0            ; 0       ; 0         ; 0    ; 0            ; |RISCV_Processor|regfile:regfile_i|reg:\g_regs:5:i_reg|dffg:\g_dffgs:22:i_dffg                                                    ; dffg            ; work         ;
;          |dffg:\g_dffgs:23:i_dffg|               ; 0 (0)               ; 1 (1)                     ; 0           ; 0            ; 0       ; 0         ; 0    ; 0            ; |RISCV_Processor|regfile:regfile_i|reg:\g_regs:5:i_reg|dffg:\g_dffgs:23:i_dffg                                                    ; dffg            ; work         ;
;          |dffg:\g_dffgs:24:i_dffg|               ; 0 (0)               ; 1 (1)                     ; 0           ; 0            ; 0       ; 0         ; 0    ; 0            ; |RISCV_Processor|regfile:regfile_i|reg:\g_regs:5:i_reg|dffg:\g_dffgs:24:i_dffg                                                    ; dffg            ; work         ;
;          |dffg:\g_dffgs:25:i_dffg|               ; 0 (0)               ; 1 (1)                     ; 0           ; 0            ; 0       ; 0         ; 0    ; 0            ; |RISCV_Processor|regfile:regfile_i|reg:\g_regs:5:i_reg|dffg:\g_dffgs:25:i_dffg                                                    ; dffg            ; work         ;
;          |dffg:\g_dffgs:26:i_dffg|               ; 0 (0)               ; 1 (1)                     ; 0           ; 0            ; 0       ; 0         ; 0    ; 0            ; |RISCV_Processor|regfile:regfile_i|reg:\g_regs:5:i_reg|dffg:\g_dffgs:26:i_dffg                                                    ; dffg            ; work         ;
;          |dffg:\g_dffgs:27:i_dffg|               ; 0 (0)               ; 1 (1)                     ; 0           ; 0            ; 0       ; 0         ; 0    ; 0            ; |RISCV_Processor|regfile:regfile_i|reg:\g_regs:5:i_reg|dffg:\g_dffgs:27:i_dffg                                                    ; dffg            ; work         ;
;          |dffg:\g_dffgs:28:i_dffg|               ; 0 (0)               ; 1 (1)                     ; 0           ; 0            ; 0       ; 0         ; 0    ; 0            ; |RISCV_Processor|regfile:regfile_i|reg:\g_regs:5:i_reg|dffg:\g_dffgs:28:i_dffg                                                    ; dffg            ; work         ;
;          |dffg:\g_dffgs:29:i_dffg|               ; 0 (0)               ; 1 (1)                     ; 0           ; 0            ; 0       ; 0         ; 0    ; 0            ; |RISCV_Processor|regfile:regfile_i|reg:\g_regs:5:i_reg|dffg:\g_dffgs:29:i_dffg                                                    ; dffg            ; work         ;
;          |dffg:\g_dffgs:2:i_dffg|                ; 0 (0)               ; 1 (1)                     ; 0           ; 0            ; 0       ; 0         ; 0    ; 0            ; |RISCV_Processor|regfile:regfile_i|reg:\g_regs:5:i_reg|dffg:\g_dffgs:2:i_dffg                                                     ; dffg            ; work         ;
;          |dffg:\g_dffgs:30:i_dffg|               ; 0 (0)               ; 1 (1)                     ; 0           ; 0            ; 0       ; 0         ; 0    ; 0            ; |RISCV_Processor|regfile:regfile_i|reg:\g_regs:5:i_reg|dffg:\g_dffgs:30:i_dffg                                                    ; dffg            ; work         ;
;          |dffg:\g_dffgs:31:i_dffg|               ; 0 (0)               ; 1 (1)                     ; 0           ; 0            ; 0       ; 0         ; 0    ; 0            ; |RISCV_Processor|regfile:regfile_i|reg:\g_regs:5:i_reg|dffg:\g_dffgs:31:i_dffg                                                    ; dffg            ; work         ;
;          |dffg:\g_dffgs:3:i_dffg|                ; 0 (0)               ; 1 (1)                     ; 0           ; 0            ; 0       ; 0         ; 0    ; 0            ; |RISCV_Processor|regfile:regfile_i|reg:\g_regs:5:i_reg|dffg:\g_dffgs:3:i_dffg                                                     ; dffg            ; work         ;
;          |dffg:\g_dffgs:4:i_dffg|                ; 0 (0)               ; 1 (1)                     ; 0           ; 0            ; 0       ; 0         ; 0    ; 0            ; |RISCV_Processor|regfile:regfile_i|reg:\g_regs:5:i_reg|dffg:\g_dffgs:4:i_dffg                                                     ; dffg            ; work         ;
;          |dffg:\g_dffgs:5:i_dffg|                ; 0 (0)               ; 1 (1)                     ; 0           ; 0            ; 0       ; 0         ; 0    ; 0            ; |RISCV_Processor|regfile:regfile_i|reg:\g_regs:5:i_reg|dffg:\g_dffgs:5:i_dffg                                                     ; dffg            ; work         ;
;          |dffg:\g_dffgs:6:i_dffg|                ; 0 (0)               ; 1 (1)                     ; 0           ; 0            ; 0       ; 0         ; 0    ; 0            ; |RISCV_Processor|regfile:regfile_i|reg:\g_regs:5:i_reg|dffg:\g_dffgs:6:i_dffg                                                     ; dffg            ; work         ;
;          |dffg:\g_dffgs:7:i_dffg|                ; 0 (0)               ; 1 (1)                     ; 0           ; 0            ; 0       ; 0         ; 0    ; 0            ; |RISCV_Processor|regfile:regfile_i|reg:\g_regs:5:i_reg|dffg:\g_dffgs:7:i_dffg                                                     ; dffg            ; work         ;
;          |dffg:\g_dffgs:8:i_dffg|                ; 0 (0)               ; 1 (1)                     ; 0           ; 0            ; 0       ; 0         ; 0    ; 0            ; |RISCV_Processor|regfile:regfile_i|reg:\g_regs:5:i_reg|dffg:\g_dffgs:8:i_dffg                                                     ; dffg            ; work         ;
;          |dffg:\g_dffgs:9:i_dffg|                ; 0 (0)               ; 1 (1)                     ; 0           ; 0            ; 0       ; 0         ; 0    ; 0            ; |RISCV_Processor|regfile:regfile_i|reg:\g_regs:5:i_reg|dffg:\g_dffgs:9:i_dffg                                                     ; dffg            ; work         ;
;       |reg:\g_regs:6:i_reg|                      ; 0 (0)               ; 32 (0)                    ; 0           ; 0            ; 0       ; 0         ; 0    ; 0            ; |RISCV_Processor|regfile:regfile_i|reg:\g_regs:6:i_reg                                                                            ; reg             ; work         ;
;          |dffg:\g_dffgs:0:i_dffg|                ; 0 (0)               ; 1 (1)                     ; 0           ; 0            ; 0       ; 0         ; 0    ; 0            ; |RISCV_Processor|regfile:regfile_i|reg:\g_regs:6:i_reg|dffg:\g_dffgs:0:i_dffg                                                     ; dffg            ; work         ;
;          |dffg:\g_dffgs:10:i_dffg|               ; 0 (0)               ; 1 (1)                     ; 0           ; 0            ; 0       ; 0         ; 0    ; 0            ; |RISCV_Processor|regfile:regfile_i|reg:\g_regs:6:i_reg|dffg:\g_dffgs:10:i_dffg                                                    ; dffg            ; work         ;
;          |dffg:\g_dffgs:11:i_dffg|               ; 0 (0)               ; 1 (1)                     ; 0           ; 0            ; 0       ; 0         ; 0    ; 0            ; |RISCV_Processor|regfile:regfile_i|reg:\g_regs:6:i_reg|dffg:\g_dffgs:11:i_dffg                                                    ; dffg            ; work         ;
;          |dffg:\g_dffgs:12:i_dffg|               ; 0 (0)               ; 1 (1)                     ; 0           ; 0            ; 0       ; 0         ; 0    ; 0            ; |RISCV_Processor|regfile:regfile_i|reg:\g_regs:6:i_reg|dffg:\g_dffgs:12:i_dffg                                                    ; dffg            ; work         ;
;          |dffg:\g_dffgs:13:i_dffg|               ; 0 (0)               ; 1 (1)                     ; 0           ; 0            ; 0       ; 0         ; 0    ; 0            ; |RISCV_Processor|regfile:regfile_i|reg:\g_regs:6:i_reg|dffg:\g_dffgs:13:i_dffg                                                    ; dffg            ; work         ;
;          |dffg:\g_dffgs:14:i_dffg|               ; 0 (0)               ; 1 (1)                     ; 0           ; 0            ; 0       ; 0         ; 0    ; 0            ; |RISCV_Processor|regfile:regfile_i|reg:\g_regs:6:i_reg|dffg:\g_dffgs:14:i_dffg                                                    ; dffg            ; work         ;
;          |dffg:\g_dffgs:15:i_dffg|               ; 0 (0)               ; 1 (1)                     ; 0           ; 0            ; 0       ; 0         ; 0    ; 0            ; |RISCV_Processor|regfile:regfile_i|reg:\g_regs:6:i_reg|dffg:\g_dffgs:15:i_dffg                                                    ; dffg            ; work         ;
;          |dffg:\g_dffgs:16:i_dffg|               ; 0 (0)               ; 1 (1)                     ; 0           ; 0            ; 0       ; 0         ; 0    ; 0            ; |RISCV_Processor|regfile:regfile_i|reg:\g_regs:6:i_reg|dffg:\g_dffgs:16:i_dffg                                                    ; dffg            ; work         ;
;          |dffg:\g_dffgs:17:i_dffg|               ; 0 (0)               ; 1 (1)                     ; 0           ; 0            ; 0       ; 0         ; 0    ; 0            ; |RISCV_Processor|regfile:regfile_i|reg:\g_regs:6:i_reg|dffg:\g_dffgs:17:i_dffg                                                    ; dffg            ; work         ;
;          |dffg:\g_dffgs:18:i_dffg|               ; 0 (0)               ; 1 (1)                     ; 0           ; 0            ; 0       ; 0         ; 0    ; 0            ; |RISCV_Processor|regfile:regfile_i|reg:\g_regs:6:i_reg|dffg:\g_dffgs:18:i_dffg                                                    ; dffg            ; work         ;
;          |dffg:\g_dffgs:19:i_dffg|               ; 0 (0)               ; 1 (1)                     ; 0           ; 0            ; 0       ; 0         ; 0    ; 0            ; |RISCV_Processor|regfile:regfile_i|reg:\g_regs:6:i_reg|dffg:\g_dffgs:19:i_dffg                                                    ; dffg            ; work         ;
;          |dffg:\g_dffgs:1:i_dffg|                ; 0 (0)               ; 1 (1)                     ; 0           ; 0            ; 0       ; 0         ; 0    ; 0            ; |RISCV_Processor|regfile:regfile_i|reg:\g_regs:6:i_reg|dffg:\g_dffgs:1:i_dffg                                                     ; dffg            ; work         ;
;          |dffg:\g_dffgs:20:i_dffg|               ; 0 (0)               ; 1 (1)                     ; 0           ; 0            ; 0       ; 0         ; 0    ; 0            ; |RISCV_Processor|regfile:regfile_i|reg:\g_regs:6:i_reg|dffg:\g_dffgs:20:i_dffg                                                    ; dffg            ; work         ;
;          |dffg:\g_dffgs:21:i_dffg|               ; 0 (0)               ; 1 (1)                     ; 0           ; 0            ; 0       ; 0         ; 0    ; 0            ; |RISCV_Processor|regfile:regfile_i|reg:\g_regs:6:i_reg|dffg:\g_dffgs:21:i_dffg                                                    ; dffg            ; work         ;
;          |dffg:\g_dffgs:22:i_dffg|               ; 0 (0)               ; 1 (1)                     ; 0           ; 0            ; 0       ; 0         ; 0    ; 0            ; |RISCV_Processor|regfile:regfile_i|reg:\g_regs:6:i_reg|dffg:\g_dffgs:22:i_dffg                                                    ; dffg            ; work         ;
;          |dffg:\g_dffgs:23:i_dffg|               ; 0 (0)               ; 1 (1)                     ; 0           ; 0            ; 0       ; 0         ; 0    ; 0            ; |RISCV_Processor|regfile:regfile_i|reg:\g_regs:6:i_reg|dffg:\g_dffgs:23:i_dffg                                                    ; dffg            ; work         ;
;          |dffg:\g_dffgs:24:i_dffg|               ; 0 (0)               ; 1 (1)                     ; 0           ; 0            ; 0       ; 0         ; 0    ; 0            ; |RISCV_Processor|regfile:regfile_i|reg:\g_regs:6:i_reg|dffg:\g_dffgs:24:i_dffg                                                    ; dffg            ; work         ;
;          |dffg:\g_dffgs:25:i_dffg|               ; 0 (0)               ; 1 (1)                     ; 0           ; 0            ; 0       ; 0         ; 0    ; 0            ; |RISCV_Processor|regfile:regfile_i|reg:\g_regs:6:i_reg|dffg:\g_dffgs:25:i_dffg                                                    ; dffg            ; work         ;
;          |dffg:\g_dffgs:26:i_dffg|               ; 0 (0)               ; 1 (1)                     ; 0           ; 0            ; 0       ; 0         ; 0    ; 0            ; |RISCV_Processor|regfile:regfile_i|reg:\g_regs:6:i_reg|dffg:\g_dffgs:26:i_dffg                                                    ; dffg            ; work         ;
;          |dffg:\g_dffgs:27:i_dffg|               ; 0 (0)               ; 1 (1)                     ; 0           ; 0            ; 0       ; 0         ; 0    ; 0            ; |RISCV_Processor|regfile:regfile_i|reg:\g_regs:6:i_reg|dffg:\g_dffgs:27:i_dffg                                                    ; dffg            ; work         ;
;          |dffg:\g_dffgs:28:i_dffg|               ; 0 (0)               ; 1 (1)                     ; 0           ; 0            ; 0       ; 0         ; 0    ; 0            ; |RISCV_Processor|regfile:regfile_i|reg:\g_regs:6:i_reg|dffg:\g_dffgs:28:i_dffg                                                    ; dffg            ; work         ;
;          |dffg:\g_dffgs:29:i_dffg|               ; 0 (0)               ; 1 (1)                     ; 0           ; 0            ; 0       ; 0         ; 0    ; 0            ; |RISCV_Processor|regfile:regfile_i|reg:\g_regs:6:i_reg|dffg:\g_dffgs:29:i_dffg                                                    ; dffg            ; work         ;
;          |dffg:\g_dffgs:2:i_dffg|                ; 0 (0)               ; 1 (1)                     ; 0           ; 0            ; 0       ; 0         ; 0    ; 0            ; |RISCV_Processor|regfile:regfile_i|reg:\g_regs:6:i_reg|dffg:\g_dffgs:2:i_dffg                                                     ; dffg            ; work         ;
;          |dffg:\g_dffgs:30:i_dffg|               ; 0 (0)               ; 1 (1)                     ; 0           ; 0            ; 0       ; 0         ; 0    ; 0            ; |RISCV_Processor|regfile:regfile_i|reg:\g_regs:6:i_reg|dffg:\g_dffgs:30:i_dffg                                                    ; dffg            ; work         ;
;          |dffg:\g_dffgs:31:i_dffg|               ; 0 (0)               ; 1 (1)                     ; 0           ; 0            ; 0       ; 0         ; 0    ; 0            ; |RISCV_Processor|regfile:regfile_i|reg:\g_regs:6:i_reg|dffg:\g_dffgs:31:i_dffg                                                    ; dffg            ; work         ;
;          |dffg:\g_dffgs:3:i_dffg|                ; 0 (0)               ; 1 (1)                     ; 0           ; 0            ; 0       ; 0         ; 0    ; 0            ; |RISCV_Processor|regfile:regfile_i|reg:\g_regs:6:i_reg|dffg:\g_dffgs:3:i_dffg                                                     ; dffg            ; work         ;
;          |dffg:\g_dffgs:4:i_dffg|                ; 0 (0)               ; 1 (1)                     ; 0           ; 0            ; 0       ; 0         ; 0    ; 0            ; |RISCV_Processor|regfile:regfile_i|reg:\g_regs:6:i_reg|dffg:\g_dffgs:4:i_dffg                                                     ; dffg            ; work         ;
;          |dffg:\g_dffgs:5:i_dffg|                ; 0 (0)               ; 1 (1)                     ; 0           ; 0            ; 0       ; 0         ; 0    ; 0            ; |RISCV_Processor|regfile:regfile_i|reg:\g_regs:6:i_reg|dffg:\g_dffgs:5:i_dffg                                                     ; dffg            ; work         ;
;          |dffg:\g_dffgs:6:i_dffg|                ; 0 (0)               ; 1 (1)                     ; 0           ; 0            ; 0       ; 0         ; 0    ; 0            ; |RISCV_Processor|regfile:regfile_i|reg:\g_regs:6:i_reg|dffg:\g_dffgs:6:i_dffg                                                     ; dffg            ; work         ;
;          |dffg:\g_dffgs:7:i_dffg|                ; 0 (0)               ; 1 (1)                     ; 0           ; 0            ; 0       ; 0         ; 0    ; 0            ; |RISCV_Processor|regfile:regfile_i|reg:\g_regs:6:i_reg|dffg:\g_dffgs:7:i_dffg                                                     ; dffg            ; work         ;
;          |dffg:\g_dffgs:8:i_dffg|                ; 0 (0)               ; 1 (1)                     ; 0           ; 0            ; 0       ; 0         ; 0    ; 0            ; |RISCV_Processor|regfile:regfile_i|reg:\g_regs:6:i_reg|dffg:\g_dffgs:8:i_dffg                                                     ; dffg            ; work         ;
;          |dffg:\g_dffgs:9:i_dffg|                ; 0 (0)               ; 1 (1)                     ; 0           ; 0            ; 0       ; 0         ; 0    ; 0            ; |RISCV_Processor|regfile:regfile_i|reg:\g_regs:6:i_reg|dffg:\g_dffgs:9:i_dffg                                                     ; dffg            ; work         ;
;       |reg:\g_regs:7:i_reg|                      ; 0 (0)               ; 32 (0)                    ; 0           ; 0            ; 0       ; 0         ; 0    ; 0            ; |RISCV_Processor|regfile:regfile_i|reg:\g_regs:7:i_reg                                                                            ; reg             ; work         ;
;          |dffg:\g_dffgs:0:i_dffg|                ; 0 (0)               ; 1 (1)                     ; 0           ; 0            ; 0       ; 0         ; 0    ; 0            ; |RISCV_Processor|regfile:regfile_i|reg:\g_regs:7:i_reg|dffg:\g_dffgs:0:i_dffg                                                     ; dffg            ; work         ;
;          |dffg:\g_dffgs:10:i_dffg|               ; 0 (0)               ; 1 (1)                     ; 0           ; 0            ; 0       ; 0         ; 0    ; 0            ; |RISCV_Processor|regfile:regfile_i|reg:\g_regs:7:i_reg|dffg:\g_dffgs:10:i_dffg                                                    ; dffg            ; work         ;
;          |dffg:\g_dffgs:11:i_dffg|               ; 0 (0)               ; 1 (1)                     ; 0           ; 0            ; 0       ; 0         ; 0    ; 0            ; |RISCV_Processor|regfile:regfile_i|reg:\g_regs:7:i_reg|dffg:\g_dffgs:11:i_dffg                                                    ; dffg            ; work         ;
;          |dffg:\g_dffgs:12:i_dffg|               ; 0 (0)               ; 1 (1)                     ; 0           ; 0            ; 0       ; 0         ; 0    ; 0            ; |RISCV_Processor|regfile:regfile_i|reg:\g_regs:7:i_reg|dffg:\g_dffgs:12:i_dffg                                                    ; dffg            ; work         ;
;          |dffg:\g_dffgs:13:i_dffg|               ; 0 (0)               ; 1 (1)                     ; 0           ; 0            ; 0       ; 0         ; 0    ; 0            ; |RISCV_Processor|regfile:regfile_i|reg:\g_regs:7:i_reg|dffg:\g_dffgs:13:i_dffg                                                    ; dffg            ; work         ;
;          |dffg:\g_dffgs:14:i_dffg|               ; 0 (0)               ; 1 (1)                     ; 0           ; 0            ; 0       ; 0         ; 0    ; 0            ; |RISCV_Processor|regfile:regfile_i|reg:\g_regs:7:i_reg|dffg:\g_dffgs:14:i_dffg                                                    ; dffg            ; work         ;
;          |dffg:\g_dffgs:15:i_dffg|               ; 0 (0)               ; 1 (1)                     ; 0           ; 0            ; 0       ; 0         ; 0    ; 0            ; |RISCV_Processor|regfile:regfile_i|reg:\g_regs:7:i_reg|dffg:\g_dffgs:15:i_dffg                                                    ; dffg            ; work         ;
;          |dffg:\g_dffgs:16:i_dffg|               ; 0 (0)               ; 1 (1)                     ; 0           ; 0            ; 0       ; 0         ; 0    ; 0            ; |RISCV_Processor|regfile:regfile_i|reg:\g_regs:7:i_reg|dffg:\g_dffgs:16:i_dffg                                                    ; dffg            ; work         ;
;          |dffg:\g_dffgs:17:i_dffg|               ; 0 (0)               ; 1 (1)                     ; 0           ; 0            ; 0       ; 0         ; 0    ; 0            ; |RISCV_Processor|regfile:regfile_i|reg:\g_regs:7:i_reg|dffg:\g_dffgs:17:i_dffg                                                    ; dffg            ; work         ;
;          |dffg:\g_dffgs:18:i_dffg|               ; 0 (0)               ; 1 (1)                     ; 0           ; 0            ; 0       ; 0         ; 0    ; 0            ; |RISCV_Processor|regfile:regfile_i|reg:\g_regs:7:i_reg|dffg:\g_dffgs:18:i_dffg                                                    ; dffg            ; work         ;
;          |dffg:\g_dffgs:19:i_dffg|               ; 0 (0)               ; 1 (1)                     ; 0           ; 0            ; 0       ; 0         ; 0    ; 0            ; |RISCV_Processor|regfile:regfile_i|reg:\g_regs:7:i_reg|dffg:\g_dffgs:19:i_dffg                                                    ; dffg            ; work         ;
;          |dffg:\g_dffgs:1:i_dffg|                ; 0 (0)               ; 1 (1)                     ; 0           ; 0            ; 0       ; 0         ; 0    ; 0            ; |RISCV_Processor|regfile:regfile_i|reg:\g_regs:7:i_reg|dffg:\g_dffgs:1:i_dffg                                                     ; dffg            ; work         ;
;          |dffg:\g_dffgs:20:i_dffg|               ; 0 (0)               ; 1 (1)                     ; 0           ; 0            ; 0       ; 0         ; 0    ; 0            ; |RISCV_Processor|regfile:regfile_i|reg:\g_regs:7:i_reg|dffg:\g_dffgs:20:i_dffg                                                    ; dffg            ; work         ;
;          |dffg:\g_dffgs:21:i_dffg|               ; 0 (0)               ; 1 (1)                     ; 0           ; 0            ; 0       ; 0         ; 0    ; 0            ; |RISCV_Processor|regfile:regfile_i|reg:\g_regs:7:i_reg|dffg:\g_dffgs:21:i_dffg                                                    ; dffg            ; work         ;
;          |dffg:\g_dffgs:22:i_dffg|               ; 0 (0)               ; 1 (1)                     ; 0           ; 0            ; 0       ; 0         ; 0    ; 0            ; |RISCV_Processor|regfile:regfile_i|reg:\g_regs:7:i_reg|dffg:\g_dffgs:22:i_dffg                                                    ; dffg            ; work         ;
;          |dffg:\g_dffgs:23:i_dffg|               ; 0 (0)               ; 1 (1)                     ; 0           ; 0            ; 0       ; 0         ; 0    ; 0            ; |RISCV_Processor|regfile:regfile_i|reg:\g_regs:7:i_reg|dffg:\g_dffgs:23:i_dffg                                                    ; dffg            ; work         ;
;          |dffg:\g_dffgs:24:i_dffg|               ; 0 (0)               ; 1 (1)                     ; 0           ; 0            ; 0       ; 0         ; 0    ; 0            ; |RISCV_Processor|regfile:regfile_i|reg:\g_regs:7:i_reg|dffg:\g_dffgs:24:i_dffg                                                    ; dffg            ; work         ;
;          |dffg:\g_dffgs:25:i_dffg|               ; 0 (0)               ; 1 (1)                     ; 0           ; 0            ; 0       ; 0         ; 0    ; 0            ; |RISCV_Processor|regfile:regfile_i|reg:\g_regs:7:i_reg|dffg:\g_dffgs:25:i_dffg                                                    ; dffg            ; work         ;
;          |dffg:\g_dffgs:26:i_dffg|               ; 0 (0)               ; 1 (1)                     ; 0           ; 0            ; 0       ; 0         ; 0    ; 0            ; |RISCV_Processor|regfile:regfile_i|reg:\g_regs:7:i_reg|dffg:\g_dffgs:26:i_dffg                                                    ; dffg            ; work         ;
;          |dffg:\g_dffgs:27:i_dffg|               ; 0 (0)               ; 1 (1)                     ; 0           ; 0            ; 0       ; 0         ; 0    ; 0            ; |RISCV_Processor|regfile:regfile_i|reg:\g_regs:7:i_reg|dffg:\g_dffgs:27:i_dffg                                                    ; dffg            ; work         ;
;          |dffg:\g_dffgs:28:i_dffg|               ; 0 (0)               ; 1 (1)                     ; 0           ; 0            ; 0       ; 0         ; 0    ; 0            ; |RISCV_Processor|regfile:regfile_i|reg:\g_regs:7:i_reg|dffg:\g_dffgs:28:i_dffg                                                    ; dffg            ; work         ;
;          |dffg:\g_dffgs:29:i_dffg|               ; 0 (0)               ; 1 (1)                     ; 0           ; 0            ; 0       ; 0         ; 0    ; 0            ; |RISCV_Processor|regfile:regfile_i|reg:\g_regs:7:i_reg|dffg:\g_dffgs:29:i_dffg                                                    ; dffg            ; work         ;
;          |dffg:\g_dffgs:2:i_dffg|                ; 0 (0)               ; 1 (1)                     ; 0           ; 0            ; 0       ; 0         ; 0    ; 0            ; |RISCV_Processor|regfile:regfile_i|reg:\g_regs:7:i_reg|dffg:\g_dffgs:2:i_dffg                                                     ; dffg            ; work         ;
;          |dffg:\g_dffgs:30:i_dffg|               ; 0 (0)               ; 1 (1)                     ; 0           ; 0            ; 0       ; 0         ; 0    ; 0            ; |RISCV_Processor|regfile:regfile_i|reg:\g_regs:7:i_reg|dffg:\g_dffgs:30:i_dffg                                                    ; dffg            ; work         ;
;          |dffg:\g_dffgs:31:i_dffg|               ; 0 (0)               ; 1 (1)                     ; 0           ; 0            ; 0       ; 0         ; 0    ; 0            ; |RISCV_Processor|regfile:regfile_i|reg:\g_regs:7:i_reg|dffg:\g_dffgs:31:i_dffg                                                    ; dffg            ; work         ;
;          |dffg:\g_dffgs:3:i_dffg|                ; 0 (0)               ; 1 (1)                     ; 0           ; 0            ; 0       ; 0         ; 0    ; 0            ; |RISCV_Processor|regfile:regfile_i|reg:\g_regs:7:i_reg|dffg:\g_dffgs:3:i_dffg                                                     ; dffg            ; work         ;
;          |dffg:\g_dffgs:4:i_dffg|                ; 0 (0)               ; 1 (1)                     ; 0           ; 0            ; 0       ; 0         ; 0    ; 0            ; |RISCV_Processor|regfile:regfile_i|reg:\g_regs:7:i_reg|dffg:\g_dffgs:4:i_dffg                                                     ; dffg            ; work         ;
;          |dffg:\g_dffgs:5:i_dffg|                ; 0 (0)               ; 1 (1)                     ; 0           ; 0            ; 0       ; 0         ; 0    ; 0            ; |RISCV_Processor|regfile:regfile_i|reg:\g_regs:7:i_reg|dffg:\g_dffgs:5:i_dffg                                                     ; dffg            ; work         ;
;          |dffg:\g_dffgs:6:i_dffg|                ; 0 (0)               ; 1 (1)                     ; 0           ; 0            ; 0       ; 0         ; 0    ; 0            ; |RISCV_Processor|regfile:regfile_i|reg:\g_regs:7:i_reg|dffg:\g_dffgs:6:i_dffg                                                     ; dffg            ; work         ;
;          |dffg:\g_dffgs:7:i_dffg|                ; 0 (0)               ; 1 (1)                     ; 0           ; 0            ; 0       ; 0         ; 0    ; 0            ; |RISCV_Processor|regfile:regfile_i|reg:\g_regs:7:i_reg|dffg:\g_dffgs:7:i_dffg                                                     ; dffg            ; work         ;
;          |dffg:\g_dffgs:8:i_dffg|                ; 0 (0)               ; 1 (1)                     ; 0           ; 0            ; 0       ; 0         ; 0    ; 0            ; |RISCV_Processor|regfile:regfile_i|reg:\g_regs:7:i_reg|dffg:\g_dffgs:8:i_dffg                                                     ; dffg            ; work         ;
;          |dffg:\g_dffgs:9:i_dffg|                ; 0 (0)               ; 1 (1)                     ; 0           ; 0            ; 0       ; 0         ; 0    ; 0            ; |RISCV_Processor|regfile:regfile_i|reg:\g_regs:7:i_reg|dffg:\g_dffgs:9:i_dffg                                                     ; dffg            ; work         ;
;       |reg:\g_regs:8:i_reg|                      ; 0 (0)               ; 32 (0)                    ; 0           ; 0            ; 0       ; 0         ; 0    ; 0            ; |RISCV_Processor|regfile:regfile_i|reg:\g_regs:8:i_reg                                                                            ; reg             ; work         ;
;          |dffg:\g_dffgs:0:i_dffg|                ; 0 (0)               ; 1 (1)                     ; 0           ; 0            ; 0       ; 0         ; 0    ; 0            ; |RISCV_Processor|regfile:regfile_i|reg:\g_regs:8:i_reg|dffg:\g_dffgs:0:i_dffg                                                     ; dffg            ; work         ;
;          |dffg:\g_dffgs:10:i_dffg|               ; 0 (0)               ; 1 (1)                     ; 0           ; 0            ; 0       ; 0         ; 0    ; 0            ; |RISCV_Processor|regfile:regfile_i|reg:\g_regs:8:i_reg|dffg:\g_dffgs:10:i_dffg                                                    ; dffg            ; work         ;
;          |dffg:\g_dffgs:11:i_dffg|               ; 0 (0)               ; 1 (1)                     ; 0           ; 0            ; 0       ; 0         ; 0    ; 0            ; |RISCV_Processor|regfile:regfile_i|reg:\g_regs:8:i_reg|dffg:\g_dffgs:11:i_dffg                                                    ; dffg            ; work         ;
;          |dffg:\g_dffgs:12:i_dffg|               ; 0 (0)               ; 1 (1)                     ; 0           ; 0            ; 0       ; 0         ; 0    ; 0            ; |RISCV_Processor|regfile:regfile_i|reg:\g_regs:8:i_reg|dffg:\g_dffgs:12:i_dffg                                                    ; dffg            ; work         ;
;          |dffg:\g_dffgs:13:i_dffg|               ; 0 (0)               ; 1 (1)                     ; 0           ; 0            ; 0       ; 0         ; 0    ; 0            ; |RISCV_Processor|regfile:regfile_i|reg:\g_regs:8:i_reg|dffg:\g_dffgs:13:i_dffg                                                    ; dffg            ; work         ;
;          |dffg:\g_dffgs:14:i_dffg|               ; 0 (0)               ; 1 (1)                     ; 0           ; 0            ; 0       ; 0         ; 0    ; 0            ; |RISCV_Processor|regfile:regfile_i|reg:\g_regs:8:i_reg|dffg:\g_dffgs:14:i_dffg                                                    ; dffg            ; work         ;
;          |dffg:\g_dffgs:15:i_dffg|               ; 0 (0)               ; 1 (1)                     ; 0           ; 0            ; 0       ; 0         ; 0    ; 0            ; |RISCV_Processor|regfile:regfile_i|reg:\g_regs:8:i_reg|dffg:\g_dffgs:15:i_dffg                                                    ; dffg            ; work         ;
;          |dffg:\g_dffgs:16:i_dffg|               ; 0 (0)               ; 1 (1)                     ; 0           ; 0            ; 0       ; 0         ; 0    ; 0            ; |RISCV_Processor|regfile:regfile_i|reg:\g_regs:8:i_reg|dffg:\g_dffgs:16:i_dffg                                                    ; dffg            ; work         ;
;          |dffg:\g_dffgs:17:i_dffg|               ; 0 (0)               ; 1 (1)                     ; 0           ; 0            ; 0       ; 0         ; 0    ; 0            ; |RISCV_Processor|regfile:regfile_i|reg:\g_regs:8:i_reg|dffg:\g_dffgs:17:i_dffg                                                    ; dffg            ; work         ;
;          |dffg:\g_dffgs:18:i_dffg|               ; 0 (0)               ; 1 (1)                     ; 0           ; 0            ; 0       ; 0         ; 0    ; 0            ; |RISCV_Processor|regfile:regfile_i|reg:\g_regs:8:i_reg|dffg:\g_dffgs:18:i_dffg                                                    ; dffg            ; work         ;
;          |dffg:\g_dffgs:19:i_dffg|               ; 0 (0)               ; 1 (1)                     ; 0           ; 0            ; 0       ; 0         ; 0    ; 0            ; |RISCV_Processor|regfile:regfile_i|reg:\g_regs:8:i_reg|dffg:\g_dffgs:19:i_dffg                                                    ; dffg            ; work         ;
;          |dffg:\g_dffgs:1:i_dffg|                ; 0 (0)               ; 1 (1)                     ; 0           ; 0            ; 0       ; 0         ; 0    ; 0            ; |RISCV_Processor|regfile:regfile_i|reg:\g_regs:8:i_reg|dffg:\g_dffgs:1:i_dffg                                                     ; dffg            ; work         ;
;          |dffg:\g_dffgs:20:i_dffg|               ; 0 (0)               ; 1 (1)                     ; 0           ; 0            ; 0       ; 0         ; 0    ; 0            ; |RISCV_Processor|regfile:regfile_i|reg:\g_regs:8:i_reg|dffg:\g_dffgs:20:i_dffg                                                    ; dffg            ; work         ;
;          |dffg:\g_dffgs:21:i_dffg|               ; 0 (0)               ; 1 (1)                     ; 0           ; 0            ; 0       ; 0         ; 0    ; 0            ; |RISCV_Processor|regfile:regfile_i|reg:\g_regs:8:i_reg|dffg:\g_dffgs:21:i_dffg                                                    ; dffg            ; work         ;
;          |dffg:\g_dffgs:22:i_dffg|               ; 0 (0)               ; 1 (1)                     ; 0           ; 0            ; 0       ; 0         ; 0    ; 0            ; |RISCV_Processor|regfile:regfile_i|reg:\g_regs:8:i_reg|dffg:\g_dffgs:22:i_dffg                                                    ; dffg            ; work         ;
;          |dffg:\g_dffgs:23:i_dffg|               ; 0 (0)               ; 1 (1)                     ; 0           ; 0            ; 0       ; 0         ; 0    ; 0            ; |RISCV_Processor|regfile:regfile_i|reg:\g_regs:8:i_reg|dffg:\g_dffgs:23:i_dffg                                                    ; dffg            ; work         ;
;          |dffg:\g_dffgs:24:i_dffg|               ; 0 (0)               ; 1 (1)                     ; 0           ; 0            ; 0       ; 0         ; 0    ; 0            ; |RISCV_Processor|regfile:regfile_i|reg:\g_regs:8:i_reg|dffg:\g_dffgs:24:i_dffg                                                    ; dffg            ; work         ;
;          |dffg:\g_dffgs:25:i_dffg|               ; 0 (0)               ; 1 (1)                     ; 0           ; 0            ; 0       ; 0         ; 0    ; 0            ; |RISCV_Processor|regfile:regfile_i|reg:\g_regs:8:i_reg|dffg:\g_dffgs:25:i_dffg                                                    ; dffg            ; work         ;
;          |dffg:\g_dffgs:26:i_dffg|               ; 0 (0)               ; 1 (1)                     ; 0           ; 0            ; 0       ; 0         ; 0    ; 0            ; |RISCV_Processor|regfile:regfile_i|reg:\g_regs:8:i_reg|dffg:\g_dffgs:26:i_dffg                                                    ; dffg            ; work         ;
;          |dffg:\g_dffgs:27:i_dffg|               ; 0 (0)               ; 1 (1)                     ; 0           ; 0            ; 0       ; 0         ; 0    ; 0            ; |RISCV_Processor|regfile:regfile_i|reg:\g_regs:8:i_reg|dffg:\g_dffgs:27:i_dffg                                                    ; dffg            ; work         ;
;          |dffg:\g_dffgs:28:i_dffg|               ; 0 (0)               ; 1 (1)                     ; 0           ; 0            ; 0       ; 0         ; 0    ; 0            ; |RISCV_Processor|regfile:regfile_i|reg:\g_regs:8:i_reg|dffg:\g_dffgs:28:i_dffg                                                    ; dffg            ; work         ;
;          |dffg:\g_dffgs:29:i_dffg|               ; 0 (0)               ; 1 (1)                     ; 0           ; 0            ; 0       ; 0         ; 0    ; 0            ; |RISCV_Processor|regfile:regfile_i|reg:\g_regs:8:i_reg|dffg:\g_dffgs:29:i_dffg                                                    ; dffg            ; work         ;
;          |dffg:\g_dffgs:2:i_dffg|                ; 0 (0)               ; 1 (1)                     ; 0           ; 0            ; 0       ; 0         ; 0    ; 0            ; |RISCV_Processor|regfile:regfile_i|reg:\g_regs:8:i_reg|dffg:\g_dffgs:2:i_dffg                                                     ; dffg            ; work         ;
;          |dffg:\g_dffgs:30:i_dffg|               ; 0 (0)               ; 1 (1)                     ; 0           ; 0            ; 0       ; 0         ; 0    ; 0            ; |RISCV_Processor|regfile:regfile_i|reg:\g_regs:8:i_reg|dffg:\g_dffgs:30:i_dffg                                                    ; dffg            ; work         ;
;          |dffg:\g_dffgs:31:i_dffg|               ; 0 (0)               ; 1 (1)                     ; 0           ; 0            ; 0       ; 0         ; 0    ; 0            ; |RISCV_Processor|regfile:regfile_i|reg:\g_regs:8:i_reg|dffg:\g_dffgs:31:i_dffg                                                    ; dffg            ; work         ;
;          |dffg:\g_dffgs:3:i_dffg|                ; 0 (0)               ; 1 (1)                     ; 0           ; 0            ; 0       ; 0         ; 0    ; 0            ; |RISCV_Processor|regfile:regfile_i|reg:\g_regs:8:i_reg|dffg:\g_dffgs:3:i_dffg                                                     ; dffg            ; work         ;
;          |dffg:\g_dffgs:4:i_dffg|                ; 0 (0)               ; 1 (1)                     ; 0           ; 0            ; 0       ; 0         ; 0    ; 0            ; |RISCV_Processor|regfile:regfile_i|reg:\g_regs:8:i_reg|dffg:\g_dffgs:4:i_dffg                                                     ; dffg            ; work         ;
;          |dffg:\g_dffgs:5:i_dffg|                ; 0 (0)               ; 1 (1)                     ; 0           ; 0            ; 0       ; 0         ; 0    ; 0            ; |RISCV_Processor|regfile:regfile_i|reg:\g_regs:8:i_reg|dffg:\g_dffgs:5:i_dffg                                                     ; dffg            ; work         ;
;          |dffg:\g_dffgs:6:i_dffg|                ; 0 (0)               ; 1 (1)                     ; 0           ; 0            ; 0       ; 0         ; 0    ; 0            ; |RISCV_Processor|regfile:regfile_i|reg:\g_regs:8:i_reg|dffg:\g_dffgs:6:i_dffg                                                     ; dffg            ; work         ;
;          |dffg:\g_dffgs:7:i_dffg|                ; 0 (0)               ; 1 (1)                     ; 0           ; 0            ; 0       ; 0         ; 0    ; 0            ; |RISCV_Processor|regfile:regfile_i|reg:\g_regs:8:i_reg|dffg:\g_dffgs:7:i_dffg                                                     ; dffg            ; work         ;
;          |dffg:\g_dffgs:8:i_dffg|                ; 0 (0)               ; 1 (1)                     ; 0           ; 0            ; 0       ; 0         ; 0    ; 0            ; |RISCV_Processor|regfile:regfile_i|reg:\g_regs:8:i_reg|dffg:\g_dffgs:8:i_dffg                                                     ; dffg            ; work         ;
;          |dffg:\g_dffgs:9:i_dffg|                ; 0 (0)               ; 1 (1)                     ; 0           ; 0            ; 0       ; 0         ; 0    ; 0            ; |RISCV_Processor|regfile:regfile_i|reg:\g_regs:8:i_reg|dffg:\g_dffgs:9:i_dffg                                                     ; dffg            ; work         ;
;       |reg:\g_regs:9:i_reg|                      ; 0 (0)               ; 32 (0)                    ; 0           ; 0            ; 0       ; 0         ; 0    ; 0            ; |RISCV_Processor|regfile:regfile_i|reg:\g_regs:9:i_reg                                                                            ; reg             ; work         ;
;          |dffg:\g_dffgs:0:i_dffg|                ; 0 (0)               ; 1 (1)                     ; 0           ; 0            ; 0       ; 0         ; 0    ; 0            ; |RISCV_Processor|regfile:regfile_i|reg:\g_regs:9:i_reg|dffg:\g_dffgs:0:i_dffg                                                     ; dffg            ; work         ;
;          |dffg:\g_dffgs:10:i_dffg|               ; 0 (0)               ; 1 (1)                     ; 0           ; 0            ; 0       ; 0         ; 0    ; 0            ; |RISCV_Processor|regfile:regfile_i|reg:\g_regs:9:i_reg|dffg:\g_dffgs:10:i_dffg                                                    ; dffg            ; work         ;
;          |dffg:\g_dffgs:11:i_dffg|               ; 0 (0)               ; 1 (1)                     ; 0           ; 0            ; 0       ; 0         ; 0    ; 0            ; |RISCV_Processor|regfile:regfile_i|reg:\g_regs:9:i_reg|dffg:\g_dffgs:11:i_dffg                                                    ; dffg            ; work         ;
;          |dffg:\g_dffgs:12:i_dffg|               ; 0 (0)               ; 1 (1)                     ; 0           ; 0            ; 0       ; 0         ; 0    ; 0            ; |RISCV_Processor|regfile:regfile_i|reg:\g_regs:9:i_reg|dffg:\g_dffgs:12:i_dffg                                                    ; dffg            ; work         ;
;          |dffg:\g_dffgs:13:i_dffg|               ; 0 (0)               ; 1 (1)                     ; 0           ; 0            ; 0       ; 0         ; 0    ; 0            ; |RISCV_Processor|regfile:regfile_i|reg:\g_regs:9:i_reg|dffg:\g_dffgs:13:i_dffg                                                    ; dffg            ; work         ;
;          |dffg:\g_dffgs:14:i_dffg|               ; 0 (0)               ; 1 (1)                     ; 0           ; 0            ; 0       ; 0         ; 0    ; 0            ; |RISCV_Processor|regfile:regfile_i|reg:\g_regs:9:i_reg|dffg:\g_dffgs:14:i_dffg                                                    ; dffg            ; work         ;
;          |dffg:\g_dffgs:15:i_dffg|               ; 0 (0)               ; 1 (1)                     ; 0           ; 0            ; 0       ; 0         ; 0    ; 0            ; |RISCV_Processor|regfile:regfile_i|reg:\g_regs:9:i_reg|dffg:\g_dffgs:15:i_dffg                                                    ; dffg            ; work         ;
;          |dffg:\g_dffgs:16:i_dffg|               ; 0 (0)               ; 1 (1)                     ; 0           ; 0            ; 0       ; 0         ; 0    ; 0            ; |RISCV_Processor|regfile:regfile_i|reg:\g_regs:9:i_reg|dffg:\g_dffgs:16:i_dffg                                                    ; dffg            ; work         ;
;          |dffg:\g_dffgs:17:i_dffg|               ; 0 (0)               ; 1 (1)                     ; 0           ; 0            ; 0       ; 0         ; 0    ; 0            ; |RISCV_Processor|regfile:regfile_i|reg:\g_regs:9:i_reg|dffg:\g_dffgs:17:i_dffg                                                    ; dffg            ; work         ;
;          |dffg:\g_dffgs:18:i_dffg|               ; 0 (0)               ; 1 (1)                     ; 0           ; 0            ; 0       ; 0         ; 0    ; 0            ; |RISCV_Processor|regfile:regfile_i|reg:\g_regs:9:i_reg|dffg:\g_dffgs:18:i_dffg                                                    ; dffg            ; work         ;
;          |dffg:\g_dffgs:19:i_dffg|               ; 0 (0)               ; 1 (1)                     ; 0           ; 0            ; 0       ; 0         ; 0    ; 0            ; |RISCV_Processor|regfile:regfile_i|reg:\g_regs:9:i_reg|dffg:\g_dffgs:19:i_dffg                                                    ; dffg            ; work         ;
;          |dffg:\g_dffgs:1:i_dffg|                ; 0 (0)               ; 1 (1)                     ; 0           ; 0            ; 0       ; 0         ; 0    ; 0            ; |RISCV_Processor|regfile:regfile_i|reg:\g_regs:9:i_reg|dffg:\g_dffgs:1:i_dffg                                                     ; dffg            ; work         ;
;          |dffg:\g_dffgs:20:i_dffg|               ; 0 (0)               ; 1 (1)                     ; 0           ; 0            ; 0       ; 0         ; 0    ; 0            ; |RISCV_Processor|regfile:regfile_i|reg:\g_regs:9:i_reg|dffg:\g_dffgs:20:i_dffg                                                    ; dffg            ; work         ;
;          |dffg:\g_dffgs:21:i_dffg|               ; 0 (0)               ; 1 (1)                     ; 0           ; 0            ; 0       ; 0         ; 0    ; 0            ; |RISCV_Processor|regfile:regfile_i|reg:\g_regs:9:i_reg|dffg:\g_dffgs:21:i_dffg                                                    ; dffg            ; work         ;
;          |dffg:\g_dffgs:22:i_dffg|               ; 0 (0)               ; 1 (1)                     ; 0           ; 0            ; 0       ; 0         ; 0    ; 0            ; |RISCV_Processor|regfile:regfile_i|reg:\g_regs:9:i_reg|dffg:\g_dffgs:22:i_dffg                                                    ; dffg            ; work         ;
;          |dffg:\g_dffgs:23:i_dffg|               ; 0 (0)               ; 1 (1)                     ; 0           ; 0            ; 0       ; 0         ; 0    ; 0            ; |RISCV_Processor|regfile:regfile_i|reg:\g_regs:9:i_reg|dffg:\g_dffgs:23:i_dffg                                                    ; dffg            ; work         ;
;          |dffg:\g_dffgs:24:i_dffg|               ; 0 (0)               ; 1 (1)                     ; 0           ; 0            ; 0       ; 0         ; 0    ; 0            ; |RISCV_Processor|regfile:regfile_i|reg:\g_regs:9:i_reg|dffg:\g_dffgs:24:i_dffg                                                    ; dffg            ; work         ;
;          |dffg:\g_dffgs:25:i_dffg|               ; 0 (0)               ; 1 (1)                     ; 0           ; 0            ; 0       ; 0         ; 0    ; 0            ; |RISCV_Processor|regfile:regfile_i|reg:\g_regs:9:i_reg|dffg:\g_dffgs:25:i_dffg                                                    ; dffg            ; work         ;
;          |dffg:\g_dffgs:26:i_dffg|               ; 0 (0)               ; 1 (1)                     ; 0           ; 0            ; 0       ; 0         ; 0    ; 0            ; |RISCV_Processor|regfile:regfile_i|reg:\g_regs:9:i_reg|dffg:\g_dffgs:26:i_dffg                                                    ; dffg            ; work         ;
;          |dffg:\g_dffgs:27:i_dffg|               ; 0 (0)               ; 1 (1)                     ; 0           ; 0            ; 0       ; 0         ; 0    ; 0            ; |RISCV_Processor|regfile:regfile_i|reg:\g_regs:9:i_reg|dffg:\g_dffgs:27:i_dffg                                                    ; dffg            ; work         ;
;          |dffg:\g_dffgs:28:i_dffg|               ; 0 (0)               ; 1 (1)                     ; 0           ; 0            ; 0       ; 0         ; 0    ; 0            ; |RISCV_Processor|regfile:regfile_i|reg:\g_regs:9:i_reg|dffg:\g_dffgs:28:i_dffg                                                    ; dffg            ; work         ;
;          |dffg:\g_dffgs:29:i_dffg|               ; 0 (0)               ; 1 (1)                     ; 0           ; 0            ; 0       ; 0         ; 0    ; 0            ; |RISCV_Processor|regfile:regfile_i|reg:\g_regs:9:i_reg|dffg:\g_dffgs:29:i_dffg                                                    ; dffg            ; work         ;
;          |dffg:\g_dffgs:2:i_dffg|                ; 0 (0)               ; 1 (1)                     ; 0           ; 0            ; 0       ; 0         ; 0    ; 0            ; |RISCV_Processor|regfile:regfile_i|reg:\g_regs:9:i_reg|dffg:\g_dffgs:2:i_dffg                                                     ; dffg            ; work         ;
;          |dffg:\g_dffgs:30:i_dffg|               ; 0 (0)               ; 1 (1)                     ; 0           ; 0            ; 0       ; 0         ; 0    ; 0            ; |RISCV_Processor|regfile:regfile_i|reg:\g_regs:9:i_reg|dffg:\g_dffgs:30:i_dffg                                                    ; dffg            ; work         ;
;          |dffg:\g_dffgs:31:i_dffg|               ; 0 (0)               ; 1 (1)                     ; 0           ; 0            ; 0       ; 0         ; 0    ; 0            ; |RISCV_Processor|regfile:regfile_i|reg:\g_regs:9:i_reg|dffg:\g_dffgs:31:i_dffg                                                    ; dffg            ; work         ;
;          |dffg:\g_dffgs:3:i_dffg|                ; 0 (0)               ; 1 (1)                     ; 0           ; 0            ; 0       ; 0         ; 0    ; 0            ; |RISCV_Processor|regfile:regfile_i|reg:\g_regs:9:i_reg|dffg:\g_dffgs:3:i_dffg                                                     ; dffg            ; work         ;
;          |dffg:\g_dffgs:4:i_dffg|                ; 0 (0)               ; 1 (1)                     ; 0           ; 0            ; 0       ; 0         ; 0    ; 0            ; |RISCV_Processor|regfile:regfile_i|reg:\g_regs:9:i_reg|dffg:\g_dffgs:4:i_dffg                                                     ; dffg            ; work         ;
;          |dffg:\g_dffgs:5:i_dffg|                ; 0 (0)               ; 1 (1)                     ; 0           ; 0            ; 0       ; 0         ; 0    ; 0            ; |RISCV_Processor|regfile:regfile_i|reg:\g_regs:9:i_reg|dffg:\g_dffgs:5:i_dffg                                                     ; dffg            ; work         ;
;          |dffg:\g_dffgs:6:i_dffg|                ; 0 (0)               ; 1 (1)                     ; 0           ; 0            ; 0       ; 0         ; 0    ; 0            ; |RISCV_Processor|regfile:regfile_i|reg:\g_regs:9:i_reg|dffg:\g_dffgs:6:i_dffg                                                     ; dffg            ; work         ;
;          |dffg:\g_dffgs:7:i_dffg|                ; 0 (0)               ; 1 (1)                     ; 0           ; 0            ; 0       ; 0         ; 0    ; 0            ; |RISCV_Processor|regfile:regfile_i|reg:\g_regs:9:i_reg|dffg:\g_dffgs:7:i_dffg                                                     ; dffg            ; work         ;
;          |dffg:\g_dffgs:8:i_dffg|                ; 0 (0)               ; 1 (1)                     ; 0           ; 0            ; 0       ; 0         ; 0    ; 0            ; |RISCV_Processor|regfile:regfile_i|reg:\g_regs:9:i_reg|dffg:\g_dffgs:8:i_dffg                                                     ; dffg            ; work         ;
;          |dffg:\g_dffgs:9:i_dffg|                ; 0 (0)               ; 1 (1)                     ; 0           ; 0            ; 0       ; 0         ; 0    ; 0            ; |RISCV_Processor|regfile:regfile_i|reg:\g_regs:9:i_reg|dffg:\g_dffgs:9:i_dffg                                                     ; dffg            ; work         ;
;    |resizer:loadresizer|                         ; 4 (4)               ; 0 (0)                     ; 0           ; 0            ; 0       ; 0         ; 0    ; 0            ; |RISCV_Processor|resizer:loadresizer                                                                                              ; resizer         ; work         ;
;    |resizer:storeresizer|                        ; 3 (2)               ; 0 (0)                     ; 0           ; 0            ; 0       ; 0         ; 0    ; 0            ; |RISCV_Processor|resizer:storeresizer                                                                                             ; resizer         ; work         ;
;       |busmux2to1:mux_final|                     ; 1 (1)               ; 0 (0)                     ; 0           ; 0            ; 0       ; 0         ; 0    ; 0            ; |RISCV_Processor|resizer:storeresizer|busmux2to1:mux_final                                                                        ; busmux2to1      ; work         ;
;    |sign:sign_i|                                 ; 4 (4)               ; 0 (0)                     ; 0           ; 0            ; 0       ; 0         ; 0    ; 0            ; |RISCV_Processor|sign:sign_i                                                                                                      ; sign            ; work         ;
+--------------------------------------------------+---------------------+---------------------------+-------------+--------------+---------+-----------+------+--------------+-----------------------------------------------------------------------------------------------------------------------------------+-----------------+--------------+
Note: For table entries with two numbers listed, the numbers in parentheses indicate the number of resources of the given type used by the specific entity alone. The numbers listed outside of parentheses indicate the total resources of the given type used by the specific entity and all of its sub-entities in the hierarchy.


+----------------------------------------------------------------------------------------------------------------------------------------------------------------------------------------------------------------------------------+
; Analysis & Synthesis RAM Summary                                                                                                                                                                                                 ;
+-----------------------------------------------------------------------------------------------------------------------------+------+------------------+--------------+--------------+--------------+--------------+-------+------+
; Name                                                                                                                        ; Type ; Mode             ; Port A Depth ; Port A Width ; Port B Depth ; Port B Width ; Size  ; MIF  ;
+-----------------------------------------------------------------------------------------------------------------------------+------+------------------+--------------+--------------+--------------+--------------+-------+------+
; IDEX:IDEX_i|dffg:MemtoReg_dffg|altshift_taps:s_Q_rtl_0|shift_taps_9km:auto_generated|altsyncram_n861:altsyncram4|ALTSYNCRAM ; AUTO ; Simple Dual Port ; 3            ; 11           ; 3            ; 11           ; 33    ; None ;
; mem:DMem|altsyncram:ram_rtl_0|altsyncram_eg81:auto_generated|ALTSYNCRAM                                                     ; AUTO ; Single Port      ; 1024         ; 32           ; --           ; --           ; 32768 ; None ;
+-----------------------------------------------------------------------------------------------------------------------------+------+------------------+--------------+--------------+--------------+--------------+-------+------+


+----------------------------------------------------------------------------------------------------------------------------+
; Registers Removed During Synthesis                                                                                         ;
+----------------------------------------------------------+-----------------------------------------------------------------+
; Register name                                            ; Reason for Removal                                              ;
+----------------------------------------------------------+-----------------------------------------------------------------+
; regfile:regfile_i|reg:z_reg|dffg:\g_dffgs:31:i_dffg|s_Q  ; Stuck at GND due to stuck port clock_enable                     ;
; regfile:regfile_i|reg:z_reg|dffg:\g_dffgs:30:i_dffg|s_Q  ; Stuck at GND due to stuck port clock_enable                     ;
; regfile:regfile_i|reg:z_reg|dffg:\g_dffgs:29:i_dffg|s_Q  ; Stuck at GND due to stuck port clock_enable                     ;
; regfile:regfile_i|reg:z_reg|dffg:\g_dffgs:28:i_dffg|s_Q  ; Stuck at GND due to stuck port clock_enable                     ;
; regfile:regfile_i|reg:z_reg|dffg:\g_dffgs:27:i_dffg|s_Q  ; Stuck at GND due to stuck port clock_enable                     ;
; regfile:regfile_i|reg:z_reg|dffg:\g_dffgs:26:i_dffg|s_Q  ; Stuck at GND due to stuck port clock_enable                     ;
; regfile:regfile_i|reg:z_reg|dffg:\g_dffgs:25:i_dffg|s_Q  ; Stuck at GND due to stuck port clock_enable                     ;
; regfile:regfile_i|reg:z_reg|dffg:\g_dffgs:24:i_dffg|s_Q  ; Stuck at GND due to stuck port clock_enable                     ;
; regfile:regfile_i|reg:z_reg|dffg:\g_dffgs:23:i_dffg|s_Q  ; Stuck at GND due to stuck port clock_enable                     ;
; regfile:regfile_i|reg:z_reg|dffg:\g_dffgs:22:i_dffg|s_Q  ; Stuck at GND due to stuck port clock_enable                     ;
; regfile:regfile_i|reg:z_reg|dffg:\g_dffgs:21:i_dffg|s_Q  ; Stuck at GND due to stuck port clock_enable                     ;
; regfile:regfile_i|reg:z_reg|dffg:\g_dffgs:20:i_dffg|s_Q  ; Stuck at GND due to stuck port clock_enable                     ;
; regfile:regfile_i|reg:z_reg|dffg:\g_dffgs:19:i_dffg|s_Q  ; Stuck at GND due to stuck port clock_enable                     ;
; regfile:regfile_i|reg:z_reg|dffg:\g_dffgs:18:i_dffg|s_Q  ; Stuck at GND due to stuck port clock_enable                     ;
; regfile:regfile_i|reg:z_reg|dffg:\g_dffgs:17:i_dffg|s_Q  ; Stuck at GND due to stuck port clock_enable                     ;
; regfile:regfile_i|reg:z_reg|dffg:\g_dffgs:16:i_dffg|s_Q  ; Stuck at GND due to stuck port clock_enable                     ;
; regfile:regfile_i|reg:z_reg|dffg:\g_dffgs:15:i_dffg|s_Q  ; Stuck at GND due to stuck port clock_enable                     ;
; regfile:regfile_i|reg:z_reg|dffg:\g_dffgs:14:i_dffg|s_Q  ; Stuck at GND due to stuck port clock_enable                     ;
; regfile:regfile_i|reg:z_reg|dffg:\g_dffgs:13:i_dffg|s_Q  ; Stuck at GND due to stuck port clock_enable                     ;
; regfile:regfile_i|reg:z_reg|dffg:\g_dffgs:12:i_dffg|s_Q  ; Stuck at GND due to stuck port clock_enable                     ;
; regfile:regfile_i|reg:z_reg|dffg:\g_dffgs:11:i_dffg|s_Q  ; Stuck at GND due to stuck port clock_enable                     ;
; regfile:regfile_i|reg:z_reg|dffg:\g_dffgs:10:i_dffg|s_Q  ; Stuck at GND due to stuck port clock_enable                     ;
; regfile:regfile_i|reg:z_reg|dffg:\g_dffgs:9:i_dffg|s_Q   ; Stuck at GND due to stuck port clock_enable                     ;
; regfile:regfile_i|reg:z_reg|dffg:\g_dffgs:8:i_dffg|s_Q   ; Stuck at GND due to stuck port clock_enable                     ;
; regfile:regfile_i|reg:z_reg|dffg:\g_dffgs:7:i_dffg|s_Q   ; Stuck at GND due to stuck port clock_enable                     ;
; regfile:regfile_i|reg:z_reg|dffg:\g_dffgs:6:i_dffg|s_Q   ; Stuck at GND due to stuck port clock_enable                     ;
; regfile:regfile_i|reg:z_reg|dffg:\g_dffgs:5:i_dffg|s_Q   ; Stuck at GND due to stuck port clock_enable                     ;
; regfile:regfile_i|reg:z_reg|dffg:\g_dffgs:4:i_dffg|s_Q   ; Stuck at GND due to stuck port clock_enable                     ;
; regfile:regfile_i|reg:z_reg|dffg:\g_dffgs:3:i_dffg|s_Q   ; Stuck at GND due to stuck port clock_enable                     ;
; regfile:regfile_i|reg:z_reg|dffg:\g_dffgs:2:i_dffg|s_Q   ; Stuck at GND due to stuck port clock_enable                     ;
; regfile:regfile_i|reg:z_reg|dffg:\g_dffgs:1:i_dffg|s_Q   ; Stuck at GND due to stuck port clock_enable                     ;
; regfile:regfile_i|reg:z_reg|dffg:\g_dffgs:0:i_dffg|s_Q   ; Stuck at GND due to stuck port clock_enable                     ;
; IFID:IFID_i|dffg:\fetchInstAddPlus4_dffgs:34:i_dffg|s_Q  ; Merged with IFID:IFID_i|dffg:\fetchInstAdd_dffgs:66:i_dffg|s_Q  ;
; IFID:IFID_i|dffg:\fetchInstAddPlus4_dffgs:33:i_dffg|s_Q  ; Merged with IFID:IFID_i|dffg:\fetchInstAdd_dffgs:65:i_dffg|s_Q  ;
; IFID:IFID_i|dffg:\fetchInstAddPlus4_dffgs:32:i_dffg|s_Q  ; Merged with IFID:IFID_i|dffg:\fetchInstAdd_dffgs:64:i_dffg|s_Q  ;
; IDEX:IDEX_i|dffg:\fetchInstAddPlus4_dffgs:125:i_dffg|s_Q ; Merged with IDEX:IDEX_i|dffg:\fetchInstAdd_dffgs:189:i_dffg|s_Q ;
; IDEX:IDEX_i|dffg:\fetchInstAddPlus4_dffgs:124:i_dffg|s_Q ; Merged with IDEX:IDEX_i|dffg:\fetchInstAdd_dffgs:188:i_dffg|s_Q ;
; Total Number of Removed Registers = 37                   ;                                                                 ;
+----------------------------------------------------------+-----------------------------------------------------------------+


+------------------------------------------------------+
; General Register Statistics                          ;
+----------------------------------------------+-------+
; Statistic                                    ; Value ;
+----------------------------------------------+-------+
; Total registers                              ; 34239 ;
; Number of registers using Synchronous Clear  ; 7     ;
; Number of registers using Synchronous Load   ; 8     ;
; Number of registers using Asynchronous Clear ; 1406  ;
; Number of registers using Asynchronous Load  ; 0     ;
; Number of registers using Clock Enable       ; 33763 ;
; Number of registers using Preset             ; 0     ;
+----------------------------------------------+-------+


+------------------------------------------------------------------------------------------------------+
; Inverted Register Statistics                                                                         ;
+--------------------------------------------------------------------------------------------+---------+
; Inverted Register                                                                          ; Fan out ;
+--------------------------------------------------------------------------------------------+---------+
; fetch:fetch_i|PCreg:PC|special_dffg:special_dffg_i|s_Q                                     ; 4       ;
; IDEX:IDEX_i|dffg:MemtoReg_dffg|altshift_taps:s_Q_rtl_0|shift_taps_9km:auto_generated|dffe6 ; 11      ;
; Total number of inverted registers = 2                                                     ;         ;
+--------------------------------------------------------------------------------------------+---------+


+----------------------------------------------------------------------------------------------------------+
; Registers Packed Into Inferred Megafunctions                                                             ;
+--------------------------------------------------+------------------------------------------+------------+
; Register Name                                    ; Megafunction                             ; Type       ;
+--------------------------------------------------+------------------------------------------+------------+
; MEMWB:MEMWB_i|dffg:\MemOut_dffgs:47:m_dffg|s_Q   ; mem:DMem|ram_rtl_0                       ; RAM        ;
; MEMWB:MEMWB_i|dffg:\MemOut_dffgs:48:m_dffg|s_Q   ; mem:DMem|ram_rtl_0                       ; RAM        ;
; MEMWB:MEMWB_i|dffg:\MemOut_dffgs:49:m_dffg|s_Q   ; mem:DMem|ram_rtl_0                       ; RAM        ;
; MEMWB:MEMWB_i|dffg:\MemOut_dffgs:50:m_dffg|s_Q   ; mem:DMem|ram_rtl_0                       ; RAM        ;
; MEMWB:MEMWB_i|dffg:\MemOut_dffgs:51:m_dffg|s_Q   ; mem:DMem|ram_rtl_0                       ; RAM        ;
; MEMWB:MEMWB_i|dffg:\MemOut_dffgs:52:m_dffg|s_Q   ; mem:DMem|ram_rtl_0                       ; RAM        ;
; MEMWB:MEMWB_i|dffg:\MemOut_dffgs:53:m_dffg|s_Q   ; mem:DMem|ram_rtl_0                       ; RAM        ;
; MEMWB:MEMWB_i|dffg:\MemOut_dffgs:54:m_dffg|s_Q   ; mem:DMem|ram_rtl_0                       ; RAM        ;
; MEMWB:MEMWB_i|dffg:\MemOut_dffgs:55:m_dffg|s_Q   ; mem:DMem|ram_rtl_0                       ; RAM        ;
; MEMWB:MEMWB_i|dffg:\MemOut_dffgs:56:m_dffg|s_Q   ; mem:DMem|ram_rtl_0                       ; RAM        ;
; MEMWB:MEMWB_i|dffg:\MemOut_dffgs:57:m_dffg|s_Q   ; mem:DMem|ram_rtl_0                       ; RAM        ;
; MEMWB:MEMWB_i|dffg:\MemOut_dffgs:58:m_dffg|s_Q   ; mem:DMem|ram_rtl_0                       ; RAM        ;
; MEMWB:MEMWB_i|dffg:\MemOut_dffgs:59:m_dffg|s_Q   ; mem:DMem|ram_rtl_0                       ; RAM        ;
; MEMWB:MEMWB_i|dffg:\MemOut_dffgs:60:m_dffg|s_Q   ; mem:DMem|ram_rtl_0                       ; RAM        ;
; MEMWB:MEMWB_i|dffg:\MemOut_dffgs:61:m_dffg|s_Q   ; mem:DMem|ram_rtl_0                       ; RAM        ;
; MEMWB:MEMWB_i|dffg:\MemOut_dffgs:62:m_dffg|s_Q   ; mem:DMem|ram_rtl_0                       ; RAM        ;
; MEMWB:MEMWB_i|dffg:\MemOut_dffgs:63:m_dffg|s_Q   ; mem:DMem|ram_rtl_0                       ; RAM        ;
; MEMWB:MEMWB_i|dffg:\MemOut_dffgs:64:m_dffg|s_Q   ; mem:DMem|ram_rtl_0                       ; RAM        ;
; MEMWB:MEMWB_i|dffg:\MemOut_dffgs:65:m_dffg|s_Q   ; mem:DMem|ram_rtl_0                       ; RAM        ;
; MEMWB:MEMWB_i|dffg:\MemOut_dffgs:66:m_dffg|s_Q   ; mem:DMem|ram_rtl_0                       ; RAM        ;
; MEMWB:MEMWB_i|dffg:\MemOut_dffgs:67:m_dffg|s_Q   ; mem:DMem|ram_rtl_0                       ; RAM        ;
; MEMWB:MEMWB_i|dffg:\MemOut_dffgs:68:m_dffg|s_Q   ; mem:DMem|ram_rtl_0                       ; RAM        ;
; MEMWB:MEMWB_i|dffg:\MemOut_dffgs:69:m_dffg|s_Q   ; mem:DMem|ram_rtl_0                       ; RAM        ;
; MEMWB:MEMWB_i|dffg:\MemOut_dffgs:70:m_dffg|s_Q   ; mem:DMem|ram_rtl_0                       ; RAM        ;
; MEMWB:MEMWB_i|dffg:\MemOut_dffgs:71:m_dffg|s_Q   ; mem:DMem|ram_rtl_0                       ; RAM        ;
; MEMWB:MEMWB_i|dffg:\MemOut_dffgs:72:m_dffg|s_Q   ; mem:DMem|ram_rtl_0                       ; RAM        ;
; MEMWB:MEMWB_i|dffg:\MemOut_dffgs:73:m_dffg|s_Q   ; mem:DMem|ram_rtl_0                       ; RAM        ;
; MEMWB:MEMWB_i|dffg:\MemOut_dffgs:74:m_dffg|s_Q   ; mem:DMem|ram_rtl_0                       ; RAM        ;
; MEMWB:MEMWB_i|dffg:\MemOut_dffgs:75:m_dffg|s_Q   ; mem:DMem|ram_rtl_0                       ; RAM        ;
; MEMWB:MEMWB_i|dffg:\MemOut_dffgs:76:m_dffg|s_Q   ; mem:DMem|ram_rtl_0                       ; RAM        ;
; MEMWB:MEMWB_i|dffg:\MemOut_dffgs:77:m_dffg|s_Q   ; mem:DMem|ram_rtl_0                       ; RAM        ;
; MEMWB:MEMWB_i|dffg:\MemOut_dffgs:78:m_dffg|s_Q   ; mem:DMem|ram_rtl_0                       ; RAM        ;
; MEMWB:MEMWB_i|dffg:MemtoReg_dffg|s_Q             ; IDEX:IDEX_i|dffg:MemtoReg_dffg|s_Q_rtl_0 ; SHIFT_TAPS ;
; EXMEM:EXMEM_i|dffg:MemtoReg_dffg|s_Q             ; IDEX:IDEX_i|dffg:MemtoReg_dffg|s_Q_rtl_0 ; SHIFT_TAPS ;
; IDEX:IDEX_i|dffg:MemtoReg_dffg|s_Q               ; IDEX:IDEX_i|dffg:MemtoReg_dffg|s_Q_rtl_0 ; SHIFT_TAPS ;
; MEMWB:MEMWB_i|dffg:LUI_dffg|s_Q                  ; IDEX:IDEX_i|dffg:MemtoReg_dffg|s_Q_rtl_0 ; SHIFT_TAPS ;
; EXMEM:EXMEM_i|dffg:LUI_dffg|s_Q                  ; IDEX:IDEX_i|dffg:MemtoReg_dffg|s_Q_rtl_0 ; SHIFT_TAPS ;
; IDEX:IDEX_i|dffg:LUI_dffg|s_Q                    ; IDEX:IDEX_i|dffg:MemtoReg_dffg|s_Q_rtl_0 ; SHIFT_TAPS ;
; MEMWB:MEMWB_i|dffg:AUIPC_dffg|s_Q                ; IDEX:IDEX_i|dffg:MemtoReg_dffg|s_Q_rtl_0 ; SHIFT_TAPS ;
; EXMEM:EXMEM_i|dffg:AUIPC_dffg|s_Q                ; IDEX:IDEX_i|dffg:MemtoReg_dffg|s_Q_rtl_0 ; SHIFT_TAPS ;
; IDEX:IDEX_i|dffg:AUIPC_dffg|s_Q                  ; IDEX:IDEX_i|dffg:MemtoReg_dffg|s_Q_rtl_0 ; SHIFT_TAPS ;
; MEMWB:MEMWB_i|dffg:RegWrite_dffg|s_Q             ; IDEX:IDEX_i|dffg:MemtoReg_dffg|s_Q_rtl_0 ; SHIFT_TAPS ;
; EXMEM:EXMEM_i|dffg:RegWrite_dffg|s_Q             ; IDEX:IDEX_i|dffg:MemtoReg_dffg|s_Q_rtl_0 ; SHIFT_TAPS ;
; IDEX:IDEX_i|dffg:RegWrite_dffg|s_Q               ; IDEX:IDEX_i|dffg:MemtoReg_dffg|s_Q_rtl_0 ; SHIFT_TAPS ;
; MEMWB:MEMWB_i|dffg:lb_dffg|s_Q                   ; IDEX:IDEX_i|dffg:MemtoReg_dffg|s_Q_rtl_0 ; SHIFT_TAPS ;
; EXMEM:EXMEM_i|dffg:lb_dffg|s_Q                   ; IDEX:IDEX_i|dffg:MemtoReg_dffg|s_Q_rtl_0 ; SHIFT_TAPS ;
; IDEX:IDEX_i|dffg:b_dffg|s_Q                      ; IDEX:IDEX_i|dffg:MemtoReg_dffg|s_Q_rtl_0 ; SHIFT_TAPS ;
; MEMWB:MEMWB_i|dffg:lh_dffg|s_Q                   ; IDEX:IDEX_i|dffg:MemtoReg_dffg|s_Q_rtl_0 ; SHIFT_TAPS ;
; EXMEM:EXMEM_i|dffg:lh_dffg|s_Q                   ; IDEX:IDEX_i|dffg:MemtoReg_dffg|s_Q_rtl_0 ; SHIFT_TAPS ;
; IDEX:IDEX_i|dffg:h_dffg|s_Q                      ; IDEX:IDEX_i|dffg:MemtoReg_dffg|s_Q_rtl_0 ; SHIFT_TAPS ;
; MEMWB:MEMWB_i|dffg:\inst_dffgs:118:inst_dffg|s_Q ; IDEX:IDEX_i|dffg:MemtoReg_dffg|s_Q_rtl_0 ; SHIFT_TAPS ;
; EXMEM:EXMEM_i|dffg:\inst_dffgs:151:inst_dffg|s_Q ; IDEX:IDEX_i|dffg:MemtoReg_dffg|s_Q_rtl_0 ; SHIFT_TAPS ;
; IDEX:IDEX_i|dffg:\Inst_dffgs:163:i_dffg|s_Q      ; IDEX:IDEX_i|dffg:MemtoReg_dffg|s_Q_rtl_0 ; SHIFT_TAPS ;
; MEMWB:MEMWB_i|dffg:\inst_dffgs:119:inst_dffg|s_Q ; IDEX:IDEX_i|dffg:MemtoReg_dffg|s_Q_rtl_0 ; SHIFT_TAPS ;
; EXMEM:EXMEM_i|dffg:\inst_dffgs:152:inst_dffg|s_Q ; IDEX:IDEX_i|dffg:MemtoReg_dffg|s_Q_rtl_0 ; SHIFT_TAPS ;
; IDEX:IDEX_i|dffg:\Inst_dffgs:164:i_dffg|s_Q      ; IDEX:IDEX_i|dffg:MemtoReg_dffg|s_Q_rtl_0 ; SHIFT_TAPS ;
; MEMWB:MEMWB_i|dffg:\inst_dffgs:120:inst_dffg|s_Q ; IDEX:IDEX_i|dffg:MemtoReg_dffg|s_Q_rtl_0 ; SHIFT_TAPS ;
; EXMEM:EXMEM_i|dffg:\inst_dffgs:153:inst_dffg|s_Q ; IDEX:IDEX_i|dffg:MemtoReg_dffg|s_Q_rtl_0 ; SHIFT_TAPS ;
; IDEX:IDEX_i|dffg:\Inst_dffgs:165:i_dffg|s_Q      ; IDEX:IDEX_i|dffg:MemtoReg_dffg|s_Q_rtl_0 ; SHIFT_TAPS ;
; MEMWB:MEMWB_i|dffg:\inst_dffgs:121:inst_dffg|s_Q ; IDEX:IDEX_i|dffg:MemtoReg_dffg|s_Q_rtl_0 ; SHIFT_TAPS ;
; EXMEM:EXMEM_i|dffg:\inst_dffgs:154:inst_dffg|s_Q ; IDEX:IDEX_i|dffg:MemtoReg_dffg|s_Q_rtl_0 ; SHIFT_TAPS ;
; IDEX:IDEX_i|dffg:\Inst_dffgs:166:i_dffg|s_Q      ; IDEX:IDEX_i|dffg:MemtoReg_dffg|s_Q_rtl_0 ; SHIFT_TAPS ;
; MEMWB:MEMWB_i|dffg:\inst_dffgs:122:inst_dffg|s_Q ; IDEX:IDEX_i|dffg:MemtoReg_dffg|s_Q_rtl_0 ; SHIFT_TAPS ;
; EXMEM:EXMEM_i|dffg:\inst_dffgs:155:inst_dffg|s_Q ; IDEX:IDEX_i|dffg:MemtoReg_dffg|s_Q_rtl_0 ; SHIFT_TAPS ;
; IDEX:IDEX_i|dffg:\Inst_dffgs:167:i_dffg|s_Q      ; IDEX:IDEX_i|dffg:MemtoReg_dffg|s_Q_rtl_0 ; SHIFT_TAPS ;
+--------------------------------------------------+------------------------------------------+------------+


+----------------------------------------------------------------------------------------------------------------------------------------------------------------------------------+
; Multiplexer Restructuring Statistics (Restructuring Performed)                                                                                                                   ;
+--------------------+-----------+---------------+----------------------+------------------------+------------+--------------------------------------------------------------------+
; Multiplexer Inputs ; Bus Width ; Baseline Area ; Area if Restructured ; Saving if Restructured ; Registered ; Example Multiplexer Output                                         ;
+--------------------+-----------+---------------+----------------------+------------------------+------------+--------------------------------------------------------------------+
; 3:1                ; 6 bits    ; 12 LEs        ; 6 LEs                ; 6 LEs                  ; Yes        ; |RISCV_Processor|IDEX:IDEX_i|dffg:\ALUimm_dffgs:84:imm_dffg|s_Q    ;
; 3:1                ; 11 bits   ; 22 LEs        ; 22 LEs               ; 0 LEs                  ; Yes        ; |RISCV_Processor|IDEX:IDEX_i|dffg:\ALUimm_dffgs:105:imm_dffg|s_Q   ;
; 3:1                ; 8 bits    ; 16 LEs        ; 16 LEs               ; 0 LEs                  ; Yes        ; |RISCV_Processor|IDEX:IDEX_i|dffg:\ALUimm_dffgs:94:imm_dffg|s_Q    ;
; 3:1                ; 32 bits   ; 64 LEs        ; 64 LEs               ; 0 LEs                  ; Yes        ; |RISCV_Processor|IFID:IFID_i|dffg:\instruction_dffgs:17:i_dffg|s_Q ;
; 3:1                ; 21 bits   ; 42 LEs        ; 42 LEs               ; 0 LEs                  ; Yes        ; |RISCV_Processor|EXMEM:EXMEM_i|dffg:\regdata_dffgs:27:rd_dffg|s_Q  ;
; 4:1                ; 4 bits    ; 8 LEs         ; 8 LEs                ; 0 LEs                  ; Yes        ; |RISCV_Processor|IDEX:IDEX_i|dffg:\ALUimm_dffgs:83:imm_dffg|s_Q    ;
; 33:1               ; 32 bits   ; 704 LEs       ; 672 LEs              ; 32 LEs                 ; Yes        ; |RISCV_Processor|IDEX:IDEX_i|dffg:\ALUB_dffgs:71:B_dffg|s_Q        ;
; 34:1               ; 7 bits    ; 154 LEs       ; 154 LEs              ; 0 LEs                  ; Yes        ; |RISCV_Processor|IDEX:IDEX_i|dffg:\ALUA_dffgs:20:A_dffg|s_Q        ;
; 35:1               ; 7 bits    ; 161 LEs       ; 154 LEs              ; 7 LEs                  ; Yes        ; |RISCV_Processor|IDEX:IDEX_i|dffg:\ALUA_dffgs:28:A_dffg|s_Q        ;
; 36:1               ; 16 bits   ; 384 LEs       ; 368 LEs              ; 16 LEs                 ; Yes        ; |RISCV_Processor|IDEX:IDEX_i|dffg:\ALUA_dffgs:45:A_dffg|s_Q        ;
; 3:1                ; 8 bits    ; 16 LEs        ; 16 LEs               ; 0 LEs                  ; No         ; |RISCV_Processor|ALU:ALU_i|bshiftr:bshiftr_inst|sr[20]             ;
; 3:1                ; 2 bits    ; 4 LEs         ; 4 LEs                ; 0 LEs                  ; No         ; |RISCV_Processor|control:control_i|MemtoReg                        ;
; 3:1                ; 7 bits    ; 14 LEs        ; 14 LEs               ; 0 LEs                  ; No         ; |RISCV_Processor|busmux2to1:busmux_ALUorLUI|o_Q[6]                 ;
; 4:1                ; 4 bits    ; 8 LEs         ; 8 LEs                ; 0 LEs                  ; No         ; |RISCV_Processor|ALU:ALU_i|bshiftr:bshiftr_inst|sr[27]             ;
; 5:1                ; 2 bits    ; 6 LEs         ; 6 LEs                ; 0 LEs                  ; No         ; |RISCV_Processor|ALU:ALU_i|bshiftr:bshiftr_inst|sr[29]             ;
; 5:1                ; 3 bits    ; 9 LEs         ; 3 LEs                ; 6 LEs                  ; No         ; |RISCV_Processor|control:control_i|UJ                              ;
; 5:1                ; 7 bits    ; 21 LEs        ; 14 LEs               ; 7 LEs                  ; No         ; |RISCV_Processor|busmux2to1:busmux_ALUorLUI|o_Q[10]                ;
; 7:1                ; 32 bits   ; 128 LEs       ; 128 LEs              ; 0 LEs                  ; No         ; |RISCV_Processor|ALU:ALU_i|busmux2to1:busmux_inst6|o_Q[16]         ;
; 6:1                ; 16 bits   ; 64 LEs        ; 48 LEs               ; 16 LEs                 ; No         ; |RISCV_Processor|busmux2to1:busmux_ALUorLUI|o_Q[16]                ;
; 33:1               ; 2 bits    ; 44 LEs        ; 42 LEs               ; 2 LEs                  ; No         ; |RISCV_Processor|busmux2to1:busmux_pcadd|o_Q[7]                    ;
+--------------------+-----------+---------------+----------------------+------------------------+------------+--------------------------------------------------------------------+


+-------------------------------------------------------------------------------------+
; Source assignments for mem:DMem|altsyncram:ram_rtl_0|altsyncram_eg81:auto_generated ;
+---------------------------------+--------------------+------+-----------------------+
; Assignment                      ; Value              ; From ; To                    ;
+---------------------------------+--------------------+------+-----------------------+
; OPTIMIZE_POWER_DURING_SYNTHESIS ; NORMAL_COMPILATION ; -    ; -                     ;
+---------------------------------+--------------------+------+-----------------------+


+-----------------------------------------------------------------------------------------------------------------------------------------+
; Source assignments for IDEX:IDEX_i|dffg:MemtoReg_dffg|altshift_taps:s_Q_rtl_0|shift_taps_9km:auto_generated|altsyncram_n861:altsyncram4 ;
+---------------------------------+--------------------+------+---------------------------------------------------------------------------+
; Assignment                      ; Value              ; From ; To                                                                        ;
+---------------------------------+--------------------+------+---------------------------------------------------------------------------+
; OPTIMIZE_POWER_DURING_SYNTHESIS ; NORMAL_COMPILATION ; -    ; -                                                                         ;
+---------------------------------+--------------------+------+---------------------------------------------------------------------------+


+---------------------------------------------------------------------------------+
; Parameter Settings for User Entity Instance: Top-level Entity: |RISCV_Processor ;
+----------------+-------+--------------------------------------------------------+
; Parameter Name ; Value ; Type                                                   ;
+----------------+-------+--------------------------------------------------------+
; N              ; 32    ; Signed Integer                                         ;
+----------------+-------+--------------------------------------------------------+
Note: In order to hide this table in the UI and the text report file, please set the "Show Parameter Settings in Synthesis Report" option in "Analysis and Synthesis Settings -> More Settings" to "Off".


+---------------------------------------------------------------------+
; Parameter Settings for User Entity Instance: fetch:fetch_i|PCreg:PC ;
+----------------+-------+--------------------------------------------+
; Parameter Name ; Value ; Type                                       ;
+----------------+-------+--------------------------------------------+
; N              ; 32    ; Signed Integer                             ;
+----------------+-------+--------------------------------------------+
Note: In order to hide this table in the UI and the text report file, please set the "Show Parameter Settings in Synthesis Report" option in "Analysis and Synthesis Settings -> More Settings" to "Off".


+------------------------------------------------------------------------------+
; Parameter Settings for User Entity Instance: fetch:fetch_i|ripple_adder:add4 ;
+----------------+-------+-----------------------------------------------------+
; Parameter Name ; Value ; Type                                                ;
+----------------+-------+-----------------------------------------------------+
; n              ; 32    ; Signed Integer                                      ;
+----------------+-------+-----------------------------------------------------+
Note: In order to hide this table in the UI and the text report file, please set the "Show Parameter Settings in Synthesis Report" option in "Analysis and Synthesis Settings -> More Settings" to "Off".


+--------------------------------------------------------------------------------+
; Parameter Settings for User Entity Instance: fetch:fetch_i|ripple_adder:addimm ;
+----------------+-------+-------------------------------------------------------+
; Parameter Name ; Value ; Type                                                  ;
+----------------+-------+-------------------------------------------------------+
; n              ; 32    ; Signed Integer                                        ;
+----------------+-------+-------------------------------------------------------+
Note: In order to hide this table in the UI and the text report file, please set the "Show Parameter Settings in Synthesis Report" option in "Analysis and Synthesis Settings -> More Settings" to "Off".


+-------------------------------------------------------+
; Parameter Settings for User Entity Instance: mem:IMem ;
+----------------+-------+------------------------------+
; Parameter Name ; Value ; Type                         ;
+----------------+-------+------------------------------+
; data_width     ; 32    ; Signed Integer               ;
; addr_width     ; 10    ; Signed Integer               ;
+----------------+-------+------------------------------+
Note: In order to hide this table in the UI and the text report file, please set the "Show Parameter Settings in Synthesis Report" option in "Analysis and Synthesis Settings -> More Settings" to "Off".


+----------------------------------------------------------+
; Parameter Settings for User Entity Instance: IFID:IFID_i ;
+----------------+-------+---------------------------------+
; Parameter Name ; Value ; Type                            ;
+----------------+-------+---------------------------------+
; n              ; 96    ; Signed Integer                  ;
+----------------+-------+---------------------------------+
Note: In order to hide this table in the UI and the text report file, please set the "Show Parameter Settings in Synthesis Report" option in "Analysis and Synthesis Settings -> More Settings" to "Off".


+----------------------------------------------------------------+
; Parameter Settings for User Entity Instance: regfile:regfile_i ;
+----------------+-------+---------------------------------------+
; Parameter Name ; Value ; Type                                  ;
+----------------+-------+---------------------------------------+
; N              ; 32    ; Signed Integer                        ;
+----------------+-------+---------------------------------------+
Note: In order to hide this table in the UI and the text report file, please set the "Show Parameter Settings in Synthesis Report" option in "Analysis and Synthesis Settings -> More Settings" to "Off".


+--------------------------------------------------------------------------+
; Parameter Settings for User Entity Instance: regfile:regfile_i|reg:z_reg ;
+----------------+-------+-------------------------------------------------+
; Parameter Name ; Value ; Type                                            ;
+----------------+-------+-------------------------------------------------+
; N              ; 32    ; Signed Integer                                  ;
+----------------+-------+-------------------------------------------------+
Note: In order to hide this table in the UI and the text report file, please set the "Show Parameter Settings in Synthesis Report" option in "Analysis and Synthesis Settings -> More Settings" to "Off".


+------------------------------------------------------------------------------------+
; Parameter Settings for User Entity Instance: regfile:regfile_i|reg:\g_regs:1:i_reg ;
+----------------+-------+-----------------------------------------------------------+
; Parameter Name ; Value ; Type                                                      ;
+----------------+-------+-----------------------------------------------------------+
; N              ; 32    ; Signed Integer                                            ;
+----------------+-------+-----------------------------------------------------------+
Note: In order to hide this table in the UI and the text report file, please set the "Show Parameter Settings in Synthesis Report" option in "Analysis and Synthesis Settings -> More Settings" to "Off".


+------------------------------------------------------------------------------------+
; Parameter Settings for User Entity Instance: regfile:regfile_i|reg:\g_regs:2:i_reg ;
+----------------+-------+-----------------------------------------------------------+
; Parameter Name ; Value ; Type                                                      ;
+----------------+-------+-----------------------------------------------------------+
; N              ; 32    ; Signed Integer                                            ;
+----------------+-------+-----------------------------------------------------------+
Note: In order to hide this table in the UI and the text report file, please set the "Show Parameter Settings in Synthesis Report" option in "Analysis and Synthesis Settings -> More Settings" to "Off".


+------------------------------------------------------------------------------------+
; Parameter Settings for User Entity Instance: regfile:regfile_i|reg:\g_regs:3:i_reg ;
+----------------+-------+-----------------------------------------------------------+
; Parameter Name ; Value ; Type                                                      ;
+----------------+-------+-----------------------------------------------------------+
; N              ; 32    ; Signed Integer                                            ;
+----------------+-------+-----------------------------------------------------------+
Note: In order to hide this table in the UI and the text report file, please set the "Show Parameter Settings in Synthesis Report" option in "Analysis and Synthesis Settings -> More Settings" to "Off".


+------------------------------------------------------------------------------------+
; Parameter Settings for User Entity Instance: regfile:regfile_i|reg:\g_regs:4:i_reg ;
+----------------+-------+-----------------------------------------------------------+
; Parameter Name ; Value ; Type                                                      ;
+----------------+-------+-----------------------------------------------------------+
; N              ; 32    ; Signed Integer                                            ;
+----------------+-------+-----------------------------------------------------------+
Note: In order to hide this table in the UI and the text report file, please set the "Show Parameter Settings in Synthesis Report" option in "Analysis and Synthesis Settings -> More Settings" to "Off".


+------------------------------------------------------------------------------------+
; Parameter Settings for User Entity Instance: regfile:regfile_i|reg:\g_regs:5:i_reg ;
+----------------+-------+-----------------------------------------------------------+
; Parameter Name ; Value ; Type                                                      ;
+----------------+-------+-----------------------------------------------------------+
; N              ; 32    ; Signed Integer                                            ;
+----------------+-------+-----------------------------------------------------------+
Note: In order to hide this table in the UI and the text report file, please set the "Show Parameter Settings in Synthesis Report" option in "Analysis and Synthesis Settings -> More Settings" to "Off".


+------------------------------------------------------------------------------------+
; Parameter Settings for User Entity Instance: regfile:regfile_i|reg:\g_regs:6:i_reg ;
+----------------+-------+-----------------------------------------------------------+
; Parameter Name ; Value ; Type                                                      ;
+----------------+-------+-----------------------------------------------------------+
; N              ; 32    ; Signed Integer                                            ;
+----------------+-------+-----------------------------------------------------------+
Note: In order to hide this table in the UI and the text report file, please set the "Show Parameter Settings in Synthesis Report" option in "Analysis and Synthesis Settings -> More Settings" to "Off".


+------------------------------------------------------------------------------------+
; Parameter Settings for User Entity Instance: regfile:regfile_i|reg:\g_regs:7:i_reg ;
+----------------+-------+-----------------------------------------------------------+
; Parameter Name ; Value ; Type                                                      ;
+----------------+-------+-----------------------------------------------------------+
; N              ; 32    ; Signed Integer                                            ;
+----------------+-------+-----------------------------------------------------------+
Note: In order to hide this table in the UI and the text report file, please set the "Show Parameter Settings in Synthesis Report" option in "Analysis and Synthesis Settings -> More Settings" to "Off".


+------------------------------------------------------------------------------------+
; Parameter Settings for User Entity Instance: regfile:regfile_i|reg:\g_regs:8:i_reg ;
+----------------+-------+-----------------------------------------------------------+
; Parameter Name ; Value ; Type                                                      ;
+----------------+-------+-----------------------------------------------------------+
; N              ; 32    ; Signed Integer                                            ;
+----------------+-------+-----------------------------------------------------------+
Note: In order to hide this table in the UI and the text report file, please set the "Show Parameter Settings in Synthesis Report" option in "Analysis and Synthesis Settings -> More Settings" to "Off".


+------------------------------------------------------------------------------------+
; Parameter Settings for User Entity Instance: regfile:regfile_i|reg:\g_regs:9:i_reg ;
+----------------+-------+-----------------------------------------------------------+
; Parameter Name ; Value ; Type                                                      ;
+----------------+-------+-----------------------------------------------------------+
; N              ; 32    ; Signed Integer                                            ;
+----------------+-------+-----------------------------------------------------------+
Note: In order to hide this table in the UI and the text report file, please set the "Show Parameter Settings in Synthesis Report" option in "Analysis and Synthesis Settings -> More Settings" to "Off".


+-------------------------------------------------------------------------------------+
; Parameter Settings for User Entity Instance: regfile:regfile_i|reg:\g_regs:10:i_reg ;
+----------------+-------+------------------------------------------------------------+
; Parameter Name ; Value ; Type                                                       ;
+----------------+-------+------------------------------------------------------------+
; N              ; 32    ; Signed Integer                                             ;
+----------------+-------+------------------------------------------------------------+
Note: In order to hide this table in the UI and the text report file, please set the "Show Parameter Settings in Synthesis Report" option in "Analysis and Synthesis Settings -> More Settings" to "Off".


+-------------------------------------------------------------------------------------+
; Parameter Settings for User Entity Instance: regfile:regfile_i|reg:\g_regs:11:i_reg ;
+----------------+-------+------------------------------------------------------------+
; Parameter Name ; Value ; Type                                                       ;
+----------------+-------+------------------------------------------------------------+
; N              ; 32    ; Signed Integer                                             ;
+----------------+-------+------------------------------------------------------------+
Note: In order to hide this table in the UI and the text report file, please set the "Show Parameter Settings in Synthesis Report" option in "Analysis and Synthesis Settings -> More Settings" to "Off".


+-------------------------------------------------------------------------------------+
; Parameter Settings for User Entity Instance: regfile:regfile_i|reg:\g_regs:12:i_reg ;
+----------------+-------+------------------------------------------------------------+
; Parameter Name ; Value ; Type                                                       ;
+----------------+-------+------------------------------------------------------------+
; N              ; 32    ; Signed Integer                                             ;
+----------------+-------+------------------------------------------------------------+
Note: In order to hide this table in the UI and the text report file, please set the "Show Parameter Settings in Synthesis Report" option in "Analysis and Synthesis Settings -> More Settings" to "Off".


+-------------------------------------------------------------------------------------+
; Parameter Settings for User Entity Instance: regfile:regfile_i|reg:\g_regs:13:i_reg ;
+----------------+-------+------------------------------------------------------------+
; Parameter Name ; Value ; Type                                                       ;
+----------------+-------+------------------------------------------------------------+
; N              ; 32    ; Signed Integer                                             ;
+----------------+-------+------------------------------------------------------------+
Note: In order to hide this table in the UI and the text report file, please set the "Show Parameter Settings in Synthesis Report" option in "Analysis and Synthesis Settings -> More Settings" to "Off".


+-------------------------------------------------------------------------------------+
; Parameter Settings for User Entity Instance: regfile:regfile_i|reg:\g_regs:14:i_reg ;
+----------------+-------+------------------------------------------------------------+
; Parameter Name ; Value ; Type                                                       ;
+----------------+-------+------------------------------------------------------------+
; N              ; 32    ; Signed Integer                                             ;
+----------------+-------+------------------------------------------------------------+
Note: In order to hide this table in the UI and the text report file, please set the "Show Parameter Settings in Synthesis Report" option in "Analysis and Synthesis Settings -> More Settings" to "Off".


+-------------------------------------------------------------------------------------+
; Parameter Settings for User Entity Instance: regfile:regfile_i|reg:\g_regs:15:i_reg ;
+----------------+-------+------------------------------------------------------------+
; Parameter Name ; Value ; Type                                                       ;
+----------------+-------+------------------------------------------------------------+
; N              ; 32    ; Signed Integer                                             ;
+----------------+-------+------------------------------------------------------------+
Note: In order to hide this table in the UI and the text report file, please set the "Show Parameter Settings in Synthesis Report" option in "Analysis and Synthesis Settings -> More Settings" to "Off".


+-------------------------------------------------------------------------------------+
; Parameter Settings for User Entity Instance: regfile:regfile_i|reg:\g_regs:16:i_reg ;
+----------------+-------+------------------------------------------------------------+
; Parameter Name ; Value ; Type                                                       ;
+----------------+-------+------------------------------------------------------------+
; N              ; 32    ; Signed Integer                                             ;
+----------------+-------+------------------------------------------------------------+
Note: In order to hide this table in the UI and the text report file, please set the "Show Parameter Settings in Synthesis Report" option in "Analysis and Synthesis Settings -> More Settings" to "Off".


+-------------------------------------------------------------------------------------+
; Parameter Settings for User Entity Instance: regfile:regfile_i|reg:\g_regs:17:i_reg ;
+----------------+-------+------------------------------------------------------------+
; Parameter Name ; Value ; Type                                                       ;
+----------------+-------+------------------------------------------------------------+
; N              ; 32    ; Signed Integer                                             ;
+----------------+-------+------------------------------------------------------------+
Note: In order to hide this table in the UI and the text report file, please set the "Show Parameter Settings in Synthesis Report" option in "Analysis and Synthesis Settings -> More Settings" to "Off".


+-------------------------------------------------------------------------------------+
; Parameter Settings for User Entity Instance: regfile:regfile_i|reg:\g_regs:18:i_reg ;
+----------------+-------+------------------------------------------------------------+
; Parameter Name ; Value ; Type                                                       ;
+----------------+-------+------------------------------------------------------------+
; N              ; 32    ; Signed Integer                                             ;
+----------------+-------+------------------------------------------------------------+
Note: In order to hide this table in the UI and the text report file, please set the "Show Parameter Settings in Synthesis Report" option in "Analysis and Synthesis Settings -> More Settings" to "Off".


+-------------------------------------------------------------------------------------+
; Parameter Settings for User Entity Instance: regfile:regfile_i|reg:\g_regs:19:i_reg ;
+----------------+-------+------------------------------------------------------------+
; Parameter Name ; Value ; Type                                                       ;
+----------------+-------+------------------------------------------------------------+
; N              ; 32    ; Signed Integer                                             ;
+----------------+-------+------------------------------------------------------------+
Note: In order to hide this table in the UI and the text report file, please set the "Show Parameter Settings in Synthesis Report" option in "Analysis and Synthesis Settings -> More Settings" to "Off".


+-------------------------------------------------------------------------------------+
; Parameter Settings for User Entity Instance: regfile:regfile_i|reg:\g_regs:20:i_reg ;
+----------------+-------+------------------------------------------------------------+
; Parameter Name ; Value ; Type                                                       ;
+----------------+-------+------------------------------------------------------------+
; N              ; 32    ; Signed Integer                                             ;
+----------------+-------+------------------------------------------------------------+
Note: In order to hide this table in the UI and the text report file, please set the "Show Parameter Settings in Synthesis Report" option in "Analysis and Synthesis Settings -> More Settings" to "Off".


+-------------------------------------------------------------------------------------+
; Parameter Settings for User Entity Instance: regfile:regfile_i|reg:\g_regs:21:i_reg ;
+----------------+-------+------------------------------------------------------------+
; Parameter Name ; Value ; Type                                                       ;
+----------------+-------+------------------------------------------------------------+
; N              ; 32    ; Signed Integer                                             ;
+----------------+-------+------------------------------------------------------------+
Note: In order to hide this table in the UI and the text report file, please set the "Show Parameter Settings in Synthesis Report" option in "Analysis and Synthesis Settings -> More Settings" to "Off".


+-------------------------------------------------------------------------------------+
; Parameter Settings for User Entity Instance: regfile:regfile_i|reg:\g_regs:22:i_reg ;
+----------------+-------+------------------------------------------------------------+
; Parameter Name ; Value ; Type                                                       ;
+----------------+-------+------------------------------------------------------------+
; N              ; 32    ; Signed Integer                                             ;
+----------------+-------+------------------------------------------------------------+
Note: In order to hide this table in the UI and the text report file, please set the "Show Parameter Settings in Synthesis Report" option in "Analysis and Synthesis Settings -> More Settings" to "Off".


+-------------------------------------------------------------------------------------+
; Parameter Settings for User Entity Instance: regfile:regfile_i|reg:\g_regs:23:i_reg ;
+----------------+-------+------------------------------------------------------------+
; Parameter Name ; Value ; Type                                                       ;
+----------------+-------+------------------------------------------------------------+
; N              ; 32    ; Signed Integer                                             ;
+----------------+-------+------------------------------------------------------------+
Note: In order to hide this table in the UI and the text report file, please set the "Show Parameter Settings in Synthesis Report" option in "Analysis and Synthesis Settings -> More Settings" to "Off".


+-------------------------------------------------------------------------------------+
; Parameter Settings for User Entity Instance: regfile:regfile_i|reg:\g_regs:24:i_reg ;
+----------------+-------+------------------------------------------------------------+
; Parameter Name ; Value ; Type                                                       ;
+----------------+-------+------------------------------------------------------------+
; N              ; 32    ; Signed Integer                                             ;
+----------------+-------+------------------------------------------------------------+
Note: In order to hide this table in the UI and the text report file, please set the "Show Parameter Settings in Synthesis Report" option in "Analysis and Synthesis Settings -> More Settings" to "Off".


+-------------------------------------------------------------------------------------+
; Parameter Settings for User Entity Instance: regfile:regfile_i|reg:\g_regs:25:i_reg ;
+----------------+-------+------------------------------------------------------------+
; Parameter Name ; Value ; Type                                                       ;
+----------------+-------+------------------------------------------------------------+
; N              ; 32    ; Signed Integer                                             ;
+----------------+-------+------------------------------------------------------------+
Note: In order to hide this table in the UI and the text report file, please set the "Show Parameter Settings in Synthesis Report" option in "Analysis and Synthesis Settings -> More Settings" to "Off".


+-------------------------------------------------------------------------------------+
; Parameter Settings for User Entity Instance: regfile:regfile_i|reg:\g_regs:26:i_reg ;
+----------------+-------+------------------------------------------------------------+
; Parameter Name ; Value ; Type                                                       ;
+----------------+-------+------------------------------------------------------------+
; N              ; 32    ; Signed Integer                                             ;
+----------------+-------+------------------------------------------------------------+
Note: In order to hide this table in the UI and the text report file, please set the "Show Parameter Settings in Synthesis Report" option in "Analysis and Synthesis Settings -> More Settings" to "Off".


+-------------------------------------------------------------------------------------+
; Parameter Settings for User Entity Instance: regfile:regfile_i|reg:\g_regs:27:i_reg ;
+----------------+-------+------------------------------------------------------------+
; Parameter Name ; Value ; Type                                                       ;
+----------------+-------+------------------------------------------------------------+
; N              ; 32    ; Signed Integer                                             ;
+----------------+-------+------------------------------------------------------------+
Note: In order to hide this table in the UI and the text report file, please set the "Show Parameter Settings in Synthesis Report" option in "Analysis and Synthesis Settings -> More Settings" to "Off".


+-------------------------------------------------------------------------------------+
; Parameter Settings for User Entity Instance: regfile:regfile_i|reg:\g_regs:28:i_reg ;
+----------------+-------+------------------------------------------------------------+
; Parameter Name ; Value ; Type                                                       ;
+----------------+-------+------------------------------------------------------------+
; N              ; 32    ; Signed Integer                                             ;
+----------------+-------+------------------------------------------------------------+
Note: In order to hide this table in the UI and the text report file, please set the "Show Parameter Settings in Synthesis Report" option in "Analysis and Synthesis Settings -> More Settings" to "Off".


+-------------------------------------------------------------------------------------+
; Parameter Settings for User Entity Instance: regfile:regfile_i|reg:\g_regs:29:i_reg ;
+----------------+-------+------------------------------------------------------------+
; Parameter Name ; Value ; Type                                                       ;
+----------------+-------+------------------------------------------------------------+
; N              ; 32    ; Signed Integer                                             ;
+----------------+-------+------------------------------------------------------------+
Note: In order to hide this table in the UI and the text report file, please set the "Show Parameter Settings in Synthesis Report" option in "Analysis and Synthesis Settings -> More Settings" to "Off".


+-------------------------------------------------------------------------------------+
; Parameter Settings for User Entity Instance: regfile:regfile_i|reg:\g_regs:30:i_reg ;
+----------------+-------+------------------------------------------------------------+
; Parameter Name ; Value ; Type                                                       ;
+----------------+-------+------------------------------------------------------------+
; N              ; 32    ; Signed Integer                                             ;
+----------------+-------+------------------------------------------------------------+
Note: In order to hide this table in the UI and the text report file, please set the "Show Parameter Settings in Synthesis Report" option in "Analysis and Synthesis Settings -> More Settings" to "Off".


+-------------------------------------------------------------------------------------+
; Parameter Settings for User Entity Instance: regfile:regfile_i|reg:\g_regs:31:i_reg ;
+----------------+-------+------------------------------------------------------------+
; Parameter Name ; Value ; Type                                                       ;
+----------------+-------+------------------------------------------------------------+
; N              ; 32    ; Signed Integer                                             ;
+----------------+-------+------------------------------------------------------------+
Note: In order to hide this table in the UI and the text report file, please set the "Show Parameter Settings in Synthesis Report" option in "Analysis and Synthesis Settings -> More Settings" to "Off".


+------------------------------------------------------------------+
; Parameter Settings for User Entity Instance: extender:extender_i ;
+----------------+-------+-----------------------------------------+
; Parameter Name ; Value ; Type                                    ;
+----------------+-------+-----------------------------------------+
; N              ; 12    ; Signed Integer                          ;
+----------------+-------+-----------------------------------------+
Note: In order to hide this table in the UI and the text report file, please set the "Show Parameter Settings in Synthesis Report" option in "Analysis and Synthesis Settings -> More Settings" to "Off".


+----------------------------------------------------------+
; Parameter Settings for User Entity Instance: IDEX:IDEX_i ;
+----------------+-------+---------------------------------+
; Parameter Name ; Value ; Type                            ;
+----------------+-------+---------------------------------+
; n              ; 220   ; Signed Integer                  ;
+----------------+-------+---------------------------------+
Note: In order to hide this table in the UI and the text report file, please set the "Show Parameter Settings in Synthesis Report" option in "Analysis and Synthesis Settings -> More Settings" to "Off".


+--------------------------------------------------------+
; Parameter Settings for User Entity Instance: ALU:ALU_i ;
+----------------+-------+-------------------------------+
; Parameter Name ; Value ; Type                          ;
+----------------+-------+-------------------------------+
; n              ; 32    ; Signed Integer                ;
+----------------+-------+-------------------------------+
Note: In order to hide this table in the UI and the text report file, please set the "Show Parameter Settings in Synthesis Report" option in "Analysis and Synthesis Settings -> More Settings" to "Off".


+-----------------------------------------------------------------------------+
; Parameter Settings for User Entity Instance: ALU:ALU_i|addsubi:addsubi_inst ;
+----------------+-------+----------------------------------------------------+
; Parameter Name ; Value ; Type                                               ;
+----------------+-------+----------------------------------------------------+
; n              ; 32    ; Signed Integer                                     ;
+----------------+-------+----------------------------------------------------+
Note: In order to hide this table in the UI and the text report file, please set the "Show Parameter Settings in Synthesis Report" option in "Analysis and Synthesis Settings -> More Settings" to "Off".


+-----------------------------------------------------------------------------------------------------+
; Parameter Settings for User Entity Instance: ALU:ALU_i|addsubi:addsubi_inst|ripple_adder:adder_inst ;
+----------------+-------+----------------------------------------------------------------------------+
; Parameter Name ; Value ; Type                                                                       ;
+----------------+-------+----------------------------------------------------------------------------+
; n              ; 32    ; Signed Integer                                                             ;
+----------------+-------+----------------------------------------------------------------------------+
Note: In order to hide this table in the UI and the text report file, please set the "Show Parameter Settings in Synthesis Report" option in "Analysis and Synthesis Settings -> More Settings" to "Off".


+------------------------------------------------------------+
; Parameter Settings for User Entity Instance: EXMEM:EXMEM_i ;
+----------------+-------+-----------------------------------+
; Parameter Name ; Value ; Type                              ;
+----------------+-------+-----------------------------------+
; n              ; 178   ; Signed Integer                    ;
+----------------+-------+-----------------------------------+
Note: In order to hide this table in the UI and the text report file, please set the "Show Parameter Settings in Synthesis Report" option in "Analysis and Synthesis Settings -> More Settings" to "Off".


+-------------------------------------------------------+
; Parameter Settings for User Entity Instance: mem:DMem ;
+----------------+-------+------------------------------+
; Parameter Name ; Value ; Type                         ;
+----------------+-------+------------------------------+
; data_width     ; 32    ; Signed Integer               ;
; addr_width     ; 10    ; Signed Integer               ;
+----------------+-------+------------------------------+
Note: In order to hide this table in the UI and the text report file, please set the "Show Parameter Settings in Synthesis Report" option in "Analysis and Synthesis Settings -> More Settings" to "Off".


+------------------------------------------------------------+
; Parameter Settings for User Entity Instance: MEMWB:MEMWB_i ;
+----------------+-------+-----------------------------------+
; Parameter Name ; Value ; Type                              ;
+----------------+-------+-----------------------------------+
; n              ; 146   ; Signed Integer                    ;
+----------------+-------+-----------------------------------+
Note: In order to hide this table in the UI and the text report file, please set the "Show Parameter Settings in Synthesis Report" option in "Analysis and Synthesis Settings -> More Settings" to "Off".


+--------------------------------------------------------------------------------+
; Parameter Settings for Inferred Entity Instance: mem:DMem|altsyncram:ram_rtl_0 ;
+------------------------------------+----------------------+--------------------+
; Parameter Name                     ; Value                ; Type               ;
+------------------------------------+----------------------+--------------------+
; BYTE_SIZE_BLOCK                    ; 8                    ; Untyped            ;
; AUTO_CARRY_CHAINS                  ; ON                   ; AUTO_CARRY         ;
; IGNORE_CARRY_BUFFERS               ; OFF                  ; IGNORE_CARRY       ;
; AUTO_CASCADE_CHAINS                ; ON                   ; AUTO_CASCADE       ;
; IGNORE_CASCADE_BUFFERS             ; OFF                  ; IGNORE_CASCADE     ;
; WIDTH_BYTEENA                      ; 1                    ; Untyped            ;
; OPERATION_MODE                     ; SINGLE_PORT          ; Untyped            ;
; WIDTH_A                            ; 32                   ; Untyped            ;
; WIDTHAD_A                          ; 10                   ; Untyped            ;
; NUMWORDS_A                         ; 1024                 ; Untyped            ;
; OUTDATA_REG_A                      ; UNREGISTERED         ; Untyped            ;
; ADDRESS_ACLR_A                     ; NONE                 ; Untyped            ;
; OUTDATA_ACLR_A                     ; NONE                 ; Untyped            ;
; WRCONTROL_ACLR_A                   ; NONE                 ; Untyped            ;
; INDATA_ACLR_A                      ; NONE                 ; Untyped            ;
; BYTEENA_ACLR_A                     ; NONE                 ; Untyped            ;
; WIDTH_B                            ; 1                    ; Untyped            ;
; WIDTHAD_B                          ; 1                    ; Untyped            ;
; NUMWORDS_B                         ; 1                    ; Untyped            ;
; INDATA_REG_B                       ; CLOCK1               ; Untyped            ;
; WRCONTROL_WRADDRESS_REG_B          ; CLOCK1               ; Untyped            ;
; RDCONTROL_REG_B                    ; CLOCK1               ; Untyped            ;
; ADDRESS_REG_B                      ; CLOCK1               ; Untyped            ;
; OUTDATA_REG_B                      ; UNREGISTERED         ; Untyped            ;
; BYTEENA_REG_B                      ; CLOCK1               ; Untyped            ;
; INDATA_ACLR_B                      ; NONE                 ; Untyped            ;
; WRCONTROL_ACLR_B                   ; NONE                 ; Untyped            ;
; ADDRESS_ACLR_B                     ; NONE                 ; Untyped            ;
; OUTDATA_ACLR_B                     ; NONE                 ; Untyped            ;
; RDCONTROL_ACLR_B                   ; NONE                 ; Untyped            ;
; BYTEENA_ACLR_B                     ; NONE                 ; Untyped            ;
; WIDTH_BYTEENA_A                    ; 1                    ; Untyped            ;
; WIDTH_BYTEENA_B                    ; 1                    ; Untyped            ;
; RAM_BLOCK_TYPE                     ; AUTO                 ; Untyped            ;
; BYTE_SIZE                          ; 8                    ; Untyped            ;
; READ_DURING_WRITE_MODE_MIXED_PORTS ; DONT_CARE            ; Untyped            ;
; READ_DURING_WRITE_MODE_PORT_A      ; OLD_DATA             ; Untyped            ;
; READ_DURING_WRITE_MODE_PORT_B      ; NEW_DATA_NO_NBE_READ ; Untyped            ;
; INIT_FILE                          ; UNUSED               ; Untyped            ;
; INIT_FILE_LAYOUT                   ; PORT_A               ; Untyped            ;
; MAXIMUM_DEPTH                      ; 0                    ; Untyped            ;
; CLOCK_ENABLE_INPUT_A               ; NORMAL               ; Untyped            ;
; CLOCK_ENABLE_INPUT_B               ; NORMAL               ; Untyped            ;
; CLOCK_ENABLE_OUTPUT_A              ; NORMAL               ; Untyped            ;
; CLOCK_ENABLE_OUTPUT_B              ; NORMAL               ; Untyped            ;
; CLOCK_ENABLE_CORE_A                ; USE_INPUT_CLKEN      ; Untyped            ;
; CLOCK_ENABLE_CORE_B                ; USE_INPUT_CLKEN      ; Untyped            ;
; ENABLE_ECC                         ; FALSE                ; Untyped            ;
; ECC_PIPELINE_STAGE_ENABLED         ; FALSE                ; Untyped            ;
; WIDTH_ECCSTATUS                    ; 3                    ; Untyped            ;
; DEVICE_FAMILY                      ; Cyclone IV E         ; Untyped            ;
; CBXI_PARAMETER                     ; altsyncram_eg81      ; Untyped            ;
+------------------------------------+----------------------+--------------------+
Note: In order to hide this table in the UI and the text report file, please set the "Show Parameter Settings in Synthesis Report" option in "Analysis and Synthesis Settings -> More Settings" to "Off".


+---------------------------------------------------------------------------------------------------------+
; Parameter Settings for Inferred Entity Instance: IDEX:IDEX_i|dffg:MemtoReg_dffg|altshift_taps:s_Q_rtl_0 ;
+----------------+----------------+-----------------------------------------------------------------------+
; Parameter Name ; Value          ; Type                                                                  ;
+----------------+----------------+-----------------------------------------------------------------------+
; WIDTH_BYTEENA  ; 1              ; Untyped                                                               ;
; NUMBER_OF_TAPS ; 1              ; Untyped                                                               ;
; TAP_DISTANCE   ; 3              ; Untyped                                                               ;
; WIDTH          ; 11             ; Untyped                                                               ;
; POWER_UP_STATE ; CLEARED        ; Untyped                                                               ;
; CBXI_PARAMETER ; shift_taps_9km ; Untyped                                                               ;
+----------------+----------------+-----------------------------------------------------------------------+
Note: In order to hide this table in the UI and the text report file, please set the "Show Parameter Settings in Synthesis Report" option in "Analysis and Synthesis Settings -> More Settings" to "Off".


+---------------------------------------------------------------------------+
; altsyncram Parameter Settings by Entity Instance                          ;
+-------------------------------------------+-------------------------------+
; Name                                      ; Value                         ;
+-------------------------------------------+-------------------------------+
; Number of entity instances                ; 1                             ;
; Entity Instance                           ; mem:DMem|altsyncram:ram_rtl_0 ;
;     -- OPERATION_MODE                     ; SINGLE_PORT                   ;
;     -- WIDTH_A                            ; 32                            ;
;     -- NUMWORDS_A                         ; 1024                          ;
;     -- OUTDATA_REG_A                      ; UNREGISTERED                  ;
;     -- WIDTH_B                            ; 1                             ;
;     -- NUMWORDS_B                         ; 1                             ;
;     -- ADDRESS_REG_B                      ; CLOCK1                        ;
;     -- OUTDATA_REG_B                      ; UNREGISTERED                  ;
;     -- RAM_BLOCK_TYPE                     ; AUTO                          ;
;     -- READ_DURING_WRITE_MODE_MIXED_PORTS ; DONT_CARE                     ;
+-------------------------------------------+-------------------------------+


+-------------------------------------------------------------------------------------+
; altshift_taps Parameter Settings by Entity Instance                                 ;
+----------------------------+--------------------------------------------------------+
; Name                       ; Value                                                  ;
+----------------------------+--------------------------------------------------------+
; Number of entity instances ; 1                                                      ;
; Entity Instance            ; IDEX:IDEX_i|dffg:MemtoReg_dffg|altshift_taps:s_Q_rtl_0 ;
;     -- NUMBER_OF_TAPS      ; 1                                                      ;
;     -- TAP_DISTANCE        ; 3                                                      ;
;     -- WIDTH               ; 11                                                     ;
+----------------------------+--------------------------------------------------------+


+----------------------------------------------------------------------------------------------------------------+
; Port Connectivity Checks: "dffg:halt_dffg"                                                                     ;
+------+--------+----------+-------------------------------------------------------------------------------------+
; Port ; Type   ; Severity ; Details                                                                             ;
+------+--------+----------+-------------------------------------------------------------------------------------+
; i_we ; Input  ; Info     ; Stuck at VCC                                                                        ;
; o_q  ; Output ; Info     ; Connected to dangling logic. Logic that only feeds a dangling port will be removed. ;
+------+--------+----------+-------------------------------------------------------------------------------------+


+-------------------------------------------------------------------------------------------------------------------------+
; Port Connectivity Checks: "MEMWB:MEMWB_i"                                                                               ;
+---------------+--------+----------+-------------------------------------------------------------------------------------+
; Port          ; Type   ; Severity ; Details                                                                             ;
+---------------+--------+----------+-------------------------------------------------------------------------------------+
; i_we          ; Input  ; Info     ; Stuck at VCC                                                                        ;
; i_d[14]       ; Input  ; Info     ; Stuck at GND                                                                        ;
; o_q[142..132] ; Output ; Info     ; Connected to dangling logic. Logic that only feeds a dangling port will be removed. ;
; o_q[130..123] ; Output ; Info     ; Connected to dangling logic. Logic that only feeds a dangling port will be removed. ;
; o_q[117..111] ; Output ; Info     ; Connected to dangling logic. Logic that only feeds a dangling port will be removed. ;
; o_q[12..9]    ; Output ; Info     ; Connected to dangling logic. Logic that only feeds a dangling port will be removed. ;
; o_q[4..3]     ; Output ; Info     ; Connected to dangling logic. Logic that only feeds a dangling port will be removed. ;
; o_q[1..0]     ; Output ; Info     ; Connected to dangling logic. Logic that only feeds a dangling port will be removed. ;
; o_q[14]       ; Output ; Info     ; Connected to dangling logic. Logic that only feeds a dangling port will be removed. ;
; o_q[7]        ; Output ; Info     ; Connected to dangling logic. Logic that only feeds a dangling port will be removed. ;
+---------------+--------+----------+-------------------------------------------------------------------------------------+


+-----------------------------------------------------------------------------------------------------------------------+
; Port Connectivity Checks: "EXMEM:EXMEM_i"                                                                             ;
+-------------+--------+----------+-------------------------------------------------------------------------------------+
; Port        ; Type   ; Severity ; Details                                                                             ;
+-------------+--------+----------+-------------------------------------------------------------------------------------+
; i_we        ; Input  ; Info     ; Stuck at VCC                                                                        ;
; i_d[14]     ; Input  ; Info     ; Stuck at GND                                                                        ;
; o_q[78..59] ; Output ; Info     ; Connected to dangling logic. Logic that only feeds a dangling port will be removed. ;
; o_q[48..47] ; Output ; Info     ; Connected to dangling logic. Logic that only feeds a dangling port will be removed. ;
; o_q[14]     ; Output ; Info     ; Connected to dangling logic. Logic that only feeds a dangling port will be removed. ;
+-------------+--------+----------+-------------------------------------------------------------------------------------+


+---------------------------------------------------+
; Port Connectivity Checks: "busmux2to1:busmux_set" ;
+-------------+-------+----------+------------------+
; Port        ; Type  ; Severity ; Details          ;
+-------------+-------+----------+------------------+
; i_d1[31..1] ; Input ; Info     ; Stuck at GND     ;
+-------------+-------+----------+------------------+


+------------------------------------------------------------------------------------------------------------------+
; Port Connectivity Checks: "ALU:ALU_i"                                                                            ;
+--------+--------+----------+-------------------------------------------------------------------------------------+
; Port   ; Type   ; Severity ; Details                                                                             ;
+--------+--------+----------+-------------------------------------------------------------------------------------+
; o_cout ; Output ; Info     ; Connected to dangling logic. Logic that only feeds a dangling port will be removed. ;
; o_ovf  ; Output ; Info     ; Connected to dangling logic. Logic that only feeds a dangling port will be removed. ;
+--------+--------+----------+-------------------------------------------------------------------------------------+


+-------------------------------------------------------------------------------------------------------------------+
; Port Connectivity Checks: "IDEX:IDEX_i"                                                                           ;
+---------+--------+----------+-------------------------------------------------------------------------------------+
; Port    ; Type   ; Severity ; Details                                                                             ;
+---------+--------+----------+-------------------------------------------------------------------------------------+
; i_we    ; Input  ; Info     ; Stuck at VCC                                                                        ;
; i_d[14] ; Input  ; Info     ; Stuck at GND                                                                        ;
; o_q[14] ; Output ; Info     ; Connected to dangling logic. Logic that only feeds a dangling port will be removed. ;
+---------+--------+----------+-------------------------------------------------------------------------------------+


+-----------------------------------------------------------------------------------------------------------------------+
; Port Connectivity Checks: "extender:extender_i|busmux2to1:busmux2to1_i"                                               ;
+-------------+--------+----------+-------------------------------------------------------------------------------------+
; Port        ; Type   ; Severity ; Details                                                                             ;
+-------------+--------+----------+-------------------------------------------------------------------------------------+
; i_d0        ; Input  ; Info     ; Stuck at GND                                                                        ;
; i_d1        ; Input  ; Info     ; Stuck at VCC                                                                        ;
; o_q[31..19] ; Output ; Info     ; Connected to dangling logic. Logic that only feeds a dangling port will be removed. ;
+-------------+--------+----------+-------------------------------------------------------------------------------------+


+---------------------------------------------------------+
; Port Connectivity Checks: "regfile:regfile_i|reg:z_reg" ;
+------+-------+----------+-------------------------------+
; Port ; Type  ; Severity ; Details                       ;
+------+-------+----------+-------------------------------+
; i_we ; Input ; Info     ; Stuck at GND                  ;
; i_d  ; Input ; Info     ; Stuck at GND                  ;
+------+-------+----------+-------------------------------+


+------------------------------------------------------------------------------------------------------------------+
; Port Connectivity Checks: "regfile:regfile_i|dec5to32:decoder"                                                   ;
+--------+--------+----------+-------------------------------------------------------------------------------------+
; Port   ; Type   ; Severity ; Details                                                                             ;
+--------+--------+----------+-------------------------------------------------------------------------------------+
; o_q[0] ; Output ; Info     ; Connected to dangling logic. Logic that only feeds a dangling port will be removed. ;
+--------+--------+----------+-------------------------------------------------------------------------------------+


+----------------------------------------------------------------------------+
; Port Connectivity Checks: "IFID:IFID_i|dffg:\fetchInstAdd_dffgs:95:i_dffg" ;
+-------+-------+----------+-------------------------------------------------+
; Port  ; Type  ; Severity ; Details                                         ;
+-------+-------+----------+-------------------------------------------------+
; i_rst ; Input ; Info     ; Stuck at GND                                    ;
+-------+-------+----------+-------------------------------------------------+


+----------------------------------------------------------------------------+
; Port Connectivity Checks: "IFID:IFID_i|dffg:\fetchInstAdd_dffgs:94:i_dffg" ;
+-------+-------+----------+-------------------------------------------------+
; Port  ; Type  ; Severity ; Details                                         ;
+-------+-------+----------+-------------------------------------------------+
; i_rst ; Input ; Info     ; Stuck at GND                                    ;
+-------+-------+----------+-------------------------------------------------+


+----------------------------------------------------------------------------+
; Port Connectivity Checks: "IFID:IFID_i|dffg:\fetchInstAdd_dffgs:93:i_dffg" ;
+-------+-------+----------+-------------------------------------------------+
; Port  ; Type  ; Severity ; Details                                         ;
+-------+-------+----------+-------------------------------------------------+
; i_rst ; Input ; Info     ; Stuck at GND                                    ;
+-------+-------+----------+-------------------------------------------------+


+----------------------------------------------------------------------------+
; Port Connectivity Checks: "IFID:IFID_i|dffg:\fetchInstAdd_dffgs:92:i_dffg" ;
+-------+-------+----------+-------------------------------------------------+
; Port  ; Type  ; Severity ; Details                                         ;
+-------+-------+----------+-------------------------------------------------+
; i_rst ; Input ; Info     ; Stuck at GND                                    ;
+-------+-------+----------+-------------------------------------------------+


+----------------------------------------------------------------------------+
; Port Connectivity Checks: "IFID:IFID_i|dffg:\fetchInstAdd_dffgs:91:i_dffg" ;
+-------+-------+----------+-------------------------------------------------+
; Port  ; Type  ; Severity ; Details                                         ;
+-------+-------+----------+-------------------------------------------------+
; i_rst ; Input ; Info     ; Stuck at GND                                    ;
+-------+-------+----------+-------------------------------------------------+


+----------------------------------------------------------------------------+
; Port Connectivity Checks: "IFID:IFID_i|dffg:\fetchInstAdd_dffgs:90:i_dffg" ;
+-------+-------+----------+-------------------------------------------------+
; Port  ; Type  ; Severity ; Details                                         ;
+-------+-------+----------+-------------------------------------------------+
; i_rst ; Input ; Info     ; Stuck at GND                                    ;
+-------+-------+----------+-------------------------------------------------+


+----------------------------------------------------------------------------+
; Port Connectivity Checks: "IFID:IFID_i|dffg:\fetchInstAdd_dffgs:89:i_dffg" ;
+-------+-------+----------+-------------------------------------------------+
; Port  ; Type  ; Severity ; Details                                         ;
+-------+-------+----------+-------------------------------------------------+
; i_rst ; Input ; Info     ; Stuck at GND                                    ;
+-------+-------+----------+-------------------------------------------------+


+----------------------------------------------------------------------------+
; Port Connectivity Checks: "IFID:IFID_i|dffg:\fetchInstAdd_dffgs:88:i_dffg" ;
+-------+-------+----------+-------------------------------------------------+
; Port  ; Type  ; Severity ; Details                                         ;
+-------+-------+----------+-------------------------------------------------+
; i_rst ; Input ; Info     ; Stuck at GND                                    ;
+-------+-------+----------+-------------------------------------------------+


+----------------------------------------------------------------------------+
; Port Connectivity Checks: "IFID:IFID_i|dffg:\fetchInstAdd_dffgs:87:i_dffg" ;
+-------+-------+----------+-------------------------------------------------+
; Port  ; Type  ; Severity ; Details                                         ;
+-------+-------+----------+-------------------------------------------------+
; i_rst ; Input ; Info     ; Stuck at GND                                    ;
+-------+-------+----------+-------------------------------------------------+


+----------------------------------------------------------------------------+
; Port Connectivity Checks: "IFID:IFID_i|dffg:\fetchInstAdd_dffgs:86:i_dffg" ;
+-------+-------+----------+-------------------------------------------------+
; Port  ; Type  ; Severity ; Details                                         ;
+-------+-------+----------+-------------------------------------------------+
; i_rst ; Input ; Info     ; Stuck at GND                                    ;
+-------+-------+----------+-------------------------------------------------+


+----------------------------------------------------------------------------+
; Port Connectivity Checks: "IFID:IFID_i|dffg:\fetchInstAdd_dffgs:85:i_dffg" ;
+-------+-------+----------+-------------------------------------------------+
; Port  ; Type  ; Severity ; Details                                         ;
+-------+-------+----------+-------------------------------------------------+
; i_rst ; Input ; Info     ; Stuck at GND                                    ;
+-------+-------+----------+-------------------------------------------------+


+----------------------------------------------------------------------------+
; Port Connectivity Checks: "IFID:IFID_i|dffg:\fetchInstAdd_dffgs:84:i_dffg" ;
+-------+-------+----------+-------------------------------------------------+
; Port  ; Type  ; Severity ; Details                                         ;
+-------+-------+----------+-------------------------------------------------+
; i_rst ; Input ; Info     ; Stuck at GND                                    ;
+-------+-------+----------+-------------------------------------------------+


+----------------------------------------------------------------------------+
; Port Connectivity Checks: "IFID:IFID_i|dffg:\fetchInstAdd_dffgs:83:i_dffg" ;
+-------+-------+----------+-------------------------------------------------+
; Port  ; Type  ; Severity ; Details                                         ;
+-------+-------+----------+-------------------------------------------------+
; i_rst ; Input ; Info     ; Stuck at GND                                    ;
+-------+-------+----------+-------------------------------------------------+


+----------------------------------------------------------------------------+
; Port Connectivity Checks: "IFID:IFID_i|dffg:\fetchInstAdd_dffgs:82:i_dffg" ;
+-------+-------+----------+-------------------------------------------------+
; Port  ; Type  ; Severity ; Details                                         ;
+-------+-------+----------+-------------------------------------------------+
; i_rst ; Input ; Info     ; Stuck at GND                                    ;
+-------+-------+----------+-------------------------------------------------+


+----------------------------------------------------------------------------+
; Port Connectivity Checks: "IFID:IFID_i|dffg:\fetchInstAdd_dffgs:81:i_dffg" ;
+-------+-------+----------+-------------------------------------------------+
; Port  ; Type  ; Severity ; Details                                         ;
+-------+-------+----------+-------------------------------------------------+
; i_rst ; Input ; Info     ; Stuck at GND                                    ;
+-------+-------+----------+-------------------------------------------------+


+----------------------------------------------------------------------------+
; Port Connectivity Checks: "IFID:IFID_i|dffg:\fetchInstAdd_dffgs:80:i_dffg" ;
+-------+-------+----------+-------------------------------------------------+
; Port  ; Type  ; Severity ; Details                                         ;
+-------+-------+----------+-------------------------------------------------+
; i_rst ; Input ; Info     ; Stuck at GND                                    ;
+-------+-------+----------+-------------------------------------------------+


+----------------------------------------------------------------------------+
; Port Connectivity Checks: "IFID:IFID_i|dffg:\fetchInstAdd_dffgs:79:i_dffg" ;
+-------+-------+----------+-------------------------------------------------+
; Port  ; Type  ; Severity ; Details                                         ;
+-------+-------+----------+-------------------------------------------------+
; i_rst ; Input ; Info     ; Stuck at GND                                    ;
+-------+-------+----------+-------------------------------------------------+


+----------------------------------------------------------------------------+
; Port Connectivity Checks: "IFID:IFID_i|dffg:\fetchInstAdd_dffgs:78:i_dffg" ;
+-------+-------+----------+-------------------------------------------------+
; Port  ; Type  ; Severity ; Details                                         ;
+-------+-------+----------+-------------------------------------------------+
; i_rst ; Input ; Info     ; Stuck at GND                                    ;
+-------+-------+----------+-------------------------------------------------+


+----------------------------------------------------------------------------+
; Port Connectivity Checks: "IFID:IFID_i|dffg:\fetchInstAdd_dffgs:77:i_dffg" ;
+-------+-------+----------+-------------------------------------------------+
; Port  ; Type  ; Severity ; Details                                         ;
+-------+-------+----------+-------------------------------------------------+
; i_rst ; Input ; Info     ; Stuck at GND                                    ;
+-------+-------+----------+-------------------------------------------------+


+----------------------------------------------------------------------------+
; Port Connectivity Checks: "IFID:IFID_i|dffg:\fetchInstAdd_dffgs:76:i_dffg" ;
+-------+-------+----------+-------------------------------------------------+
; Port  ; Type  ; Severity ; Details                                         ;
+-------+-------+----------+-------------------------------------------------+
; i_rst ; Input ; Info     ; Stuck at GND                                    ;
+-------+-------+----------+-------------------------------------------------+


+----------------------------------------------------------------------------+
; Port Connectivity Checks: "IFID:IFID_i|dffg:\fetchInstAdd_dffgs:75:i_dffg" ;
+-------+-------+----------+-------------------------------------------------+
; Port  ; Type  ; Severity ; Details                                         ;
+-------+-------+----------+-------------------------------------------------+
; i_rst ; Input ; Info     ; Stuck at GND                                    ;
+-------+-------+----------+-------------------------------------------------+


+----------------------------------------------------------------------------+
; Port Connectivity Checks: "IFID:IFID_i|dffg:\fetchInstAdd_dffgs:74:i_dffg" ;
+-------+-------+----------+-------------------------------------------------+
; Port  ; Type  ; Severity ; Details                                         ;
+-------+-------+----------+-------------------------------------------------+
; i_rst ; Input ; Info     ; Stuck at GND                                    ;
+-------+-------+----------+-------------------------------------------------+


+----------------------------------------------------------------------------+
; Port Connectivity Checks: "IFID:IFID_i|dffg:\fetchInstAdd_dffgs:73:i_dffg" ;
+-------+-------+----------+-------------------------------------------------+
; Port  ; Type  ; Severity ; Details                                         ;
+-------+-------+----------+-------------------------------------------------+
; i_rst ; Input ; Info     ; Stuck at GND                                    ;
+-------+-------+----------+-------------------------------------------------+


+----------------------------------------------------------------------------+
; Port Connectivity Checks: "IFID:IFID_i|dffg:\fetchInstAdd_dffgs:72:i_dffg" ;
+-------+-------+----------+-------------------------------------------------+
; Port  ; Type  ; Severity ; Details                                         ;
+-------+-------+----------+-------------------------------------------------+
; i_rst ; Input ; Info     ; Stuck at GND                                    ;
+-------+-------+----------+-------------------------------------------------+


+----------------------------------------------------------------------------+
; Port Connectivity Checks: "IFID:IFID_i|dffg:\fetchInstAdd_dffgs:71:i_dffg" ;
+-------+-------+----------+-------------------------------------------------+
; Port  ; Type  ; Severity ; Details                                         ;
+-------+-------+----------+-------------------------------------------------+
; i_rst ; Input ; Info     ; Stuck at GND                                    ;
+-------+-------+----------+-------------------------------------------------+


+----------------------------------------------------------------------------+
; Port Connectivity Checks: "IFID:IFID_i|dffg:\fetchInstAdd_dffgs:70:i_dffg" ;
+-------+-------+----------+-------------------------------------------------+
; Port  ; Type  ; Severity ; Details                                         ;
+-------+-------+----------+-------------------------------------------------+
; i_rst ; Input ; Info     ; Stuck at GND                                    ;
+-------+-------+----------+-------------------------------------------------+


+----------------------------------------------------------------------------+
; Port Connectivity Checks: "IFID:IFID_i|dffg:\fetchInstAdd_dffgs:69:i_dffg" ;
+-------+-------+----------+-------------------------------------------------+
; Port  ; Type  ; Severity ; Details                                         ;
+-------+-------+----------+-------------------------------------------------+
; i_rst ; Input ; Info     ; Stuck at GND                                    ;
+-------+-------+----------+-------------------------------------------------+


+----------------------------------------------------------------------------+
; Port Connectivity Checks: "IFID:IFID_i|dffg:\fetchInstAdd_dffgs:68:i_dffg" ;
+-------+-------+----------+-------------------------------------------------+
; Port  ; Type  ; Severity ; Details                                         ;
+-------+-------+----------+-------------------------------------------------+
; i_rst ; Input ; Info     ; Stuck at GND                                    ;
+-------+-------+----------+-------------------------------------------------+


+----------------------------------------------------------------------------+
; Port Connectivity Checks: "IFID:IFID_i|dffg:\fetchInstAdd_dffgs:67:i_dffg" ;
+-------+-------+----------+-------------------------------------------------+
; Port  ; Type  ; Severity ; Details                                         ;
+-------+-------+----------+-------------------------------------------------+
; i_rst ; Input ; Info     ; Stuck at GND                                    ;
+-------+-------+----------+-------------------------------------------------+


+----------------------------------------------------------------------------+
; Port Connectivity Checks: "IFID:IFID_i|dffg:\fetchInstAdd_dffgs:66:i_dffg" ;
+-------+-------+----------+-------------------------------------------------+
; Port  ; Type  ; Severity ; Details                                         ;
+-------+-------+----------+-------------------------------------------------+
; i_rst ; Input ; Info     ; Stuck at GND                                    ;
+-------+-------+----------+-------------------------------------------------+


+----------------------------------------------------------------------------+
; Port Connectivity Checks: "IFID:IFID_i|dffg:\fetchInstAdd_dffgs:65:i_dffg" ;
+-------+-------+----------+-------------------------------------------------+
; Port  ; Type  ; Severity ; Details                                         ;
+-------+-------+----------+-------------------------------------------------+
; i_rst ; Input ; Info     ; Stuck at GND                                    ;
+-------+-------+----------+-------------------------------------------------+


+----------------------------------------------------------------------------+
; Port Connectivity Checks: "IFID:IFID_i|dffg:\fetchInstAdd_dffgs:64:i_dffg" ;
+-------+-------+----------+-------------------------------------------------+
; Port  ; Type  ; Severity ; Details                                         ;
+-------+-------+----------+-------------------------------------------------+
; i_rst ; Input ; Info     ; Stuck at GND                                    ;
+-------+-------+----------+-------------------------------------------------+


+---------------------------------------------------------------------------------+
; Port Connectivity Checks: "IFID:IFID_i|dffg:\fetchInstAddPlus4_dffgs:63:i_dffg" ;
+-------+-------+----------+------------------------------------------------------+
; Port  ; Type  ; Severity ; Details                                              ;
+-------+-------+----------+------------------------------------------------------+
; i_rst ; Input ; Info     ; Stuck at GND                                         ;
+-------+-------+----------+------------------------------------------------------+


+---------------------------------------------------------------------------------+
; Port Connectivity Checks: "IFID:IFID_i|dffg:\fetchInstAddPlus4_dffgs:62:i_dffg" ;
+-------+-------+----------+------------------------------------------------------+
; Port  ; Type  ; Severity ; Details                                              ;
+-------+-------+----------+------------------------------------------------------+
; i_rst ; Input ; Info     ; Stuck at GND                                         ;
+-------+-------+----------+------------------------------------------------------+


+---------------------------------------------------------------------------------+
; Port Connectivity Checks: "IFID:IFID_i|dffg:\fetchInstAddPlus4_dffgs:61:i_dffg" ;
+-------+-------+----------+------------------------------------------------------+
; Port  ; Type  ; Severity ; Details                                              ;
+-------+-------+----------+------------------------------------------------------+
; i_rst ; Input ; Info     ; Stuck at GND                                         ;
+-------+-------+----------+------------------------------------------------------+


+---------------------------------------------------------------------------------+
; Port Connectivity Checks: "IFID:IFID_i|dffg:\fetchInstAddPlus4_dffgs:60:i_dffg" ;
+-------+-------+----------+------------------------------------------------------+
; Port  ; Type  ; Severity ; Details                                              ;
+-------+-------+----------+------------------------------------------------------+
; i_rst ; Input ; Info     ; Stuck at GND                                         ;
+-------+-------+----------+------------------------------------------------------+


+---------------------------------------------------------------------------------+
; Port Connectivity Checks: "IFID:IFID_i|dffg:\fetchInstAddPlus4_dffgs:59:i_dffg" ;
+-------+-------+----------+------------------------------------------------------+
; Port  ; Type  ; Severity ; Details                                              ;
+-------+-------+----------+------------------------------------------------------+
; i_rst ; Input ; Info     ; Stuck at GND                                         ;
+-------+-------+----------+------------------------------------------------------+


+---------------------------------------------------------------------------------+
; Port Connectivity Checks: "IFID:IFID_i|dffg:\fetchInstAddPlus4_dffgs:58:i_dffg" ;
+-------+-------+----------+------------------------------------------------------+
; Port  ; Type  ; Severity ; Details                                              ;
+-------+-------+----------+------------------------------------------------------+
; i_rst ; Input ; Info     ; Stuck at GND                                         ;
+-------+-------+----------+------------------------------------------------------+


+---------------------------------------------------------------------------------+
; Port Connectivity Checks: "IFID:IFID_i|dffg:\fetchInstAddPlus4_dffgs:57:i_dffg" ;
+-------+-------+----------+------------------------------------------------------+
; Port  ; Type  ; Severity ; Details                                              ;
+-------+-------+----------+------------------------------------------------------+
; i_rst ; Input ; Info     ; Stuck at GND                                         ;
+-------+-------+----------+------------------------------------------------------+


+---------------------------------------------------------------------------------+
; Port Connectivity Checks: "IFID:IFID_i|dffg:\fetchInstAddPlus4_dffgs:56:i_dffg" ;
+-------+-------+----------+------------------------------------------------------+
; Port  ; Type  ; Severity ; Details                                              ;
+-------+-------+----------+------------------------------------------------------+
; i_rst ; Input ; Info     ; Stuck at GND                                         ;
+-------+-------+----------+------------------------------------------------------+


+---------------------------------------------------------------------------------+
; Port Connectivity Checks: "IFID:IFID_i|dffg:\fetchInstAddPlus4_dffgs:55:i_dffg" ;
+-------+-------+----------+------------------------------------------------------+
; Port  ; Type  ; Severity ; Details                                              ;
+-------+-------+----------+------------------------------------------------------+
; i_rst ; Input ; Info     ; Stuck at GND                                         ;
+-------+-------+----------+------------------------------------------------------+


+---------------------------------------------------------------------------------+
; Port Connectivity Checks: "IFID:IFID_i|dffg:\fetchInstAddPlus4_dffgs:54:i_dffg" ;
+-------+-------+----------+------------------------------------------------------+
; Port  ; Type  ; Severity ; Details                                              ;
+-------+-------+----------+------------------------------------------------------+
; i_rst ; Input ; Info     ; Stuck at GND                                         ;
+-------+-------+----------+------------------------------------------------------+


+---------------------------------------------------------------------------------+
; Port Connectivity Checks: "IFID:IFID_i|dffg:\fetchInstAddPlus4_dffgs:53:i_dffg" ;
+-------+-------+----------+------------------------------------------------------+
; Port  ; Type  ; Severity ; Details                                              ;
+-------+-------+----------+------------------------------------------------------+
; i_rst ; Input ; Info     ; Stuck at GND                                         ;
+-------+-------+----------+------------------------------------------------------+


+---------------------------------------------------------------------------------+
; Port Connectivity Checks: "IFID:IFID_i|dffg:\fetchInstAddPlus4_dffgs:52:i_dffg" ;
+-------+-------+----------+------------------------------------------------------+
; Port  ; Type  ; Severity ; Details                                              ;
+-------+-------+----------+------------------------------------------------------+
; i_rst ; Input ; Info     ; Stuck at GND                                         ;
+-------+-------+----------+------------------------------------------------------+


+---------------------------------------------------------------------------------+
; Port Connectivity Checks: "IFID:IFID_i|dffg:\fetchInstAddPlus4_dffgs:51:i_dffg" ;
+-------+-------+----------+------------------------------------------------------+
; Port  ; Type  ; Severity ; Details                                              ;
+-------+-------+----------+------------------------------------------------------+
; i_rst ; Input ; Info     ; Stuck at GND                                         ;
+-------+-------+----------+------------------------------------------------------+


+---------------------------------------------------------------------------------+
; Port Connectivity Checks: "IFID:IFID_i|dffg:\fetchInstAddPlus4_dffgs:50:i_dffg" ;
+-------+-------+----------+------------------------------------------------------+
; Port  ; Type  ; Severity ; Details                                              ;
+-------+-------+----------+------------------------------------------------------+
; i_rst ; Input ; Info     ; Stuck at GND                                         ;
+-------+-------+----------+------------------------------------------------------+


+---------------------------------------------------------------------------------+
; Port Connectivity Checks: "IFID:IFID_i|dffg:\fetchInstAddPlus4_dffgs:49:i_dffg" ;
+-------+-------+----------+------------------------------------------------------+
; Port  ; Type  ; Severity ; Details                                              ;
+-------+-------+----------+------------------------------------------------------+
; i_rst ; Input ; Info     ; Stuck at GND                                         ;
+-------+-------+----------+------------------------------------------------------+


+---------------------------------------------------------------------------------+
; Port Connectivity Checks: "IFID:IFID_i|dffg:\fetchInstAddPlus4_dffgs:48:i_dffg" ;
+-------+-------+----------+------------------------------------------------------+
; Port  ; Type  ; Severity ; Details                                              ;
+-------+-------+----------+------------------------------------------------------+
; i_rst ; Input ; Info     ; Stuck at GND                                         ;
+-------+-------+----------+------------------------------------------------------+


+---------------------------------------------------------------------------------+
; Port Connectivity Checks: "IFID:IFID_i|dffg:\fetchInstAddPlus4_dffgs:47:i_dffg" ;
+-------+-------+----------+------------------------------------------------------+
; Port  ; Type  ; Severity ; Details                                              ;
+-------+-------+----------+------------------------------------------------------+
; i_rst ; Input ; Info     ; Stuck at GND                                         ;
+-------+-------+----------+------------------------------------------------------+


+---------------------------------------------------------------------------------+
; Port Connectivity Checks: "IFID:IFID_i|dffg:\fetchInstAddPlus4_dffgs:46:i_dffg" ;
+-------+-------+----------+------------------------------------------------------+
; Port  ; Type  ; Severity ; Details                                              ;
+-------+-------+----------+------------------------------------------------------+
; i_rst ; Input ; Info     ; Stuck at GND                                         ;
+-------+-------+----------+------------------------------------------------------+


+---------------------------------------------------------------------------------+
; Port Connectivity Checks: "IFID:IFID_i|dffg:\fetchInstAddPlus4_dffgs:45:i_dffg" ;
+-------+-------+----------+------------------------------------------------------+
; Port  ; Type  ; Severity ; Details                                              ;
+-------+-------+----------+------------------------------------------------------+
; i_rst ; Input ; Info     ; Stuck at GND                                         ;
+-------+-------+----------+------------------------------------------------------+


+---------------------------------------------------------------------------------+
; Port Connectivity Checks: "IFID:IFID_i|dffg:\fetchInstAddPlus4_dffgs:44:i_dffg" ;
+-------+-------+----------+------------------------------------------------------+
; Port  ; Type  ; Severity ; Details                                              ;
+-------+-------+----------+------------------------------------------------------+
; i_rst ; Input ; Info     ; Stuck at GND                                         ;
+-------+-------+----------+------------------------------------------------------+


+---------------------------------------------------------------------------------+
; Port Connectivity Checks: "IFID:IFID_i|dffg:\fetchInstAddPlus4_dffgs:43:i_dffg" ;
+-------+-------+----------+------------------------------------------------------+
; Port  ; Type  ; Severity ; Details                                              ;
+-------+-------+----------+------------------------------------------------------+
; i_rst ; Input ; Info     ; Stuck at GND                                         ;
+-------+-------+----------+------------------------------------------------------+


+---------------------------------------------------------------------------------+
; Port Connectivity Checks: "IFID:IFID_i|dffg:\fetchInstAddPlus4_dffgs:42:i_dffg" ;
+-------+-------+----------+------------------------------------------------------+
; Port  ; Type  ; Severity ; Details                                              ;
+-------+-------+----------+------------------------------------------------------+
; i_rst ; Input ; Info     ; Stuck at GND                                         ;
+-------+-------+----------+------------------------------------------------------+


+---------------------------------------------------------------------------------+
; Port Connectivity Checks: "IFID:IFID_i|dffg:\fetchInstAddPlus4_dffgs:41:i_dffg" ;
+-------+-------+----------+------------------------------------------------------+
; Port  ; Type  ; Severity ; Details                                              ;
+-------+-------+----------+------------------------------------------------------+
; i_rst ; Input ; Info     ; Stuck at GND                                         ;
+-------+-------+----------+------------------------------------------------------+


+---------------------------------------------------------------------------------+
; Port Connectivity Checks: "IFID:IFID_i|dffg:\fetchInstAddPlus4_dffgs:40:i_dffg" ;
+-------+-------+----------+------------------------------------------------------+
; Port  ; Type  ; Severity ; Details                                              ;
+-------+-------+----------+------------------------------------------------------+
; i_rst ; Input ; Info     ; Stuck at GND                                         ;
+-------+-------+----------+------------------------------------------------------+


+---------------------------------------------------------------------------------+
; Port Connectivity Checks: "IFID:IFID_i|dffg:\fetchInstAddPlus4_dffgs:39:i_dffg" ;
+-------+-------+----------+------------------------------------------------------+
; Port  ; Type  ; Severity ; Details                                              ;
+-------+-------+----------+------------------------------------------------------+
; i_rst ; Input ; Info     ; Stuck at GND                                         ;
+-------+-------+----------+------------------------------------------------------+


+---------------------------------------------------------------------------------+
; Port Connectivity Checks: "IFID:IFID_i|dffg:\fetchInstAddPlus4_dffgs:38:i_dffg" ;
+-------+-------+----------+------------------------------------------------------+
; Port  ; Type  ; Severity ; Details                                              ;
+-------+-------+----------+------------------------------------------------------+
; i_rst ; Input ; Info     ; Stuck at GND                                         ;
+-------+-------+----------+------------------------------------------------------+


+---------------------------------------------------------------------------------+
; Port Connectivity Checks: "IFID:IFID_i|dffg:\fetchInstAddPlus4_dffgs:37:i_dffg" ;
+-------+-------+----------+------------------------------------------------------+
; Port  ; Type  ; Severity ; Details                                              ;
+-------+-------+----------+------------------------------------------------------+
; i_rst ; Input ; Info     ; Stuck at GND                                         ;
+-------+-------+----------+------------------------------------------------------+


+---------------------------------------------------------------------------------+
; Port Connectivity Checks: "IFID:IFID_i|dffg:\fetchInstAddPlus4_dffgs:36:i_dffg" ;
+-------+-------+----------+------------------------------------------------------+
; Port  ; Type  ; Severity ; Details                                              ;
+-------+-------+----------+------------------------------------------------------+
; i_rst ; Input ; Info     ; Stuck at GND                                         ;
+-------+-------+----------+------------------------------------------------------+


+---------------------------------------------------------------------------------+
; Port Connectivity Checks: "IFID:IFID_i|dffg:\fetchInstAddPlus4_dffgs:35:i_dffg" ;
+-------+-------+----------+------------------------------------------------------+
; Port  ; Type  ; Severity ; Details                                              ;
+-------+-------+----------+------------------------------------------------------+
; i_rst ; Input ; Info     ; Stuck at GND                                         ;
+-------+-------+----------+------------------------------------------------------+


+---------------------------------------------------------------------------------+
; Port Connectivity Checks: "IFID:IFID_i|dffg:\fetchInstAddPlus4_dffgs:34:i_dffg" ;
+-------+-------+----------+------------------------------------------------------+
; Port  ; Type  ; Severity ; Details                                              ;
+-------+-------+----------+------------------------------------------------------+
; i_rst ; Input ; Info     ; Stuck at GND                                         ;
+-------+-------+----------+------------------------------------------------------+


+---------------------------------------------------------------------------------+
; Port Connectivity Checks: "IFID:IFID_i|dffg:\fetchInstAddPlus4_dffgs:33:i_dffg" ;
+-------+-------+----------+------------------------------------------------------+
; Port  ; Type  ; Severity ; Details                                              ;
+-------+-------+----------+------------------------------------------------------+
; i_rst ; Input ; Info     ; Stuck at GND                                         ;
+-------+-------+----------+------------------------------------------------------+


+---------------------------------------------------------------------------------+
; Port Connectivity Checks: "IFID:IFID_i|dffg:\fetchInstAddPlus4_dffgs:32:i_dffg" ;
+-------+-------+----------+------------------------------------------------------+
; Port  ; Type  ; Severity ; Details                                              ;
+-------+-------+----------+------------------------------------------------------+
; i_rst ; Input ; Info     ; Stuck at GND                                         ;
+-------+-------+----------+------------------------------------------------------+


+-----------------------------------------+
; Port Connectivity Checks: "IFID:IFID_i" ;
+------+-------+----------+---------------+
; Port ; Type  ; Severity ; Details       ;
+------+-------+----------+---------------+
; i_we ; Input ; Info     ; Stuck at VCC  ;
+------+-------+----------+---------------+


+---------------------------------------------------+
; Port Connectivity Checks: "busmux2to1:busmux_rst" ;
+------+-------+----------+-------------------------+
; Port ; Type  ; Severity ; Details                 ;
+------+-------+----------+-------------------------+
; i_d1 ; Input ; Info     ; Stuck at GND            ;
+------+-------+----------+-------------------------+


+---------------------------------------------------------------------------------------------------------------------------------------+
; Port Connectivity Checks: "fetch:fetch_i|ripple_adder:addimm"                                                                         ;
+--------+--------+----------+----------------------------------------------------------------------------------------------------------+
; Port   ; Type   ; Severity ; Details                                                                                                  ;
+--------+--------+----------+----------------------------------------------------------------------------------------------------------+
; i_cin  ; Input  ; Info     ; Stuck at GND                                                                                             ;
; o_cout ; Output ; Info     ; Connected to dangling logic. Logic that only feeds a dangling port will be removed.                      ;
; o_ovf  ; Output ; Warning  ; Declared by entity but not connected by instance. Logic that only feeds a dangling port will be removed. ;
+--------+--------+----------+----------------------------------------------------------------------------------------------------------+


+-------------------------------------------------------------------------------------------------------------------------------------------+
; Port Connectivity Checks: "fetch:fetch_i|ripple_adder:add4"                                                                               ;
+------------+--------+----------+----------------------------------------------------------------------------------------------------------+
; Port       ; Type   ; Severity ; Details                                                                                                  ;
+------------+--------+----------+----------------------------------------------------------------------------------------------------------+
; i_b[31..3] ; Input  ; Info     ; Stuck at GND                                                                                             ;
; i_b[1..0]  ; Input  ; Info     ; Stuck at GND                                                                                             ;
; i_b[2]     ; Input  ; Info     ; Stuck at VCC                                                                                             ;
; i_cin      ; Input  ; Info     ; Stuck at GND                                                                                             ;
; o_cout     ; Output ; Info     ; Connected to dangling logic. Logic that only feeds a dangling port will be removed.                      ;
; o_ovf      ; Output ; Warning  ; Declared by entity but not connected by instance. Logic that only feeds a dangling port will be removed. ;
+------------+--------+----------+----------------------------------------------------------------------------------------------------------+


+-------------------------------------------+
; Port Connectivity Checks: "fetch:fetch_i" ;
+-------+-------+----------+----------------+
; Port  ; Type  ; Severity ; Details        ;
+-------+-------+----------+----------------+
; i_wen ; Input ; Info     ; Stuck at VCC   ;
+-------+-------+----------+----------------+


+-----------------------------------------------------+
; Post-Synthesis Netlist Statistics for Top Partition ;
+-----------------------+-----------------------------+
; Type                  ; Count                       ;
+-----------------------+-----------------------------+
; boundary_port         ; 99                          ;
; cycloneiii_ff         ; 34239                       ;
;     CLR               ; 403                         ;
;     CLR SCLR SLD      ; 7                           ;
;     CLR SLD           ; 1                           ;
;     ENA               ; 32768                       ;
;     ENA CLR           ; 995                         ;
;     plain             ; 65                          ;
; cycloneiii_lcell_comb ; 25307                       ;
;     arith             ; 3                           ;
;         2 data inputs ; 3                           ;
;     normal            ; 25304                       ;
;         0 data inputs ; 2                           ;
;         1 data inputs ; 4                           ;
;         2 data inputs ; 832                         ;
;         3 data inputs ; 587                         ;
;         4 data inputs ; 23879                       ;
; cycloneiii_ram_block  ; 43                          ;
;                       ;                             ;
; Max LUT depth         ; 39.00                       ;
; Average LUT depth     ; 9.07                        ;
+-----------------------+-----------------------------+


+-------------------------------+
; Elapsed Time Per Partition    ;
+----------------+--------------+
; Partition Name ; Elapsed Time ;
+----------------+--------------+
; Top            ; 00:00:48     ;
+----------------+--------------+


+-------------------------------+
; Analysis & Synthesis Messages ;
+-------------------------------+
Info: *******************************************************************
Info: Running Quartus Prime Analysis & Synthesis
    Info: Version 20.1.1 Build 720 11/11/2020 SJ Standard Edition
    Info: Copyright (C) 2020  Intel Corporation. All rights reserved.
    Info: Your use of Intel Corporation's design tools, logic functions 
    Info: and other software and tools, and any partner logic 
    Info: functions, and any output files from any of the foregoing 
    Info: (including device programming or simulation files), and any 
    Info: associated documentation or information are expressly subject 
    Info: to the terms and conditions of the Intel Program License 
    Info: Subscription Agreement, the Intel Quartus Prime License Agreement,
    Info: the Intel FPGA IP License Agreement, or other applicable license
    Info: agreement, including, without limitation, that your use is for
    Info: the sole purpose of programming logic devices manufactured by
    Info: Intel and sold by Intel or its authorized distributors.  Please
    Info: refer to the applicable agreement for further details, at
    Info: https://fpgasoftware.intel.com/eula.
    Info: Processing started: Thu Dec 11 10:26:24 2025
Info: Command: quartus_map --read_settings_files=on --write_settings_files=off toolflow -c toolflow
Warning (18236): Number of processors has not been specified which may cause overloading on shared machines.  Set the global assignment NUM_PARALLEL_PROCESSORS in your QSF to an appropriate value for best performance.
Info (20030): Parallel compilation is enabled and will use 12 of the 12 processors detected
Info (12021): Found 2 design units, including 1 entities, in source file /home/layneben/Downloads/cpre3810-toolflow/proj/src/ALU.vhd
    Info (12022): Found design unit 1: ALU-structure File: /home/layneben/Downloads/cpre3810-toolflow/proj/src/ALU.vhd Line: 27
    Info (12023): Found entity 1: ALU File: /home/layneben/Downloads/cpre3810-toolflow/proj/src/ALU.vhd Line: 5
Info (12021): Found 2 design units, including 1 entities, in source file /home/layneben/Downloads/cpre3810-toolflow/proj/src/ALU_control.vhd
    Info (12022): Found design unit 1: ALU_control-behavioral File: /home/layneben/Downloads/cpre3810-toolflow/proj/src/ALU_control.vhd Line: 24
    Info (12023): Found entity 1: ALU_control File: /home/layneben/Downloads/cpre3810-toolflow/proj/src/ALU_control.vhd Line: 6
Info (12021): Found 2 design units, including 1 entities, in source file /home/layneben/Downloads/cpre3810-toolflow/proj/src/EXMEM.vhd
    Info (12022): Found design unit 1: EXMEM-structure File: /home/layneben/Downloads/cpre3810-toolflow/proj/src/EXMEM.vhd Line: 17
    Info (12023): Found entity 1: EXMEM File: /home/layneben/Downloads/cpre3810-toolflow/proj/src/EXMEM.vhd Line: 5
Info (12021): Found 2 design units, including 1 entities, in source file /home/layneben/Downloads/cpre3810-toolflow/proj/src/HDU.vhd
    Info (12022): Found design unit 1: HDU-structure File: /home/layneben/Downloads/cpre3810-toolflow/proj/src/HDU.vhd Line: 39
    Info (12023): Found entity 1: HDU File: /home/layneben/Downloads/cpre3810-toolflow/proj/src/HDU.vhd Line: 5
Info (12021): Found 2 design units, including 1 entities, in source file /home/layneben/Downloads/cpre3810-toolflow/proj/src/IDEX.vhd
    Info (12022): Found design unit 1: IDEX-structure File: /home/layneben/Downloads/cpre3810-toolflow/proj/src/IDEX.vhd Line: 19
    Info (12023): Found entity 1: IDEX File: /home/layneben/Downloads/cpre3810-toolflow/proj/src/IDEX.vhd Line: 5
Info (12021): Found 2 design units, including 1 entities, in source file /home/layneben/Downloads/cpre3810-toolflow/proj/src/IFID.vhd
    Info (12022): Found design unit 1: IFID-structure File: /home/layneben/Downloads/cpre3810-toolflow/proj/src/IFID.vhd Line: 18
    Info (12023): Found entity 1: IFID File: /home/layneben/Downloads/cpre3810-toolflow/proj/src/IFID.vhd Line: 5
Info (12021): Found 2 design units, including 1 entities, in source file /home/layneben/Downloads/cpre3810-toolflow/proj/src/MEMWB.vhd
    Info (12022): Found design unit 1: MEMWB-structure File: /home/layneben/Downloads/cpre3810-toolflow/proj/src/MEMWB.vhd Line: 17
    Info (12023): Found entity 1: MEMWB File: /home/layneben/Downloads/cpre3810-toolflow/proj/src/MEMWB.vhd Line: 5
Info (12021): Found 2 design units, including 1 entities, in source file /home/layneben/Downloads/cpre3810-toolflow/proj/src/PART1.vhd
    Info (12022): Found design unit 1: PART1-structure File: /home/layneben/Downloads/cpre3810-toolflow/proj/src/PART1.vhd Line: 18
    Info (12023): Found entity 1: PART1 File: /home/layneben/Downloads/cpre3810-toolflow/proj/src/PART1.vhd Line: 7
Info (12021): Found 2 design units, including 1 entities, in source file /home/layneben/Downloads/cpre3810-toolflow/proj/src/PCreg.vhd
    Info (12022): Found design unit 1: PCreg-structure File: /home/layneben/Downloads/cpre3810-toolflow/proj/src/PCreg.vhd Line: 18
    Info (12023): Found entity 1: PCreg File: /home/layneben/Downloads/cpre3810-toolflow/proj/src/PCreg.vhd Line: 6
Info (12021): Found 2 design units, including 1 entities, in source file /home/layneben/Downloads/cpre3810-toolflow/proj/src/RISCVDATA.vhd
    Info (12022): Found design unit 1: RISCVDATA-structure File: /home/layneben/Downloads/cpre3810-toolflow/proj/src/RISCVDATA.vhd Line: 25
    Info (12023): Found entity 1: RISCVDATA File: /home/layneben/Downloads/cpre3810-toolflow/proj/src/RISCVDATA.vhd Line: 6
Info (12021): Found 2 design units, including 0 entities, in source file /home/layneben/Downloads/cpre3810-toolflow/proj/src/RISCV_types.vhd
    Info (12022): Found design unit 1: RISCV_types File: /home/layneben/Downloads/cpre3810-toolflow/proj/src/RISCV_types.vhd Line: 16
    Info (12022): Found design unit 2: RISCV_types-body File: /home/layneben/Downloads/cpre3810-toolflow/proj/src/RISCV_types.vhd Line: 34
Info (12021): Found 2 design units, including 1 entities, in source file /home/layneben/Downloads/cpre3810-toolflow/proj/src/SECONDRISCVDATA.vhd
    Info (12022): Found design unit 1: SECONDRISCVDATA-structure File: /home/layneben/Downloads/cpre3810-toolflow/proj/src/SECONDRISCVDATA.vhd Line: 29
    Info (12023): Found entity 1: SECONDRISCVDATA File: /home/layneben/Downloads/cpre3810-toolflow/proj/src/SECONDRISCVDATA.vhd Line: 7
Info (12021): Found 2 design units, including 1 entities, in source file /home/layneben/Downloads/cpre3810-toolflow/proj/src/TopLevel/RISCV_Processor.vhd
    Info (12022): Found design unit 1: RISCV_Processor-structure File: /home/layneben/Downloads/cpre3810-toolflow/proj/src/TopLevel/RISCV_Processor.vhd Line: 36
    Info (12023): Found entity 1: RISCV_Processor File: /home/layneben/Downloads/cpre3810-toolflow/proj/src/TopLevel/RISCV_Processor.vhd Line: 24
Info (12021): Found 2 design units, including 1 entities, in source file /home/layneben/Downloads/cpre3810-toolflow/proj/src/TopLevel/mem.vhd
    Info (12022): Found design unit 1: mem-rtl File: /home/layneben/Downloads/cpre3810-toolflow/proj/src/TopLevel/mem.vhd Line: 27
    Info (12023): Found entity 1: mem File: /home/layneben/Downloads/cpre3810-toolflow/proj/src/TopLevel/mem.vhd Line: 8
Info (12021): Found 2 design units, including 1 entities, in source file /home/layneben/Downloads/cpre3810-toolflow/proj/src/addsubi.vhd
    Info (12022): Found design unit 1: addsubi-structure File: /home/layneben/Downloads/cpre3810-toolflow/proj/src/addsubi.vhd Line: 19
    Info (12023): Found entity 1: addsubi File: /home/layneben/Downloads/cpre3810-toolflow/proj/src/addsubi.vhd Line: 5
Info (12021): Found 2 design units, including 1 entities, in source file /home/layneben/Downloads/cpre3810-toolflow/proj/src/andg2.vhd
    Info (12022): Found design unit 1: andg2-dataflow File: /home/layneben/Downloads/cpre3810-toolflow/proj/src/andg2.vhd Line: 31
    Info (12023): Found entity 1: andg2 File: /home/layneben/Downloads/cpre3810-toolflow/proj/src/andg2.vhd Line: 23
Info (12021): Found 2 design units, including 1 entities, in source file /home/layneben/Downloads/cpre3810-toolflow/proj/src/andg32.vhd
    Info (12022): Found design unit 1: andg32-dataflow File: /home/layneben/Downloads/cpre3810-toolflow/proj/src/andg32.vhd Line: 14
    Info (12023): Found entity 1: andg32 File: /home/layneben/Downloads/cpre3810-toolflow/proj/src/andg32.vhd Line: 5
Info (12021): Found 1 design units, including 0 entities, in source file /home/layneben/Downloads/cpre3810-toolflow/proj/src/array_package_0to1.vhd
    Info (12022): Found design unit 1: array_package_0to1 File: /home/layneben/Downloads/cpre3810-toolflow/proj/src/array_package_0to1.vhd Line: 6
Info (12021): Found 2 design units, including 1 entities, in source file /home/layneben/Downloads/cpre3810-toolflow/proj/src/bshiftr.vhd
    Info (12022): Found design unit 1: bshiftr-structural File: /home/layneben/Downloads/cpre3810-toolflow/proj/src/bshiftr.vhd Line: 15
    Info (12023): Found entity 1: bshiftr File: /home/layneben/Downloads/cpre3810-toolflow/proj/src/bshiftr.vhd Line: 5
Info (12021): Found 2 design units, including 1 entities, in source file /home/layneben/Downloads/cpre3810-toolflow/proj/src/busandg2.vhd
    Info (12022): Found design unit 1: busandg2-dataflow File: /home/layneben/Downloads/cpre3810-toolflow/proj/src/busandg2.vhd Line: 13
    Info (12023): Found entity 1: busandg2 File: /home/layneben/Downloads/cpre3810-toolflow/proj/src/busandg2.vhd Line: 5
Info (12021): Found 2 design units, including 1 entities, in source file /home/layneben/Downloads/cpre3810-toolflow/proj/src/busmux2to1.vhd
    Info (12022): Found design unit 1: busmux2to1-dataflow File: /home/layneben/Downloads/cpre3810-toolflow/proj/src/busmux2to1.vhd Line: 15
    Info (12023): Found entity 1: busmux2to1 File: /home/layneben/Downloads/cpre3810-toolflow/proj/src/busmux2to1.vhd Line: 6
Info (12021): Found 2 design units, including 1 entities, in source file /home/layneben/Downloads/cpre3810-toolflow/proj/src/control.vhd
    Info (12022): Found design unit 1: control-behavioral File: /home/layneben/Downloads/cpre3810-toolflow/proj/src/control.vhd Line: 26
    Info (12023): Found entity 1: control File: /home/layneben/Downloads/cpre3810-toolflow/proj/src/control.vhd Line: 5
Info (12021): Found 2 design units, including 1 entities, in source file /home/layneben/Downloads/cpre3810-toolflow/proj/src/dec5to32.vhd
    Info (12022): Found design unit 1: dec5to32-dataflow File: /home/layneben/Downloads/cpre3810-toolflow/proj/src/dec5to32.vhd Line: 13
    Info (12023): Found entity 1: dec5to32 File: /home/layneben/Downloads/cpre3810-toolflow/proj/src/dec5to32.vhd Line: 5
Info (12021): Found 2 design units, including 1 entities, in source file /home/layneben/Downloads/cpre3810-toolflow/proj/src/dffg.vhd
    Info (12022): Found design unit 1: dffg-mixed File: /home/layneben/Downloads/cpre3810-toolflow/proj/src/dffg.vhd Line: 33
    Info (12023): Found entity 1: dffg File: /home/layneben/Downloads/cpre3810-toolflow/proj/src/dffg.vhd Line: 23
Info (12021): Found 2 design units, including 1 entities, in source file /home/layneben/Downloads/cpre3810-toolflow/proj/src/extender.vhd
    Info (12022): Found design unit 1: extender-structure File: /home/layneben/Downloads/cpre3810-toolflow/proj/src/extender.vhd Line: 23
    Info (12023): Found entity 1: extender File: /home/layneben/Downloads/cpre3810-toolflow/proj/src/extender.vhd Line: 6
Info (12021): Found 2 design units, including 1 entities, in source file /home/layneben/Downloads/cpre3810-toolflow/proj/src/fetch.vhd
    Info (12022): Found design unit 1: fetch-structure File: /home/layneben/Downloads/cpre3810-toolflow/proj/src/fetch.vhd Line: 23
    Info (12023): Found entity 1: fetch File: /home/layneben/Downloads/cpre3810-toolflow/proj/src/fetch.vhd Line: 6
Info (12021): Found 2 design units, including 1 entities, in source file /home/layneben/Downloads/cpre3810-toolflow/proj/src/full_adder.vhd
    Info (12022): Found design unit 1: full_adder-structure File: /home/layneben/Downloads/cpre3810-toolflow/proj/src/full_adder.vhd Line: 14
    Info (12023): Found entity 1: full_adder File: /home/layneben/Downloads/cpre3810-toolflow/proj/src/full_adder.vhd Line: 4
Info (12021): Found 2 design units, including 1 entities, in source file /home/layneben/Downloads/cpre3810-toolflow/proj/src/halfbusmux2to1.vhd
    Info (12022): Found design unit 1: halfbusmux2to1-dataflow File: /home/layneben/Downloads/cpre3810-toolflow/proj/src/halfbusmux2to1.vhd Line: 15
    Info (12023): Found entity 1: halfbusmux2to1 File: /home/layneben/Downloads/cpre3810-toolflow/proj/src/halfbusmux2to1.vhd Line: 6
Info (12021): Found 2 design units, including 1 entities, in source file /home/layneben/Downloads/cpre3810-toolflow/proj/src/mux2to1.vhd
    Info (12022): Found design unit 1: mux2to1-dataflow File: /home/layneben/Downloads/cpre3810-toolflow/proj/src/mux2to1.vhd Line: 16
    Info (12023): Found entity 1: mux2to1 File: /home/layneben/Downloads/cpre3810-toolflow/proj/src/mux2to1.vhd Line: 7
Info (12021): Found 1 design units, including 0 entities, in source file /home/layneben/Downloads/cpre3810-toolflow/proj/src/mux2to1_array_package.vhd
    Info (12022): Found design unit 1: mux2to1_array_package File: /home/layneben/Downloads/cpre3810-toolflow/proj/src/mux2to1_array_package.vhd Line: 5
Info (12021): Found 2 design units, including 1 entities, in source file /home/layneben/Downloads/cpre3810-toolflow/proj/src/mux32to1.vhd
    Info (12022): Found design unit 1: mux32to1-dataflow File: /home/layneben/Downloads/cpre3810-toolflow/proj/src/mux32to1.vhd Line: 15
    Info (12023): Found entity 1: mux32to1 File: /home/layneben/Downloads/cpre3810-toolflow/proj/src/mux32to1.vhd Line: 7
Info (12021): Found 1 design units, including 0 entities, in source file /home/layneben/Downloads/cpre3810-toolflow/proj/src/mux_array_package.vhd
    Info (12022): Found design unit 1: mux_array_package File: /home/layneben/Downloads/cpre3810-toolflow/proj/src/mux_array_package.vhd Line: 5
Info (12021): Found 2 design units, including 1 entities, in source file /home/layneben/Downloads/cpre3810-toolflow/proj/src/norg32.vhd
    Info (12022): Found design unit 1: norg32-dataflow File: /home/layneben/Downloads/cpre3810-toolflow/proj/src/norg32.vhd Line: 15
    Info (12023): Found entity 1: norg32 File: /home/layneben/Downloads/cpre3810-toolflow/proj/src/norg32.vhd Line: 6
Info (12021): Found 2 design units, including 1 entities, in source file /home/layneben/Downloads/cpre3810-toolflow/proj/src/org2.vhd
    Info (12022): Found design unit 1: org2-dataflow File: /home/layneben/Downloads/cpre3810-toolflow/proj/src/org2.vhd Line: 31
    Info (12023): Found entity 1: org2 File: /home/layneben/Downloads/cpre3810-toolflow/proj/src/org2.vhd Line: 23
Info (12021): Found 2 design units, including 1 entities, in source file /home/layneben/Downloads/cpre3810-toolflow/proj/src/org32.vhd
    Info (12022): Found design unit 1: org32-dataflow File: /home/layneben/Downloads/cpre3810-toolflow/proj/src/org32.vhd Line: 14
    Info (12023): Found entity 1: org32 File: /home/layneben/Downloads/cpre3810-toolflow/proj/src/org32.vhd Line: 5
Info (12021): Found 2 design units, including 1 entities, in source file /home/layneben/Downloads/cpre3810-toolflow/proj/src/reg.vhd
    Info (12022): Found design unit 1: reg-structure File: /home/layneben/Downloads/cpre3810-toolflow/proj/src/reg.vhd Line: 17
    Info (12023): Found entity 1: reg File: /home/layneben/Downloads/cpre3810-toolflow/proj/src/reg.vhd Line: 5
Info (12021): Found 2 design units, including 1 entities, in source file /home/layneben/Downloads/cpre3810-toolflow/proj/src/regfile.vhd
    Info (12022): Found design unit 1: regfile-structure File: /home/layneben/Downloads/cpre3810-toolflow/proj/src/regfile.vhd Line: 23
    Info (12023): Found entity 1: regfile File: /home/layneben/Downloads/cpre3810-toolflow/proj/src/regfile.vhd Line: 6
Info (12021): Found 2 design units, including 1 entities, in source file /home/layneben/Downloads/cpre3810-toolflow/proj/src/resizer.vhd
    Info (12022): Found design unit 1: resizer-structure File: /home/layneben/Downloads/cpre3810-toolflow/proj/src/resizer.vhd Line: 17
    Info (12023): Found entity 1: resizer File: /home/layneben/Downloads/cpre3810-toolflow/proj/src/resizer.vhd Line: 5
Info (12021): Found 2 design units, including 1 entities, in source file /home/layneben/Downloads/cpre3810-toolflow/proj/src/ripple_adder.vhd
    Info (12022): Found design unit 1: ripple_adder-structure File: /home/layneben/Downloads/cpre3810-toolflow/proj/src/ripple_adder.vhd Line: 16
    Info (12023): Found entity 1: ripple_adder File: /home/layneben/Downloads/cpre3810-toolflow/proj/src/ripple_adder.vhd Line: 4
Info (12021): Found 2 design units, including 1 entities, in source file /home/layneben/Downloads/cpre3810-toolflow/proj/src/sign.vhd
    Info (12022): Found design unit 1: sign-behavioral File: /home/layneben/Downloads/cpre3810-toolflow/proj/src/sign.vhd Line: 16
    Info (12023): Found entity 1: sign File: /home/layneben/Downloads/cpre3810-toolflow/proj/src/sign.vhd Line: 6
Info (12021): Found 2 design units, including 1 entities, in source file /home/layneben/Downloads/cpre3810-toolflow/proj/src/special_dffg.vhd
    Info (12022): Found design unit 1: special_dffg-mixed File: /home/layneben/Downloads/cpre3810-toolflow/proj/src/special_dffg.vhd Line: 34
    Info (12023): Found entity 1: special_dffg File: /home/layneben/Downloads/cpre3810-toolflow/proj/src/special_dffg.vhd Line: 24
Info (12021): Found 2 design units, including 1 entities, in source file /home/layneben/Downloads/cpre3810-toolflow/proj/src/xorg2.vhd
    Info (12022): Found design unit 1: xorg2-dataflow File: /home/layneben/Downloads/cpre3810-toolflow/proj/src/xorg2.vhd Line: 31
    Info (12023): Found entity 1: xorg2 File: /home/layneben/Downloads/cpre3810-toolflow/proj/src/xorg2.vhd Line: 23
Info (12021): Found 2 design units, including 1 entities, in source file /home/layneben/Downloads/cpre3810-toolflow/proj/src/xorg32.vhd
    Info (12022): Found design unit 1: xorg32-dataflow File: /home/layneben/Downloads/cpre3810-toolflow/proj/src/xorg32.vhd Line: 15
    Info (12023): Found entity 1: xorg32 File: /home/layneben/Downloads/cpre3810-toolflow/proj/src/xorg32.vhd Line: 6
Info (12127): Elaborating entity "RISCV_Processor" for the top level hierarchy
Warning (10036): Verilog HDL or VHDL warning at RISCV_Processor.vhd(45): object "s_RegWr" assigned a value but never read File: /home/layneben/Downloads/cpre3810-toolflow/proj/src/TopLevel/RISCV_Processor.vhd Line: 45
Warning (10036): Verilog HDL or VHDL warning at RISCV_Processor.vhd(55): object "s_Halt" assigned a value but never read File: /home/layneben/Downloads/cpre3810-toolflow/proj/src/TopLevel/RISCV_Processor.vhd Line: 55
Warning (10036): Verilog HDL or VHDL warning at RISCV_Processor.vhd(58): object "s_Ovfl" assigned a value but never read File: /home/layneben/Downloads/cpre3810-toolflow/proj/src/TopLevel/RISCV_Processor.vhd Line: 58
Warning (10036): Verilog HDL or VHDL warning at RISCV_Processor.vhd(60): object "s_imm_i_type" assigned a value but never read File: /home/layneben/Downloads/cpre3810-toolflow/proj/src/TopLevel/RISCV_Processor.vhd Line: 60
Warning (10036): Verilog HDL or VHDL warning at RISCV_Processor.vhd(61): object "s_rd" assigned a value but never read File: /home/layneben/Downloads/cpre3810-toolflow/proj/src/TopLevel/RISCV_Processor.vhd Line: 61
Warning (10036): Verilog HDL or VHDL warning at RISCV_Processor.vhd(62): object "s_rs1" assigned a value but never read File: /home/layneben/Downloads/cpre3810-toolflow/proj/src/TopLevel/RISCV_Processor.vhd Line: 62
Warning (10036): Verilog HDL or VHDL warning at RISCV_Processor.vhd(63): object "s_rs2" assigned a value but never read File: /home/layneben/Downloads/cpre3810-toolflow/proj/src/TopLevel/RISCV_Processor.vhd Line: 63
Warning (10036): Verilog HDL or VHDL warning at RISCV_Processor.vhd(141): object "s_dummy" assigned a value but never read File: /home/layneben/Downloads/cpre3810-toolflow/proj/src/TopLevel/RISCV_Processor.vhd Line: 141
Warning (10036): Verilog HDL or VHDL warning at RISCV_Processor.vhd(175): object "s_dummy2" assigned a value but never read File: /home/layneben/Downloads/cpre3810-toolflow/proj/src/TopLevel/RISCV_Processor.vhd Line: 175
Warning (10036): Verilog HDL or VHDL warning at RISCV_Processor.vhd(198): object "s_Branch_regout4" assigned a value but never read File: /home/layneben/Downloads/cpre3810-toolflow/proj/src/TopLevel/RISCV_Processor.vhd Line: 198
Warning (10036): Verilog HDL or VHDL warning at RISCV_Processor.vhd(199): object "s_MemRead_regout4" assigned a value but never read File: /home/layneben/Downloads/cpre3810-toolflow/proj/src/TopLevel/RISCV_Processor.vhd Line: 199
Warning (10036): Verilog HDL or VHDL warning at RISCV_Processor.vhd(201): object "s_dummy3" assigned a value but never read File: /home/layneben/Downloads/cpre3810-toolflow/proj/src/TopLevel/RISCV_Processor.vhd Line: 201
Warning (10036): Verilog HDL or VHDL warning at RISCV_Processor.vhd(202): object "s_DMemWr_regout4" assigned a value but never read File: /home/layneben/Downloads/cpre3810-toolflow/proj/src/TopLevel/RISCV_Processor.vhd Line: 202
Warning (10036): Verilog HDL or VHDL warning at RISCV_Processor.vhd(203): object "s_ALUSrc_regout4" assigned a value but never read File: /home/layneben/Downloads/cpre3810-toolflow/proj/src/TopLevel/RISCV_Processor.vhd Line: 203
Warning (10036): Verilog HDL or VHDL warning at RISCV_Processor.vhd(206): object "s_UJ_regout4" assigned a value but never read File: /home/layneben/Downloads/cpre3810-toolflow/proj/src/TopLevel/RISCV_Processor.vhd Line: 206
Warning (10036): Verilog HDL or VHDL warning at RISCV_Processor.vhd(208): object "s_SB_regout4" assigned a value but never read File: /home/layneben/Downloads/cpre3810-toolflow/proj/src/TopLevel/RISCV_Processor.vhd Line: 208
Warning (10036): Verilog HDL or VHDL warning at RISCV_Processor.vhd(209): object "s_Store_regout4" assigned a value but never read File: /home/layneben/Downloads/cpre3810-toolflow/proj/src/TopLevel/RISCV_Processor.vhd Line: 209
Warning (10036): Verilog HDL or VHDL warning at RISCV_Processor.vhd(210): object "s_Jump_regout4" assigned a value but never read File: /home/layneben/Downloads/cpre3810-toolflow/proj/src/TopLevel/RISCV_Processor.vhd Line: 210
Warning (10036): Verilog HDL or VHDL warning at RISCV_Processor.vhd(211): object "s_jalr_regout4" assigned a value but never read File: /home/layneben/Downloads/cpre3810-toolflow/proj/src/TopLevel/RISCV_Processor.vhd Line: 211
Info (12128): Elaborating entity "fetch" for hierarchy "fetch:fetch_i" File: /home/layneben/Downloads/cpre3810-toolflow/proj/src/TopLevel/RISCV_Processor.vhd Line: 474
Info (12128): Elaborating entity "andg2" for hierarchy "fetch:fetch_i|andg2:and_inst" File: /home/layneben/Downloads/cpre3810-toolflow/proj/src/fetch.vhd Line: 83
Info (12128): Elaborating entity "busmux2to1" for hierarchy "fetch:fetch_i|busmux2to1:busmux_inst" File: /home/layneben/Downloads/cpre3810-toolflow/proj/src/fetch.vhd Line: 90
Info (12128): Elaborating entity "PCreg" for hierarchy "fetch:fetch_i|PCreg:PC" File: /home/layneben/Downloads/cpre3810-toolflow/proj/src/fetch.vhd Line: 102
Info (12128): Elaborating entity "dffg" for hierarchy "fetch:fetch_i|PCreg:PC|dffg:\g_dffgs:0:i_dffg" File: /home/layneben/Downloads/cpre3810-toolflow/proj/src/PCreg.vhd Line: 39
Info (12128): Elaborating entity "special_dffg" for hierarchy "fetch:fetch_i|PCreg:PC|special_dffg:special_dffg_i" File: /home/layneben/Downloads/cpre3810-toolflow/proj/src/PCreg.vhd Line: 47
Info (12128): Elaborating entity "ripple_adder" for hierarchy "fetch:fetch_i|ripple_adder:add4" File: /home/layneben/Downloads/cpre3810-toolflow/proj/src/fetch.vhd Line: 128
Info (12128): Elaborating entity "full_adder" for hierarchy "fetch:fetch_i|ripple_adder:add4|full_adder:\adder_chain:0:FA" File: /home/layneben/Downloads/cpre3810-toolflow/proj/src/ripple_adder.vhd Line: 35
Info (12128): Elaborating entity "xorg2" for hierarchy "fetch:fetch_i|ripple_adder:add4|full_adder:\adder_chain:0:FA|xorg2:part1" File: /home/layneben/Downloads/cpre3810-toolflow/proj/src/full_adder.vhd Line: 47
Info (12128): Elaborating entity "org2" for hierarchy "fetch:fetch_i|ripple_adder:add4|full_adder:\adder_chain:0:FA|org2:part5" File: /home/layneben/Downloads/cpre3810-toolflow/proj/src/full_adder.vhd Line: 53
Info (12128): Elaborating entity "mem" for hierarchy "mem:IMem" File: /home/layneben/Downloads/cpre3810-toolflow/proj/src/TopLevel/RISCV_Processor.vhd Line: 491
Info (12128): Elaborating entity "IFID" for hierarchy "IFID:IFID_i" File: /home/layneben/Downloads/cpre3810-toolflow/proj/src/TopLevel/RISCV_Processor.vhd Line: 517
Info (12128): Elaborating entity "control" for hierarchy "control:control_i" File: /home/layneben/Downloads/cpre3810-toolflow/proj/src/TopLevel/RISCV_Processor.vhd Line: 558
Info (12128): Elaborating entity "regfile" for hierarchy "regfile:regfile_i" File: /home/layneben/Downloads/cpre3810-toolflow/proj/src/TopLevel/RISCV_Processor.vhd Line: 578
Info (12128): Elaborating entity "dec5to32" for hierarchy "regfile:regfile_i|dec5to32:decoder" File: /home/layneben/Downloads/cpre3810-toolflow/proj/src/regfile.vhd Line: 59
Info (12128): Elaborating entity "reg" for hierarchy "regfile:regfile_i|reg:z_reg" File: /home/layneben/Downloads/cpre3810-toolflow/proj/src/regfile.vhd Line: 65
Info (12128): Elaborating entity "mux32to1" for hierarchy "regfile:regfile_i|mux32to1:busmux1" File: /home/layneben/Downloads/cpre3810-toolflow/proj/src/regfile.vhd Line: 81
Info (12128): Elaborating entity "ALU_control" for hierarchy "ALU_control:ALU_control_i" File: /home/layneben/Downloads/cpre3810-toolflow/proj/src/TopLevel/RISCV_Processor.vhd Line: 591
Warning (10492): VHDL Process Statement warning at ALU_control.vhd(164): signal "ALUOp" is read inside the Process Statement but isn't in the Process Statement's sensitivity list File: /home/layneben/Downloads/cpre3810-toolflow/proj/src/ALU_control.vhd Line: 164
Warning (10492): VHDL Process Statement warning at ALU_control.vhd(164): signal "instruction" is read inside the Process Statement but isn't in the Process Statement's sensitivity list File: /home/layneben/Downloads/cpre3810-toolflow/proj/src/ALU_control.vhd Line: 164
Warning (10492): VHDL Process Statement warning at ALU_control.vhd(177): signal "ALUOp" is read inside the Process Statement but isn't in the Process Statement's sensitivity list File: /home/layneben/Downloads/cpre3810-toolflow/proj/src/ALU_control.vhd Line: 177
Warning (10492): VHDL Process Statement warning at ALU_control.vhd(177): signal "instruction" is read inside the Process Statement but isn't in the Process Statement's sensitivity list File: /home/layneben/Downloads/cpre3810-toolflow/proj/src/ALU_control.vhd Line: 177
Warning (10492): VHDL Process Statement warning at ALU_control.vhd(194): signal "ALUOp" is read inside the Process Statement but isn't in the Process Statement's sensitivity list File: /home/layneben/Downloads/cpre3810-toolflow/proj/src/ALU_control.vhd Line: 194
Warning (10492): VHDL Process Statement warning at ALU_control.vhd(194): signal "instruction" is read inside the Process Statement but isn't in the Process Statement's sensitivity list File: /home/layneben/Downloads/cpre3810-toolflow/proj/src/ALU_control.vhd Line: 194
Warning (10492): VHDL Process Statement warning at ALU_control.vhd(207): signal "ALUOp" is read inside the Process Statement but isn't in the Process Statement's sensitivity list File: /home/layneben/Downloads/cpre3810-toolflow/proj/src/ALU_control.vhd Line: 207
Warning (10492): VHDL Process Statement warning at ALU_control.vhd(207): signal "instruction" is read inside the Process Statement but isn't in the Process Statement's sensitivity list File: /home/layneben/Downloads/cpre3810-toolflow/proj/src/ALU_control.vhd Line: 207
Warning (10492): VHDL Process Statement warning at ALU_control.vhd(220): signal "ALUOp" is read inside the Process Statement but isn't in the Process Statement's sensitivity list File: /home/layneben/Downloads/cpre3810-toolflow/proj/src/ALU_control.vhd Line: 220
Warning (10492): VHDL Process Statement warning at ALU_control.vhd(220): signal "instruction" is read inside the Process Statement but isn't in the Process Statement's sensitivity list File: /home/layneben/Downloads/cpre3810-toolflow/proj/src/ALU_control.vhd Line: 220
Warning (10492): VHDL Process Statement warning at ALU_control.vhd(233): signal "ALUOp" is read inside the Process Statement but isn't in the Process Statement's sensitivity list File: /home/layneben/Downloads/cpre3810-toolflow/proj/src/ALU_control.vhd Line: 233
Warning (10492): VHDL Process Statement warning at ALU_control.vhd(233): signal "instruction" is read inside the Process Statement but isn't in the Process Statement's sensitivity list File: /home/layneben/Downloads/cpre3810-toolflow/proj/src/ALU_control.vhd Line: 233
Warning (10492): VHDL Process Statement warning at ALU_control.vhd(246): signal "ALUOp" is read inside the Process Statement but isn't in the Process Statement's sensitivity list File: /home/layneben/Downloads/cpre3810-toolflow/proj/src/ALU_control.vhd Line: 246
Warning (10492): VHDL Process Statement warning at ALU_control.vhd(246): signal "instruction" is read inside the Process Statement but isn't in the Process Statement's sensitivity list File: /home/layneben/Downloads/cpre3810-toolflow/proj/src/ALU_control.vhd Line: 246
Warning (10492): VHDL Process Statement warning at ALU_control.vhd(259): signal "ALUOp" is read inside the Process Statement but isn't in the Process Statement's sensitivity list File: /home/layneben/Downloads/cpre3810-toolflow/proj/src/ALU_control.vhd Line: 259
Warning (10492): VHDL Process Statement warning at ALU_control.vhd(259): signal "instruction" is read inside the Process Statement but isn't in the Process Statement's sensitivity list File: /home/layneben/Downloads/cpre3810-toolflow/proj/src/ALU_control.vhd Line: 259
Warning (10492): VHDL Process Statement warning at ALU_control.vhd(278): signal "ALUOp" is read inside the Process Statement but isn't in the Process Statement's sensitivity list File: /home/layneben/Downloads/cpre3810-toolflow/proj/src/ALU_control.vhd Line: 278
Warning (10492): VHDL Process Statement warning at ALU_control.vhd(278): signal "instruction" is read inside the Process Statement but isn't in the Process Statement's sensitivity list File: /home/layneben/Downloads/cpre3810-toolflow/proj/src/ALU_control.vhd Line: 278
Warning (10492): VHDL Process Statement warning at ALU_control.vhd(290): signal "ALUOp" is read inside the Process Statement but isn't in the Process Statement's sensitivity list File: /home/layneben/Downloads/cpre3810-toolflow/proj/src/ALU_control.vhd Line: 290
Warning (10492): VHDL Process Statement warning at ALU_control.vhd(290): signal "instruction" is read inside the Process Statement but isn't in the Process Statement's sensitivity list File: /home/layneben/Downloads/cpre3810-toolflow/proj/src/ALU_control.vhd Line: 290
Warning (10492): VHDL Process Statement warning at ALU_control.vhd(302): signal "ALUOp" is read inside the Process Statement but isn't in the Process Statement's sensitivity list File: /home/layneben/Downloads/cpre3810-toolflow/proj/src/ALU_control.vhd Line: 302
Warning (10492): VHDL Process Statement warning at ALU_control.vhd(302): signal "instruction" is read inside the Process Statement but isn't in the Process Statement's sensitivity list File: /home/layneben/Downloads/cpre3810-toolflow/proj/src/ALU_control.vhd Line: 302
Warning (10492): VHDL Process Statement warning at ALU_control.vhd(319): signal "ALUOp" is read inside the Process Statement but isn't in the Process Statement's sensitivity list File: /home/layneben/Downloads/cpre3810-toolflow/proj/src/ALU_control.vhd Line: 319
Warning (10492): VHDL Process Statement warning at ALU_control.vhd(319): signal "instruction" is read inside the Process Statement but isn't in the Process Statement's sensitivity list File: /home/layneben/Downloads/cpre3810-toolflow/proj/src/ALU_control.vhd Line: 319
Warning (10492): VHDL Process Statement warning at ALU_control.vhd(335): signal "ALUOp" is read inside the Process Statement but isn't in the Process Statement's sensitivity list File: /home/layneben/Downloads/cpre3810-toolflow/proj/src/ALU_control.vhd Line: 335
Warning (10492): VHDL Process Statement warning at ALU_control.vhd(335): signal "instruction" is read inside the Process Statement but isn't in the Process Statement's sensitivity list File: /home/layneben/Downloads/cpre3810-toolflow/proj/src/ALU_control.vhd Line: 335
Warning (10492): VHDL Process Statement warning at ALU_control.vhd(347): signal "ALUOp" is read inside the Process Statement but isn't in the Process Statement's sensitivity list File: /home/layneben/Downloads/cpre3810-toolflow/proj/src/ALU_control.vhd Line: 347
Warning (10492): VHDL Process Statement warning at ALU_control.vhd(347): signal "instruction" is read inside the Process Statement but isn't in the Process Statement's sensitivity list File: /home/layneben/Downloads/cpre3810-toolflow/proj/src/ALU_control.vhd Line: 347
Warning (10492): VHDL Process Statement warning at ALU_control.vhd(360): signal "ALUOp" is read inside the Process Statement but isn't in the Process Statement's sensitivity list File: /home/layneben/Downloads/cpre3810-toolflow/proj/src/ALU_control.vhd Line: 360
Warning (10492): VHDL Process Statement warning at ALU_control.vhd(360): signal "instruction" is read inside the Process Statement but isn't in the Process Statement's sensitivity list File: /home/layneben/Downloads/cpre3810-toolflow/proj/src/ALU_control.vhd Line: 360
Warning (10492): VHDL Process Statement warning at ALU_control.vhd(373): signal "ALUOp" is read inside the Process Statement but isn't in the Process Statement's sensitivity list File: /home/layneben/Downloads/cpre3810-toolflow/proj/src/ALU_control.vhd Line: 373
Warning (10492): VHDL Process Statement warning at ALU_control.vhd(373): signal "instruction" is read inside the Process Statement but isn't in the Process Statement's sensitivity list File: /home/layneben/Downloads/cpre3810-toolflow/proj/src/ALU_control.vhd Line: 373
Warning (10492): VHDL Process Statement warning at ALU_control.vhd(428): signal "ALUOp" is read inside the Process Statement but isn't in the Process Statement's sensitivity list File: /home/layneben/Downloads/cpre3810-toolflow/proj/src/ALU_control.vhd Line: 428
Warning (10492): VHDL Process Statement warning at ALU_control.vhd(428): signal "instruction" is read inside the Process Statement but isn't in the Process Statement's sensitivity list File: /home/layneben/Downloads/cpre3810-toolflow/proj/src/ALU_control.vhd Line: 428
Warning (10492): VHDL Process Statement warning at ALU_control.vhd(441): signal "ALUOp" is read inside the Process Statement but isn't in the Process Statement's sensitivity list File: /home/layneben/Downloads/cpre3810-toolflow/proj/src/ALU_control.vhd Line: 441
Warning (10492): VHDL Process Statement warning at ALU_control.vhd(441): signal "instruction" is read inside the Process Statement but isn't in the Process Statement's sensitivity list File: /home/layneben/Downloads/cpre3810-toolflow/proj/src/ALU_control.vhd Line: 441
Info (12128): Elaborating entity "extender" for hierarchy "extender:extender_i" File: /home/layneben/Downloads/cpre3810-toolflow/proj/src/TopLevel/RISCV_Processor.vhd Line: 609
Warning (10036): Verilog HDL or VHDL warning at extender.vhd(30): object "s_opcode" assigned a value but never read File: /home/layneben/Downloads/cpre3810-toolflow/proj/src/extender.vhd Line: 30
Info (12128): Elaborating entity "sign" for hierarchy "sign:sign_i" File: /home/layneben/Downloads/cpre3810-toolflow/proj/src/TopLevel/RISCV_Processor.vhd Line: 620
Info (12128): Elaborating entity "resizer" for hierarchy "resizer:storeresizer" File: /home/layneben/Downloads/cpre3810-toolflow/proj/src/TopLevel/RISCV_Processor.vhd Line: 637
Info (12128): Elaborating entity "IDEX" for hierarchy "IDEX:IDEX_i" File: /home/layneben/Downloads/cpre3810-toolflow/proj/src/TopLevel/RISCV_Processor.vhd Line: 649
Warning (10036): Verilog HDL or VHDL warning at IDEX.vhd(30): object "s_OPCODE" assigned a value but never read File: /home/layneben/Downloads/cpre3810-toolflow/proj/src/IDEX.vhd Line: 30
Info (12128): Elaborating entity "ALU" for hierarchy "ALU:ALU_i" File: /home/layneben/Downloads/cpre3810-toolflow/proj/src/TopLevel/RISCV_Processor.vhd Line: 723
Info (12128): Elaborating entity "bshiftr" for hierarchy "ALU:ALU_i|bshiftr:bshiftr_inst" File: /home/layneben/Downloads/cpre3810-toolflow/proj/src/ALU.vhd Line: 133
Info (12128): Elaborating entity "andg32" for hierarchy "ALU:ALU_i|andg32:andg32_inst" File: /home/layneben/Downloads/cpre3810-toolflow/proj/src/ALU.vhd Line: 142
Info (12128): Elaborating entity "xorg32" for hierarchy "ALU:ALU_i|xorg32:xorg32_inst" File: /home/layneben/Downloads/cpre3810-toolflow/proj/src/ALU.vhd Line: 149
Info (12128): Elaborating entity "org32" for hierarchy "ALU:ALU_i|org32:org32_inst" File: /home/layneben/Downloads/cpre3810-toolflow/proj/src/ALU.vhd Line: 156
Info (12128): Elaborating entity "norg32" for hierarchy "ALU:ALU_i|norg32:norg32_inst" File: /home/layneben/Downloads/cpre3810-toolflow/proj/src/ALU.vhd Line: 163
Info (12128): Elaborating entity "addsubi" for hierarchy "ALU:ALU_i|addsubi:addsubi_inst" File: /home/layneben/Downloads/cpre3810-toolflow/proj/src/ALU.vhd Line: 170
Info (12128): Elaborating entity "mux2to1" for hierarchy "ALU:ALU_i|mux2to1:mux_inst7" File: /home/layneben/Downloads/cpre3810-toolflow/proj/src/ALU.vhd Line: 222
Info (12128): Elaborating entity "EXMEM" for hierarchy "EXMEM:EXMEM_i" File: /home/layneben/Downloads/cpre3810-toolflow/proj/src/TopLevel/RISCV_Processor.vhd Line: 761
Info (12128): Elaborating entity "MEMWB" for hierarchy "MEMWB:MEMWB_i" File: /home/layneben/Downloads/cpre3810-toolflow/proj/src/TopLevel/RISCV_Processor.vhd Line: 832
Info (276014): Found 1 instances of uninferred RAM logic
    Info (276007): RAM logic "mem:IMem|ram" is uninferred due to asynchronous read logic File: /home/layneben/Downloads/cpre3810-toolflow/proj/src/TopLevel/mem.vhd Line: 35
Info (19000): Inferred 2 megafunctions from design logic
    Info (276029): Inferred altsyncram megafunction from the following design logic: "mem:DMem|ram_rtl_0" 
        Info (286033): Parameter OPERATION_MODE set to SINGLE_PORT
        Info (286033): Parameter WIDTH_A set to 32
        Info (286033): Parameter WIDTHAD_A set to 10
        Info (286033): Parameter NUMWORDS_A set to 1024
        Info (286033): Parameter OUTDATA_REG_A set to UNREGISTERED
        Info (286033): Parameter ADDRESS_ACLR_A set to NONE
        Info (286033): Parameter OUTDATA_ACLR_A set to NONE
        Info (286033): Parameter READ_DURING_WRITE_MODE_PORT_A set to OLD_DATA
        Info (286033): Parameter INDATA_ACLR_A set to NONE
        Info (286033): Parameter WRCONTROL_ACLR_A set to NONE
    Info (276034): Inferred altshift_taps megafunction from the following design logic: "IDEX:IDEX_i|dffg:MemtoReg_dffg|s_Q_rtl_0"
        Info (286033): Parameter NUMBER_OF_TAPS set to 1
        Info (286033): Parameter TAP_DISTANCE set to 3
        Info (286033): Parameter WIDTH set to 11
Info (12130): Elaborated megafunction instantiation "mem:DMem|altsyncram:ram_rtl_0"
Info (12133): Instantiated megafunction "mem:DMem|altsyncram:ram_rtl_0" with the following parameter:
    Info (12134): Parameter "OPERATION_MODE" = "SINGLE_PORT"
    Info (12134): Parameter "WIDTH_A" = "32"
    Info (12134): Parameter "WIDTHAD_A" = "10"
    Info (12134): Parameter "NUMWORDS_A" = "1024"
    Info (12134): Parameter "OUTDATA_REG_A" = "UNREGISTERED"
    Info (12134): Parameter "ADDRESS_ACLR_A" = "NONE"
    Info (12134): Parameter "OUTDATA_ACLR_A" = "NONE"
    Info (12134): Parameter "READ_DURING_WRITE_MODE_PORT_A" = "OLD_DATA"
    Info (12134): Parameter "INDATA_ACLR_A" = "NONE"
    Info (12134): Parameter "WRCONTROL_ACLR_A" = "NONE"
Info (12021): Found 1 design units, including 1 entities, in source file db/altsyncram_eg81.tdf
    Info (12023): Found entity 1: altsyncram_eg81 File: /home/layneben/Downloads/cpre3810-toolflow/internal/QuartusWork/db/altsyncram_eg81.tdf Line: 28
Info (12130): Elaborated megafunction instantiation "IDEX:IDEX_i|dffg:MemtoReg_dffg|altshift_taps:s_Q_rtl_0"
Info (12133): Instantiated megafunction "IDEX:IDEX_i|dffg:MemtoReg_dffg|altshift_taps:s_Q_rtl_0" with the following parameter:
    Info (12134): Parameter "NUMBER_OF_TAPS" = "1"
    Info (12134): Parameter "TAP_DISTANCE" = "3"
    Info (12134): Parameter "WIDTH" = "11"
Info (12021): Found 1 design units, including 1 entities, in source file db/shift_taps_9km.tdf
    Info (12023): Found entity 1: shift_taps_9km File: /home/layneben/Downloads/cpre3810-toolflow/internal/QuartusWork/db/shift_taps_9km.tdf Line: 31
Info (12021): Found 1 design units, including 1 entities, in source file db/altsyncram_n861.tdf
    Info (12023): Found entity 1: altsyncram_n861 File: /home/layneben/Downloads/cpre3810-toolflow/internal/QuartusWork/db/altsyncram_n861.tdf Line: 28
Info (12021): Found 1 design units, including 1 entities, in source file db/add_sub_24e.tdf
    Info (12023): Found entity 1: add_sub_24e File: /home/layneben/Downloads/cpre3810-toolflow/internal/QuartusWork/db/add_sub_24e.tdf Line: 23
Info (12021): Found 1 design units, including 1 entities, in source file db/cntr_6pf.tdf
    Info (12023): Found entity 1: cntr_6pf File: /home/layneben/Downloads/cpre3810-toolflow/internal/QuartusWork/db/cntr_6pf.tdf Line: 25
Info (12021): Found 1 design units, including 1 entities, in source file db/cmpr_ogc.tdf
    Info (12023): Found entity 1: cmpr_ogc File: /home/layneben/Downloads/cpre3810-toolflow/internal/QuartusWork/db/cmpr_ogc.tdf Line: 23
Info (12021): Found 1 design units, including 1 entities, in source file db/cntr_p8h.tdf
    Info (12023): Found entity 1: cntr_p8h File: /home/layneben/Downloads/cpre3810-toolflow/internal/QuartusWork/db/cntr_p8h.tdf Line: 26
Warning (12241): 2 hierarchies have connectivity warnings - see the Connectivity Checks report folder
Info (13000): Registers with preset signals will power-up high File: /home/layneben/Downloads/cpre3810-toolflow/proj/src/special_dffg.vhd Line: 54
Info (13003): DEV_CLRn pin will set, and not reset, register with preset signal due to NOT Gate Push-Back
Info (286030): Timing-Driven Synthesis is running
Info (16010): Generating hard_block partition "hard_block:auto_generated_inst"
    Info (16011): Adding 0 node(s), including 0 DDIO, 0 PLL, 0 transceiver and 0 LCELL
Warning (21074): Design contains 22 input pin(s) that do not drive logic
    Warning (15610): No output dependent on input pin "iInstAddr[0]" File: /home/layneben/Downloads/cpre3810-toolflow/proj/src/TopLevel/RISCV_Processor.vhd Line: 29
    Warning (15610): No output dependent on input pin "iInstAddr[1]" File: /home/layneben/Downloads/cpre3810-toolflow/proj/src/TopLevel/RISCV_Processor.vhd Line: 29
    Warning (15610): No output dependent on input pin "iInstAddr[12]" File: /home/layneben/Downloads/cpre3810-toolflow/proj/src/TopLevel/RISCV_Processor.vhd Line: 29
    Warning (15610): No output dependent on input pin "iInstAddr[13]" File: /home/layneben/Downloads/cpre3810-toolflow/proj/src/TopLevel/RISCV_Processor.vhd Line: 29
    Warning (15610): No output dependent on input pin "iInstAddr[14]" File: /home/layneben/Downloads/cpre3810-toolflow/proj/src/TopLevel/RISCV_Processor.vhd Line: 29
    Warning (15610): No output dependent on input pin "iInstAddr[15]" File: /home/layneben/Downloads/cpre3810-toolflow/proj/src/TopLevel/RISCV_Processor.vhd Line: 29
    Warning (15610): No output dependent on input pin "iInstAddr[16]" File: /home/layneben/Downloads/cpre3810-toolflow/proj/src/TopLevel/RISCV_Processor.vhd Line: 29
    Warning (15610): No output dependent on input pin "iInstAddr[17]" File: /home/layneben/Downloads/cpre3810-toolflow/proj/src/TopLevel/RISCV_Processor.vhd Line: 29
    Warning (15610): No output dependent on input pin "iInstAddr[18]" File: /home/layneben/Downloads/cpre3810-toolflow/proj/src/TopLevel/RISCV_Processor.vhd Line: 29
    Warning (15610): No output dependent on input pin "iInstAddr[19]" File: /home/layneben/Downloads/cpre3810-toolflow/proj/src/TopLevel/RISCV_Processor.vhd Line: 29
    Warning (15610): No output dependent on input pin "iInstAddr[20]" File: /home/layneben/Downloads/cpre3810-toolflow/proj/src/TopLevel/RISCV_Processor.vhd Line: 29
    Warning (15610): No output dependent on input pin "iInstAddr[21]" File: /home/layneben/Downloads/cpre3810-toolflow/proj/src/TopLevel/RISCV_Processor.vhd Line: 29
    Warning (15610): No output dependent on input pin "iInstAddr[22]" File: /home/layneben/Downloads/cpre3810-toolflow/proj/src/TopLevel/RISCV_Processor.vhd Line: 29
    Warning (15610): No output dependent on input pin "iInstAddr[23]" File: /home/layneben/Downloads/cpre3810-toolflow/proj/src/TopLevel/RISCV_Processor.vhd Line: 29
    Warning (15610): No output dependent on input pin "iInstAddr[24]" File: /home/layneben/Downloads/cpre3810-toolflow/proj/src/TopLevel/RISCV_Processor.vhd Line: 29
    Warning (15610): No output dependent on input pin "iInstAddr[25]" File: /home/layneben/Downloads/cpre3810-toolflow/proj/src/TopLevel/RISCV_Processor.vhd Line: 29
    Warning (15610): No output dependent on input pin "iInstAddr[26]" File: /home/layneben/Downloads/cpre3810-toolflow/proj/src/TopLevel/RISCV_Processor.vhd Line: 29
    Warning (15610): No output dependent on input pin "iInstAddr[27]" File: /home/layneben/Downloads/cpre3810-toolflow/proj/src/TopLevel/RISCV_Processor.vhd Line: 29
    Warning (15610): No output dependent on input pin "iInstAddr[28]" File: /home/layneben/Downloads/cpre3810-toolflow/proj/src/TopLevel/RISCV_Processor.vhd Line: 29
    Warning (15610): No output dependent on input pin "iInstAddr[29]" File: /home/layneben/Downloads/cpre3810-toolflow/proj/src/TopLevel/RISCV_Processor.vhd Line: 29
    Warning (15610): No output dependent on input pin "iInstAddr[30]" File: /home/layneben/Downloads/cpre3810-toolflow/proj/src/TopLevel/RISCV_Processor.vhd Line: 29
    Warning (15610): No output dependent on input pin "iInstAddr[31]" File: /home/layneben/Downloads/cpre3810-toolflow/proj/src/TopLevel/RISCV_Processor.vhd Line: 29
Info (21057): Implemented 59464 device resources after synthesis - the final resource count might be different
    Info (21058): Implemented 67 input pins
    Info (21059): Implemented 32 output pins
    Info (21061): Implemented 59322 logic cells
    Info (21064): Implemented 43 RAM segments
Info: Quartus Prime Analysis & Synthesis was successful. 0 errors, 82 warnings
    Info: Peak virtual memory: 968 megabytes
    Info: Processing ended: Thu Dec 11 10:27:26 2025
    Info: Elapsed time: 00:01:02
    Info: Total CPU time (on all processors): 00:01:06


