Timing Analyzer report for toolflow
Thu Dec 11 10:30:46 2025
Quartus Prime Version 20.1.1 Build 720 11/11/2020 SJ Standard Edition


---------------------
; Table of Contents ;
---------------------
  1. Legal Notice
  2. Timing Analyzer Summary
  3. Parallel Compilation
  4. SDC File List
  5. Clocks
  6. Slow 1200mV 85C Model Fmax Summary
  7. Timing Closure Recommendations
  8. Slow 1200mV 85C Model Setup Summary
  9. Slow 1200mV 85C Model Hold Summary
 10. Slow 1200mV 85C Model Recovery Summary
 11. Slow 1200mV 85C Model Removal Summary
 12. Slow 1200mV 85C Model Minimum Pulse Width Summary
 13. Slow 1200mV 85C Model Setup: 'iCLK'
 14. Slow 1200mV 85C Model Hold: 'iCLK'
 15. Slow 1200mV 85C Model Recovery: 'iCLK'
 16. Slow 1200mV 85C Model Removal: 'iCLK'
 17. Slow 1200mV 85C Model Metastability Summary
 18. Slow 1200mV 0C Model Fmax Summary
 19. Slow 1200mV 0C Model Setup Summary
 20. Slow 1200mV 0C Model Hold Summary
 21. Slow 1200mV 0C Model Recovery Summary
 22. Slow 1200mV 0C Model Removal Summary
 23. Slow 1200mV 0C Model Minimum Pulse Width Summary
 24. Slow 1200mV 0C Model Setup: 'iCLK'
 25. Slow 1200mV 0C Model Hold: 'iCLK'
 26. Slow 1200mV 0C Model Recovery: 'iCLK'
 27. Slow 1200mV 0C Model Removal: 'iCLK'
 28. Slow 1200mV 0C Model Metastability Summary
 29. Fast 1200mV 0C Model Setup Summary
 30. Fast 1200mV 0C Model Hold Summary
 31. Fast 1200mV 0C Model Recovery Summary
 32. Fast 1200mV 0C Model Removal Summary
 33. Fast 1200mV 0C Model Minimum Pulse Width Summary
 34. Fast 1200mV 0C Model Setup: 'iCLK'
 35. Fast 1200mV 0C Model Hold: 'iCLK'
 36. Fast 1200mV 0C Model Recovery: 'iCLK'
 37. Fast 1200mV 0C Model Removal: 'iCLK'
 38. Fast 1200mV 0C Model Metastability Summary
 39. Multicorner Timing Analysis Summary
 40. Board Trace Model Assignments
 41. Input Transition Times
 42. Signal Integrity Metrics (Slow 1200mv 0c Model)
 43. Signal Integrity Metrics (Slow 1200mv 85c Model)
 44. Signal Integrity Metrics (Fast 1200mv 0c Model)
 45. Setup Transfers
 46. Hold Transfers
 47. Recovery Transfers
 48. Removal Transfers
 49. Report TCCS
 50. Report RSKM
 51. Unconstrained Paths Summary
 52. Clock Status Summary
 53. Unconstrained Input Ports
 54. Unconstrained Output Ports
 55. Unconstrained Input Ports
 56. Unconstrained Output Ports
 57. Timing Analyzer Messages



----------------
; Legal Notice ;
----------------
Copyright (C) 2020  Intel Corporation. All rights reserved.
Your use of Intel Corporation's design tools, logic functions 
and other software and tools, and any partner logic 
functions, and any output files from any of the foregoing 
(including device programming or simulation files), and any 
associated documentation or information are expressly subject 
to the terms and conditions of the Intel Program License 
Subscription Agreement, the Intel Quartus Prime License Agreement,
the Intel FPGA IP License Agreement, or other applicable license
agreement, including, without limitation, that your use is for
the sole purpose of programming logic devices manufactured by
Intel and sold by Intel or its authorized distributors.  Please
refer to the applicable agreement for further details, at
https://fpgasoftware.intel.com/eula.



+---------------------------------------------------------------------------------+
; Timing Analyzer Summary                                                         ;
+-----------------------+---------------------------------------------------------+
; Quartus Prime Version ; Version 20.1.1 Build 720 11/11/2020 SJ Standard Edition ;
; Timing Analyzer       ; Legacy Timing Analyzer                                  ;
; Revision Name         ; toolflow                                                ;
; Device Family         ; Cyclone IV E                                            ;
; Device Name           ; EP4CE115F29C7                                           ;
; Timing Models         ; Final                                                   ;
; Delay Model           ; Combined                                                ;
; Rise/Fall Delays      ; Enabled                                                 ;
+-----------------------+---------------------------------------------------------+


+------------------------------------------+
; Parallel Compilation                     ;
+----------------------------+-------------+
; Processors                 ; Number      ;
+----------------------------+-------------+
; Number detected on machine ; 20          ;
; Maximum allowed            ; 12          ;
;                            ;             ;
; Average used               ; 1.63        ;
; Maximum used               ; 12          ;
;                            ;             ;
; Usage by Processor         ; % Time Used ;
;     Processor 1            ; 100.0%      ;
;     Processor 2            ;  21.4%      ;
;     Processor 3            ;   8.1%      ;
;     Processor 4            ;   5.8%      ;
;     Processors 5-12        ;   3.4%      ;
+----------------------------+-------------+


+---------------------------------------------------+
; SDC File List                                     ;
+---------------+--------+--------------------------+
; SDC File Path ; Status ; Read at                  ;
+---------------+--------+--------------------------+
; toolflow.sdc  ; OK     ; Thu Dec 11 10:30:35 2025 ;
+---------------+--------+--------------------------+


+----------------------------------------------------------------------------------------------------------------------------------------------------------------------------------+
; Clocks                                                                                                                                                                           ;
+------------+------+--------+-----------+-------+--------+------------+-----------+-------------+-------+--------+-----------+------------+----------+--------+--------+----------+
; Clock Name ; Type ; Period ; Frequency ; Rise  ; Fall   ; Duty Cycle ; Divide by ; Multiply by ; Phase ; Offset ; Edge List ; Edge Shift ; Inverted ; Master ; Source ; Targets  ;
+------------+------+--------+-----------+-------+--------+------------+-----------+-------------+-------+--------+-----------+------------+----------+--------+--------+----------+
; iCLK       ; Base ; 20.000 ; 50.0 MHz  ; 0.000 ; 10.000 ;            ;           ;             ;       ;        ;           ;            ;          ;        ;        ; { iCLK } ;
+------------+------+--------+-----------+-------+--------+------------+-----------+-------------+-------+--------+-----------+------------+----------+--------+--------+----------+


+-------------------------------------------------+
; Slow 1200mV 85C Model Fmax Summary              ;
+-----------+-----------------+------------+------+
; Fmax      ; Restricted Fmax ; Clock Name ; Note ;
+-----------+-----------------+------------+------+
; 52.88 MHz ; 52.88 MHz       ; iCLK       ;      ;
+-----------+-----------------+------------+------+
This panel reports FMAX for every clock in the design, regardless of the user-specified clock periods.  FMAX is only computed for paths where the source and destination registers or ports are driven by the same clock.  Paths of different clocks, including generated clocks, are ignored.  For paths between a clock and its inversion, FMAX is computed as if the rising and falling edges are scaled along with FMAX, such that the duty cycle (in terms of a percentage) is maintained. Altera recommends that you always use clock constraints and other slack reports for sign-off analysis.


----------------------------------
; Timing Closure Recommendations ;
----------------------------------
HTML report is unavailable in plain text report export.


+-------------------------------------+
; Slow 1200mV 85C Model Setup Summary ;
+-------+-------+---------------------+
; Clock ; Slack ; End Point TNS       ;
+-------+-------+---------------------+
; iCLK  ; 1.089 ; 0.000               ;
+-------+-------+---------------------+


+------------------------------------+
; Slow 1200mV 85C Model Hold Summary ;
+-------+-------+--------------------+
; Clock ; Slack ; End Point TNS      ;
+-------+-------+--------------------+
; iCLK  ; 0.339 ; 0.000              ;
+-------+-------+--------------------+


+----------------------------------------+
; Slow 1200mV 85C Model Recovery Summary ;
+-------+--------+-----------------------+
; Clock ; Slack  ; End Point TNS         ;
+-------+--------+-----------------------+
; iCLK  ; 18.007 ; 0.000                 ;
+-------+--------+-----------------------+


+---------------------------------------+
; Slow 1200mV 85C Model Removal Summary ;
+-------+-------+-----------------------+
; Clock ; Slack ; End Point TNS         ;
+-------+-------+-----------------------+
; iCLK  ; 1.418 ; 0.000                 ;
+-------+-------+-----------------------+


+---------------------------------------------------+
; Slow 1200mV 85C Model Minimum Pulse Width Summary ;
+-------+-------+-----------------------------------+
; Clock ; Slack ; End Point TNS                     ;
+-------+-------+-----------------------------------+
; iCLK  ; 9.625 ; 0.000                             ;
+-------+-------+-----------------------------------+


+-------------------------------------------------------------------------------------------------------------------------------------------------------------------------------------------------------------------------------------------------------------------------------------------------------------------------+
; Slow 1200mV 85C Model Setup: 'iCLK'                                                                                                                                                                                                                                                                                     ;
+-------+-----------------------------------------------------------------------------------------+-------------------------------------------------------------------------------------------------------------------------------------------------+--------------+-------------+--------------+------------+------------+
; Slack ; From Node                                                                               ; To Node                                                                                                                                         ; Launch Clock ; Latch Clock ; Relationship ; Clock Skew ; Data Delay ;
+-------+-----------------------------------------------------------------------------------------+-------------------------------------------------------------------------------------------------------------------------------------------------+--------------+-------------+--------------+------------+------------+
; 1.089 ; IDEX:IDEX_i|dffg:ALUSrc_dffg|s_Q                                                        ; fetch:fetch_i|PCreg:PC|dffg:\g_dffgs:8:i_dffg|s_Q                                                                                               ; iCLK         ; iCLK        ; 20.000       ; -0.047     ; 18.862     ;
; 1.223 ; mem:DMem|altsyncram:ram_rtl_0|altsyncram_eg81:auto_generated|ram_block1a0~porta_we_reg  ; regfile:regfile_i|reg:\g_regs:4:i_reg|dffg:\g_dffgs:27:i_dffg|s_Q                                                                               ; iCLK         ; iCLK        ; 10.000       ; -0.396     ; 8.379      ;
; 1.224 ; mem:DMem|altsyncram:ram_rtl_0|altsyncram_eg81:auto_generated|ram_block1a0~porta_we_reg  ; regfile:regfile_i|reg:\g_regs:5:i_reg|dffg:\g_dffgs:27:i_dffg|s_Q                                                                               ; iCLK         ; iCLK        ; 10.000       ; -0.396     ; 8.378      ;
; 1.240 ; mem:DMem|altsyncram:ram_rtl_0|altsyncram_eg81:auto_generated|ram_block1a0~porta_we_reg  ; regfile:regfile_i|reg:\g_regs:9:i_reg|dffg:\g_dffgs:27:i_dffg|s_Q                                                                               ; iCLK         ; iCLK        ; 10.000       ; -0.365     ; 8.393      ;
; 1.240 ; mem:DMem|altsyncram:ram_rtl_0|altsyncram_eg81:auto_generated|ram_block1a0~porta_we_reg  ; regfile:regfile_i|reg:\g_regs:11:i_reg|dffg:\g_dffgs:27:i_dffg|s_Q                                                                              ; iCLK         ; iCLK        ; 10.000       ; -0.365     ; 8.393      ;
; 1.271 ; IDEX:IDEX_i|dffg:\ALUB_dffgs:47:B_dffg|s_Q                                              ; fetch:fetch_i|PCreg:PC|dffg:\g_dffgs:8:i_dffg|s_Q                                                                                               ; iCLK         ; iCLK        ; 20.000       ; -0.037     ; 18.690     ;
; 1.295 ; IDEX:IDEX_i|dffg:Sub_dffg|s_Q                                                           ; fetch:fetch_i|PCreg:PC|dffg:\g_dffgs:8:i_dffg|s_Q                                                                                               ; iCLK         ; iCLK        ; 20.000       ; -0.039     ; 18.664     ;
; 1.308 ; IDEX:IDEX_i|dffg:ALUSrc_dffg|s_Q                                                        ; IFID:IFID_i|dffg:\instruction_dffgs:25:i_dffg|s_Q                                                                                               ; iCLK         ; iCLK        ; 20.000       ; 0.357      ; 19.047     ;
; 1.321 ; IDEX:IDEX_i|dffg:\ALUA_dffgs:16:A_dffg|s_Q                                              ; fetch:fetch_i|PCreg:PC|dffg:\g_dffgs:8:i_dffg|s_Q                                                                                               ; iCLK         ; iCLK        ; 20.000       ; -0.065     ; 18.612     ;
; 1.323 ; IDEX:IDEX_i|dffg:ALUSrc_dffg|s_Q                                                        ; IFID:IFID_i|dffg:\instruction_dffgs:15:i_dffg|s_Q                                                                                               ; iCLK         ; iCLK        ; 20.000       ; 0.358      ; 19.033     ;
; 1.324 ; IDEX:IDEX_i|dffg:\ALUimm_dffgs:79:imm_dffg|s_Q                                          ; fetch:fetch_i|PCreg:PC|dffg:\g_dffgs:8:i_dffg|s_Q                                                                                               ; iCLK         ; iCLK        ; 20.000       ; -0.035     ; 18.639     ;
; 1.385 ; mem:DMem|altsyncram:ram_rtl_0|altsyncram_eg81:auto_generated|ram_block1a0~porta_we_reg  ; regfile:regfile_i|reg:\g_regs:6:i_reg|dffg:\g_dffgs:27:i_dffg|s_Q                                                                               ; iCLK         ; iCLK        ; 10.000       ; -0.397     ; 8.216      ;
; 1.403 ; mem:DMem|altsyncram:ram_rtl_0|altsyncram_eg81:auto_generated|ram_block1a0~porta_we_reg  ; regfile:regfile_i|reg:\g_regs:10:i_reg|dffg:\g_dffgs:26:i_dffg|s_Q                                                                              ; iCLK         ; iCLK        ; 10.000       ; -0.400     ; 8.195      ;
; 1.405 ; mem:DMem|altsyncram:ram_rtl_0|altsyncram_eg81:auto_generated|ram_block1a0~porta_we_reg  ; regfile:regfile_i|reg:\g_regs:11:i_reg|dffg:\g_dffgs:26:i_dffg|s_Q                                                                              ; iCLK         ; iCLK        ; 10.000       ; -0.400     ; 8.193      ;
; 1.411 ; IDEX:IDEX_i|dffg:ALUSrc_dffg|s_Q                                                        ; fetch:fetch_i|PCreg:PC|dffg:\g_dffgs:2:i_dffg|s_Q                                                                                               ; iCLK         ; iCLK        ; 20.000       ; 0.398      ; 18.985     ;
; 1.428 ; IDEX:IDEX_i|dffg:ALUSrc_dffg|s_Q                                                        ; IDEX:IDEX_i|dffg:MemtoReg_dffg|altshift_taps:s_Q_rtl_0|shift_taps_9km:auto_generated|altsyncram_n861:altsyncram4|ram_block7a0~porta_datain_reg0 ; iCLK         ; iCLK        ; 20.000       ; 0.304      ; 18.914     ;
; 1.482 ; mem:DMem|altsyncram:ram_rtl_0|altsyncram_eg81:auto_generated|ram_block1a0~porta_we_reg  ; regfile:regfile_i|reg:\g_regs:13:i_reg|dffg:\g_dffgs:27:i_dffg|s_Q                                                                              ; iCLK         ; iCLK        ; 10.000       ; -0.367     ; 8.149      ;
; 1.483 ; mem:DMem|altsyncram:ram_rtl_0|altsyncram_eg81:auto_generated|ram_block1a0~porta_we_reg  ; regfile:regfile_i|reg:\g_regs:12:i_reg|dffg:\g_dffgs:27:i_dffg|s_Q                                                                              ; iCLK         ; iCLK        ; 10.000       ; -0.367     ; 8.148      ;
; 1.490 ; IDEX:IDEX_i|dffg:\ALUB_dffgs:47:B_dffg|s_Q                                              ; IFID:IFID_i|dffg:\instruction_dffgs:25:i_dffg|s_Q                                                                                               ; iCLK         ; iCLK        ; 20.000       ; 0.367      ; 18.875     ;
; 1.505 ; IDEX:IDEX_i|dffg:\ALUB_dffgs:47:B_dffg|s_Q                                              ; IFID:IFID_i|dffg:\instruction_dffgs:15:i_dffg|s_Q                                                                                               ; iCLK         ; iCLK        ; 20.000       ; 0.368      ; 18.861     ;
; 1.508 ; IDEX:IDEX_i|dffg:ALUSrc_dffg|s_Q                                                        ; IDEX:IDEX_i|dffg:\ALUA_dffgs:19:A_dffg|s_Q                                                                                                      ; iCLK         ; iCLK        ; 20.000       ; 0.422      ; 18.912     ;
; 1.511 ; regfile:regfile_i|reg:\g_regs:4:i_reg|dffg:\g_dffgs:7:i_dffg|s_Q                        ; IDEX:IDEX_i|dffg:\ALUA_dffgs:35:A_dffg|s_Q                                                                                                      ; iCLK         ; iCLK        ; 10.000       ; -0.200     ; 8.287      ;
; 1.514 ; IDEX:IDEX_i|dffg:Sub_dffg|s_Q                                                           ; IFID:IFID_i|dffg:\instruction_dffgs:25:i_dffg|s_Q                                                                                               ; iCLK         ; iCLK        ; 20.000       ; 0.365      ; 18.849     ;
; 1.519 ; mem:DMem|altsyncram:ram_rtl_0|altsyncram_eg81:auto_generated|ram_block1a0~porta_we_reg  ; regfile:regfile_i|reg:\g_regs:25:i_reg|dffg:\g_dffgs:26:i_dffg|s_Q                                                                              ; iCLK         ; iCLK        ; 10.000       ; -0.354     ; 8.125      ;
; 1.519 ; mem:DMem|altsyncram:ram_rtl_0|altsyncram_eg81:auto_generated|ram_block1a0~porta_we_reg  ; regfile:regfile_i|reg:\g_regs:17:i_reg|dffg:\g_dffgs:26:i_dffg|s_Q                                                                              ; iCLK         ; iCLK        ; 10.000       ; -0.354     ; 8.125      ;
; 1.522 ; IDEX:IDEX_i|dffg:\ALUB_dffgs:48:B_dffg|s_Q                                              ; fetch:fetch_i|PCreg:PC|dffg:\g_dffgs:8:i_dffg|s_Q                                                                                               ; iCLK         ; iCLK        ; 20.000       ; -0.037     ; 18.439     ;
; 1.529 ; IDEX:IDEX_i|dffg:Sub_dffg|s_Q                                                           ; IFID:IFID_i|dffg:\instruction_dffgs:15:i_dffg|s_Q                                                                                               ; iCLK         ; iCLK        ; 20.000       ; 0.366      ; 18.835     ;
; 1.531 ; IDEX:IDEX_i|dffg:ALUSrc_dffg|s_Q                                                        ; fetch:fetch_i|PCreg:PC|dffg:\g_dffgs:7:i_dffg|s_Q                                                                                               ; iCLK         ; iCLK        ; 20.000       ; 0.397      ; 18.864     ;
; 1.534 ; IDEX:IDEX_i|dffg:ALUSrc_dffg|s_Q                                                        ; fetch:fetch_i|PCreg:PC|dffg:\g_dffgs:6:i_dffg|s_Q                                                                                               ; iCLK         ; iCLK        ; 20.000       ; 0.397      ; 18.861     ;
; 1.540 ; IDEX:IDEX_i|dffg:\ALUA_dffgs:16:A_dffg|s_Q                                              ; IFID:IFID_i|dffg:\instruction_dffgs:25:i_dffg|s_Q                                                                                               ; iCLK         ; iCLK        ; 20.000       ; 0.339      ; 18.797     ;
; 1.543 ; IDEX:IDEX_i|dffg:\ALUimm_dffgs:79:imm_dffg|s_Q                                          ; IFID:IFID_i|dffg:\instruction_dffgs:25:i_dffg|s_Q                                                                                               ; iCLK         ; iCLK        ; 20.000       ; 0.369      ; 18.824     ;
; 1.555 ; IDEX:IDEX_i|dffg:\ALUA_dffgs:16:A_dffg|s_Q                                              ; IFID:IFID_i|dffg:\instruction_dffgs:15:i_dffg|s_Q                                                                                               ; iCLK         ; iCLK        ; 20.000       ; 0.340      ; 18.783     ;
; 1.558 ; IDEX:IDEX_i|dffg:\ALUimm_dffgs:79:imm_dffg|s_Q                                          ; IFID:IFID_i|dffg:\instruction_dffgs:15:i_dffg|s_Q                                                                                               ; iCLK         ; iCLK        ; 20.000       ; 0.370      ; 18.810     ;
; 1.590 ; IDEX:IDEX_i|dffg:\ALUimm_dffgs:80:imm_dffg|s_Q                                          ; fetch:fetch_i|PCreg:PC|dffg:\g_dffgs:8:i_dffg|s_Q                                                                                               ; iCLK         ; iCLK        ; 20.000       ; -0.037     ; 18.371     ;
; 1.590 ; mem:DMem|altsyncram:ram_rtl_0|altsyncram_eg81:auto_generated|ram_block1a0~porta_we_reg  ; regfile:regfile_i|reg:\g_regs:2:i_reg|dffg:\g_dffgs:27:i_dffg|s_Q                                                                               ; iCLK         ; iCLK        ; 10.000       ; -0.396     ; 8.012      ;
; 1.590 ; mem:DMem|altsyncram:ram_rtl_0|altsyncram_eg81:auto_generated|ram_block1a0~porta_we_reg  ; regfile:regfile_i|reg:\g_regs:1:i_reg|dffg:\g_dffgs:27:i_dffg|s_Q                                                                               ; iCLK         ; iCLK        ; 10.000       ; -0.396     ; 8.012      ;
; 1.593 ; IDEX:IDEX_i|dffg:\ALUB_dffgs:47:B_dffg|s_Q                                              ; fetch:fetch_i|PCreg:PC|dffg:\g_dffgs:2:i_dffg|s_Q                                                                                               ; iCLK         ; iCLK        ; 20.000       ; 0.408      ; 18.813     ;
; 1.594 ; mem:DMem|altsyncram:ram_rtl_0|altsyncram_eg81:auto_generated|ram_block1a0~porta_we_reg  ; regfile:regfile_i|reg:\g_regs:7:i_reg|dffg:\g_dffgs:14:i_dffg|s_Q                                                                               ; iCLK         ; iCLK        ; 10.000       ; -0.397     ; 8.007      ;
; 1.603 ; IDEX:IDEX_i|dffg:ALUSrc_dffg|s_Q                                                        ; IFID:IFID_i|dffg:\instruction_dffgs:5:i_dffg|s_Q                                                                                                ; iCLK         ; iCLK        ; 20.000       ; 0.369      ; 18.764     ;
; 1.603 ; regfile:regfile_i|reg:\g_regs:16:i_reg|dffg:\g_dffgs:7:i_dffg|s_Q                       ; IDEX:IDEX_i|dffg:\ALUA_dffgs:35:A_dffg|s_Q                                                                                                      ; iCLK         ; iCLK        ; 10.000       ; -0.188     ; 8.207      ;
; 1.605 ; IDEX:IDEX_i|dffg:ALUSrc_dffg|s_Q                                                        ; IFID:IFID_i|dffg:\instruction_dffgs:26:i_dffg|s_Q                                                                                               ; iCLK         ; iCLK        ; 20.000       ; 0.369      ; 18.762     ;
; 1.605 ; mem:DMem|altsyncram:ram_rtl_0|altsyncram_eg81:auto_generated|ram_block1a0~porta_we_reg  ; regfile:regfile_i|reg:\g_regs:2:i_reg|dffg:\g_dffgs:26:i_dffg|s_Q                                                                               ; iCLK         ; iCLK        ; 10.000       ; -0.398     ; 7.995      ;
; 1.607 ; mem:DMem|altsyncram:ram_rtl_0|altsyncram_eg81:auto_generated|ram_block1a0~porta_we_reg  ; regfile:regfile_i|reg:\g_regs:1:i_reg|dffg:\g_dffgs:26:i_dffg|s_Q                                                                               ; iCLK         ; iCLK        ; 10.000       ; -0.398     ; 7.993      ;
; 1.610 ; IDEX:IDEX_i|dffg:\ALUB_dffgs:47:B_dffg|s_Q                                              ; IDEX:IDEX_i|dffg:MemtoReg_dffg|altshift_taps:s_Q_rtl_0|shift_taps_9km:auto_generated|altsyncram_n861:altsyncram4|ram_block7a0~porta_datain_reg0 ; iCLK         ; iCLK        ; 20.000       ; 0.314      ; 18.742     ;
; 1.612 ; mem:DMem|altsyncram:ram_rtl_0|altsyncram_eg81:auto_generated|ram_block1a0~porta_we_reg  ; regfile:regfile_i|reg:\g_regs:13:i_reg|dffg:\g_dffgs:22:i_dffg|s_Q                                                                              ; iCLK         ; iCLK        ; 10.000       ; -0.364     ; 8.022      ;
; 1.612 ; mem:DMem|altsyncram:ram_rtl_0|altsyncram_eg81:auto_generated|ram_block1a0~porta_we_reg  ; regfile:regfile_i|reg:\g_regs:14:i_reg|dffg:\g_dffgs:22:i_dffg|s_Q                                                                              ; iCLK         ; iCLK        ; 10.000       ; -0.364     ; 8.022      ;
; 1.613 ; IDEX:IDEX_i|dffg:ALUSrc_dffg|s_Q                                                        ; IFID:IFID_i|dffg:\instruction_dffgs:3:i_dffg|s_Q                                                                                                ; iCLK         ; iCLK        ; 20.000       ; 0.333      ; 18.718     ;
; 1.613 ; IDEX:IDEX_i|dffg:ALUSrc_dffg|s_Q                                                        ; IFID:IFID_i|dffg:\instruction_dffgs:6:i_dffg|s_Q                                                                                                ; iCLK         ; iCLK        ; 20.000       ; 0.342      ; 18.727     ;
; 1.615 ; IDEX:IDEX_i|dffg:ALUSrc_dffg|s_Q                                                        ; IFID:IFID_i|dffg:\instruction_dffgs:31:i_dffg|s_Q                                                                                               ; iCLK         ; iCLK        ; 20.000       ; 0.342      ; 18.725     ;
; 1.617 ; IDEX:IDEX_i|dffg:Sub_dffg|s_Q                                                           ; fetch:fetch_i|PCreg:PC|dffg:\g_dffgs:2:i_dffg|s_Q                                                                                               ; iCLK         ; iCLK        ; 20.000       ; 0.406      ; 18.787     ;
; 1.622 ; mem:DMem|altsyncram:ram_rtl_0|altsyncram_eg81:auto_generated|ram_block1a0~porta_we_reg  ; regfile:regfile_i|reg:\g_regs:5:i_reg|dffg:\g_dffgs:26:i_dffg|s_Q                                                                               ; iCLK         ; iCLK        ; 10.000       ; -0.399     ; 7.977      ;
; 1.624 ; IDEX:IDEX_i|dffg:ALUSrc_dffg|s_Q                                                        ; IFID:IFID_i|dffg:\instruction_dffgs:24:i_dffg|s_Q                                                                                               ; iCLK         ; iCLK        ; 20.000       ; 0.331      ; 18.705     ;
; 1.625 ; regfile:regfile_i|reg:\g_regs:4:i_reg|dffg:\g_dffgs:7:i_dffg|s_Q                        ; IDEX:IDEX_i|dffg:\ALUA_dffgs:37:A_dffg|s_Q                                                                                                      ; iCLK         ; iCLK        ; 10.000       ; -0.200     ; 8.173      ;
; 1.634 ; IDEX:IDEX_i|dffg:Sub_dffg|s_Q                                                           ; IDEX:IDEX_i|dffg:MemtoReg_dffg|altshift_taps:s_Q_rtl_0|shift_taps_9km:auto_generated|altsyncram_n861:altsyncram4|ram_block7a0~porta_datain_reg0 ; iCLK         ; iCLK        ; 20.000       ; 0.312      ; 18.716     ;
; 1.637 ; mem:DMem|altsyncram:ram_rtl_0|altsyncram_eg81:auto_generated|ram_block1a0~porta_we_reg  ; regfile:regfile_i|reg:\g_regs:10:i_reg|dffg:\g_dffgs:27:i_dffg|s_Q                                                                              ; iCLK         ; iCLK        ; 10.000       ; -0.364     ; 7.997      ;
; 1.637 ; mem:DMem|altsyncram:ram_rtl_0|altsyncram_eg81:auto_generated|ram_block1a0~porta_we_reg  ; regfile:regfile_i|reg:\g_regs:8:i_reg|dffg:\g_dffgs:27:i_dffg|s_Q                                                                               ; iCLK         ; iCLK        ; 10.000       ; -0.364     ; 7.997      ;
; 1.638 ; IDEX:IDEX_i|dffg:ALUSrc_dffg|s_Q                                                        ; IFID:IFID_i|dffg:\instruction_dffgs:4:i_dffg|s_Q                                                                                                ; iCLK         ; iCLK        ; 20.000       ; 0.388      ; 18.748     ;
; 1.638 ; IDEX:IDEX_i|dffg:ALUSrc_dffg|s_Q                                                        ; IFID:IFID_i|dffg:\instruction_dffgs:1:i_dffg|s_Q                                                                                                ; iCLK         ; iCLK        ; 20.000       ; 0.372      ; 18.732     ;
; 1.643 ; IDEX:IDEX_i|dffg:\ALUA_dffgs:16:A_dffg|s_Q                                              ; fetch:fetch_i|PCreg:PC|dffg:\g_dffgs:2:i_dffg|s_Q                                                                                               ; iCLK         ; iCLK        ; 20.000       ; 0.380      ; 18.735     ;
; 1.646 ; IDEX:IDEX_i|dffg:ALUSrc_dffg|s_Q                                                        ; IFID:IFID_i|dffg:\instruction_dffgs:7:i_dffg|s_Q                                                                                                ; iCLK         ; iCLK        ; 20.000       ; 0.393      ; 18.745     ;
; 1.646 ; IDEX:IDEX_i|dffg:\ALUimm_dffgs:79:imm_dffg|s_Q                                          ; fetch:fetch_i|PCreg:PC|dffg:\g_dffgs:2:i_dffg|s_Q                                                                                               ; iCLK         ; iCLK        ; 20.000       ; 0.410      ; 18.762     ;
; 1.648 ; mem:DMem|altsyncram:ram_rtl_0|altsyncram_eg81:auto_generated|ram_block1a0~porta_we_reg  ; regfile:regfile_i|reg:\g_regs:6:i_reg|dffg:\g_dffgs:31:i_dffg|s_Q                                                                               ; iCLK         ; iCLK        ; 10.000       ; -0.400     ; 7.950      ;
; 1.649 ; IDEX:IDEX_i|dffg:ALUSrc_dffg|s_Q                                                        ; IFID:IFID_i|dffg:\instruction_dffgs:13:i_dffg|s_Q                                                                                               ; iCLK         ; iCLK        ; 20.000       ; 0.393      ; 18.742     ;
; 1.649 ; IDEX:IDEX_i|dffg:ALUSrc_dffg|s_Q                                                        ; IFID:IFID_i|dffg:\instruction_dffgs:29:i_dffg|s_Q                                                                                               ; iCLK         ; iCLK        ; 20.000       ; 0.393      ; 18.742     ;
; 1.651 ; mem:DMem|altsyncram:ram_rtl_0|altsyncram_eg81:auto_generated|ram_block1a0~porta_we_reg  ; regfile:regfile_i|reg:\g_regs:24:i_reg|dffg:\g_dffgs:22:i_dffg|s_Q                                                                              ; iCLK         ; iCLK        ; 10.000       ; -0.353     ; 7.994      ;
; 1.651 ; mem:DMem|altsyncram:ram_rtl_0|altsyncram_eg81:auto_generated|ram_block1a0~porta_we_reg  ; regfile:regfile_i|reg:\g_regs:16:i_reg|dffg:\g_dffgs:22:i_dffg|s_Q                                                                              ; iCLK         ; iCLK        ; 10.000       ; -0.353     ; 7.994      ;
; 1.654 ; mem:DMem|altsyncram:ram_rtl_0|altsyncram_eg81:auto_generated|ram_block1a0~porta_we_reg  ; regfile:regfile_i|reg:\g_regs:7:i_reg|dffg:\g_dffgs:26:i_dffg|s_Q                                                                               ; iCLK         ; iCLK        ; 10.000       ; -0.399     ; 7.945      ;
; 1.655 ; IDEX:IDEX_i|dffg:ALUSrc_dffg|s_Q                                                        ; IFID:IFID_i|dffg:\instruction_dffgs:19:i_dffg|s_Q                                                                                               ; iCLK         ; iCLK        ; 20.000       ; 0.372      ; 18.715     ;
; 1.655 ; mem:DMem|altsyncram:ram_rtl_0|altsyncram_eg81:auto_generated|ram_block1a0~porta_we_reg  ; regfile:regfile_i|reg:\g_regs:20:i_reg|dffg:\g_dffgs:16:i_dffg|s_Q                                                                              ; iCLK         ; iCLK        ; 10.000       ; -0.352     ; 7.991      ;
; 1.656 ; IDEX:IDEX_i|dffg:ALUSrc_dffg|s_Q                                                        ; IFID:IFID_i|dffg:\instruction_dffgs:2:i_dffg|s_Q                                                                                                ; iCLK         ; iCLK        ; 20.000       ; 0.372      ; 18.714     ;
; 1.656 ; mem:DMem|altsyncram:ram_rtl_0|altsyncram_eg81:auto_generated|ram_block1a0~porta_we_reg  ; regfile:regfile_i|reg:\g_regs:28:i_reg|dffg:\g_dffgs:16:i_dffg|s_Q                                                                              ; iCLK         ; iCLK        ; 10.000       ; -0.352     ; 7.990      ;
; 1.660 ; IDEX:IDEX_i|dffg:\ALUA_dffgs:16:A_dffg|s_Q                                              ; IDEX:IDEX_i|dffg:MemtoReg_dffg|altshift_taps:s_Q_rtl_0|shift_taps_9km:auto_generated|altsyncram_n861:altsyncram4|ram_block7a0~porta_datain_reg0 ; iCLK         ; iCLK        ; 20.000       ; 0.286      ; 18.664     ;
; 1.661 ; mem:DMem|altsyncram:ram_rtl_0|altsyncram_eg81:auto_generated|ram_block1a0~porta_we_reg  ; regfile:regfile_i|reg:\g_regs:22:i_reg|dffg:\g_dffgs:22:i_dffg|s_Q                                                                              ; iCLK         ; iCLK        ; 10.000       ; -0.356     ; 7.981      ;
; 1.663 ; IDEX:IDEX_i|dffg:\ALUimm_dffgs:79:imm_dffg|s_Q                                          ; IDEX:IDEX_i|dffg:MemtoReg_dffg|altshift_taps:s_Q_rtl_0|shift_taps_9km:auto_generated|altsyncram_n861:altsyncram4|ram_block7a0~porta_datain_reg0 ; iCLK         ; iCLK        ; 20.000       ; 0.316      ; 18.691     ;
; 1.664 ; mem:DMem|altsyncram:ram_rtl_0|altsyncram_eg81:auto_generated|ram_block1a0~porta_we_reg  ; regfile:regfile_i|reg:\g_regs:18:i_reg|dffg:\g_dffgs:22:i_dffg|s_Q                                                                              ; iCLK         ; iCLK        ; 10.000       ; -0.356     ; 7.978      ;
; 1.667 ; mem:DMem|altsyncram:ram_rtl_0|altsyncram_eg81:auto_generated|ram_block1a5~porta_we_reg  ; regfile:regfile_i|reg:\g_regs:4:i_reg|dffg:\g_dffgs:27:i_dffg|s_Q                                                                               ; iCLK         ; iCLK        ; 10.000       ; -0.386     ; 7.945      ;
; 1.668 ; mem:DMem|altsyncram:ram_rtl_0|altsyncram_eg81:auto_generated|ram_block1a5~porta_we_reg  ; regfile:regfile_i|reg:\g_regs:5:i_reg|dffg:\g_dffgs:27:i_dffg|s_Q                                                                               ; iCLK         ; iCLK        ; 10.000       ; -0.386     ; 7.944      ;
; 1.676 ; mem:DMem|altsyncram:ram_rtl_0|altsyncram_eg81:auto_generated|ram_block1a0~porta_we_reg  ; regfile:regfile_i|reg:\g_regs:7:i_reg|dffg:\g_dffgs:31:i_dffg|s_Q                                                                               ; iCLK         ; iCLK        ; 10.000       ; -0.400     ; 7.922      ;
; 1.677 ; mem:DMem|altsyncram:ram_rtl_0|altsyncram_eg81:auto_generated|ram_block1a0~porta_we_reg  ; regfile:regfile_i|reg:\g_regs:20:i_reg|dffg:\g_dffgs:22:i_dffg|s_Q                                                                              ; iCLK         ; iCLK        ; 10.000       ; -0.353     ; 7.968      ;
; 1.677 ; mem:DMem|altsyncram:ram_rtl_0|altsyncram_eg81:auto_generated|ram_block1a0~porta_we_reg  ; regfile:regfile_i|reg:\g_regs:25:i_reg|dffg:\g_dffgs:19:i_dffg|s_Q                                                                              ; iCLK         ; iCLK        ; 10.000       ; -0.353     ; 7.968      ;
; 1.678 ; mem:DMem|altsyncram:ram_rtl_0|altsyncram_eg81:auto_generated|ram_block1a0~porta_we_reg  ; regfile:regfile_i|reg:\g_regs:28:i_reg|dffg:\g_dffgs:22:i_dffg|s_Q                                                                              ; iCLK         ; iCLK        ; 10.000       ; -0.353     ; 7.967      ;
; 1.678 ; mem:DMem|altsyncram:ram_rtl_0|altsyncram_eg81:auto_generated|ram_block1a0~porta_we_reg  ; regfile:regfile_i|reg:\g_regs:17:i_reg|dffg:\g_dffgs:19:i_dffg|s_Q                                                                              ; iCLK         ; iCLK        ; 10.000       ; -0.353     ; 7.967      ;
; 1.681 ; mem:DMem|altsyncram:ram_rtl_0|altsyncram_eg81:auto_generated|ram_block1a13~porta_we_reg ; regfile:regfile_i|reg:\g_regs:29:i_reg|dffg:\g_dffgs:17:i_dffg|s_Q                                                                              ; iCLK         ; iCLK        ; 10.000       ; -0.344     ; 7.973      ;
; 1.681 ; mem:DMem|altsyncram:ram_rtl_0|altsyncram_eg81:auto_generated|ram_block1a13~porta_we_reg ; regfile:regfile_i|reg:\g_regs:21:i_reg|dffg:\g_dffgs:17:i_dffg|s_Q                                                                              ; iCLK         ; iCLK        ; 10.000       ; -0.344     ; 7.973      ;
; 1.684 ; mem:DMem|altsyncram:ram_rtl_0|altsyncram_eg81:auto_generated|ram_block1a5~porta_we_reg  ; regfile:regfile_i|reg:\g_regs:9:i_reg|dffg:\g_dffgs:27:i_dffg|s_Q                                                                               ; iCLK         ; iCLK        ; 10.000       ; -0.355     ; 7.959      ;
; 1.684 ; mem:DMem|altsyncram:ram_rtl_0|altsyncram_eg81:auto_generated|ram_block1a5~porta_we_reg  ; regfile:regfile_i|reg:\g_regs:11:i_reg|dffg:\g_dffgs:27:i_dffg|s_Q                                                                              ; iCLK         ; iCLK        ; 10.000       ; -0.355     ; 7.959      ;
; 1.690 ; IDEX:IDEX_i|dffg:\ALUB_dffgs:47:B_dffg|s_Q                                              ; IDEX:IDEX_i|dffg:\ALUA_dffgs:19:A_dffg|s_Q                                                                                                      ; iCLK         ; iCLK        ; 20.000       ; 0.432      ; 18.740     ;
; 1.690 ; mem:DMem|altsyncram:ram_rtl_0|altsyncram_eg81:auto_generated|ram_block1a0~porta_we_reg  ; regfile:regfile_i|reg:\g_regs:3:i_reg|dffg:\g_dffgs:26:i_dffg|s_Q                                                                               ; iCLK         ; iCLK        ; 10.000       ; -0.398     ; 7.910      ;
; 1.691 ; mem:DMem|altsyncram:ram_rtl_0|altsyncram_eg81:auto_generated|ram_block1a0~porta_we_reg  ; regfile:regfile_i|reg:\g_regs:7:i_reg|dffg:\g_dffgs:27:i_dffg|s_Q                                                                               ; iCLK         ; iCLK        ; 10.000       ; -0.395     ; 7.912      ;
; 1.692 ; mem:DMem|altsyncram:ram_rtl_0|altsyncram_eg81:auto_generated|ram_block1a0~porta_we_reg  ; regfile:regfile_i|reg:\g_regs:25:i_reg|dffg:\g_dffgs:16:i_dffg|s_Q                                                                              ; iCLK         ; iCLK        ; 10.000       ; -0.353     ; 7.953      ;
; 1.692 ; mem:DMem|altsyncram:ram_rtl_0|altsyncram_eg81:auto_generated|ram_block1a0~porta_we_reg  ; regfile:regfile_i|reg:\g_regs:17:i_reg|dffg:\g_dffgs:16:i_dffg|s_Q                                                                              ; iCLK         ; iCLK        ; 10.000       ; -0.353     ; 7.953      ;
; 1.704 ; IDEX:IDEX_i|dffg:ALUSrc_dffg|s_Q                                                        ; IFID:IFID_i|dffg:\instruction_dffgs:9:i_dffg|s_Q                                                                                                ; iCLK         ; iCLK        ; 20.000       ; 0.369      ; 18.663     ;
; 1.704 ; IDEX:IDEX_i|dffg:ALUSrc_dffg|s_Q                                                        ; IFID:IFID_i|dffg:\instruction_dffgs:8:i_dffg|s_Q                                                                                                ; iCLK         ; iCLK        ; 20.000       ; 0.369      ; 18.663     ;
; 1.706 ; mem:DMem|altsyncram:ram_rtl_0|altsyncram_eg81:auto_generated|ram_block1a13~porta_we_reg ; regfile:regfile_i|reg:\g_regs:11:i_reg|dffg:\g_dffgs:17:i_dffg|s_Q                                                                              ; iCLK         ; iCLK        ; 10.000       ; -0.387     ; 7.905      ;
; 1.706 ; mem:DMem|altsyncram:ram_rtl_0|altsyncram_eg81:auto_generated|ram_block1a13~porta_we_reg ; regfile:regfile_i|reg:\g_regs:9:i_reg|dffg:\g_dffgs:17:i_dffg|s_Q                                                                               ; iCLK         ; iCLK        ; 10.000       ; -0.387     ; 7.905      ;
; 1.706 ; mem:DMem|altsyncram:ram_rtl_0|altsyncram_eg81:auto_generated|ram_block1a0~porta_we_reg  ; regfile:regfile_i|reg:\g_regs:23:i_reg|dffg:\g_dffgs:22:i_dffg|s_Q                                                                              ; iCLK         ; iCLK        ; 10.000       ; -0.362     ; 7.930      ;
; 1.707 ; regfile:regfile_i|reg:\g_regs:4:i_reg|dffg:\g_dffgs:15:i_dffg|s_Q                       ; IDEX:IDEX_i|dffg:\ALUA_dffgs:35:A_dffg|s_Q                                                                                                      ; iCLK         ; iCLK        ; 10.000       ; -0.197     ; 8.094      ;
; 1.707 ; mem:DMem|altsyncram:ram_rtl_0|altsyncram_eg81:auto_generated|ram_block1a0~porta_we_reg  ; regfile:regfile_i|reg:\g_regs:19:i_reg|dffg:\g_dffgs:22:i_dffg|s_Q                                                                              ; iCLK         ; iCLK        ; 10.000       ; -0.362     ; 7.929      ;
; 1.711 ; mem:DMem|altsyncram:ram_rtl_0|altsyncram_eg81:auto_generated|ram_block1a0~porta_we_reg  ; regfile:regfile_i|reg:\g_regs:17:i_reg|dffg:\g_dffgs:22:i_dffg|s_Q                                                                              ; iCLK         ; iCLK        ; 10.000       ; -0.354     ; 7.933      ;
; 1.712 ; mem:DMem|altsyncram:ram_rtl_0|altsyncram_eg81:auto_generated|ram_block1a0~porta_we_reg  ; regfile:regfile_i|reg:\g_regs:25:i_reg|dffg:\g_dffgs:22:i_dffg|s_Q                                                                              ; iCLK         ; iCLK        ; 10.000       ; -0.354     ; 7.932      ;
+-------+-----------------------------------------------------------------------------------------+-------------------------------------------------------------------------------------------------------------------------------------------------+--------------+-------------+--------------+------------+------------+


+---------------------------------------------------------------------------------------------------------------------------------------------------------------------------------------------------------------------------------------------------------------------------------------------------------------------------------------------------------+
; Slow 1200mV 85C Model Hold: 'iCLK'                                                                                                                                                                                                                                                                                                                      ;
+-------+------------------------------------------------------------------------------------------------------------------------+--------------------------------------------------------------------------------------------------------------------------------------------------+--------------+-------------+--------------+------------+------------+
; Slack ; From Node                                                                                                              ; To Node                                                                                                                                          ; Launch Clock ; Latch Clock ; Relationship ; Clock Skew ; Data Delay ;
+-------+------------------------------------------------------------------------------------------------------------------------+--------------------------------------------------------------------------------------------------------------------------------------------------+--------------+-------------+--------------+------------+------------+
; 0.339 ; EXMEM:EXMEM_i|dffg:\ALUB_dffgs:101:B_dffg|s_Q                                                                          ; mem:DMem|altsyncram:ram_rtl_0|altsyncram_eg81:auto_generated|ram_block1a8~porta_datain_reg0                                                      ; iCLK         ; iCLK        ; 0.000        ; 0.448      ; 1.009      ;
; 0.350 ; EXMEM:EXMEM_i|dffg:\set_dffgs:53:s_dffg|s_Q                                                                            ; mem:DMem|altsyncram:ram_rtl_0|altsyncram_eg81:auto_generated|ram_block1a0~porta_address_reg0                                                     ; iCLK         ; iCLK        ; 0.000        ; 0.444      ; 1.016      ;
; 0.355 ; EXMEM:EXMEM_i|dffg:\ALUB_dffgs:93:B_dffg|s_Q                                                                           ; mem:DMem|altsyncram:ram_rtl_0|altsyncram_eg81:auto_generated|ram_block1a13~porta_datain_reg0                                                     ; iCLK         ; iCLK        ; 0.000        ; 0.448      ; 1.025      ;
; 0.357 ; EXMEM:EXMEM_i|dffg:\set_dffgs:49:s_dffg|s_Q                                                                            ; mem:DMem|altsyncram:ram_rtl_0|altsyncram_eg81:auto_generated|ram_block1a0~porta_address_reg0                                                     ; iCLK         ; iCLK        ; 0.000        ; 0.444      ; 1.023      ;
; 0.357 ; EXMEM:EXMEM_i|dffg:\set_dffgs:56:s_dffg|s_Q                                                                            ; mem:DMem|altsyncram:ram_rtl_0|altsyncram_eg81:auto_generated|ram_block1a8~porta_address_reg0                                                     ; iCLK         ; iCLK        ; 0.000        ; 0.442      ; 1.021      ;
; 0.366 ; IDEX:IDEX_i|dffg:MemtoReg_dffg|altshift_taps:s_Q_rtl_0|shift_taps_9km:auto_generated|dffe3a[0]                         ; IDEX:IDEX_i|dffg:MemtoReg_dffg|altshift_taps:s_Q_rtl_0|shift_taps_9km:auto_generated|altsyncram_n861:altsyncram4|ram_block7a0~portb_address_reg0 ; iCLK         ; iCLK        ; 0.000        ; 0.438      ; 1.026      ;
; 0.372 ; EXMEM:EXMEM_i|dffg:\ALUB_dffgs:89:B_dffg|s_Q                                                                           ; mem:DMem|altsyncram:ram_rtl_0|altsyncram_eg81:auto_generated|ram_block1a8~porta_datain_reg0                                                      ; iCLK         ; iCLK        ; 0.000        ; 0.448      ; 1.042      ;
; 0.387 ; fetch:fetch_i|PCreg:PC|dffg:\g_dffgs:2:i_dffg|s_Q                                                                      ; fetch:fetch_i|PCreg:PC|dffg:\g_dffgs:2:i_dffg|s_Q                                                                                                ; iCLK         ; iCLK        ; 0.000        ; 0.101      ; 0.674      ;
; 0.395 ; EXMEM:EXMEM_i|dffg:\ALUB_dffgs:92:B_dffg|s_Q                                                                           ; mem:DMem|altsyncram:ram_rtl_0|altsyncram_eg81:auto_generated|ram_block1a13~porta_datain_reg0                                                     ; iCLK         ; iCLK        ; 0.000        ; 0.451      ; 1.068      ;
; 0.402 ; IDEX:IDEX_i|dffg:MemtoReg_dffg|altshift_taps:s_Q_rtl_0|shift_taps_9km:auto_generated|cntr_6pf:cntr1|counter_reg_bit[0] ; IDEX:IDEX_i|dffg:MemtoReg_dffg|altshift_taps:s_Q_rtl_0|shift_taps_9km:auto_generated|cntr_6pf:cntr1|counter_reg_bit[0]                           ; iCLK         ; iCLK        ; 0.000        ; 0.081      ; 0.669      ;
; 0.407 ; IDEX:IDEX_i|dffg:Jump_dffg|s_Q                                                                                         ; IDEX:IDEX_i|dffg:Jump_dffg|s_Q                                                                                                                   ; iCLK         ; iCLK        ; 0.000        ; 0.081      ; 0.674      ;
; 0.407 ; IDEX:IDEX_i|dffg:Branch_dffg|s_Q                                                                                       ; IDEX:IDEX_i|dffg:Branch_dffg|s_Q                                                                                                                 ; iCLK         ; iCLK        ; 0.000        ; 0.081      ; 0.674      ;
; 0.407 ; IDEX:IDEX_i|dffg:MemtoReg_dffg|altshift_taps:s_Q_rtl_0|shift_taps_9km:auto_generated|cntr_6pf:cntr1|counter_reg_bit[1] ; IDEX:IDEX_i|dffg:MemtoReg_dffg|altshift_taps:s_Q_rtl_0|shift_taps_9km:auto_generated|cntr_6pf:cntr1|counter_reg_bit[1]                           ; iCLK         ; iCLK        ; 0.000        ; 0.081      ; 0.674      ;
; 0.419 ; EXMEM:EXMEM_i|dffg:\ALUB_dffgs:97:B_dffg|s_Q                                                                           ; mem:DMem|altsyncram:ram_rtl_0|altsyncram_eg81:auto_generated|ram_block1a13~porta_datain_reg0                                                     ; iCLK         ; iCLK        ; 0.000        ; 0.451      ; 1.092      ;
; 0.427 ; IDEX:IDEX_i|dffg:\fetchInstAddPlus4_dffgs:141:i_dffg|s_Q                                                               ; EXMEM:EXMEM_i|dffg:\regdata_dffgs:32:rd_dffg|s_Q                                                                                                 ; iCLK         ; iCLK        ; 0.000        ; 0.081      ; 0.694      ;
; 0.427 ; EXMEM:EXMEM_i|dffg:\regdata_dffgs:28:rd_dffg|s_Q                                                                       ; MEMWB:MEMWB_i|dffg:\regdata_dffgs:28:rd_dffg|s_Q                                                                                                 ; iCLK         ; iCLK        ; 0.000        ; 0.082      ; 0.695      ;
; 0.429 ; IDEX:IDEX_i|dffg:\fetchInstAddPlus4_dffgs:149:i_dffg|s_Q                                                               ; EXMEM:EXMEM_i|dffg:\regdata_dffgs:40:rd_dffg|s_Q                                                                                                 ; iCLK         ; iCLK        ; 0.000        ; 0.081      ; 0.696      ;
; 0.429 ; IDEX:IDEX_i|dffg:\fetchInstAddPlus4_dffgs:128:i_dffg|s_Q                                                               ; EXMEM:EXMEM_i|dffg:\regdata_dffgs:19:rd_dffg|s_Q                                                                                                 ; iCLK         ; iCLK        ; 0.000        ; 0.081      ; 0.696      ;
; 0.429 ; EXMEM:EXMEM_i|dffg:\regdata_dffgs:17:rd_dffg|s_Q                                                                       ; MEMWB:MEMWB_i|dffg:\regdata_dffgs:17:rd_dffg|s_Q                                                                                                 ; iCLK         ; iCLK        ; 0.000        ; 0.081      ; 0.696      ;
; 0.429 ; EXMEM:EXMEM_i|dffg:\ext_dffgs:129:e_dffg|s_Q                                                                           ; MEMWB:MEMWB_i|dffg:\ext_dffgs:97:e_dffg|s_Q                                                                                                      ; iCLK         ; iCLK        ; 0.000        ; 0.081      ; 0.696      ;
; 0.429 ; EXMEM:EXMEM_i|dffg:\regdata_dffgs:16:rd_dffg|s_Q                                                                       ; MEMWB:MEMWB_i|dffg:\regdata_dffgs:16:rd_dffg|s_Q                                                                                                 ; iCLK         ; iCLK        ; 0.000        ; 0.081      ; 0.696      ;
; 0.429 ; EXMEM:EXMEM_i|dffg:\regdata_dffgs:19:rd_dffg|s_Q                                                                       ; MEMWB:MEMWB_i|dffg:\regdata_dffgs:19:rd_dffg|s_Q                                                                                                 ; iCLK         ; iCLK        ; 0.000        ; 0.081      ; 0.696      ;
; 0.429 ; EXMEM:EXMEM_i|dffg:\ext_dffgs:135:e_dffg|s_Q                                                                           ; MEMWB:MEMWB_i|dffg:\ext_dffgs:103:e_dffg|s_Q                                                                                                     ; iCLK         ; iCLK        ; 0.000        ; 0.080      ; 0.695      ;
; 0.429 ; EXMEM:EXMEM_i|dffg:\ext_dffgs:137:e_dffg|s_Q                                                                           ; MEMWB:MEMWB_i|dffg:\ext_dffgs:105:e_dffg|s_Q                                                                                                     ; iCLK         ; iCLK        ; 0.000        ; 0.081      ; 0.696      ;
; 0.429 ; EXMEM:EXMEM_i|dffg:\regdata_dffgs:24:rd_dffg|s_Q                                                                       ; MEMWB:MEMWB_i|dffg:\regdata_dffgs:24:rd_dffg|s_Q                                                                                                 ; iCLK         ; iCLK        ; 0.000        ; 0.081      ; 0.696      ;
; 0.430 ; EXMEM:EXMEM_i|dffg:\regdata_dffgs:25:rd_dffg|s_Q                                                                       ; MEMWB:MEMWB_i|dffg:\regdata_dffgs:25:rd_dffg|s_Q                                                                                                 ; iCLK         ; iCLK        ; 0.000        ; 0.081      ; 0.697      ;
; 0.430 ; EXMEM:EXMEM_i|dffg:\ext_dffgs:130:e_dffg|s_Q                                                                           ; MEMWB:MEMWB_i|dffg:\ext_dffgs:98:e_dffg|s_Q                                                                                                      ; iCLK         ; iCLK        ; 0.000        ; 0.080      ; 0.696      ;
; 0.435 ; EXMEM:EXMEM_i|dffg:\set_dffgs:51:s_dffg|s_Q                                                                            ; mem:DMem|altsyncram:ram_rtl_0|altsyncram_eg81:auto_generated|ram_block1a0~porta_address_reg0                                                     ; iCLK         ; iCLK        ; 0.000        ; 0.444      ; 1.101      ;
; 0.435 ; IDEX:IDEX_i|dffg:\ALUB_dffgs:74:B_dffg|s_Q                                                                             ; EXMEM:EXMEM_i|dffg:\ALUB_dffgs:106:B_dffg|s_Q                                                                                                    ; iCLK         ; iCLK        ; 0.000        ; 0.081      ; 0.702      ;
; 0.437 ; IDEX:IDEX_i|dffg:\ALUB_dffgs:78:B_dffg|s_Q                                                                             ; EXMEM:EXMEM_i|dffg:\ALUB_dffgs:110:B_dffg|s_Q                                                                                                    ; iCLK         ; iCLK        ; 0.000        ; 0.081      ; 0.704      ;
; 0.441 ; fetch:fetch_i|PCreg:PC|dffg:\g_dffgs:3:i_dffg|s_Q                                                                      ; IFID:IFID_i|dffg:\fetchInstAddPlus4_dffgs:35:i_dffg|s_Q                                                                                          ; iCLK         ; iCLK        ; 0.000        ; 0.081      ; 0.708      ;
; 0.445 ; fetch:fetch_i|PCreg:PC|dffg:\g_dffgs:17:i_dffg|s_Q                                                                     ; IFID:IFID_i|dffg:\fetchInstAdd_dffgs:81:i_dffg|s_Q                                                                                               ; iCLK         ; iCLK        ; 0.000        ; 0.080      ; 0.711      ;
; 0.451 ; IDEX:IDEX_i|dffg:\ALUB_dffgs:72:B_dffg|s_Q                                                                             ; EXMEM:EXMEM_i|dffg:\ALUB_dffgs:104:B_dffg|s_Q                                                                                                    ; iCLK         ; iCLK        ; 0.000        ; 0.081      ; 0.718      ;
; 0.451 ; IDEX:IDEX_i|dffg:\ALUB_dffgs:50:B_dffg|s_Q                                                                             ; EXMEM:EXMEM_i|dffg:\ALUB_dffgs:82:B_dffg|s_Q                                                                                                     ; iCLK         ; iCLK        ; 0.000        ; 0.081      ; 0.718      ;
; 0.451 ; IDEX:IDEX_i|dffg:\ALUB_dffgs:75:B_dffg|s_Q                                                                             ; EXMEM:EXMEM_i|dffg:\ALUB_dffgs:107:B_dffg|s_Q                                                                                                    ; iCLK         ; iCLK        ; 0.000        ; 0.081      ; 0.718      ;
; 0.451 ; IDEX:IDEX_i|dffg:\ALUB_dffgs:68:B_dffg|s_Q                                                                             ; EXMEM:EXMEM_i|dffg:\ALUB_dffgs:100:B_dffg|s_Q                                                                                                    ; iCLK         ; iCLK        ; 0.000        ; 0.081      ; 0.718      ;
; 0.451 ; IFID:IFID_i|dffg:\fetchInstAdd_dffgs:65:i_dffg|s_Q                                                                     ; IDEX:IDEX_i|dffg:\fetchInstAdd_dffgs:189:i_dffg|s_Q                                                                                              ; iCLK         ; iCLK        ; 0.000        ; 0.080      ; 0.717      ;
; 0.457 ; IDEX:IDEX_i|dffg:MemtoReg_dffg|altshift_taps:s_Q_rtl_0|shift_taps_9km:auto_generated|cntr_6pf:cntr1|counter_reg_bit[0] ; IDEX:IDEX_i|dffg:MemtoReg_dffg|altshift_taps:s_Q_rtl_0|shift_taps_9km:auto_generated|cntr_6pf:cntr1|counter_reg_bit[1]                           ; iCLK         ; iCLK        ; 0.000        ; 0.081      ; 0.724      ;
; 0.459 ; IDEX:IDEX_i|dffg:MemtoReg_dffg|altshift_taps:s_Q_rtl_0|shift_taps_9km:auto_generated|cntr_6pf:cntr1|counter_reg_bit[1] ; IDEX:IDEX_i|dffg:MemtoReg_dffg|altshift_taps:s_Q_rtl_0|shift_taps_9km:auto_generated|dffe3a[1]                                                   ; iCLK         ; iCLK        ; 0.000        ; 0.081      ; 0.726      ;
; 0.459 ; IDEX:IDEX_i|dffg:\ALUimm_dffgs:86:imm_dffg|s_Q                                                                         ; EXMEM:EXMEM_i|dffg:\ext_dffgs:118:e_dffg|s_Q                                                                                                     ; iCLK         ; iCLK        ; 0.000        ; 0.081      ; 0.726      ;
; 0.459 ; IDEX:IDEX_i|dffg:\ALUimm_dffgs:93:imm_dffg|s_Q                                                                         ; EXMEM:EXMEM_i|dffg:\ext_dffgs:125:e_dffg|s_Q                                                                                                     ; iCLK         ; iCLK        ; 0.000        ; 0.081      ; 0.726      ;
; 0.516 ; IDEX:IDEX_i|dffg:\fetchInstAdd_dffgs:189:i_dffg|s_Q                                                                    ; fetch:fetch_i|PCreg:PC|dffg:\g_dffgs:1:i_dffg|s_Q                                                                                                ; iCLK         ; iCLK        ; 0.000        ; 0.480      ; 1.182      ;
; 0.569 ; EXMEM:EXMEM_i|dffg:\set_dffgs:58:s_dffg|s_Q                                                                            ; mem:DMem|altsyncram:ram_rtl_0|altsyncram_eg81:auto_generated|ram_block1a0~porta_address_reg0                                                     ; iCLK         ; iCLK        ; 0.000        ; 0.446      ; 1.237      ;
; 0.578 ; IFID:IFID_i|dffg:\fetchInstAdd_dffgs:64:i_dffg|s_Q                                                                     ; IDEX:IDEX_i|dffg:\fetchInstAdd_dffgs:188:i_dffg|s_Q                                                                                              ; iCLK         ; iCLK        ; 0.000        ; 0.096      ; 0.860      ;
; 0.586 ; EXMEM:EXMEM_i|dffg:\ext_dffgs:140:e_dffg|s_Q                                                                           ; MEMWB:MEMWB_i|dffg:\ext_dffgs:108:e_dffg|s_Q                                                                                                     ; iCLK         ; iCLK        ; 0.000        ; 0.083      ; 0.855      ;
; 0.586 ; IFID:IFID_i|dffg:\fetchInstAdd_dffgs:68:i_dffg|s_Q                                                                     ; IDEX:IDEX_i|dffg:\fetchInstAdd_dffgs:192:i_dffg|s_Q                                                                                              ; iCLK         ; iCLK        ; 0.000        ; 0.101      ; 0.873      ;
; 0.595 ; EXMEM:EXMEM_i|dffg:\ext_dffgs:119:e_dffg|s_Q                                                                           ; MEMWB:MEMWB_i|dffg:\ext_dffgs:87:e_dffg|s_Q                                                                                                      ; iCLK         ; iCLK        ; 0.000        ; 0.082      ; 0.863      ;
; 0.599 ; IFID:IFID_i|dffg:\fetchInstAddPlus4_dffgs:63:i_dffg|s_Q                                                                ; IDEX:IDEX_i|dffg:\fetchInstAddPlus4_dffgs:155:i_dffg|s_Q                                                                                         ; iCLK         ; iCLK        ; 0.000        ; 0.081      ; 0.866      ;
; 0.599 ; EXMEM:EXMEM_i|dffg:\regdata_dffgs:26:rd_dffg|s_Q                                                                       ; MEMWB:MEMWB_i|dffg:\regdata_dffgs:26:rd_dffg|s_Q                                                                                                 ; iCLK         ; iCLK        ; 0.000        ; 0.082      ; 0.867      ;
; 0.599 ; EXMEM:EXMEM_i|dffg:\regdata_dffgs:34:rd_dffg|s_Q                                                                       ; MEMWB:MEMWB_i|dffg:\regdata_dffgs:34:rd_dffg|s_Q                                                                                                 ; iCLK         ; iCLK        ; 0.000        ; 0.081      ; 0.866      ;
; 0.599 ; EXMEM:EXMEM_i|dffg:\ext_dffgs:125:e_dffg|s_Q                                                                           ; MEMWB:MEMWB_i|dffg:\ext_dffgs:93:e_dffg|s_Q                                                                                                      ; iCLK         ; iCLK        ; 0.000        ; 0.081      ; 0.866      ;
; 0.599 ; EXMEM:EXMEM_i|dffg:\regdata_dffgs:31:rd_dffg|s_Q                                                                       ; MEMWB:MEMWB_i|dffg:\regdata_dffgs:31:rd_dffg|s_Q                                                                                                 ; iCLK         ; iCLK        ; 0.000        ; 0.081      ; 0.866      ;
; 0.599 ; IFID:IFID_i|dffg:\fetchInstAddPlus4_dffgs:62:i_dffg|s_Q                                                                ; IDEX:IDEX_i|dffg:\fetchInstAddPlus4_dffgs:154:i_dffg|s_Q                                                                                         ; iCLK         ; iCLK        ; 0.000        ; 0.081      ; 0.866      ;
; 0.600 ; IFID:IFID_i|dffg:\fetchInstAdd_dffgs:80:i_dffg|s_Q                                                                     ; IDEX:IDEX_i|dffg:\fetchInstAdd_dffgs:204:i_dffg|s_Q                                                                                              ; iCLK         ; iCLK        ; 0.000        ; 0.080      ; 0.866      ;
; 0.600 ; EXMEM:EXMEM_i|dffg:\ext_dffgs:141:e_dffg|s_Q                                                                           ; MEMWB:MEMWB_i|dffg:\ext_dffgs:109:e_dffg|s_Q                                                                                                     ; iCLK         ; iCLK        ; 0.000        ; 0.081      ; 0.867      ;
; 0.601 ; fetch:fetch_i|PCreg:PC|dffg:\g_dffgs:4:i_dffg|s_Q                                                                      ; IFID:IFID_i|dffg:\fetchInstAdd_dffgs:68:i_dffg|s_Q                                                                                               ; iCLK         ; iCLK        ; 0.000        ; 0.101      ; 0.888      ;
; 0.601 ; EXMEM:EXMEM_i|dffg:\ext_dffgs:115:e_dffg|s_Q                                                                           ; MEMWB:MEMWB_i|dffg:\ext_dffgs:83:e_dffg|s_Q                                                                                                      ; iCLK         ; iCLK        ; 0.000        ; 0.081      ; 0.868      ;
; 0.601 ; EXMEM:EXMEM_i|dffg:\ext_dffgs:128:e_dffg|s_Q                                                                           ; MEMWB:MEMWB_i|dffg:\ext_dffgs:96:e_dffg|s_Q                                                                                                      ; iCLK         ; iCLK        ; 0.000        ; 0.081      ; 0.868      ;
; 0.602 ; fetch:fetch_i|PCreg:PC|dffg:\g_dffgs:5:i_dffg|s_Q                                                                      ; IFID:IFID_i|dffg:\fetchInstAdd_dffgs:69:i_dffg|s_Q                                                                                               ; iCLK         ; iCLK        ; 0.000        ; 0.101      ; 0.889      ;
; 0.602 ; EXMEM:EXMEM_i|dffg:\ext_dffgs:126:e_dffg|s_Q                                                                           ; MEMWB:MEMWB_i|dffg:\ext_dffgs:94:e_dffg|s_Q                                                                                                      ; iCLK         ; iCLK        ; 0.000        ; 0.081      ; 0.869      ;
; 0.605 ; IDEX:IDEX_i|dffg:Jump_dffg|s_Q                                                                                         ; IDEX:IDEX_i|dffg:\ALUA_dffgs:17:A_dffg|s_Q                                                                                                       ; iCLK         ; iCLK        ; 0.000        ; 0.081      ; 0.872      ;
; 0.609 ; EXMEM:EXMEM_i|dffg:\ext_dffgs:112:e_dffg|s_Q                                                                           ; MEMWB:MEMWB_i|dffg:\ext_dffgs:80:e_dffg|s_Q                                                                                                      ; iCLK         ; iCLK        ; 0.000        ; 0.082      ; 0.877      ;
; 0.610 ; IDEX:IDEX_i|dffg:\fetchInstAddPlus4_dffgs:127:i_dffg|s_Q                                                               ; EXMEM:EXMEM_i|dffg:\regdata_dffgs:18:rd_dffg|s_Q                                                                                                 ; iCLK         ; iCLK        ; 0.000        ; 0.083      ; 0.879      ;
; 0.611 ; fetch:fetch_i|PCreg:PC|dffg:\g_dffgs:2:i_dffg|s_Q                                                                      ; IFID:IFID_i|dffg:\fetchInstAdd_dffgs:66:i_dffg|s_Q                                                                                               ; iCLK         ; iCLK        ; 0.000        ; 0.101      ; 0.898      ;
; 0.611 ; IDEX:IDEX_i|dffg:\ALUB_dffgs:56:B_dffg|s_Q                                                                             ; EXMEM:EXMEM_i|dffg:\ALUB_dffgs:88:B_dffg|s_Q                                                                                                     ; iCLK         ; iCLK        ; 0.000        ; 0.083      ; 0.880      ;
; 0.621 ; IDEX:IDEX_i|dffg:\ALUimm_dffgs:95:imm_dffg|s_Q                                                                         ; EXMEM:EXMEM_i|dffg:\ext_dffgs:127:e_dffg|s_Q                                                                                                     ; iCLK         ; iCLK        ; 0.000        ; 0.081      ; 0.888      ;
; 0.622 ; IDEX:IDEX_i|dffg:\ALUB_dffgs:70:B_dffg|s_Q                                                                             ; EXMEM:EXMEM_i|dffg:\ALUB_dffgs:102:B_dffg|s_Q                                                                                                    ; iCLK         ; iCLK        ; 0.000        ; 0.081      ; 0.889      ;
; 0.623 ; fetch:fetch_i|PCreg:PC|dffg:\g_dffgs:9:i_dffg|s_Q                                                                      ; IFID:IFID_i|dffg:\fetchInstAddPlus4_dffgs:41:i_dffg|s_Q                                                                                          ; iCLK         ; iCLK        ; 0.000        ; 0.097      ; 0.906      ;
; 0.623 ; IFID:IFID_i|dffg:\fetchInstAdd_dffgs:81:i_dffg|s_Q                                                                     ; IDEX:IDEX_i|dffg:\fetchInstAdd_dffgs:205:i_dffg|s_Q                                                                                              ; iCLK         ; iCLK        ; 0.000        ; 0.080      ; 0.889      ;
; 0.624 ; IDEX:IDEX_i|dffg:\ALUimm_dffgs:80:imm_dffg|s_Q                                                                         ; fetch:fetch_i|PCreg:PC|dffg:\g_dffgs:1:i_dffg|s_Q                                                                                                ; iCLK         ; iCLK        ; 0.000        ; 0.490      ; 1.300      ;
; 0.625 ; fetch:fetch_i|PCreg:PC|dffg:\g_dffgs:16:i_dffg|s_Q                                                                     ; IFID:IFID_i|dffg:\fetchInstAdd_dffgs:80:i_dffg|s_Q                                                                                               ; iCLK         ; iCLK        ; 0.000        ; 0.080      ; 0.891      ;
; 0.626 ; IFID:IFID_i|dffg:\fetchInstAdd_dffgs:77:i_dffg|s_Q                                                                     ; IDEX:IDEX_i|dffg:\fetchInstAdd_dffgs:201:i_dffg|s_Q                                                                                              ; iCLK         ; iCLK        ; 0.000        ; 0.079      ; 0.891      ;
; 0.626 ; IDEX:IDEX_i|dffg:\ALUimm_dffgs:91:imm_dffg|s_Q                                                                         ; EXMEM:EXMEM_i|dffg:\ext_dffgs:123:e_dffg|s_Q                                                                                                     ; iCLK         ; iCLK        ; 0.000        ; 0.081      ; 0.893      ;
; 0.628 ; fetch:fetch_i|PCreg:PC|dffg:\g_dffgs:10:i_dffg|s_Q                                                                     ; IFID:IFID_i|dffg:\fetchInstAdd_dffgs:74:i_dffg|s_Q                                                                                               ; iCLK         ; iCLK        ; 0.000        ; 0.097      ; 0.911      ;
; 0.628 ; IDEX:IDEX_i|dffg:\ALUimm_dffgs:92:imm_dffg|s_Q                                                                         ; EXMEM:EXMEM_i|dffg:\ext_dffgs:124:e_dffg|s_Q                                                                                                     ; iCLK         ; iCLK        ; 0.000        ; 0.081      ; 0.895      ;
; 0.628 ; IDEX:IDEX_i|dffg:\ALUimm_dffgs:89:imm_dffg|s_Q                                                                         ; EXMEM:EXMEM_i|dffg:\ext_dffgs:121:e_dffg|s_Q                                                                                                     ; iCLK         ; iCLK        ; 0.000        ; 0.081      ; 0.895      ;
; 0.630 ; fetch:fetch_i|PCreg:PC|dffg:\g_dffgs:8:i_dffg|s_Q                                                                      ; IFID:IFID_i|dffg:\fetchInstAdd_dffgs:72:i_dffg|s_Q                                                                                               ; iCLK         ; iCLK        ; 0.000        ; 0.082      ; 0.898      ;
; 0.630 ; IDEX:IDEX_i|dffg:jalr_dffg|s_Q                                                                                         ; fetch:fetch_i|PCreg:PC|dffg:\g_dffgs:1:i_dffg|s_Q                                                                                                ; iCLK         ; iCLK        ; 0.000        ; 0.480      ; 1.296      ;
; 0.631 ; IDEX:IDEX_i|dffg:\ALUimm_dffgs:88:imm_dffg|s_Q                                                                         ; EXMEM:EXMEM_i|dffg:\ext_dffgs:120:e_dffg|s_Q                                                                                                     ; iCLK         ; iCLK        ; 0.000        ; 0.081      ; 0.898      ;
; 0.636 ; IDEX:IDEX_i|dffg:\fetchInstAddPlus4_dffgs:144:i_dffg|s_Q                                                               ; EXMEM:EXMEM_i|dffg:\regdata_dffgs:35:rd_dffg|s_Q                                                                                                 ; iCLK         ; iCLK        ; 0.000        ; 0.082      ; 0.904      ;
; 0.638 ; IDEX:IDEX_i|dffg:\fetchInstAddPlus4_dffgs:140:i_dffg|s_Q                                                               ; EXMEM:EXMEM_i|dffg:\regdata_dffgs:31:rd_dffg|s_Q                                                                                                 ; iCLK         ; iCLK        ; 0.000        ; 0.081      ; 0.905      ;
; 0.638 ; IDEX:IDEX_i|dffg:\fetchInstAddPlus4_dffgs:138:i_dffg|s_Q                                                               ; EXMEM:EXMEM_i|dffg:\regdata_dffgs:29:rd_dffg|s_Q                                                                                                 ; iCLK         ; iCLK        ; 0.000        ; 0.082      ; 0.906      ;
; 0.652 ; EXMEM:EXMEM_i|dffg:\set_dffgs:55:s_dffg|s_Q                                                                            ; mem:DMem|altsyncram:ram_rtl_0|altsyncram_eg81:auto_generated|ram_block1a13~porta_address_reg0                                                    ; iCLK         ; iCLK        ; 0.000        ; 0.447      ; 1.321      ;
; 0.653 ; fetch:fetch_i|PCreg:PC|dffg:\g_dffgs:17:i_dffg|s_Q                                                                     ; IFID:IFID_i|dffg:\fetchInstAddPlus4_dffgs:49:i_dffg|s_Q                                                                                          ; iCLK         ; iCLK        ; 0.000        ; 0.080      ; 0.919      ;
; 0.659 ; EXMEM:EXMEM_i|dffg:\set_dffgs:55:s_dffg|s_Q                                                                            ; mem:DMem|altsyncram:ram_rtl_0|altsyncram_eg81:auto_generated|ram_block1a8~porta_address_reg0                                                     ; iCLK         ; iCLK        ; 0.000        ; 0.444      ; 1.325      ;
; 0.661 ; fetch:fetch_i|PCreg:PC|dffg:\g_dffgs:16:i_dffg|s_Q                                                                     ; IFID:IFID_i|dffg:\fetchInstAddPlus4_dffgs:48:i_dffg|s_Q                                                                                          ; iCLK         ; iCLK        ; 0.000        ; 0.080      ; 0.927      ;
; 0.663 ; IDEX:IDEX_i|dffg:MemtoReg_dffg|altshift_taps:s_Q_rtl_0|shift_taps_9km:auto_generated|cntr_p8h:cntr5|counter_reg_bit[0] ; IDEX:IDEX_i|dffg:MemtoReg_dffg|altshift_taps:s_Q_rtl_0|shift_taps_9km:auto_generated|cntr_p8h:cntr5|counter_reg_bit[0]                           ; iCLK         ; iCLK        ; 0.000        ; 0.081      ; 0.930      ;
; 0.663 ; EXMEM:EXMEM_i|dffg:\ext_dffgs:134:e_dffg|s_Q                                                                           ; MEMWB:MEMWB_i|dffg:\ext_dffgs:102:e_dffg|s_Q                                                                                                     ; iCLK         ; iCLK        ; 0.000        ; 0.523      ; 1.372      ;
; 0.670 ; fetch:fetch_i|PCreg:PC|dffg:\g_dffgs2:23:i_dffg|s_Q                                                                    ; IFID:IFID_i|dffg:\fetchInstAddPlus4_dffgs:55:i_dffg|s_Q                                                                                          ; iCLK         ; iCLK        ; 0.000        ; 0.081      ; 0.937      ;
; 0.674 ; EXMEM:EXMEM_i|dffg:\set_dffgs:51:s_dffg|s_Q                                                                            ; mem:DMem|altsyncram:ram_rtl_0|altsyncram_eg81:auto_generated|ram_block1a8~porta_address_reg0                                                     ; iCLK         ; iCLK        ; 0.000        ; 0.430      ; 1.326      ;
; 0.676 ; EXMEM:EXMEM_i|dffg:\set_dffgs:56:s_dffg|s_Q                                                                            ; mem:DMem|altsyncram:ram_rtl_0|altsyncram_eg81:auto_generated|ram_block1a0~porta_address_reg0                                                     ; iCLK         ; iCLK        ; 0.000        ; 0.456      ; 1.354      ;
; 0.676 ; EXMEM:EXMEM_i|dffg:\set_dffgs:49:s_dffg|s_Q                                                                            ; mem:DMem|altsyncram:ram_rtl_0|altsyncram_eg81:auto_generated|ram_block1a8~porta_address_reg0                                                     ; iCLK         ; iCLK        ; 0.000        ; 0.430      ; 1.328      ;
; 0.677 ; IFID:IFID_i|dffg:\fetchInstAdd_dffgs:71:i_dffg|s_Q                                                                     ; IDEX:IDEX_i|dffg:\ALUA_dffgs:22:A_dffg|s_Q                                                                                                       ; iCLK         ; iCLK        ; 0.000        ; 0.081      ; 0.944      ;
; 0.679 ; fetch:fetch_i|PCreg:PC|dffg:\g_dffgs:16:i_dffg|s_Q                                                                     ; IFID:IFID_i|dffg:\fetchInstAddPlus4_dffgs:49:i_dffg|s_Q                                                                                          ; iCLK         ; iCLK        ; 0.000        ; 0.080      ; 0.945      ;
; 0.685 ; EXMEM:EXMEM_i|dffg:\set_dffgs:49:s_dffg|s_Q                                                                            ; mem:DMem|altsyncram:ram_rtl_0|altsyncram_eg81:auto_generated|ram_block1a5~porta_address_reg0                                                     ; iCLK         ; iCLK        ; 0.000        ; 0.434      ; 1.341      ;
; 0.685 ; EXMEM:EXMEM_i|dffg:\set_dffgs:53:s_dffg|s_Q                                                                            ; mem:DMem|altsyncram:ram_rtl_0|altsyncram_eg81:auto_generated|ram_block1a13~porta_address_reg0                                                    ; iCLK         ; iCLK        ; 0.000        ; 0.433      ; 1.340      ;
; 0.686 ; IDEX:IDEX_i|dffg:Set_dffg|s_Q                                                                                          ; EXMEM:EXMEM_i|dffg:\regdata_dffgs:40:rd_dffg|s_Q                                                                                                 ; iCLK         ; iCLK        ; 0.000        ; 0.081      ; 0.953      ;
; 0.695 ; EXMEM:EXMEM_i|dffg:\ALUB_dffgs:95:B_dffg|s_Q                                                                           ; mem:DMem|altsyncram:ram_rtl_0|altsyncram_eg81:auto_generated|ram_block1a13~porta_datain_reg0                                                     ; iCLK         ; iCLK        ; 0.000        ; 0.462      ; 1.379      ;
; 0.698 ; EXMEM:EXMEM_i|dffg:\set_dffgs:54:s_dffg|s_Q                                                                            ; mem:DMem|altsyncram:ram_rtl_0|altsyncram_eg81:auto_generated|ram_block1a0~porta_address_reg0                                                     ; iCLK         ; iCLK        ; 0.000        ; 0.461      ; 1.381      ;
; 0.700 ; EXMEM:EXMEM_i|dffg:\set_dffgs:54:s_dffg|s_Q                                                                            ; mem:DMem|altsyncram:ram_rtl_0|altsyncram_eg81:auto_generated|ram_block1a5~porta_address_reg0                                                     ; iCLK         ; iCLK        ; 0.000        ; 0.451      ; 1.373      ;
+-------+------------------------------------------------------------------------------------------------------------------------+--------------------------------------------------------------------------------------------------------------------------------------------------+--------------+-------------+--------------+------------+------------+


+------------------------------------------------------------------------------------------------------------------------------------------------------------------------------------------------------------------------------------------------------------------------------------------------------------+
; Slow 1200mV 85C Model Recovery: 'iCLK'                                                                                                                                                                                                                                                                     ;
+--------+--------------------------------------------------------------------------------------------+--------------------------------------------------------------------------------------------------------------------------------+--------------+-------------+--------------+------------+------------+
; Slack  ; From Node                                                                                  ; To Node                                                                                                                        ; Launch Clock ; Latch Clock ; Relationship ; Clock Skew ; Data Delay ;
+--------+--------------------------------------------------------------------------------------------+--------------------------------------------------------------------------------------------------------------------------------+--------------+-------------+--------------+------------+------------+
; 18.007 ; IDEX:IDEX_i|dffg:MemtoReg_dffg|altshift_taps:s_Q_rtl_0|shift_taps_9km:auto_generated|dffe6 ; IDEX:IDEX_i|dffg:MemtoReg_dffg|altshift_taps:s_Q_rtl_0|shift_taps_9km:auto_generated|altsyncram_n861:altsyncram4|ram_block7a0  ; iCLK         ; iCLK        ; 20.000       ; 0.242      ; 2.157      ;
; 18.007 ; IDEX:IDEX_i|dffg:MemtoReg_dffg|altshift_taps:s_Q_rtl_0|shift_taps_9km:auto_generated|dffe6 ; IDEX:IDEX_i|dffg:MemtoReg_dffg|altshift_taps:s_Q_rtl_0|shift_taps_9km:auto_generated|altsyncram_n861:altsyncram4|ram_block7a1  ; iCLK         ; iCLK        ; 20.000       ; 0.242      ; 2.157      ;
; 18.007 ; IDEX:IDEX_i|dffg:MemtoReg_dffg|altshift_taps:s_Q_rtl_0|shift_taps_9km:auto_generated|dffe6 ; IDEX:IDEX_i|dffg:MemtoReg_dffg|altshift_taps:s_Q_rtl_0|shift_taps_9km:auto_generated|altsyncram_n861:altsyncram4|ram_block7a2  ; iCLK         ; iCLK        ; 20.000       ; 0.242      ; 2.157      ;
; 18.007 ; IDEX:IDEX_i|dffg:MemtoReg_dffg|altshift_taps:s_Q_rtl_0|shift_taps_9km:auto_generated|dffe6 ; IDEX:IDEX_i|dffg:MemtoReg_dffg|altshift_taps:s_Q_rtl_0|shift_taps_9km:auto_generated|altsyncram_n861:altsyncram4|ram_block7a3  ; iCLK         ; iCLK        ; 20.000       ; 0.242      ; 2.157      ;
; 18.007 ; IDEX:IDEX_i|dffg:MemtoReg_dffg|altshift_taps:s_Q_rtl_0|shift_taps_9km:auto_generated|dffe6 ; IDEX:IDEX_i|dffg:MemtoReg_dffg|altshift_taps:s_Q_rtl_0|shift_taps_9km:auto_generated|altsyncram_n861:altsyncram4|ram_block7a4  ; iCLK         ; iCLK        ; 20.000       ; 0.242      ; 2.157      ;
; 18.007 ; IDEX:IDEX_i|dffg:MemtoReg_dffg|altshift_taps:s_Q_rtl_0|shift_taps_9km:auto_generated|dffe6 ; IDEX:IDEX_i|dffg:MemtoReg_dffg|altshift_taps:s_Q_rtl_0|shift_taps_9km:auto_generated|altsyncram_n861:altsyncram4|ram_block7a5  ; iCLK         ; iCLK        ; 20.000       ; 0.242      ; 2.157      ;
; 18.007 ; IDEX:IDEX_i|dffg:MemtoReg_dffg|altshift_taps:s_Q_rtl_0|shift_taps_9km:auto_generated|dffe6 ; IDEX:IDEX_i|dffg:MemtoReg_dffg|altshift_taps:s_Q_rtl_0|shift_taps_9km:auto_generated|altsyncram_n861:altsyncram4|ram_block7a6  ; iCLK         ; iCLK        ; 20.000       ; 0.242      ; 2.157      ;
; 18.007 ; IDEX:IDEX_i|dffg:MemtoReg_dffg|altshift_taps:s_Q_rtl_0|shift_taps_9km:auto_generated|dffe6 ; IDEX:IDEX_i|dffg:MemtoReg_dffg|altshift_taps:s_Q_rtl_0|shift_taps_9km:auto_generated|altsyncram_n861:altsyncram4|ram_block7a7  ; iCLK         ; iCLK        ; 20.000       ; 0.242      ; 2.157      ;
; 18.007 ; IDEX:IDEX_i|dffg:MemtoReg_dffg|altshift_taps:s_Q_rtl_0|shift_taps_9km:auto_generated|dffe6 ; IDEX:IDEX_i|dffg:MemtoReg_dffg|altshift_taps:s_Q_rtl_0|shift_taps_9km:auto_generated|altsyncram_n861:altsyncram4|ram_block7a8  ; iCLK         ; iCLK        ; 20.000       ; 0.242      ; 2.157      ;
; 18.007 ; IDEX:IDEX_i|dffg:MemtoReg_dffg|altshift_taps:s_Q_rtl_0|shift_taps_9km:auto_generated|dffe6 ; IDEX:IDEX_i|dffg:MemtoReg_dffg|altshift_taps:s_Q_rtl_0|shift_taps_9km:auto_generated|altsyncram_n861:altsyncram4|ram_block7a9  ; iCLK         ; iCLK        ; 20.000       ; 0.242      ; 2.157      ;
; 18.007 ; IDEX:IDEX_i|dffg:MemtoReg_dffg|altshift_taps:s_Q_rtl_0|shift_taps_9km:auto_generated|dffe6 ; IDEX:IDEX_i|dffg:MemtoReg_dffg|altshift_taps:s_Q_rtl_0|shift_taps_9km:auto_generated|altsyncram_n861:altsyncram4|ram_block7a10 ; iCLK         ; iCLK        ; 20.000       ; 0.242      ; 2.157      ;
+--------+--------------------------------------------------------------------------------------------+--------------------------------------------------------------------------------------------------------------------------------+--------------+-------------+--------------+------------+------------+


+-----------------------------------------------------------------------------------------------------------------------------------------------------------------------------------------------------------------------------------------------------------------------------------------------------------+
; Slow 1200mV 85C Model Removal: 'iCLK'                                                                                                                                                                                                                                                                     ;
+-------+--------------------------------------------------------------------------------------------+--------------------------------------------------------------------------------------------------------------------------------+--------------+-------------+--------------+------------+------------+
; Slack ; From Node                                                                                  ; To Node                                                                                                                        ; Launch Clock ; Latch Clock ; Relationship ; Clock Skew ; Data Delay ;
+-------+--------------------------------------------------------------------------------------------+--------------------------------------------------------------------------------------------------------------------------------+--------------+-------------+--------------+------------+------------+
; 1.418 ; IDEX:IDEX_i|dffg:MemtoReg_dffg|altshift_taps:s_Q_rtl_0|shift_taps_9km:auto_generated|dffe6 ; IDEX:IDEX_i|dffg:MemtoReg_dffg|altshift_taps:s_Q_rtl_0|shift_taps_9km:auto_generated|altsyncram_n861:altsyncram4|ram_block7a0  ; iCLK         ; iCLK        ; 0.000        ; 0.399      ; 2.003      ;
; 1.418 ; IDEX:IDEX_i|dffg:MemtoReg_dffg|altshift_taps:s_Q_rtl_0|shift_taps_9km:auto_generated|dffe6 ; IDEX:IDEX_i|dffg:MemtoReg_dffg|altshift_taps:s_Q_rtl_0|shift_taps_9km:auto_generated|altsyncram_n861:altsyncram4|ram_block7a1  ; iCLK         ; iCLK        ; 0.000        ; 0.399      ; 2.003      ;
; 1.418 ; IDEX:IDEX_i|dffg:MemtoReg_dffg|altshift_taps:s_Q_rtl_0|shift_taps_9km:auto_generated|dffe6 ; IDEX:IDEX_i|dffg:MemtoReg_dffg|altshift_taps:s_Q_rtl_0|shift_taps_9km:auto_generated|altsyncram_n861:altsyncram4|ram_block7a2  ; iCLK         ; iCLK        ; 0.000        ; 0.399      ; 2.003      ;
; 1.418 ; IDEX:IDEX_i|dffg:MemtoReg_dffg|altshift_taps:s_Q_rtl_0|shift_taps_9km:auto_generated|dffe6 ; IDEX:IDEX_i|dffg:MemtoReg_dffg|altshift_taps:s_Q_rtl_0|shift_taps_9km:auto_generated|altsyncram_n861:altsyncram4|ram_block7a3  ; iCLK         ; iCLK        ; 0.000        ; 0.399      ; 2.003      ;
; 1.418 ; IDEX:IDEX_i|dffg:MemtoReg_dffg|altshift_taps:s_Q_rtl_0|shift_taps_9km:auto_generated|dffe6 ; IDEX:IDEX_i|dffg:MemtoReg_dffg|altshift_taps:s_Q_rtl_0|shift_taps_9km:auto_generated|altsyncram_n861:altsyncram4|ram_block7a4  ; iCLK         ; iCLK        ; 0.000        ; 0.399      ; 2.003      ;
; 1.418 ; IDEX:IDEX_i|dffg:MemtoReg_dffg|altshift_taps:s_Q_rtl_0|shift_taps_9km:auto_generated|dffe6 ; IDEX:IDEX_i|dffg:MemtoReg_dffg|altshift_taps:s_Q_rtl_0|shift_taps_9km:auto_generated|altsyncram_n861:altsyncram4|ram_block7a5  ; iCLK         ; iCLK        ; 0.000        ; 0.399      ; 2.003      ;
; 1.418 ; IDEX:IDEX_i|dffg:MemtoReg_dffg|altshift_taps:s_Q_rtl_0|shift_taps_9km:auto_generated|dffe6 ; IDEX:IDEX_i|dffg:MemtoReg_dffg|altshift_taps:s_Q_rtl_0|shift_taps_9km:auto_generated|altsyncram_n861:altsyncram4|ram_block7a6  ; iCLK         ; iCLK        ; 0.000        ; 0.399      ; 2.003      ;
; 1.418 ; IDEX:IDEX_i|dffg:MemtoReg_dffg|altshift_taps:s_Q_rtl_0|shift_taps_9km:auto_generated|dffe6 ; IDEX:IDEX_i|dffg:MemtoReg_dffg|altshift_taps:s_Q_rtl_0|shift_taps_9km:auto_generated|altsyncram_n861:altsyncram4|ram_block7a7  ; iCLK         ; iCLK        ; 0.000        ; 0.399      ; 2.003      ;
; 1.418 ; IDEX:IDEX_i|dffg:MemtoReg_dffg|altshift_taps:s_Q_rtl_0|shift_taps_9km:auto_generated|dffe6 ; IDEX:IDEX_i|dffg:MemtoReg_dffg|altshift_taps:s_Q_rtl_0|shift_taps_9km:auto_generated|altsyncram_n861:altsyncram4|ram_block7a8  ; iCLK         ; iCLK        ; 0.000        ; 0.399      ; 2.003      ;
; 1.418 ; IDEX:IDEX_i|dffg:MemtoReg_dffg|altshift_taps:s_Q_rtl_0|shift_taps_9km:auto_generated|dffe6 ; IDEX:IDEX_i|dffg:MemtoReg_dffg|altshift_taps:s_Q_rtl_0|shift_taps_9km:auto_generated|altsyncram_n861:altsyncram4|ram_block7a9  ; iCLK         ; iCLK        ; 0.000        ; 0.399      ; 2.003      ;
; 1.418 ; IDEX:IDEX_i|dffg:MemtoReg_dffg|altshift_taps:s_Q_rtl_0|shift_taps_9km:auto_generated|dffe6 ; IDEX:IDEX_i|dffg:MemtoReg_dffg|altshift_taps:s_Q_rtl_0|shift_taps_9km:auto_generated|altsyncram_n861:altsyncram4|ram_block7a10 ; iCLK         ; iCLK        ; 0.000        ; 0.399      ; 2.003      ;
+-------+--------------------------------------------------------------------------------------------+--------------------------------------------------------------------------------------------------------------------------------+--------------+-------------+--------------+------------+------------+


-----------------------------------------------
; Slow 1200mV 85C Model Metastability Summary ;
-----------------------------------------------
No synchronizer chains to report.


+-------------------------------------------------+
; Slow 1200mV 0C Model Fmax Summary               ;
+-----------+-----------------+------------+------+
; Fmax      ; Restricted Fmax ; Clock Name ; Note ;
+-----------+-----------------+------------+------+
; 57.53 MHz ; 57.53 MHz       ; iCLK       ;      ;
+-----------+-----------------+------------+------+
This panel reports FMAX for every clock in the design, regardless of the user-specified clock periods.  FMAX is only computed for paths where the source and destination registers or ports are driven by the same clock.  Paths of different clocks, including generated clocks, are ignored.  For paths between a clock and its inversion, FMAX is computed as if the rising and falling edges are scaled along with FMAX, such that the duty cycle (in terms of a percentage) is maintained. Altera recommends that you always use clock constraints and other slack reports for sign-off analysis.


+------------------------------------+
; Slow 1200mV 0C Model Setup Summary ;
+-------+-------+--------------------+
; Clock ; Slack ; End Point TNS      ;
+-------+-------+--------------------+
; iCLK  ; 1.914 ; 0.000              ;
+-------+-------+--------------------+


+-----------------------------------+
; Slow 1200mV 0C Model Hold Summary ;
+-------+-------+-------------------+
; Clock ; Slack ; End Point TNS     ;
+-------+-------+-------------------+
; iCLK  ; 0.341 ; 0.000             ;
+-------+-------+-------------------+


+---------------------------------------+
; Slow 1200mV 0C Model Recovery Summary ;
+-------+--------+----------------------+
; Clock ; Slack  ; End Point TNS        ;
+-------+--------+----------------------+
; iCLK  ; 18.182 ; 0.000                ;
+-------+--------+----------------------+


+--------------------------------------+
; Slow 1200mV 0C Model Removal Summary ;
+-------+-------+----------------------+
; Clock ; Slack ; End Point TNS        ;
+-------+-------+----------------------+
; iCLK  ; 1.289 ; 0.000                ;
+-------+-------+----------------------+


+--------------------------------------------------+
; Slow 1200mV 0C Model Minimum Pulse Width Summary ;
+-------+-------+----------------------------------+
; Clock ; Slack ; End Point TNS                    ;
+-------+-------+----------------------------------+
; iCLK  ; 9.646 ; 0.000                            ;
+-------+-------+----------------------------------+


+--------------------------------------------------------------------------------------------------------------------------------------------------------------------------------------------------------------------------------------------+
; Slow 1200mV 0C Model Setup: 'iCLK'                                                                                                                                                                                                         ;
+-------+-----------------------------------------------------------------------------------------+--------------------------------------------------------------------+--------------+-------------+--------------+------------+------------+
; Slack ; From Node                                                                               ; To Node                                                            ; Launch Clock ; Latch Clock ; Relationship ; Clock Skew ; Data Delay ;
+-------+-----------------------------------------------------------------------------------------+--------------------------------------------------------------------+--------------+-------------+--------------+------------+------------+
; 1.914 ; mem:DMem|altsyncram:ram_rtl_0|altsyncram_eg81:auto_generated|ram_block1a0~porta_we_reg  ; regfile:regfile_i|reg:\g_regs:9:i_reg|dffg:\g_dffgs:27:i_dffg|s_Q  ; iCLK         ; iCLK        ; 10.000       ; -0.342     ; 7.743      ;
; 1.915 ; mem:DMem|altsyncram:ram_rtl_0|altsyncram_eg81:auto_generated|ram_block1a0~porta_we_reg  ; regfile:regfile_i|reg:\g_regs:11:i_reg|dffg:\g_dffgs:27:i_dffg|s_Q ; iCLK         ; iCLK        ; 10.000       ; -0.342     ; 7.742      ;
; 1.923 ; mem:DMem|altsyncram:ram_rtl_0|altsyncram_eg81:auto_generated|ram_block1a0~porta_we_reg  ; regfile:regfile_i|reg:\g_regs:4:i_reg|dffg:\g_dffgs:27:i_dffg|s_Q  ; iCLK         ; iCLK        ; 10.000       ; -0.371     ; 7.705      ;
; 1.924 ; mem:DMem|altsyncram:ram_rtl_0|altsyncram_eg81:auto_generated|ram_block1a0~porta_we_reg  ; regfile:regfile_i|reg:\g_regs:5:i_reg|dffg:\g_dffgs:27:i_dffg|s_Q  ; iCLK         ; iCLK        ; 10.000       ; -0.371     ; 7.704      ;
; 2.052 ; mem:DMem|altsyncram:ram_rtl_0|altsyncram_eg81:auto_generated|ram_block1a0~porta_we_reg  ; regfile:regfile_i|reg:\g_regs:6:i_reg|dffg:\g_dffgs:27:i_dffg|s_Q  ; iCLK         ; iCLK        ; 10.000       ; -0.372     ; 7.575      ;
; 2.065 ; mem:DMem|altsyncram:ram_rtl_0|altsyncram_eg81:auto_generated|ram_block1a0~porta_we_reg  ; regfile:regfile_i|reg:\g_regs:10:i_reg|dffg:\g_dffgs:26:i_dffg|s_Q ; iCLK         ; iCLK        ; 10.000       ; -0.375     ; 7.559      ;
; 2.066 ; mem:DMem|altsyncram:ram_rtl_0|altsyncram_eg81:auto_generated|ram_block1a0~porta_we_reg  ; regfile:regfile_i|reg:\g_regs:11:i_reg|dffg:\g_dffgs:26:i_dffg|s_Q ; iCLK         ; iCLK        ; 10.000       ; -0.375     ; 7.558      ;
; 2.136 ; mem:DMem|altsyncram:ram_rtl_0|altsyncram_eg81:auto_generated|ram_block1a0~porta_we_reg  ; regfile:regfile_i|reg:\g_regs:13:i_reg|dffg:\g_dffgs:27:i_dffg|s_Q ; iCLK         ; iCLK        ; 10.000       ; -0.345     ; 7.518      ;
; 2.137 ; mem:DMem|altsyncram:ram_rtl_0|altsyncram_eg81:auto_generated|ram_block1a0~porta_we_reg  ; regfile:regfile_i|reg:\g_regs:12:i_reg|dffg:\g_dffgs:27:i_dffg|s_Q ; iCLK         ; iCLK        ; 10.000       ; -0.345     ; 7.517      ;
; 2.154 ; regfile:regfile_i|reg:\g_regs:4:i_reg|dffg:\g_dffgs:7:i_dffg|s_Q                        ; IDEX:IDEX_i|dffg:\ALUA_dffgs:35:A_dffg|s_Q                         ; iCLK         ; iCLK        ; 10.000       ; -0.156     ; 7.689      ;
; 2.190 ; mem:DMem|altsyncram:ram_rtl_0|altsyncram_eg81:auto_generated|ram_block1a0~porta_we_reg  ; regfile:regfile_i|reg:\g_regs:25:i_reg|dffg:\g_dffgs:26:i_dffg|s_Q ; iCLK         ; iCLK        ; 10.000       ; -0.331     ; 7.478      ;
; 2.190 ; mem:DMem|altsyncram:ram_rtl_0|altsyncram_eg81:auto_generated|ram_block1a0~porta_we_reg  ; regfile:regfile_i|reg:\g_regs:17:i_reg|dffg:\g_dffgs:26:i_dffg|s_Q ; iCLK         ; iCLK        ; 10.000       ; -0.331     ; 7.478      ;
; 2.245 ; mem:DMem|altsyncram:ram_rtl_0|altsyncram_eg81:auto_generated|ram_block1a0~porta_we_reg  ; regfile:regfile_i|reg:\g_regs:7:i_reg|dffg:\g_dffgs:14:i_dffg|s_Q  ; iCLK         ; iCLK        ; 10.000       ; -0.372     ; 7.382      ;
; 2.253 ; mem:DMem|altsyncram:ram_rtl_0|altsyncram_eg81:auto_generated|ram_block1a0~porta_we_reg  ; regfile:regfile_i|reg:\g_regs:2:i_reg|dffg:\g_dffgs:27:i_dffg|s_Q  ; iCLK         ; iCLK        ; 10.000       ; -0.371     ; 7.375      ;
; 2.253 ; mem:DMem|altsyncram:ram_rtl_0|altsyncram_eg81:auto_generated|ram_block1a0~porta_we_reg  ; regfile:regfile_i|reg:\g_regs:1:i_reg|dffg:\g_dffgs:27:i_dffg|s_Q  ; iCLK         ; iCLK        ; 10.000       ; -0.371     ; 7.375      ;
; 2.267 ; mem:DMem|altsyncram:ram_rtl_0|altsyncram_eg81:auto_generated|ram_block1a0~porta_we_reg  ; regfile:regfile_i|reg:\g_regs:2:i_reg|dffg:\g_dffgs:26:i_dffg|s_Q  ; iCLK         ; iCLK        ; 10.000       ; -0.373     ; 7.359      ;
; 2.268 ; mem:DMem|altsyncram:ram_rtl_0|altsyncram_eg81:auto_generated|ram_block1a0~porta_we_reg  ; regfile:regfile_i|reg:\g_regs:1:i_reg|dffg:\g_dffgs:26:i_dffg|s_Q  ; iCLK         ; iCLK        ; 10.000       ; -0.373     ; 7.358      ;
; 2.275 ; mem:DMem|altsyncram:ram_rtl_0|altsyncram_eg81:auto_generated|ram_block1a0~porta_we_reg  ; regfile:regfile_i|reg:\g_regs:13:i_reg|dffg:\g_dffgs:22:i_dffg|s_Q ; iCLK         ; iCLK        ; 10.000       ; -0.341     ; 7.383      ;
; 2.275 ; mem:DMem|altsyncram:ram_rtl_0|altsyncram_eg81:auto_generated|ram_block1a0~porta_we_reg  ; regfile:regfile_i|reg:\g_regs:14:i_reg|dffg:\g_dffgs:22:i_dffg|s_Q ; iCLK         ; iCLK        ; 10.000       ; -0.341     ; 7.383      ;
; 2.280 ; regfile:regfile_i|reg:\g_regs:4:i_reg|dffg:\g_dffgs:7:i_dffg|s_Q                        ; IDEX:IDEX_i|dffg:\ALUA_dffgs:37:A_dffg|s_Q                         ; iCLK         ; iCLK        ; 10.000       ; -0.156     ; 7.563      ;
; 2.282 ; mem:DMem|altsyncram:ram_rtl_0|altsyncram_eg81:auto_generated|ram_block1a0~porta_we_reg  ; regfile:regfile_i|reg:\g_regs:5:i_reg|dffg:\g_dffgs:26:i_dffg|s_Q  ; iCLK         ; iCLK        ; 10.000       ; -0.374     ; 7.343      ;
; 2.287 ; mem:DMem|altsyncram:ram_rtl_0|altsyncram_eg81:auto_generated|ram_block1a0~porta_we_reg  ; regfile:regfile_i|reg:\g_regs:10:i_reg|dffg:\g_dffgs:27:i_dffg|s_Q ; iCLK         ; iCLK        ; 10.000       ; -0.342     ; 7.370      ;
; 2.287 ; mem:DMem|altsyncram:ram_rtl_0|altsyncram_eg81:auto_generated|ram_block1a0~porta_we_reg  ; regfile:regfile_i|reg:\g_regs:8:i_reg|dffg:\g_dffgs:27:i_dffg|s_Q  ; iCLK         ; iCLK        ; 10.000       ; -0.342     ; 7.370      ;
; 2.297 ; mem:DMem|altsyncram:ram_rtl_0|altsyncram_eg81:auto_generated|ram_block1a0~porta_we_reg  ; regfile:regfile_i|reg:\g_regs:6:i_reg|dffg:\g_dffgs:31:i_dffg|s_Q  ; iCLK         ; iCLK        ; 10.000       ; -0.379     ; 7.323      ;
; 2.307 ; mem:DMem|altsyncram:ram_rtl_0|altsyncram_eg81:auto_generated|ram_block1a0~porta_we_reg  ; regfile:regfile_i|reg:\g_regs:7:i_reg|dffg:\g_dffgs:26:i_dffg|s_Q  ; iCLK         ; iCLK        ; 10.000       ; -0.374     ; 7.318      ;
; 2.309 ; mem:DMem|altsyncram:ram_rtl_0|altsyncram_eg81:auto_generated|ram_block1a0~porta_we_reg  ; regfile:regfile_i|reg:\g_regs:20:i_reg|dffg:\g_dffgs:16:i_dffg|s_Q ; iCLK         ; iCLK        ; 10.000       ; -0.329     ; 7.361      ;
; 2.310 ; mem:DMem|altsyncram:ram_rtl_0|altsyncram_eg81:auto_generated|ram_block1a0~porta_we_reg  ; regfile:regfile_i|reg:\g_regs:28:i_reg|dffg:\g_dffgs:16:i_dffg|s_Q ; iCLK         ; iCLK        ; 10.000       ; -0.329     ; 7.360      ;
; 2.311 ; regfile:regfile_i|reg:\g_regs:16:i_reg|dffg:\g_dffgs:7:i_dffg|s_Q                       ; IDEX:IDEX_i|dffg:\ALUA_dffgs:35:A_dffg|s_Q                         ; iCLK         ; iCLK        ; 10.000       ; -0.153     ; 7.535      ;
; 2.316 ; mem:DMem|altsyncram:ram_rtl_0|altsyncram_eg81:auto_generated|ram_block1a5~porta_we_reg  ; regfile:regfile_i|reg:\g_regs:9:i_reg|dffg:\g_dffgs:27:i_dffg|s_Q  ; iCLK         ; iCLK        ; 10.000       ; -0.335     ; 7.348      ;
; 2.317 ; mem:DMem|altsyncram:ram_rtl_0|altsyncram_eg81:auto_generated|ram_block1a5~porta_we_reg  ; regfile:regfile_i|reg:\g_regs:11:i_reg|dffg:\g_dffgs:27:i_dffg|s_Q ; iCLK         ; iCLK        ; 10.000       ; -0.335     ; 7.347      ;
; 2.319 ; mem:DMem|altsyncram:ram_rtl_0|altsyncram_eg81:auto_generated|ram_block1a0~porta_we_reg  ; regfile:regfile_i|reg:\g_regs:16:i_reg|dffg:\g_dffgs:22:i_dffg|s_Q ; iCLK         ; iCLK        ; 10.000       ; -0.330     ; 7.350      ;
; 2.320 ; mem:DMem|altsyncram:ram_rtl_0|altsyncram_eg81:auto_generated|ram_block1a0~porta_we_reg  ; regfile:regfile_i|reg:\g_regs:24:i_reg|dffg:\g_dffgs:22:i_dffg|s_Q ; iCLK         ; iCLK        ; 10.000       ; -0.330     ; 7.349      ;
; 2.325 ; mem:DMem|altsyncram:ram_rtl_0|altsyncram_eg81:auto_generated|ram_block1a0~porta_we_reg  ; regfile:regfile_i|reg:\g_regs:7:i_reg|dffg:\g_dffgs:31:i_dffg|s_Q  ; iCLK         ; iCLK        ; 10.000       ; -0.379     ; 7.295      ;
; 2.325 ; mem:DMem|altsyncram:ram_rtl_0|altsyncram_eg81:auto_generated|ram_block1a5~porta_we_reg  ; regfile:regfile_i|reg:\g_regs:4:i_reg|dffg:\g_dffgs:27:i_dffg|s_Q  ; iCLK         ; iCLK        ; 10.000       ; -0.364     ; 7.310      ;
; 2.326 ; mem:DMem|altsyncram:ram_rtl_0|altsyncram_eg81:auto_generated|ram_block1a5~porta_we_reg  ; regfile:regfile_i|reg:\g_regs:5:i_reg|dffg:\g_dffgs:27:i_dffg|s_Q  ; iCLK         ; iCLK        ; 10.000       ; -0.364     ; 7.309      ;
; 2.332 ; mem:DMem|altsyncram:ram_rtl_0|altsyncram_eg81:auto_generated|ram_block1a0~porta_we_reg  ; regfile:regfile_i|reg:\g_regs:22:i_reg|dffg:\g_dffgs:22:i_dffg|s_Q ; iCLK         ; iCLK        ; 10.000       ; -0.333     ; 7.334      ;
; 2.335 ; mem:DMem|altsyncram:ram_rtl_0|altsyncram_eg81:auto_generated|ram_block1a0~porta_we_reg  ; regfile:regfile_i|reg:\g_regs:18:i_reg|dffg:\g_dffgs:22:i_dffg|s_Q ; iCLK         ; iCLK        ; 10.000       ; -0.333     ; 7.331      ;
; 2.336 ; mem:DMem|altsyncram:ram_rtl_0|altsyncram_eg81:auto_generated|ram_block1a13~porta_we_reg ; regfile:regfile_i|reg:\g_regs:29:i_reg|dffg:\g_dffgs:17:i_dffg|s_Q ; iCLK         ; iCLK        ; 10.000       ; -0.325     ; 7.338      ;
; 2.336 ; mem:DMem|altsyncram:ram_rtl_0|altsyncram_eg81:auto_generated|ram_block1a13~porta_we_reg ; regfile:regfile_i|reg:\g_regs:21:i_reg|dffg:\g_dffgs:17:i_dffg|s_Q ; iCLK         ; iCLK        ; 10.000       ; -0.325     ; 7.338      ;
; 2.338 ; mem:DMem|altsyncram:ram_rtl_0|altsyncram_eg81:auto_generated|ram_block1a0~porta_we_reg  ; regfile:regfile_i|reg:\g_regs:25:i_reg|dffg:\g_dffgs:16:i_dffg|s_Q ; iCLK         ; iCLK        ; 10.000       ; -0.330     ; 7.331      ;
; 2.338 ; mem:DMem|altsyncram:ram_rtl_0|altsyncram_eg81:auto_generated|ram_block1a0~porta_we_reg  ; regfile:regfile_i|reg:\g_regs:17:i_reg|dffg:\g_dffgs:16:i_dffg|s_Q ; iCLK         ; iCLK        ; 10.000       ; -0.330     ; 7.331      ;
; 2.342 ; mem:DMem|altsyncram:ram_rtl_0|altsyncram_eg81:auto_generated|ram_block1a0~porta_we_reg  ; regfile:regfile_i|reg:\g_regs:20:i_reg|dffg:\g_dffgs:22:i_dffg|s_Q ; iCLK         ; iCLK        ; 10.000       ; -0.330     ; 7.327      ;
; 2.342 ; mem:DMem|altsyncram:ram_rtl_0|altsyncram_eg81:auto_generated|ram_block1a0~porta_we_reg  ; regfile:regfile_i|reg:\g_regs:25:i_reg|dffg:\g_dffgs:19:i_dffg|s_Q ; iCLK         ; iCLK        ; 10.000       ; -0.330     ; 7.327      ;
; 2.342 ; mem:DMem|altsyncram:ram_rtl_0|altsyncram_eg81:auto_generated|ram_block1a0~porta_we_reg  ; regfile:regfile_i|reg:\g_regs:17:i_reg|dffg:\g_dffgs:19:i_dffg|s_Q ; iCLK         ; iCLK        ; 10.000       ; -0.330     ; 7.327      ;
; 2.343 ; mem:DMem|altsyncram:ram_rtl_0|altsyncram_eg81:auto_generated|ram_block1a0~porta_we_reg  ; regfile:regfile_i|reg:\g_regs:28:i_reg|dffg:\g_dffgs:22:i_dffg|s_Q ; iCLK         ; iCLK        ; 10.000       ; -0.330     ; 7.326      ;
; 2.345 ; mem:DMem|altsyncram:ram_rtl_0|altsyncram_eg81:auto_generated|ram_block1a13~porta_we_reg ; regfile:regfile_i|reg:\g_regs:11:i_reg|dffg:\g_dffgs:17:i_dffg|s_Q ; iCLK         ; iCLK        ; 10.000       ; -0.367     ; 7.287      ;
; 2.345 ; mem:DMem|altsyncram:ram_rtl_0|altsyncram_eg81:auto_generated|ram_block1a13~porta_we_reg ; regfile:regfile_i|reg:\g_regs:9:i_reg|dffg:\g_dffgs:17:i_dffg|s_Q  ; iCLK         ; iCLK        ; 10.000       ; -0.367     ; 7.287      ;
; 2.346 ; mem:DMem|altsyncram:ram_rtl_0|altsyncram_eg81:auto_generated|ram_block1a0~porta_we_reg  ; regfile:regfile_i|reg:\g_regs:3:i_reg|dffg:\g_dffgs:26:i_dffg|s_Q  ; iCLK         ; iCLK        ; 10.000       ; -0.374     ; 7.279      ;
; 2.349 ; mem:DMem|altsyncram:ram_rtl_0|altsyncram_eg81:auto_generated|ram_block1a0~porta_we_reg  ; regfile:regfile_i|reg:\g_regs:7:i_reg|dffg:\g_dffgs:27:i_dffg|s_Q  ; iCLK         ; iCLK        ; 10.000       ; -0.371     ; 7.279      ;
; 2.365 ; mem:DMem|altsyncram:ram_rtl_0|altsyncram_eg81:auto_generated|ram_block1a0~porta_we_reg  ; regfile:regfile_i|reg:\g_regs:23:i_reg|dffg:\g_dffgs:22:i_dffg|s_Q ; iCLK         ; iCLK        ; 10.000       ; -0.340     ; 7.294      ;
; 2.366 ; mem:DMem|altsyncram:ram_rtl_0|altsyncram_eg81:auto_generated|ram_block1a0~porta_we_reg  ; regfile:regfile_i|reg:\g_regs:19:i_reg|dffg:\g_dffgs:22:i_dffg|s_Q ; iCLK         ; iCLK        ; 10.000       ; -0.340     ; 7.293      ;
; 2.366 ; mem:DMem|altsyncram:ram_rtl_0|altsyncram_eg81:auto_generated|ram_block1a0~porta_we_reg  ; regfile:regfile_i|reg:\g_regs:19:i_reg|dffg:\g_dffgs:29:i_dffg|s_Q ; iCLK         ; iCLK        ; 10.000       ; -0.343     ; 7.290      ;
; 2.367 ; mem:DMem|altsyncram:ram_rtl_0|altsyncram_eg81:auto_generated|ram_block1a0~porta_we_reg  ; regfile:regfile_i|reg:\g_regs:23:i_reg|dffg:\g_dffgs:29:i_dffg|s_Q ; iCLK         ; iCLK        ; 10.000       ; -0.343     ; 7.289      ;
; 2.373 ; mem:DMem|altsyncram:ram_rtl_0|altsyncram_eg81:auto_generated|ram_block1a0~porta_we_reg  ; regfile:regfile_i|reg:\g_regs:25:i_reg|dffg:\g_dffgs:22:i_dffg|s_Q ; iCLK         ; iCLK        ; 10.000       ; -0.331     ; 7.295      ;
; 2.373 ; mem:DMem|altsyncram:ram_rtl_0|altsyncram_eg81:auto_generated|ram_block1a0~porta_we_reg  ; regfile:regfile_i|reg:\g_regs:17:i_reg|dffg:\g_dffgs:22:i_dffg|s_Q ; iCLK         ; iCLK        ; 10.000       ; -0.331     ; 7.295      ;
; 2.375 ; mem:DMem|altsyncram:ram_rtl_0|altsyncram_eg81:auto_generated|ram_block1a0~porta_we_reg  ; regfile:regfile_i|reg:\g_regs:14:i_reg|dffg:\g_dffgs:27:i_dffg|s_Q ; iCLK         ; iCLK        ; 10.000       ; -0.344     ; 7.280      ;
; 2.375 ; mem:DMem|altsyncram:ram_rtl_0|altsyncram_eg81:auto_generated|ram_block1a0~porta_we_reg  ; regfile:regfile_i|reg:\g_regs:15:i_reg|dffg:\g_dffgs:27:i_dffg|s_Q ; iCLK         ; iCLK        ; 10.000       ; -0.344     ; 7.280      ;
; 2.383 ; regfile:regfile_i|reg:\g_regs:4:i_reg|dffg:\g_dffgs:15:i_dffg|s_Q                       ; IDEX:IDEX_i|dffg:\ALUA_dffgs:35:A_dffg|s_Q                         ; iCLK         ; iCLK        ; 10.000       ; -0.153     ; 7.463      ;
; 2.398 ; mem:DMem|altsyncram:ram_rtl_0|altsyncram_eg81:auto_generated|ram_block1a0~porta_we_reg  ; regfile:regfile_i|reg:\g_regs:9:i_reg|dffg:\g_dffgs:13:i_dffg|s_Q  ; iCLK         ; iCLK        ; 10.000       ; -0.376     ; 7.225      ;
; 2.400 ; mem:DMem|altsyncram:ram_rtl_0|altsyncram_eg81:auto_generated|ram_block1a0~porta_we_reg  ; regfile:regfile_i|reg:\g_regs:14:i_reg|dffg:\g_dffgs:26:i_dffg|s_Q ; iCLK         ; iCLK        ; 10.000       ; -0.343     ; 7.256      ;
; 2.400 ; mem:DMem|altsyncram:ram_rtl_0|altsyncram_eg81:auto_generated|ram_block1a0~porta_we_reg  ; regfile:regfile_i|reg:\g_regs:13:i_reg|dffg:\g_dffgs:26:i_dffg|s_Q ; iCLK         ; iCLK        ; 10.000       ; -0.343     ; 7.256      ;
; 2.412 ; mem:DMem|altsyncram:ram_rtl_0|altsyncram_eg81:auto_generated|ram_block1a0~porta_we_reg  ; regfile:regfile_i|reg:\g_regs:6:i_reg|dffg:\g_dffgs:23:i_dffg|s_Q  ; iCLK         ; iCLK        ; 10.000       ; -0.377     ; 7.210      ;
; 2.418 ; mem:DMem|altsyncram:ram_rtl_0|altsyncram_eg81:auto_generated|ram_block1a0~porta_we_reg  ; regfile:regfile_i|reg:\g_regs:9:i_reg|dffg:\g_dffgs:26:i_dffg|s_Q  ; iCLK         ; iCLK        ; 10.000       ; -0.343     ; 7.238      ;
; 2.421 ; mem:DMem|altsyncram:ram_rtl_0|altsyncram_eg81:auto_generated|ram_block1a0~porta_we_reg  ; regfile:regfile_i|reg:\g_regs:8:i_reg|dffg:\g_dffgs:26:i_dffg|s_Q  ; iCLK         ; iCLK        ; 10.000       ; -0.343     ; 7.235      ;
; 2.424 ; regfile:regfile_i|reg:\g_regs:5:i_reg|dffg:\g_dffgs:7:i_dffg|s_Q                        ; IDEX:IDEX_i|dffg:\ALUA_dffgs:35:A_dffg|s_Q                         ; iCLK         ; iCLK        ; 10.000       ; -0.156     ; 7.419      ;
; 2.424 ; mem:DMem|altsyncram:ram_rtl_0|altsyncram_eg81:auto_generated|ram_block1a0~porta_we_reg  ; regfile:regfile_i|reg:\g_regs:22:i_reg|dffg:\g_dffgs:23:i_dffg|s_Q ; iCLK         ; iCLK        ; 10.000       ; -0.363     ; 7.212      ;
; 2.426 ; mem:DMem|altsyncram:ram_rtl_0|altsyncram_eg81:auto_generated|ram_block1a0~porta_we_reg  ; regfile:regfile_i|reg:\g_regs:4:i_reg|dffg:\g_dffgs:14:i_dffg|s_Q  ; iCLK         ; iCLK        ; 10.000       ; -0.371     ; 7.202      ;
; 2.426 ; mem:DMem|altsyncram:ram_rtl_0|altsyncram_eg81:auto_generated|ram_block1a0~porta_we_reg  ; regfile:regfile_i|reg:\g_regs:6:i_reg|dffg:\g_dffgs:14:i_dffg|s_Q  ; iCLK         ; iCLK        ; 10.000       ; -0.371     ; 7.202      ;
; 2.426 ; mem:DMem|altsyncram:ram_rtl_0|altsyncram_eg81:auto_generated|ram_block1a0~porta_we_reg  ; regfile:regfile_i|reg:\g_regs:16:i_reg|dffg:\g_dffgs:10:i_dffg|s_Q ; iCLK         ; iCLK        ; 10.000       ; -0.330     ; 7.243      ;
; 2.426 ; mem:DMem|altsyncram:ram_rtl_0|altsyncram_eg81:auto_generated|ram_block1a0~porta_we_reg  ; regfile:regfile_i|reg:\g_regs:24:i_reg|dffg:\g_dffgs:10:i_dffg|s_Q ; iCLK         ; iCLK        ; 10.000       ; -0.330     ; 7.243      ;
; 2.427 ; mem:DMem|altsyncram:ram_rtl_0|altsyncram_eg81:auto_generated|ram_block1a0~porta_we_reg  ; regfile:regfile_i|reg:\g_regs:20:i_reg|dffg:\g_dffgs:21:i_dffg|s_Q ; iCLK         ; iCLK        ; 10.000       ; -0.329     ; 7.243      ;
; 2.435 ; mem:DMem|altsyncram:ram_rtl_0|altsyncram_eg81:auto_generated|ram_block1a0~porta_we_reg  ; regfile:regfile_i|reg:\g_regs:29:i_reg|dffg:\g_dffgs:26:i_dffg|s_Q ; iCLK         ; iCLK        ; 10.000       ; -0.332     ; 7.232      ;
; 2.437 ; regfile:regfile_i|reg:\g_regs:16:i_reg|dffg:\g_dffgs:7:i_dffg|s_Q                       ; IDEX:IDEX_i|dffg:\ALUA_dffgs:37:A_dffg|s_Q                         ; iCLK         ; iCLK        ; 10.000       ; -0.153     ; 7.409      ;
; 2.438 ; mem:DMem|altsyncram:ram_rtl_0|altsyncram_eg81:auto_generated|ram_block1a0~porta_we_reg  ; regfile:regfile_i|reg:\g_regs:7:i_reg|dffg:\g_dffgs:23:i_dffg|s_Q  ; iCLK         ; iCLK        ; 10.000       ; -0.377     ; 7.184      ;
; 2.439 ; mem:DMem|altsyncram:ram_rtl_0|altsyncram_eg81:auto_generated|ram_block1a0~porta_we_reg  ; regfile:regfile_i|reg:\g_regs:10:i_reg|dffg:\g_dffgs:30:i_dffg|s_Q ; iCLK         ; iCLK        ; 10.000       ; -0.344     ; 7.216      ;
; 2.439 ; mem:DMem|altsyncram:ram_rtl_0|altsyncram_eg81:auto_generated|ram_block1a0~porta_we_reg  ; regfile:regfile_i|reg:\g_regs:21:i_reg|dffg:\g_dffgs:26:i_dffg|s_Q ; iCLK         ; iCLK        ; 10.000       ; -0.332     ; 7.228      ;
; 2.440 ; regfile:regfile_i|reg:\g_regs:4:i_reg|dffg:\g_dffgs:7:i_dffg|s_Q                        ; IDEX:IDEX_i|dffg:\ALUA_dffgs:31:A_dffg|s_Q                         ; iCLK         ; iCLK        ; 10.000       ; -0.154     ; 7.405      ;
; 2.440 ; mem:DMem|altsyncram:ram_rtl_0|altsyncram_eg81:auto_generated|ram_block1a0~porta_we_reg  ; regfile:regfile_i|reg:\g_regs:25:i_reg|dffg:\g_dffgs:29:i_dffg|s_Q ; iCLK         ; iCLK        ; 10.000       ; -0.331     ; 7.228      ;
; 2.440 ; mem:DMem|altsyncram:ram_rtl_0|altsyncram_eg81:auto_generated|ram_block1a0~porta_we_reg  ; regfile:regfile_i|reg:\g_regs:17:i_reg|dffg:\g_dffgs:29:i_dffg|s_Q ; iCLK         ; iCLK        ; 10.000       ; -0.331     ; 7.228      ;
; 2.441 ; mem:DMem|altsyncram:ram_rtl_0|altsyncram_eg81:auto_generated|ram_block1a0~porta_we_reg  ; regfile:regfile_i|reg:\g_regs:11:i_reg|dffg:\g_dffgs:30:i_dffg|s_Q ; iCLK         ; iCLK        ; 10.000       ; -0.344     ; 7.214      ;
; 2.446 ; mem:DMem|altsyncram:ram_rtl_0|altsyncram_eg81:auto_generated|ram_block1a0~porta_we_reg  ; regfile:regfile_i|reg:\g_regs:15:i_reg|dffg:\g_dffgs:31:i_dffg|s_Q ; iCLK         ; iCLK        ; 10.000       ; -0.344     ; 7.209      ;
; 2.446 ; mem:DMem|altsyncram:ram_rtl_0|altsyncram_eg81:auto_generated|ram_block1a0~porta_we_reg  ; regfile:regfile_i|reg:\g_regs:14:i_reg|dffg:\g_dffgs:31:i_dffg|s_Q ; iCLK         ; iCLK        ; 10.000       ; -0.344     ; 7.209      ;
; 2.454 ; mem:DMem|altsyncram:ram_rtl_0|altsyncram_eg81:auto_generated|ram_block1a5~porta_we_reg  ; regfile:regfile_i|reg:\g_regs:6:i_reg|dffg:\g_dffgs:27:i_dffg|s_Q  ; iCLK         ; iCLK        ; 10.000       ; -0.365     ; 7.180      ;
; 2.462 ; mem:DMem|altsyncram:ram_rtl_0|altsyncram_eg81:auto_generated|ram_block1a0~porta_we_reg  ; regfile:regfile_i|reg:\g_regs:25:i_reg|dffg:\g_dffgs:23:i_dffg|s_Q ; iCLK         ; iCLK        ; 10.000       ; -0.324     ; 7.213      ;
; 2.467 ; mem:DMem|altsyncram:ram_rtl_0|altsyncram_eg81:auto_generated|ram_block1a0~porta_we_reg  ; regfile:regfile_i|reg:\g_regs:17:i_reg|dffg:\g_dffgs:23:i_dffg|s_Q ; iCLK         ; iCLK        ; 10.000       ; -0.324     ; 7.208      ;
; 2.472 ; mem:DMem|altsyncram:ram_rtl_0|altsyncram_eg81:auto_generated|ram_block1a0~porta_we_reg  ; regfile:regfile_i|reg:\g_regs:1:i_reg|dffg:\g_dffgs:14:i_dffg|s_Q  ; iCLK         ; iCLK        ; 10.000       ; -0.376     ; 7.151      ;
; 2.473 ; mem:DMem|altsyncram:ram_rtl_0|altsyncram_eg81:auto_generated|ram_block1a0~porta_we_reg  ; regfile:regfile_i|reg:\g_regs:2:i_reg|dffg:\g_dffgs:14:i_dffg|s_Q  ; iCLK         ; iCLK        ; 10.000       ; -0.376     ; 7.150      ;
; 2.480 ; mem:DMem|altsyncram:ram_rtl_0|altsyncram_eg81:auto_generated|ram_block1a0~porta_we_reg  ; regfile:regfile_i|reg:\g_regs:8:i_reg|dffg:\g_dffgs:15:i_dffg|s_Q  ; iCLK         ; iCLK        ; 10.000       ; -0.343     ; 7.176      ;
; 2.480 ; mem:DMem|altsyncram:ram_rtl_0|altsyncram_eg81:auto_generated|ram_block1a0~porta_we_reg  ; regfile:regfile_i|reg:\g_regs:9:i_reg|dffg:\g_dffgs:15:i_dffg|s_Q  ; iCLK         ; iCLK        ; 10.000       ; -0.343     ; 7.176      ;
; 2.482 ; mem:DMem|altsyncram:ram_rtl_0|altsyncram_eg81:auto_generated|ram_block1a0~porta_we_reg  ; regfile:regfile_i|reg:\g_regs:28:i_reg|dffg:\g_dffgs:23:i_dffg|s_Q ; iCLK         ; iCLK        ; 10.000       ; -0.330     ; 7.187      ;
; 2.484 ; mem:DMem|altsyncram:ram_rtl_0|altsyncram_eg81:auto_generated|ram_block1a0~porta_we_reg  ; regfile:regfile_i|reg:\g_regs:20:i_reg|dffg:\g_dffgs:23:i_dffg|s_Q ; iCLK         ; iCLK        ; 10.000       ; -0.330     ; 7.185      ;
; 2.485 ; mem:DMem|altsyncram:ram_rtl_0|altsyncram_eg81:auto_generated|ram_block1a0~porta_we_reg  ; regfile:regfile_i|reg:\g_regs:13:i_reg|dffg:\g_dffgs:21:i_dffg|s_Q ; iCLK         ; iCLK        ; 10.000       ; -0.343     ; 7.171      ;
; 2.486 ; mem:DMem|altsyncram:ram_rtl_0|altsyncram_eg81:auto_generated|ram_block1a0~porta_we_reg  ; regfile:regfile_i|reg:\g_regs:14:i_reg|dffg:\g_dffgs:21:i_dffg|s_Q ; iCLK         ; iCLK        ; 10.000       ; -0.343     ; 7.170      ;
; 2.488 ; mem:DMem|altsyncram:ram_rtl_0|altsyncram_eg81:auto_generated|ram_block1a0~porta_we_reg  ; regfile:regfile_i|reg:\g_regs:29:i_reg|dffg:\g_dffgs:25:i_dffg|s_Q ; iCLK         ; iCLK        ; 10.000       ; -0.335     ; 7.176      ;
; 2.488 ; mem:DMem|altsyncram:ram_rtl_0|altsyncram_eg81:auto_generated|ram_block1a0~porta_we_reg  ; regfile:regfile_i|reg:\g_regs:21:i_reg|dffg:\g_dffgs:25:i_dffg|s_Q ; iCLK         ; iCLK        ; 10.000       ; -0.335     ; 7.176      ;
; 2.489 ; mem:DMem|altsyncram:ram_rtl_0|altsyncram_eg81:auto_generated|ram_block1a0~porta_we_reg  ; regfile:regfile_i|reg:\g_regs:4:i_reg|dffg:\g_dffgs:23:i_dffg|s_Q  ; iCLK         ; iCLK        ; 10.000       ; -0.012     ; 7.498      ;
; 2.489 ; mem:DMem|altsyncram:ram_rtl_0|altsyncram_eg81:auto_generated|ram_block1a0~porta_we_reg  ; regfile:regfile_i|reg:\g_regs:29:i_reg|dffg:\g_dffgs:23:i_dffg|s_Q ; iCLK         ; iCLK        ; 10.000       ; -0.335     ; 7.175      ;
; 2.489 ; mem:DMem|altsyncram:ram_rtl_0|altsyncram_eg81:auto_generated|ram_block1a0~porta_we_reg  ; regfile:regfile_i|reg:\g_regs:21:i_reg|dffg:\g_dffgs:23:i_dffg|s_Q ; iCLK         ; iCLK        ; 10.000       ; -0.335     ; 7.175      ;
; 2.497 ; regfile:regfile_i|reg:\g_regs:4:i_reg|dffg:\g_dffgs:7:i_dffg|s_Q                        ; IDEX:IDEX_i|dffg:\ALUA_dffgs:41:A_dffg|s_Q                         ; iCLK         ; iCLK        ; 10.000       ; -0.160     ; 7.342      ;
; 2.501 ; mem:DMem|altsyncram:ram_rtl_0|altsyncram_eg81:auto_generated|ram_block1a13~porta_we_reg ; regfile:regfile_i|reg:\g_regs:14:i_reg|dffg:\g_dffgs:17:i_dffg|s_Q ; iCLK         ; iCLK        ; 10.000       ; -0.336     ; 7.162      ;
+-------+-----------------------------------------------------------------------------------------+--------------------------------------------------------------------+--------------+-------------+--------------+------------+------------+


+---------------------------------------------------------------------------------------------------------------------------------------------------------------------------------------------------------------------------------------------------------------------------------------------------------------------------------------------------------+
; Slow 1200mV 0C Model Hold: 'iCLK'                                                                                                                                                                                                                                                                                                                       ;
+-------+------------------------------------------------------------------------------------------------------------------------+--------------------------------------------------------------------------------------------------------------------------------------------------+--------------+-------------+--------------+------------+------------+
; Slack ; From Node                                                                                                              ; To Node                                                                                                                                          ; Launch Clock ; Latch Clock ; Relationship ; Clock Skew ; Data Delay ;
+-------+------------------------------------------------------------------------------------------------------------------------+--------------------------------------------------------------------------------------------------------------------------------------------------+--------------+-------------+--------------+------------+------------+
; 0.341 ; EXMEM:EXMEM_i|dffg:\ALUB_dffgs:101:B_dffg|s_Q                                                                          ; mem:DMem|altsyncram:ram_rtl_0|altsyncram_eg81:auto_generated|ram_block1a8~porta_datain_reg0                                                      ; iCLK         ; iCLK        ; 0.000        ; 0.401      ; 0.943      ;
; 0.346 ; fetch:fetch_i|PCreg:PC|dffg:\g_dffgs:2:i_dffg|s_Q                                                                      ; fetch:fetch_i|PCreg:PC|dffg:\g_dffgs:2:i_dffg|s_Q                                                                                                ; iCLK         ; iCLK        ; 0.000        ; 0.091      ; 0.608      ;
; 0.348 ; EXMEM:EXMEM_i|dffg:\set_dffgs:53:s_dffg|s_Q                                                                            ; mem:DMem|altsyncram:ram_rtl_0|altsyncram_eg81:auto_generated|ram_block1a0~porta_address_reg0                                                     ; iCLK         ; iCLK        ; 0.000        ; 0.397      ; 0.946      ;
; 0.352 ; EXMEM:EXMEM_i|dffg:\set_dffgs:49:s_dffg|s_Q                                                                            ; mem:DMem|altsyncram:ram_rtl_0|altsyncram_eg81:auto_generated|ram_block1a0~porta_address_reg0                                                     ; iCLK         ; iCLK        ; 0.000        ; 0.397      ; 0.950      ;
; 0.352 ; EXMEM:EXMEM_i|dffg:\set_dffgs:56:s_dffg|s_Q                                                                            ; mem:DMem|altsyncram:ram_rtl_0|altsyncram_eg81:auto_generated|ram_block1a8~porta_address_reg0                                                     ; iCLK         ; iCLK        ; 0.000        ; 0.396      ; 0.949      ;
; 0.354 ; IDEX:IDEX_i|dffg:MemtoReg_dffg|altshift_taps:s_Q_rtl_0|shift_taps_9km:auto_generated|cntr_6pf:cntr1|counter_reg_bit[0] ; IDEX:IDEX_i|dffg:MemtoReg_dffg|altshift_taps:s_Q_rtl_0|shift_taps_9km:auto_generated|cntr_6pf:cntr1|counter_reg_bit[0]                           ; iCLK         ; iCLK        ; 0.000        ; 0.072      ; 0.597      ;
; 0.355 ; EXMEM:EXMEM_i|dffg:\ALUB_dffgs:93:B_dffg|s_Q                                                                           ; mem:DMem|altsyncram:ram_rtl_0|altsyncram_eg81:auto_generated|ram_block1a13~porta_datain_reg0                                                     ; iCLK         ; iCLK        ; 0.000        ; 0.400      ; 0.956      ;
; 0.365 ; IDEX:IDEX_i|dffg:Jump_dffg|s_Q                                                                                         ; IDEX:IDEX_i|dffg:Jump_dffg|s_Q                                                                                                                   ; iCLK         ; iCLK        ; 0.000        ; 0.072      ; 0.608      ;
; 0.365 ; IDEX:IDEX_i|dffg:Branch_dffg|s_Q                                                                                       ; IDEX:IDEX_i|dffg:Branch_dffg|s_Q                                                                                                                 ; iCLK         ; iCLK        ; 0.000        ; 0.072      ; 0.608      ;
; 0.365 ; IDEX:IDEX_i|dffg:MemtoReg_dffg|altshift_taps:s_Q_rtl_0|shift_taps_9km:auto_generated|cntr_6pf:cntr1|counter_reg_bit[1] ; IDEX:IDEX_i|dffg:MemtoReg_dffg|altshift_taps:s_Q_rtl_0|shift_taps_9km:auto_generated|cntr_6pf:cntr1|counter_reg_bit[1]                           ; iCLK         ; iCLK        ; 0.000        ; 0.072      ; 0.608      ;
; 0.367 ; EXMEM:EXMEM_i|dffg:\ALUB_dffgs:89:B_dffg|s_Q                                                                           ; mem:DMem|altsyncram:ram_rtl_0|altsyncram_eg81:auto_generated|ram_block1a8~porta_datain_reg0                                                      ; iCLK         ; iCLK        ; 0.000        ; 0.401      ; 0.969      ;
; 0.369 ; IDEX:IDEX_i|dffg:MemtoReg_dffg|altshift_taps:s_Q_rtl_0|shift_taps_9km:auto_generated|dffe3a[0]                         ; IDEX:IDEX_i|dffg:MemtoReg_dffg|altshift_taps:s_Q_rtl_0|shift_taps_9km:auto_generated|altsyncram_n861:altsyncram4|ram_block7a0~portb_address_reg0 ; iCLK         ; iCLK        ; 0.000        ; 0.389      ; 0.959      ;
; 0.394 ; IDEX:IDEX_i|dffg:\fetchInstAddPlus4_dffgs:141:i_dffg|s_Q                                                               ; EXMEM:EXMEM_i|dffg:\regdata_dffgs:32:rd_dffg|s_Q                                                                                                 ; iCLK         ; iCLK        ; 0.000        ; 0.073      ; 0.638      ;
; 0.395 ; IDEX:IDEX_i|dffg:\fetchInstAddPlus4_dffgs:128:i_dffg|s_Q                                                               ; EXMEM:EXMEM_i|dffg:\regdata_dffgs:19:rd_dffg|s_Q                                                                                                 ; iCLK         ; iCLK        ; 0.000        ; 0.073      ; 0.639      ;
; 0.395 ; EXMEM:EXMEM_i|dffg:\regdata_dffgs:17:rd_dffg|s_Q                                                                       ; MEMWB:MEMWB_i|dffg:\regdata_dffgs:17:rd_dffg|s_Q                                                                                                 ; iCLK         ; iCLK        ; 0.000        ; 0.073      ; 0.639      ;
; 0.395 ; EXMEM:EXMEM_i|dffg:\regdata_dffgs:28:rd_dffg|s_Q                                                                       ; MEMWB:MEMWB_i|dffg:\regdata_dffgs:28:rd_dffg|s_Q                                                                                                 ; iCLK         ; iCLK        ; 0.000        ; 0.073      ; 0.639      ;
; 0.395 ; EXMEM:EXMEM_i|dffg:\regdata_dffgs:19:rd_dffg|s_Q                                                                       ; MEMWB:MEMWB_i|dffg:\regdata_dffgs:19:rd_dffg|s_Q                                                                                                 ; iCLK         ; iCLK        ; 0.000        ; 0.073      ; 0.639      ;
; 0.396 ; EXMEM:EXMEM_i|dffg:\regdata_dffgs:25:rd_dffg|s_Q                                                                       ; MEMWB:MEMWB_i|dffg:\regdata_dffgs:25:rd_dffg|s_Q                                                                                                 ; iCLK         ; iCLK        ; 0.000        ; 0.073      ; 0.640      ;
; 0.396 ; EXMEM:EXMEM_i|dffg:\ext_dffgs:130:e_dffg|s_Q                                                                           ; MEMWB:MEMWB_i|dffg:\ext_dffgs:98:e_dffg|s_Q                                                                                                      ; iCLK         ; iCLK        ; 0.000        ; 0.072      ; 0.639      ;
; 0.396 ; EXMEM:EXMEM_i|dffg:\ALUB_dffgs:92:B_dffg|s_Q                                                                           ; mem:DMem|altsyncram:ram_rtl_0|altsyncram_eg81:auto_generated|ram_block1a13~porta_datain_reg0                                                     ; iCLK         ; iCLK        ; 0.000        ; 0.402      ; 0.999      ;
; 0.396 ; EXMEM:EXMEM_i|dffg:\regdata_dffgs:16:rd_dffg|s_Q                                                                       ; MEMWB:MEMWB_i|dffg:\regdata_dffgs:16:rd_dffg|s_Q                                                                                                 ; iCLK         ; iCLK        ; 0.000        ; 0.073      ; 0.640      ;
; 0.396 ; EXMEM:EXMEM_i|dffg:\ext_dffgs:135:e_dffg|s_Q                                                                           ; MEMWB:MEMWB_i|dffg:\ext_dffgs:103:e_dffg|s_Q                                                                                                     ; iCLK         ; iCLK        ; 0.000        ; 0.072      ; 0.639      ;
; 0.397 ; IDEX:IDEX_i|dffg:\fetchInstAddPlus4_dffgs:149:i_dffg|s_Q                                                               ; EXMEM:EXMEM_i|dffg:\regdata_dffgs:40:rd_dffg|s_Q                                                                                                 ; iCLK         ; iCLK        ; 0.000        ; 0.072      ; 0.640      ;
; 0.397 ; EXMEM:EXMEM_i|dffg:\ext_dffgs:129:e_dffg|s_Q                                                                           ; MEMWB:MEMWB_i|dffg:\ext_dffgs:97:e_dffg|s_Q                                                                                                      ; iCLK         ; iCLK        ; 0.000        ; 0.072      ; 0.640      ;
; 0.397 ; EXMEM:EXMEM_i|dffg:\ext_dffgs:137:e_dffg|s_Q                                                                           ; MEMWB:MEMWB_i|dffg:\ext_dffgs:105:e_dffg|s_Q                                                                                                     ; iCLK         ; iCLK        ; 0.000        ; 0.072      ; 0.640      ;
; 0.397 ; EXMEM:EXMEM_i|dffg:\regdata_dffgs:24:rd_dffg|s_Q                                                                       ; MEMWB:MEMWB_i|dffg:\regdata_dffgs:24:rd_dffg|s_Q                                                                                                 ; iCLK         ; iCLK        ; 0.000        ; 0.072      ; 0.640      ;
; 0.400 ; fetch:fetch_i|PCreg:PC|dffg:\g_dffgs:3:i_dffg|s_Q                                                                      ; IFID:IFID_i|dffg:\fetchInstAddPlus4_dffgs:35:i_dffg|s_Q                                                                                          ; iCLK         ; iCLK        ; 0.000        ; 0.072      ; 0.643      ;
; 0.401 ; IDEX:IDEX_i|dffg:\ALUB_dffgs:74:B_dffg|s_Q                                                                             ; EXMEM:EXMEM_i|dffg:\ALUB_dffgs:106:B_dffg|s_Q                                                                                                    ; iCLK         ; iCLK        ; 0.000        ; 0.072      ; 0.644      ;
; 0.404 ; IDEX:IDEX_i|dffg:\ALUB_dffgs:78:B_dffg|s_Q                                                                             ; EXMEM:EXMEM_i|dffg:\ALUB_dffgs:110:B_dffg|s_Q                                                                                                    ; iCLK         ; iCLK        ; 0.000        ; 0.072      ; 0.647      ;
; 0.411 ; fetch:fetch_i|PCreg:PC|dffg:\g_dffgs:17:i_dffg|s_Q                                                                     ; IFID:IFID_i|dffg:\fetchInstAdd_dffgs:81:i_dffg|s_Q                                                                                               ; iCLK         ; iCLK        ; 0.000        ; 0.071      ; 0.653      ;
; 0.416 ; IDEX:IDEX_i|dffg:MemtoReg_dffg|altshift_taps:s_Q_rtl_0|shift_taps_9km:auto_generated|cntr_6pf:cntr1|counter_reg_bit[1] ; IDEX:IDEX_i|dffg:MemtoReg_dffg|altshift_taps:s_Q_rtl_0|shift_taps_9km:auto_generated|dffe3a[1]                                                   ; iCLK         ; iCLK        ; 0.000        ; 0.072      ; 0.659      ;
; 0.416 ; IDEX:IDEX_i|dffg:\ALUB_dffgs:72:B_dffg|s_Q                                                                             ; EXMEM:EXMEM_i|dffg:\ALUB_dffgs:104:B_dffg|s_Q                                                                                                    ; iCLK         ; iCLK        ; 0.000        ; 0.072      ; 0.659      ;
; 0.416 ; IDEX:IDEX_i|dffg:\ALUB_dffgs:50:B_dffg|s_Q                                                                             ; EXMEM:EXMEM_i|dffg:\ALUB_dffgs:82:B_dffg|s_Q                                                                                                     ; iCLK         ; iCLK        ; 0.000        ; 0.072      ; 0.659      ;
; 0.416 ; IDEX:IDEX_i|dffg:\ALUB_dffgs:75:B_dffg|s_Q                                                                             ; EXMEM:EXMEM_i|dffg:\ALUB_dffgs:107:B_dffg|s_Q                                                                                                    ; iCLK         ; iCLK        ; 0.000        ; 0.072      ; 0.659      ;
; 0.416 ; IDEX:IDEX_i|dffg:\ALUB_dffgs:68:B_dffg|s_Q                                                                             ; EXMEM:EXMEM_i|dffg:\ALUB_dffgs:100:B_dffg|s_Q                                                                                                    ; iCLK         ; iCLK        ; 0.000        ; 0.072      ; 0.659      ;
; 0.416 ; IFID:IFID_i|dffg:\fetchInstAdd_dffgs:65:i_dffg|s_Q                                                                     ; IDEX:IDEX_i|dffg:\fetchInstAdd_dffgs:189:i_dffg|s_Q                                                                                              ; iCLK         ; iCLK        ; 0.000        ; 0.072      ; 0.659      ;
; 0.419 ; EXMEM:EXMEM_i|dffg:\ALUB_dffgs:97:B_dffg|s_Q                                                                           ; mem:DMem|altsyncram:ram_rtl_0|altsyncram_eg81:auto_generated|ram_block1a13~porta_datain_reg0                                                     ; iCLK         ; iCLK        ; 0.000        ; 0.402      ; 1.022      ;
; 0.423 ; IDEX:IDEX_i|dffg:\ALUimm_dffgs:86:imm_dffg|s_Q                                                                         ; EXMEM:EXMEM_i|dffg:\ext_dffgs:118:e_dffg|s_Q                                                                                                     ; iCLK         ; iCLK        ; 0.000        ; 0.072      ; 0.666      ;
; 0.423 ; IDEX:IDEX_i|dffg:MemtoReg_dffg|altshift_taps:s_Q_rtl_0|shift_taps_9km:auto_generated|cntr_6pf:cntr1|counter_reg_bit[0] ; IDEX:IDEX_i|dffg:MemtoReg_dffg|altshift_taps:s_Q_rtl_0|shift_taps_9km:auto_generated|cntr_6pf:cntr1|counter_reg_bit[1]                           ; iCLK         ; iCLK        ; 0.000        ; 0.072      ; 0.666      ;
; 0.424 ; IDEX:IDEX_i|dffg:\ALUimm_dffgs:93:imm_dffg|s_Q                                                                         ; EXMEM:EXMEM_i|dffg:\ext_dffgs:125:e_dffg|s_Q                                                                                                     ; iCLK         ; iCLK        ; 0.000        ; 0.072      ; 0.667      ;
; 0.430 ; EXMEM:EXMEM_i|dffg:\set_dffgs:51:s_dffg|s_Q                                                                            ; mem:DMem|altsyncram:ram_rtl_0|altsyncram_eg81:auto_generated|ram_block1a0~porta_address_reg0                                                     ; iCLK         ; iCLK        ; 0.000        ; 0.397      ; 1.028      ;
; 0.470 ; IDEX:IDEX_i|dffg:\fetchInstAdd_dffgs:189:i_dffg|s_Q                                                                    ; fetch:fetch_i|PCreg:PC|dffg:\g_dffgs:1:i_dffg|s_Q                                                                                                ; iCLK         ; iCLK        ; 0.000        ; 0.437      ; 1.078      ;
; 0.535 ; IFID:IFID_i|dffg:\fetchInstAdd_dffgs:64:i_dffg|s_Q                                                                     ; IDEX:IDEX_i|dffg:\fetchInstAdd_dffgs:188:i_dffg|s_Q                                                                                              ; iCLK         ; iCLK        ; 0.000        ; 0.085      ; 0.791      ;
; 0.535 ; IFID:IFID_i|dffg:\fetchInstAdd_dffgs:68:i_dffg|s_Q                                                                     ; IDEX:IDEX_i|dffg:\fetchInstAdd_dffgs:192:i_dffg|s_Q                                                                                              ; iCLK         ; iCLK        ; 0.000        ; 0.092      ; 0.798      ;
; 0.538 ; EXMEM:EXMEM_i|dffg:\ext_dffgs:140:e_dffg|s_Q                                                                           ; MEMWB:MEMWB_i|dffg:\ext_dffgs:108:e_dffg|s_Q                                                                                                     ; iCLK         ; iCLK        ; 0.000        ; 0.075      ; 0.784      ;
; 0.543 ; EXMEM:EXMEM_i|dffg:\ext_dffgs:119:e_dffg|s_Q                                                                           ; MEMWB:MEMWB_i|dffg:\ext_dffgs:87:e_dffg|s_Q                                                                                                      ; iCLK         ; iCLK        ; 0.000        ; 0.074      ; 0.788      ;
; 0.547 ; fetch:fetch_i|PCreg:PC|dffg:\g_dffgs:4:i_dffg|s_Q                                                                      ; IFID:IFID_i|dffg:\fetchInstAdd_dffgs:68:i_dffg|s_Q                                                                                               ; iCLK         ; iCLK        ; 0.000        ; 0.092      ; 0.810      ;
; 0.547 ; EXMEM:EXMEM_i|dffg:\regdata_dffgs:34:rd_dffg|s_Q                                                                       ; MEMWB:MEMWB_i|dffg:\regdata_dffgs:34:rd_dffg|s_Q                                                                                                 ; iCLK         ; iCLK        ; 0.000        ; 0.073      ; 0.791      ;
; 0.547 ; EXMEM:EXMEM_i|dffg:\set_dffgs:58:s_dffg|s_Q                                                                            ; mem:DMem|altsyncram:ram_rtl_0|altsyncram_eg81:auto_generated|ram_block1a0~porta_address_reg0                                                     ; iCLK         ; iCLK        ; 0.000        ; 0.398      ; 1.146      ;
; 0.548 ; IFID:IFID_i|dffg:\fetchInstAdd_dffgs:80:i_dffg|s_Q                                                                     ; IDEX:IDEX_i|dffg:\fetchInstAdd_dffgs:204:i_dffg|s_Q                                                                                              ; iCLK         ; iCLK        ; 0.000        ; 0.071      ; 0.790      ;
; 0.548 ; IDEX:IDEX_i|dffg:Jump_dffg|s_Q                                                                                         ; IDEX:IDEX_i|dffg:\ALUA_dffgs:17:A_dffg|s_Q                                                                                                       ; iCLK         ; iCLK        ; 0.000        ; 0.072      ; 0.791      ;
; 0.548 ; IFID:IFID_i|dffg:\fetchInstAddPlus4_dffgs:63:i_dffg|s_Q                                                                ; IDEX:IDEX_i|dffg:\fetchInstAddPlus4_dffgs:155:i_dffg|s_Q                                                                                         ; iCLK         ; iCLK        ; 0.000        ; 0.072      ; 0.791      ;
; 0.548 ; EXMEM:EXMEM_i|dffg:\regdata_dffgs:26:rd_dffg|s_Q                                                                       ; MEMWB:MEMWB_i|dffg:\regdata_dffgs:26:rd_dffg|s_Q                                                                                                 ; iCLK         ; iCLK        ; 0.000        ; 0.073      ; 0.792      ;
; 0.548 ; EXMEM:EXMEM_i|dffg:\ext_dffgs:125:e_dffg|s_Q                                                                           ; MEMWB:MEMWB_i|dffg:\ext_dffgs:93:e_dffg|s_Q                                                                                                      ; iCLK         ; iCLK        ; 0.000        ; 0.072      ; 0.791      ;
; 0.548 ; EXMEM:EXMEM_i|dffg:\regdata_dffgs:31:rd_dffg|s_Q                                                                       ; MEMWB:MEMWB_i|dffg:\regdata_dffgs:31:rd_dffg|s_Q                                                                                                 ; iCLK         ; iCLK        ; 0.000        ; 0.072      ; 0.791      ;
; 0.548 ; EXMEM:EXMEM_i|dffg:\ext_dffgs:141:e_dffg|s_Q                                                                           ; MEMWB:MEMWB_i|dffg:\ext_dffgs:109:e_dffg|s_Q                                                                                                     ; iCLK         ; iCLK        ; 0.000        ; 0.072      ; 0.791      ;
; 0.548 ; IFID:IFID_i|dffg:\fetchInstAddPlus4_dffgs:62:i_dffg|s_Q                                                                ; IDEX:IDEX_i|dffg:\fetchInstAddPlus4_dffgs:154:i_dffg|s_Q                                                                                         ; iCLK         ; iCLK        ; 0.000        ; 0.072      ; 0.791      ;
; 0.549 ; EXMEM:EXMEM_i|dffg:\ext_dffgs:115:e_dffg|s_Q                                                                           ; MEMWB:MEMWB_i|dffg:\ext_dffgs:83:e_dffg|s_Q                                                                                                      ; iCLK         ; iCLK        ; 0.000        ; 0.073      ; 0.793      ;
; 0.550 ; fetch:fetch_i|PCreg:PC|dffg:\g_dffgs:5:i_dffg|s_Q                                                                      ; IFID:IFID_i|dffg:\fetchInstAdd_dffgs:69:i_dffg|s_Q                                                                                               ; iCLK         ; iCLK        ; 0.000        ; 0.091      ; 0.812      ;
; 0.550 ; EXMEM:EXMEM_i|dffg:\ext_dffgs:128:e_dffg|s_Q                                                                           ; MEMWB:MEMWB_i|dffg:\ext_dffgs:96:e_dffg|s_Q                                                                                                      ; iCLK         ; iCLK        ; 0.000        ; 0.072      ; 0.793      ;
; 0.551 ; EXMEM:EXMEM_i|dffg:\ext_dffgs:126:e_dffg|s_Q                                                                           ; MEMWB:MEMWB_i|dffg:\ext_dffgs:94:e_dffg|s_Q                                                                                                      ; iCLK         ; iCLK        ; 0.000        ; 0.072      ; 0.794      ;
; 0.558 ; fetch:fetch_i|PCreg:PC|dffg:\g_dffgs:2:i_dffg|s_Q                                                                      ; IFID:IFID_i|dffg:\fetchInstAdd_dffgs:66:i_dffg|s_Q                                                                                               ; iCLK         ; iCLK        ; 0.000        ; 0.091      ; 0.820      ;
; 0.559 ; IDEX:IDEX_i|dffg:\fetchInstAddPlus4_dffgs:127:i_dffg|s_Q                                                               ; EXMEM:EXMEM_i|dffg:\regdata_dffgs:18:rd_dffg|s_Q                                                                                                 ; iCLK         ; iCLK        ; 0.000        ; 0.074      ; 0.804      ;
; 0.559 ; EXMEM:EXMEM_i|dffg:\ext_dffgs:112:e_dffg|s_Q                                                                           ; MEMWB:MEMWB_i|dffg:\ext_dffgs:80:e_dffg|s_Q                                                                                                      ; iCLK         ; iCLK        ; 0.000        ; 0.074      ; 0.804      ;
; 0.565 ; IDEX:IDEX_i|dffg:\ALUB_dffgs:56:B_dffg|s_Q                                                                             ; EXMEM:EXMEM_i|dffg:\ALUB_dffgs:88:B_dffg|s_Q                                                                                                     ; iCLK         ; iCLK        ; 0.000        ; 0.074      ; 0.810      ;
; 0.568 ; IDEX:IDEX_i|dffg:\ALUimm_dffgs:95:imm_dffg|s_Q                                                                         ; EXMEM:EXMEM_i|dffg:\ext_dffgs:127:e_dffg|s_Q                                                                                                     ; iCLK         ; iCLK        ; 0.000        ; 0.072      ; 0.811      ;
; 0.569 ; IDEX:IDEX_i|dffg:\ALUB_dffgs:70:B_dffg|s_Q                                                                             ; EXMEM:EXMEM_i|dffg:\ALUB_dffgs:102:B_dffg|s_Q                                                                                                    ; iCLK         ; iCLK        ; 0.000        ; 0.072      ; 0.812      ;
; 0.570 ; IFID:IFID_i|dffg:\fetchInstAdd_dffgs:81:i_dffg|s_Q                                                                     ; IDEX:IDEX_i|dffg:\fetchInstAdd_dffgs:205:i_dffg|s_Q                                                                                              ; iCLK         ; iCLK        ; 0.000        ; 0.071      ; 0.812      ;
; 0.571 ; IFID:IFID_i|dffg:\fetchInstAdd_dffgs:77:i_dffg|s_Q                                                                     ; IDEX:IDEX_i|dffg:\fetchInstAdd_dffgs:201:i_dffg|s_Q                                                                                              ; iCLK         ; iCLK        ; 0.000        ; 0.071      ; 0.813      ;
; 0.571 ; IDEX:IDEX_i|dffg:jalr_dffg|s_Q                                                                                         ; fetch:fetch_i|PCreg:PC|dffg:\g_dffgs:1:i_dffg|s_Q                                                                                                ; iCLK         ; iCLK        ; 0.000        ; 0.437      ; 1.179      ;
; 0.573 ; IDEX:IDEX_i|dffg:\ALUimm_dffgs:91:imm_dffg|s_Q                                                                         ; EXMEM:EXMEM_i|dffg:\ext_dffgs:123:e_dffg|s_Q                                                                                                     ; iCLK         ; iCLK        ; 0.000        ; 0.072      ; 0.816      ;
; 0.574 ; fetch:fetch_i|PCreg:PC|dffg:\g_dffgs:10:i_dffg|s_Q                                                                     ; IFID:IFID_i|dffg:\fetchInstAdd_dffgs:74:i_dffg|s_Q                                                                                               ; iCLK         ; iCLK        ; 0.000        ; 0.087      ; 0.832      ;
; 0.574 ; IDEX:IDEX_i|dffg:\ALUimm_dffgs:92:imm_dffg|s_Q                                                                         ; EXMEM:EXMEM_i|dffg:\ext_dffgs:124:e_dffg|s_Q                                                                                                     ; iCLK         ; iCLK        ; 0.000        ; 0.072      ; 0.817      ;
; 0.575 ; fetch:fetch_i|PCreg:PC|dffg:\g_dffgs:16:i_dffg|s_Q                                                                     ; IFID:IFID_i|dffg:\fetchInstAdd_dffgs:80:i_dffg|s_Q                                                                                               ; iCLK         ; iCLK        ; 0.000        ; 0.071      ; 0.817      ;
; 0.575 ; IDEX:IDEX_i|dffg:\ALUimm_dffgs:89:imm_dffg|s_Q                                                                         ; EXMEM:EXMEM_i|dffg:\ext_dffgs:121:e_dffg|s_Q                                                                                                     ; iCLK         ; iCLK        ; 0.000        ; 0.072      ; 0.818      ;
; 0.576 ; fetch:fetch_i|PCreg:PC|dffg:\g_dffgs:8:i_dffg|s_Q                                                                      ; IFID:IFID_i|dffg:\fetchInstAdd_dffgs:72:i_dffg|s_Q                                                                                               ; iCLK         ; iCLK        ; 0.000        ; 0.073      ; 0.820      ;
; 0.577 ; IDEX:IDEX_i|dffg:\ALUimm_dffgs:88:imm_dffg|s_Q                                                                         ; EXMEM:EXMEM_i|dffg:\ext_dffgs:120:e_dffg|s_Q                                                                                                     ; iCLK         ; iCLK        ; 0.000        ; 0.072      ; 0.820      ;
; 0.578 ; fetch:fetch_i|PCreg:PC|dffg:\g_dffgs:9:i_dffg|s_Q                                                                      ; IFID:IFID_i|dffg:\fetchInstAddPlus4_dffgs:41:i_dffg|s_Q                                                                                          ; iCLK         ; iCLK        ; 0.000        ; 0.087      ; 0.836      ;
; 0.582 ; IDEX:IDEX_i|dffg:\fetchInstAddPlus4_dffgs:144:i_dffg|s_Q                                                               ; EXMEM:EXMEM_i|dffg:\regdata_dffgs:35:rd_dffg|s_Q                                                                                                 ; iCLK         ; iCLK        ; 0.000        ; 0.073      ; 0.826      ;
; 0.582 ; IDEX:IDEX_i|dffg:\fetchInstAddPlus4_dffgs:138:i_dffg|s_Q                                                               ; EXMEM:EXMEM_i|dffg:\regdata_dffgs:29:rd_dffg|s_Q                                                                                                 ; iCLK         ; iCLK        ; 0.000        ; 0.073      ; 0.826      ;
; 0.583 ; IDEX:IDEX_i|dffg:\fetchInstAddPlus4_dffgs:140:i_dffg|s_Q                                                               ; EXMEM:EXMEM_i|dffg:\regdata_dffgs:31:rd_dffg|s_Q                                                                                                 ; iCLK         ; iCLK        ; 0.000        ; 0.072      ; 0.826      ;
; 0.585 ; IDEX:IDEX_i|dffg:\ALUimm_dffgs:80:imm_dffg|s_Q                                                                         ; fetch:fetch_i|PCreg:PC|dffg:\g_dffgs:1:i_dffg|s_Q                                                                                                ; iCLK         ; iCLK        ; 0.000        ; 0.445      ; 1.201      ;
; 0.598 ; fetch:fetch_i|PCreg:PC|dffg:\g_dffgs:17:i_dffg|s_Q                                                                     ; IFID:IFID_i|dffg:\fetchInstAddPlus4_dffgs:49:i_dffg|s_Q                                                                                          ; iCLK         ; iCLK        ; 0.000        ; 0.071      ; 0.840      ;
; 0.605 ; fetch:fetch_i|PCreg:PC|dffg:\g_dffgs:16:i_dffg|s_Q                                                                     ; IFID:IFID_i|dffg:\fetchInstAddPlus4_dffgs:48:i_dffg|s_Q                                                                                          ; iCLK         ; iCLK        ; 0.000        ; 0.071      ; 0.847      ;
; 0.606 ; IDEX:IDEX_i|dffg:MemtoReg_dffg|altshift_taps:s_Q_rtl_0|shift_taps_9km:auto_generated|cntr_p8h:cntr5|counter_reg_bit[0] ; IDEX:IDEX_i|dffg:MemtoReg_dffg|altshift_taps:s_Q_rtl_0|shift_taps_9km:auto_generated|cntr_p8h:cntr5|counter_reg_bit[0]                           ; iCLK         ; iCLK        ; 0.000        ; 0.073      ; 0.850      ;
; 0.612 ; fetch:fetch_i|PCreg:PC|dffg:\g_dffgs2:23:i_dffg|s_Q                                                                    ; IFID:IFID_i|dffg:\fetchInstAddPlus4_dffgs:55:i_dffg|s_Q                                                                                          ; iCLK         ; iCLK        ; 0.000        ; 0.072      ; 0.855      ;
; 0.623 ; IFID:IFID_i|dffg:\fetchInstAdd_dffgs:71:i_dffg|s_Q                                                                     ; IDEX:IDEX_i|dffg:\ALUA_dffgs:22:A_dffg|s_Q                                                                                                       ; iCLK         ; iCLK        ; 0.000        ; 0.072      ; 0.866      ;
; 0.624 ; IDEX:IDEX_i|dffg:\fetchInstAdd_dffgs:198:i_dffg|s_Q                                                                    ; fetch:fetch_i|PCreg:PC|dffg:\g_dffgs:10:i_dffg|s_Q                                                                                               ; iCLK         ; iCLK        ; 0.000        ; 0.468      ; 1.263      ;
; 0.625 ; fetch:fetch_i|PCreg:PC|dffg:\g_dffgs:16:i_dffg|s_Q                                                                     ; IFID:IFID_i|dffg:\fetchInstAddPlus4_dffgs:49:i_dffg|s_Q                                                                                          ; iCLK         ; iCLK        ; 0.000        ; 0.071      ; 0.867      ;
; 0.627 ; EXMEM:EXMEM_i|dffg:\ext_dffgs:134:e_dffg|s_Q                                                                           ; MEMWB:MEMWB_i|dffg:\ext_dffgs:102:e_dffg|s_Q                                                                                                     ; iCLK         ; iCLK        ; 0.000        ; 0.475      ; 1.273      ;
; 0.628 ; IDEX:IDEX_i|dffg:Set_dffg|s_Q                                                                                          ; EXMEM:EXMEM_i|dffg:\regdata_dffgs:40:rd_dffg|s_Q                                                                                                 ; iCLK         ; iCLK        ; 0.000        ; 0.072      ; 0.871      ;
; 0.629 ; EXMEM:EXMEM_i|dffg:\ALUB_dffgs:95:B_dffg|s_Q                                                                           ; mem:DMem|altsyncram:ram_rtl_0|altsyncram_eg81:auto_generated|ram_block1a13~porta_datain_reg0                                                     ; iCLK         ; iCLK        ; 0.000        ; 0.416      ; 1.246      ;
; 0.630 ; EXMEM:EXMEM_i|dffg:\set_dffgs:55:s_dffg|s_Q                                                                            ; mem:DMem|altsyncram:ram_rtl_0|altsyncram_eg81:auto_generated|ram_block1a8~porta_address_reg0                                                     ; iCLK         ; iCLK        ; 0.000        ; 0.400      ; 1.231      ;
; 0.630 ; EXMEM:EXMEM_i|dffg:\set_dffgs:55:s_dffg|s_Q                                                                            ; mem:DMem|altsyncram:ram_rtl_0|altsyncram_eg81:auto_generated|ram_block1a13~porta_address_reg0                                                    ; iCLK         ; iCLK        ; 0.000        ; 0.401      ; 1.232      ;
; 0.633 ; EXMEM:EXMEM_i|dffg:\set_dffgs:49:s_dffg|s_Q                                                                            ; mem:DMem|altsyncram:ram_rtl_0|altsyncram_eg81:auto_generated|ram_block1a8~porta_address_reg0                                                     ; iCLK         ; iCLK        ; 0.000        ; 0.389      ; 1.223      ;
; 0.635 ; EXMEM:EXMEM_i|dffg:\ALUB_dffgs:109:B_dffg|s_Q                                                                          ; mem:DMem|altsyncram:ram_rtl_0|altsyncram_eg81:auto_generated|ram_block1a0~porta_datain_reg0                                                      ; iCLK         ; iCLK        ; 0.000        ; 0.416      ; 1.252      ;
; 0.641 ; EXMEM:EXMEM_i|dffg:\set_dffgs:51:s_dffg|s_Q                                                                            ; mem:DMem|altsyncram:ram_rtl_0|altsyncram_eg81:auto_generated|ram_block1a8~porta_address_reg0                                                     ; iCLK         ; iCLK        ; 0.000        ; 0.389      ; 1.231      ;
; 0.641 ; IDEX:IDEX_i|dffg:MemtoReg_dffg|altshift_taps:s_Q_rtl_0|shift_taps_9km:auto_generated|cntr_6pf:cntr1|counter_reg_bit[1] ; IDEX:IDEX_i|dffg:MemtoReg_dffg|altshift_taps:s_Q_rtl_0|shift_taps_9km:auto_generated|cntr_6pf:cntr1|counter_reg_bit[0]                           ; iCLK         ; iCLK        ; 0.000        ; 0.072      ; 0.884      ;
; 0.647 ; EXMEM:EXMEM_i|dffg:\set_dffgs:49:s_dffg|s_Q                                                                            ; mem:DMem|altsyncram:ram_rtl_0|altsyncram_eg81:auto_generated|ram_block1a5~porta_address_reg0                                                     ; iCLK         ; iCLK        ; 0.000        ; 0.390      ; 1.238      ;
; 0.650 ; IFID:IFID_i|dffg:\fetchInstAdd_dffgs:77:i_dffg|s_Q                                                                     ; IDEX:IDEX_i|dffg:\ALUA_dffgs:28:A_dffg|s_Q                                                                                                       ; iCLK         ; iCLK        ; 0.000        ; 0.474      ; 1.295      ;
+-------+------------------------------------------------------------------------------------------------------------------------+--------------------------------------------------------------------------------------------------------------------------------------------------+--------------+-------------+--------------+------------+------------+


+------------------------------------------------------------------------------------------------------------------------------------------------------------------------------------------------------------------------------------------------------------------------------------------------------------+
; Slow 1200mV 0C Model Recovery: 'iCLK'                                                                                                                                                                                                                                                                      ;
+--------+--------------------------------------------------------------------------------------------+--------------------------------------------------------------------------------------------------------------------------------+--------------+-------------+--------------+------------+------------+
; Slack  ; From Node                                                                                  ; To Node                                                                                                                        ; Launch Clock ; Latch Clock ; Relationship ; Clock Skew ; Data Delay ;
+--------+--------------------------------------------------------------------------------------------+--------------------------------------------------------------------------------------------------------------------------------+--------------+-------------+--------------+------------+------------+
; 18.182 ; IDEX:IDEX_i|dffg:MemtoReg_dffg|altshift_taps:s_Q_rtl_0|shift_taps_9km:auto_generated|dffe6 ; IDEX:IDEX_i|dffg:MemtoReg_dffg|altshift_taps:s_Q_rtl_0|shift_taps_9km:auto_generated|altsyncram_n861:altsyncram4|ram_block7a0  ; iCLK         ; iCLK        ; 20.000       ; 0.209      ; 1.958      ;
; 18.182 ; IDEX:IDEX_i|dffg:MemtoReg_dffg|altshift_taps:s_Q_rtl_0|shift_taps_9km:auto_generated|dffe6 ; IDEX:IDEX_i|dffg:MemtoReg_dffg|altshift_taps:s_Q_rtl_0|shift_taps_9km:auto_generated|altsyncram_n861:altsyncram4|ram_block7a1  ; iCLK         ; iCLK        ; 20.000       ; 0.209      ; 1.958      ;
; 18.182 ; IDEX:IDEX_i|dffg:MemtoReg_dffg|altshift_taps:s_Q_rtl_0|shift_taps_9km:auto_generated|dffe6 ; IDEX:IDEX_i|dffg:MemtoReg_dffg|altshift_taps:s_Q_rtl_0|shift_taps_9km:auto_generated|altsyncram_n861:altsyncram4|ram_block7a2  ; iCLK         ; iCLK        ; 20.000       ; 0.209      ; 1.958      ;
; 18.182 ; IDEX:IDEX_i|dffg:MemtoReg_dffg|altshift_taps:s_Q_rtl_0|shift_taps_9km:auto_generated|dffe6 ; IDEX:IDEX_i|dffg:MemtoReg_dffg|altshift_taps:s_Q_rtl_0|shift_taps_9km:auto_generated|altsyncram_n861:altsyncram4|ram_block7a3  ; iCLK         ; iCLK        ; 20.000       ; 0.209      ; 1.958      ;
; 18.182 ; IDEX:IDEX_i|dffg:MemtoReg_dffg|altshift_taps:s_Q_rtl_0|shift_taps_9km:auto_generated|dffe6 ; IDEX:IDEX_i|dffg:MemtoReg_dffg|altshift_taps:s_Q_rtl_0|shift_taps_9km:auto_generated|altsyncram_n861:altsyncram4|ram_block7a4  ; iCLK         ; iCLK        ; 20.000       ; 0.209      ; 1.958      ;
; 18.182 ; IDEX:IDEX_i|dffg:MemtoReg_dffg|altshift_taps:s_Q_rtl_0|shift_taps_9km:auto_generated|dffe6 ; IDEX:IDEX_i|dffg:MemtoReg_dffg|altshift_taps:s_Q_rtl_0|shift_taps_9km:auto_generated|altsyncram_n861:altsyncram4|ram_block7a5  ; iCLK         ; iCLK        ; 20.000       ; 0.209      ; 1.958      ;
; 18.182 ; IDEX:IDEX_i|dffg:MemtoReg_dffg|altshift_taps:s_Q_rtl_0|shift_taps_9km:auto_generated|dffe6 ; IDEX:IDEX_i|dffg:MemtoReg_dffg|altshift_taps:s_Q_rtl_0|shift_taps_9km:auto_generated|altsyncram_n861:altsyncram4|ram_block7a6  ; iCLK         ; iCLK        ; 20.000       ; 0.209      ; 1.958      ;
; 18.182 ; IDEX:IDEX_i|dffg:MemtoReg_dffg|altshift_taps:s_Q_rtl_0|shift_taps_9km:auto_generated|dffe6 ; IDEX:IDEX_i|dffg:MemtoReg_dffg|altshift_taps:s_Q_rtl_0|shift_taps_9km:auto_generated|altsyncram_n861:altsyncram4|ram_block7a7  ; iCLK         ; iCLK        ; 20.000       ; 0.209      ; 1.958      ;
; 18.182 ; IDEX:IDEX_i|dffg:MemtoReg_dffg|altshift_taps:s_Q_rtl_0|shift_taps_9km:auto_generated|dffe6 ; IDEX:IDEX_i|dffg:MemtoReg_dffg|altshift_taps:s_Q_rtl_0|shift_taps_9km:auto_generated|altsyncram_n861:altsyncram4|ram_block7a8  ; iCLK         ; iCLK        ; 20.000       ; 0.209      ; 1.958      ;
; 18.182 ; IDEX:IDEX_i|dffg:MemtoReg_dffg|altshift_taps:s_Q_rtl_0|shift_taps_9km:auto_generated|dffe6 ; IDEX:IDEX_i|dffg:MemtoReg_dffg|altshift_taps:s_Q_rtl_0|shift_taps_9km:auto_generated|altsyncram_n861:altsyncram4|ram_block7a9  ; iCLK         ; iCLK        ; 20.000       ; 0.209      ; 1.958      ;
; 18.182 ; IDEX:IDEX_i|dffg:MemtoReg_dffg|altshift_taps:s_Q_rtl_0|shift_taps_9km:auto_generated|dffe6 ; IDEX:IDEX_i|dffg:MemtoReg_dffg|altshift_taps:s_Q_rtl_0|shift_taps_9km:auto_generated|altsyncram_n861:altsyncram4|ram_block7a10 ; iCLK         ; iCLK        ; 20.000       ; 0.209      ; 1.958      ;
+--------+--------------------------------------------------------------------------------------------+--------------------------------------------------------------------------------------------------------------------------------+--------------+-------------+--------------+------------+------------+


+-----------------------------------------------------------------------------------------------------------------------------------------------------------------------------------------------------------------------------------------------------------------------------------------------------------+
; Slow 1200mV 0C Model Removal: 'iCLK'                                                                                                                                                                                                                                                                      ;
+-------+--------------------------------------------------------------------------------------------+--------------------------------------------------------------------------------------------------------------------------------+--------------+-------------+--------------+------------+------------+
; Slack ; From Node                                                                                  ; To Node                                                                                                                        ; Launch Clock ; Latch Clock ; Relationship ; Clock Skew ; Data Delay ;
+-------+--------------------------------------------------------------------------------------------+--------------------------------------------------------------------------------------------------------------------------------+--------------+-------------+--------------+------------+------------+
; 1.289 ; IDEX:IDEX_i|dffg:MemtoReg_dffg|altshift_taps:s_Q_rtl_0|shift_taps_9km:auto_generated|dffe6 ; IDEX:IDEX_i|dffg:MemtoReg_dffg|altshift_taps:s_Q_rtl_0|shift_taps_9km:auto_generated|altsyncram_n861:altsyncram4|ram_block7a0  ; iCLK         ; iCLK        ; 0.000        ; 0.355      ; 1.812      ;
; 1.289 ; IDEX:IDEX_i|dffg:MemtoReg_dffg|altshift_taps:s_Q_rtl_0|shift_taps_9km:auto_generated|dffe6 ; IDEX:IDEX_i|dffg:MemtoReg_dffg|altshift_taps:s_Q_rtl_0|shift_taps_9km:auto_generated|altsyncram_n861:altsyncram4|ram_block7a1  ; iCLK         ; iCLK        ; 0.000        ; 0.355      ; 1.812      ;
; 1.289 ; IDEX:IDEX_i|dffg:MemtoReg_dffg|altshift_taps:s_Q_rtl_0|shift_taps_9km:auto_generated|dffe6 ; IDEX:IDEX_i|dffg:MemtoReg_dffg|altshift_taps:s_Q_rtl_0|shift_taps_9km:auto_generated|altsyncram_n861:altsyncram4|ram_block7a2  ; iCLK         ; iCLK        ; 0.000        ; 0.355      ; 1.812      ;
; 1.289 ; IDEX:IDEX_i|dffg:MemtoReg_dffg|altshift_taps:s_Q_rtl_0|shift_taps_9km:auto_generated|dffe6 ; IDEX:IDEX_i|dffg:MemtoReg_dffg|altshift_taps:s_Q_rtl_0|shift_taps_9km:auto_generated|altsyncram_n861:altsyncram4|ram_block7a3  ; iCLK         ; iCLK        ; 0.000        ; 0.355      ; 1.812      ;
; 1.289 ; IDEX:IDEX_i|dffg:MemtoReg_dffg|altshift_taps:s_Q_rtl_0|shift_taps_9km:auto_generated|dffe6 ; IDEX:IDEX_i|dffg:MemtoReg_dffg|altshift_taps:s_Q_rtl_0|shift_taps_9km:auto_generated|altsyncram_n861:altsyncram4|ram_block7a4  ; iCLK         ; iCLK        ; 0.000        ; 0.355      ; 1.812      ;
; 1.289 ; IDEX:IDEX_i|dffg:MemtoReg_dffg|altshift_taps:s_Q_rtl_0|shift_taps_9km:auto_generated|dffe6 ; IDEX:IDEX_i|dffg:MemtoReg_dffg|altshift_taps:s_Q_rtl_0|shift_taps_9km:auto_generated|altsyncram_n861:altsyncram4|ram_block7a5  ; iCLK         ; iCLK        ; 0.000        ; 0.355      ; 1.812      ;
; 1.289 ; IDEX:IDEX_i|dffg:MemtoReg_dffg|altshift_taps:s_Q_rtl_0|shift_taps_9km:auto_generated|dffe6 ; IDEX:IDEX_i|dffg:MemtoReg_dffg|altshift_taps:s_Q_rtl_0|shift_taps_9km:auto_generated|altsyncram_n861:altsyncram4|ram_block7a6  ; iCLK         ; iCLK        ; 0.000        ; 0.355      ; 1.812      ;
; 1.289 ; IDEX:IDEX_i|dffg:MemtoReg_dffg|altshift_taps:s_Q_rtl_0|shift_taps_9km:auto_generated|dffe6 ; IDEX:IDEX_i|dffg:MemtoReg_dffg|altshift_taps:s_Q_rtl_0|shift_taps_9km:auto_generated|altsyncram_n861:altsyncram4|ram_block7a7  ; iCLK         ; iCLK        ; 0.000        ; 0.355      ; 1.812      ;
; 1.289 ; IDEX:IDEX_i|dffg:MemtoReg_dffg|altshift_taps:s_Q_rtl_0|shift_taps_9km:auto_generated|dffe6 ; IDEX:IDEX_i|dffg:MemtoReg_dffg|altshift_taps:s_Q_rtl_0|shift_taps_9km:auto_generated|altsyncram_n861:altsyncram4|ram_block7a8  ; iCLK         ; iCLK        ; 0.000        ; 0.355      ; 1.812      ;
; 1.289 ; IDEX:IDEX_i|dffg:MemtoReg_dffg|altshift_taps:s_Q_rtl_0|shift_taps_9km:auto_generated|dffe6 ; IDEX:IDEX_i|dffg:MemtoReg_dffg|altshift_taps:s_Q_rtl_0|shift_taps_9km:auto_generated|altsyncram_n861:altsyncram4|ram_block7a9  ; iCLK         ; iCLK        ; 0.000        ; 0.355      ; 1.812      ;
; 1.289 ; IDEX:IDEX_i|dffg:MemtoReg_dffg|altshift_taps:s_Q_rtl_0|shift_taps_9km:auto_generated|dffe6 ; IDEX:IDEX_i|dffg:MemtoReg_dffg|altshift_taps:s_Q_rtl_0|shift_taps_9km:auto_generated|altsyncram_n861:altsyncram4|ram_block7a10 ; iCLK         ; iCLK        ; 0.000        ; 0.355      ; 1.812      ;
+-------+--------------------------------------------------------------------------------------------+--------------------------------------------------------------------------------------------------------------------------------+--------------+-------------+--------------+------------+------------+


----------------------------------------------
; Slow 1200mV 0C Model Metastability Summary ;
----------------------------------------------
No synchronizer chains to report.


+------------------------------------+
; Fast 1200mV 0C Model Setup Summary ;
+-------+-------+--------------------+
; Clock ; Slack ; End Point TNS      ;
+-------+-------+--------------------+
; iCLK  ; 5.349 ; 0.000              ;
+-------+-------+--------------------+


+-----------------------------------+
; Fast 1200mV 0C Model Hold Summary ;
+-------+-------+-------------------+
; Clock ; Slack ; End Point TNS     ;
+-------+-------+-------------------+
; iCLK  ; 0.134 ; 0.000             ;
+-------+-------+-------------------+


+---------------------------------------+
; Fast 1200mV 0C Model Recovery Summary ;
+-------+--------+----------------------+
; Clock ; Slack  ; End Point TNS        ;
+-------+--------+----------------------+
; iCLK  ; 19.021 ; 0.000                ;
+-------+--------+----------------------+


+--------------------------------------+
; Fast 1200mV 0C Model Removal Summary ;
+-------+-------+----------------------+
; Clock ; Slack ; End Point TNS        ;
+-------+-------+----------------------+
; iCLK  ; 0.682 ; 0.000                ;
+-------+-------+----------------------+


+--------------------------------------------------+
; Fast 1200mV 0C Model Minimum Pulse Width Summary ;
+-------+-------+----------------------------------+
; Clock ; Slack ; End Point TNS                    ;
+-------+-------+----------------------------------+
; iCLK  ; 9.367 ; 0.000                            ;
+-------+-------+----------------------------------+


+-----------------------------------------------------------------------------------------------------------------------------------------------------------------------------------------------+
; Fast 1200mV 0C Model Setup: 'iCLK'                                                                                                                                                            ;
+-------+--------------------------------------------------------------------+--------------------------------------------+--------------+-------------+--------------+------------+------------+
; Slack ; From Node                                                          ; To Node                                    ; Launch Clock ; Latch Clock ; Relationship ; Clock Skew ; Data Delay ;
+-------+--------------------------------------------------------------------+--------------------------------------------+--------------+-------------+--------------+------------+------------+
; 5.349 ; regfile:regfile_i|reg:\g_regs:4:i_reg|dffg:\g_dffgs:7:i_dffg|s_Q   ; IDEX:IDEX_i|dffg:\ALUA_dffgs:35:A_dffg|s_Q ; iCLK         ; iCLK        ; 10.000       ; -0.464     ; 4.174      ;
; 5.380 ; regfile:regfile_i|reg:\g_regs:16:i_reg|dffg:\g_dffgs:7:i_dffg|s_Q  ; IDEX:IDEX_i|dffg:\ALUA_dffgs:35:A_dffg|s_Q ; iCLK         ; iCLK        ; 10.000       ; -0.459     ; 4.148      ;
; 5.401 ; regfile:regfile_i|reg:\g_regs:4:i_reg|dffg:\g_dffgs:7:i_dffg|s_Q   ; IDEX:IDEX_i|dffg:\ALUA_dffgs:37:A_dffg|s_Q ; iCLK         ; iCLK        ; 10.000       ; -0.464     ; 4.122      ;
; 5.432 ; regfile:regfile_i|reg:\g_regs:16:i_reg|dffg:\g_dffgs:7:i_dffg|s_Q  ; IDEX:IDEX_i|dffg:\ALUA_dffgs:37:A_dffg|s_Q ; iCLK         ; iCLK        ; 10.000       ; -0.459     ; 4.096      ;
; 5.446 ; regfile:regfile_i|reg:\g_regs:4:i_reg|dffg:\g_dffgs:15:i_dffg|s_Q  ; IDEX:IDEX_i|dffg:\ALUA_dffgs:35:A_dffg|s_Q ; iCLK         ; iCLK        ; 10.000       ; -0.459     ; 4.082      ;
; 5.451 ; regfile:regfile_i|reg:\g_regs:25:i_reg|dffg:\g_dffgs:2:i_dffg|s_Q  ; IDEX:IDEX_i|dffg:\ALUA_dffgs:17:A_dffg|s_Q ; iCLK         ; iCLK        ; 10.000       ; -0.471     ; 4.065      ;
; 5.498 ; regfile:regfile_i|reg:\g_regs:4:i_reg|dffg:\g_dffgs:15:i_dffg|s_Q  ; IDEX:IDEX_i|dffg:\ALUA_dffgs:37:A_dffg|s_Q ; iCLK         ; iCLK        ; 10.000       ; -0.459     ; 4.030      ;
; 5.510 ; regfile:regfile_i|reg:\g_regs:5:i_reg|dffg:\g_dffgs:7:i_dffg|s_Q   ; IDEX:IDEX_i|dffg:\ALUA_dffgs:35:A_dffg|s_Q ; iCLK         ; iCLK        ; 10.000       ; -0.464     ; 4.013      ;
; 5.511 ; regfile:regfile_i|reg:\g_regs:16:i_reg|dffg:\g_dffgs:20:i_dffg|s_Q ; IDEX:IDEX_i|dffg:\ALUA_dffgs:35:A_dffg|s_Q ; iCLK         ; iCLK        ; 10.000       ; -0.677     ; 3.799      ;
; 5.523 ; regfile:regfile_i|reg:\g_regs:4:i_reg|dffg:\g_dffgs:7:i_dffg|s_Q   ; IDEX:IDEX_i|dffg:\ALUA_dffgs:41:A_dffg|s_Q ; iCLK         ; iCLK        ; 10.000       ; -0.467     ; 3.997      ;
; 5.531 ; regfile:regfile_i|reg:\g_regs:24:i_reg|dffg:\g_dffgs:7:i_dffg|s_Q  ; IDEX:IDEX_i|dffg:\ALUA_dffgs:35:A_dffg|s_Q ; iCLK         ; iCLK        ; 10.000       ; -0.459     ; 3.997      ;
; 5.533 ; regfile:regfile_i|reg:\g_regs:4:i_reg|dffg:\g_dffgs:5:i_dffg|s_Q   ; IDEX:IDEX_i|dffg:\ALUA_dffgs:20:A_dffg|s_Q ; iCLK         ; iCLK        ; 10.000       ; -0.445     ; 4.009      ;
; 5.537 ; regfile:regfile_i|reg:\g_regs:4:i_reg|dffg:\g_dffgs:7:i_dffg|s_Q   ; IDEX:IDEX_i|dffg:\ALUA_dffgs:31:A_dffg|s_Q ; iCLK         ; iCLK        ; 10.000       ; -0.462     ; 3.988      ;
; 5.538 ; regfile:regfile_i|reg:\g_regs:16:i_reg|dffg:\g_dffgs:7:i_dffg|s_Q  ; IDEX:IDEX_i|dffg:\ALUA_dffgs:31:A_dffg|s_Q ; iCLK         ; iCLK        ; 10.000       ; -0.487     ; 3.962      ;
; 5.554 ; regfile:regfile_i|reg:\g_regs:16:i_reg|dffg:\g_dffgs:7:i_dffg|s_Q  ; IDEX:IDEX_i|dffg:\ALUA_dffgs:41:A_dffg|s_Q ; iCLK         ; iCLK        ; 10.000       ; -0.462     ; 3.971      ;
; 5.562 ; regfile:regfile_i|reg:\g_regs:5:i_reg|dffg:\g_dffgs:7:i_dffg|s_Q   ; IDEX:IDEX_i|dffg:\ALUA_dffgs:37:A_dffg|s_Q ; iCLK         ; iCLK        ; 10.000       ; -0.464     ; 3.961      ;
; 5.583 ; regfile:regfile_i|reg:\g_regs:24:i_reg|dffg:\g_dffgs:7:i_dffg|s_Q  ; IDEX:IDEX_i|dffg:\ALUA_dffgs:37:A_dffg|s_Q ; iCLK         ; iCLK        ; 10.000       ; -0.459     ; 3.945      ;
; 5.584 ; regfile:regfile_i|reg:\g_regs:17:i_reg|dffg:\g_dffgs:7:i_dffg|s_Q  ; IDEX:IDEX_i|dffg:\ALUA_dffgs:35:A_dffg|s_Q ; iCLK         ; iCLK        ; 10.000       ; -0.463     ; 3.940      ;
; 5.588 ; regfile:regfile_i|reg:\g_regs:24:i_reg|dffg:\g_dffgs:17:i_dffg|s_Q ; IDEX:IDEX_i|dffg:\ALUB_dffgs:64:B_dffg|s_Q ; iCLK         ; iCLK        ; 10.000       ; -0.696     ; 3.703      ;
; 5.592 ; regfile:regfile_i|reg:\g_regs:16:i_reg|dffg:\g_dffgs:27:i_dffg|s_Q ; IDEX:IDEX_i|dffg:\ALUA_dffgs:42:A_dffg|s_Q ; iCLK         ; iCLK        ; 10.000       ; -0.704     ; 3.691      ;
; 5.593 ; regfile:regfile_i|reg:\g_regs:5:i_reg|dffg:\g_dffgs:2:i_dffg|s_Q   ; IDEX:IDEX_i|dffg:\ALUA_dffgs:17:A_dffg|s_Q ; iCLK         ; iCLK        ; 10.000       ; -0.712     ; 3.682      ;
; 5.602 ; regfile:regfile_i|reg:\g_regs:24:i_reg|dffg:\g_dffgs:17:i_dffg|s_Q ; IDEX:IDEX_i|dffg:\ALUA_dffgs:32:A_dffg|s_Q ; iCLK         ; iCLK        ; 10.000       ; -0.729     ; 3.656      ;
; 5.603 ; regfile:regfile_i|reg:\g_regs:16:i_reg|dffg:\g_dffgs:17:i_dffg|s_Q ; IDEX:IDEX_i|dffg:\ALUA_dffgs:32:A_dffg|s_Q ; iCLK         ; iCLK        ; 10.000       ; -0.704     ; 3.680      ;
; 5.605 ; regfile:regfile_i|reg:\g_regs:25:i_reg|dffg:\g_dffgs:7:i_dffg|s_Q  ; IDEX:IDEX_i|dffg:\ALUA_dffgs:35:A_dffg|s_Q ; iCLK         ; iCLK        ; 10.000       ; -0.463     ; 3.919      ;
; 5.616 ; regfile:regfile_i|reg:\g_regs:16:i_reg|dffg:\g_dffgs:2:i_dffg|s_Q  ; IDEX:IDEX_i|dffg:\ALUB_dffgs:49:B_dffg|s_Q ; iCLK         ; iCLK        ; 10.000       ; -0.485     ; 3.886      ;
; 5.616 ; regfile:regfile_i|reg:\g_regs:22:i_reg|dffg:\g_dffgs:15:i_dffg|s_Q ; IDEX:IDEX_i|dffg:\ALUA_dffgs:35:A_dffg|s_Q ; iCLK         ; iCLK        ; 10.000       ; -0.458     ; 3.913      ;
; 5.620 ; regfile:regfile_i|reg:\g_regs:4:i_reg|dffg:\g_dffgs:15:i_dffg|s_Q  ; IDEX:IDEX_i|dffg:\ALUA_dffgs:41:A_dffg|s_Q ; iCLK         ; iCLK        ; 10.000       ; -0.462     ; 3.905      ;
; 5.622 ; regfile:regfile_i|reg:\g_regs:4:i_reg|dffg:\g_dffgs:7:i_dffg|s_Q   ; IDEX:IDEX_i|dffg:\ALUA_dffgs:43:A_dffg|s_Q ; iCLK         ; iCLK        ; 10.000       ; -0.462     ; 3.903      ;
; 5.623 ; regfile:regfile_i|reg:\g_regs:16:i_reg|dffg:\g_dffgs:7:i_dffg|s_Q  ; IDEX:IDEX_i|dffg:\ALUA_dffgs:43:A_dffg|s_Q ; iCLK         ; iCLK        ; 10.000       ; -0.487     ; 3.877      ;
; 5.632 ; regfile:regfile_i|reg:\g_regs:24:i_reg|dffg:\g_dffgs:15:i_dffg|s_Q ; IDEX:IDEX_i|dffg:\ALUA_dffgs:35:A_dffg|s_Q ; iCLK         ; iCLK        ; 10.000       ; -0.459     ; 3.896      ;
; 5.634 ; regfile:regfile_i|reg:\g_regs:4:i_reg|dffg:\g_dffgs:15:i_dffg|s_Q  ; IDEX:IDEX_i|dffg:\ALUA_dffgs:31:A_dffg|s_Q ; iCLK         ; iCLK        ; 10.000       ; -0.457     ; 3.896      ;
; 5.636 ; regfile:regfile_i|reg:\g_regs:17:i_reg|dffg:\g_dffgs:7:i_dffg|s_Q  ; IDEX:IDEX_i|dffg:\ALUA_dffgs:37:A_dffg|s_Q ; iCLK         ; iCLK        ; 10.000       ; -0.463     ; 3.888      ;
; 5.639 ; regfile:regfile_i|reg:\g_regs:17:i_reg|dffg:\g_dffgs:2:i_dffg|s_Q  ; IDEX:IDEX_i|dffg:\ALUA_dffgs:17:A_dffg|s_Q ; iCLK         ; iCLK        ; 10.000       ; -0.471     ; 3.877      ;
; 5.647 ; regfile:regfile_i|reg:\g_regs:24:i_reg|dffg:\g_dffgs:21:i_dffg|s_Q ; IDEX:IDEX_i|dffg:\ALUA_dffgs:36:A_dffg|s_Q ; iCLK         ; iCLK        ; 10.000       ; -0.702     ; 3.638      ;
; 5.649 ; regfile:regfile_i|reg:\g_regs:16:i_reg|dffg:\g_dffgs:21:i_dffg|s_Q ; IDEX:IDEX_i|dffg:\ALUA_dffgs:36:A_dffg|s_Q ; iCLK         ; iCLK        ; 10.000       ; -0.677     ; 3.661      ;
; 5.657 ; regfile:regfile_i|reg:\g_regs:19:i_reg|dffg:\g_dffgs:18:i_dffg|s_Q ; IDEX:IDEX_i|dffg:\ALUA_dffgs:33:A_dffg|s_Q ; iCLK         ; iCLK        ; 10.000       ; -0.481     ; 3.849      ;
; 5.657 ; regfile:regfile_i|reg:\g_regs:25:i_reg|dffg:\g_dffgs:7:i_dffg|s_Q  ; IDEX:IDEX_i|dffg:\ALUA_dffgs:37:A_dffg|s_Q ; iCLK         ; iCLK        ; 10.000       ; -0.463     ; 3.867      ;
; 5.660 ; regfile:regfile_i|reg:\g_regs:4:i_reg|dffg:\g_dffgs:15:i_dffg|s_Q  ; IDEX:IDEX_i|dffg:\ALUA_dffgs:36:A_dffg|s_Q ; iCLK         ; iCLK        ; 10.000       ; -0.459     ; 3.868      ;
; 5.660 ; regfile:regfile_i|reg:\g_regs:24:i_reg|dffg:\g_dffgs:20:i_dffg|s_Q ; IDEX:IDEX_i|dffg:\ALUA_dffgs:35:A_dffg|s_Q ; iCLK         ; iCLK        ; 10.000       ; -0.702     ; 3.625      ;
; 5.668 ; regfile:regfile_i|reg:\g_regs:22:i_reg|dffg:\g_dffgs:15:i_dffg|s_Q ; IDEX:IDEX_i|dffg:\ALUA_dffgs:37:A_dffg|s_Q ; iCLK         ; iCLK        ; 10.000       ; -0.458     ; 3.861      ;
; 5.671 ; regfile:regfile_i|reg:\g_regs:26:i_reg|dffg:\g_dffgs:15:i_dffg|s_Q ; IDEX:IDEX_i|dffg:\ALUA_dffgs:35:A_dffg|s_Q ; iCLK         ; iCLK        ; 10.000       ; -0.452     ; 3.864      ;
; 5.672 ; regfile:regfile_i|reg:\g_regs:4:i_reg|dffg:\g_dffgs:7:i_dffg|s_Q   ; IDEX:IDEX_i|dffg:\ALUA_dffgs:33:A_dffg|s_Q ; iCLK         ; iCLK        ; 10.000       ; -0.461     ; 3.854      ;
; 5.673 ; regfile:regfile_i|reg:\g_regs:16:i_reg|dffg:\g_dffgs:7:i_dffg|s_Q  ; IDEX:IDEX_i|dffg:\ALUA_dffgs:33:A_dffg|s_Q ; iCLK         ; iCLK        ; 10.000       ; -0.486     ; 3.828      ;
; 5.684 ; regfile:regfile_i|reg:\g_regs:5:i_reg|dffg:\g_dffgs:7:i_dffg|s_Q   ; IDEX:IDEX_i|dffg:\ALUA_dffgs:41:A_dffg|s_Q ; iCLK         ; iCLK        ; 10.000       ; -0.467     ; 3.836      ;
; 5.684 ; regfile:regfile_i|reg:\g_regs:24:i_reg|dffg:\g_dffgs:15:i_dffg|s_Q ; IDEX:IDEX_i|dffg:\ALUA_dffgs:37:A_dffg|s_Q ; iCLK         ; iCLK        ; 10.000       ; -0.459     ; 3.844      ;
; 5.686 ; regfile:regfile_i|reg:\g_regs:24:i_reg|dffg:\g_dffgs:2:i_dffg|s_Q  ; IDEX:IDEX_i|dffg:\ALUA_dffgs:17:A_dffg|s_Q ; iCLK         ; iCLK        ; 10.000       ; -0.481     ; 3.820      ;
; 5.689 ; regfile:regfile_i|reg:\g_regs:24:i_reg|dffg:\g_dffgs:7:i_dffg|s_Q  ; IDEX:IDEX_i|dffg:\ALUA_dffgs:31:A_dffg|s_Q ; iCLK         ; iCLK        ; 10.000       ; -0.487     ; 3.811      ;
; 5.692 ; regfile:regfile_i|reg:\g_regs:5:i_reg|dffg:\g_dffgs:5:i_dffg|s_Q   ; IDEX:IDEX_i|dffg:\ALUA_dffgs:20:A_dffg|s_Q ; iCLK         ; iCLK        ; 10.000       ; -0.467     ; 3.828      ;
; 5.693 ; regfile:regfile_i|reg:\g_regs:6:i_reg|dffg:\g_dffgs:15:i_dffg|s_Q  ; IDEX:IDEX_i|dffg:\ALUA_dffgs:35:A_dffg|s_Q ; iCLK         ; iCLK        ; 10.000       ; -0.460     ; 3.834      ;
; 5.698 ; regfile:regfile_i|reg:\g_regs:5:i_reg|dffg:\g_dffgs:7:i_dffg|s_Q   ; IDEX:IDEX_i|dffg:\ALUA_dffgs:31:A_dffg|s_Q ; iCLK         ; iCLK        ; 10.000       ; -0.462     ; 3.827      ;
; 5.705 ; regfile:regfile_i|reg:\g_regs:21:i_reg|dffg:\g_dffgs:2:i_dffg|s_Q  ; IDEX:IDEX_i|dffg:\ALUA_dffgs:17:A_dffg|s_Q ; iCLK         ; iCLK        ; 10.000       ; -0.471     ; 3.811      ;
; 5.705 ; regfile:regfile_i|reg:\g_regs:24:i_reg|dffg:\g_dffgs:7:i_dffg|s_Q  ; IDEX:IDEX_i|dffg:\ALUA_dffgs:41:A_dffg|s_Q ; iCLK         ; iCLK        ; 10.000       ; -0.462     ; 3.820      ;
; 5.713 ; regfile:regfile_i|reg:\g_regs:16:i_reg|dffg:\g_dffgs:18:i_dffg|s_Q ; IDEX:IDEX_i|dffg:\ALUA_dffgs:33:A_dffg|s_Q ; iCLK         ; iCLK        ; 10.000       ; -0.490     ; 3.784      ;
; 5.719 ; regfile:regfile_i|reg:\g_regs:4:i_reg|dffg:\g_dffgs:15:i_dffg|s_Q  ; IDEX:IDEX_i|dffg:\ALUA_dffgs:43:A_dffg|s_Q ; iCLK         ; iCLK        ; 10.000       ; -0.457     ; 3.811      ;
; 5.723 ; regfile:regfile_i|reg:\g_regs:19:i_reg|dffg:\g_dffgs:7:i_dffg|s_Q  ; IDEX:IDEX_i|dffg:\ALUA_dffgs:35:A_dffg|s_Q ; iCLK         ; iCLK        ; 10.000       ; -0.454     ; 3.810      ;
; 5.723 ; regfile:regfile_i|reg:\g_regs:26:i_reg|dffg:\g_dffgs:15:i_dffg|s_Q ; IDEX:IDEX_i|dffg:\ALUA_dffgs:37:A_dffg|s_Q ; iCLK         ; iCLK        ; 10.000       ; -0.452     ; 3.812      ;
; 5.739 ; regfile:regfile_i|reg:\g_regs:5:i_reg|dffg:\g_dffgs:2:i_dffg|s_Q   ; IDEX:IDEX_i|dffg:\ALUB_dffgs:49:B_dffg|s_Q ; iCLK         ; iCLK        ; 10.000       ; -0.716     ; 3.532      ;
; 5.740 ; regfile:regfile_i|reg:\g_regs:4:i_reg|dffg:\g_dffgs:2:i_dffg|s_Q   ; IDEX:IDEX_i|dffg:\ALUB_dffgs:49:B_dffg|s_Q ; iCLK         ; iCLK        ; 10.000       ; -0.694     ; 3.553      ;
; 5.742 ; regfile:regfile_i|reg:\g_regs:17:i_reg|dffg:\g_dffgs:7:i_dffg|s_Q  ; IDEX:IDEX_i|dffg:\ALUA_dffgs:31:A_dffg|s_Q ; iCLK         ; iCLK        ; 10.000       ; -0.491     ; 3.754      ;
; 5.745 ; regfile:regfile_i|reg:\g_regs:6:i_reg|dffg:\g_dffgs:15:i_dffg|s_Q  ; IDEX:IDEX_i|dffg:\ALUA_dffgs:37:A_dffg|s_Q ; iCLK         ; iCLK        ; 10.000       ; -0.460     ; 3.782      ;
; 5.745 ; regfile:regfile_i|reg:\g_regs:24:i_reg|dffg:\g_dffgs:27:i_dffg|s_Q ; IDEX:IDEX_i|dffg:\ALUA_dffgs:42:A_dffg|s_Q ; iCLK         ; iCLK        ; 10.000       ; -0.729     ; 3.513      ;
; 5.755 ; regfile:regfile_i|reg:\g_regs:16:i_reg|dffg:\g_dffgs:17:i_dffg|s_Q ; IDEX:IDEX_i|dffg:\ALUB_dffgs:64:B_dffg|s_Q ; iCLK         ; iCLK        ; 10.000       ; -0.671     ; 3.561      ;
; 5.756 ; regfile:regfile_i|reg:\g_regs:22:i_reg|dffg:\g_dffgs:7:i_dffg|s_Q  ; IDEX:IDEX_i|dffg:\ALUA_dffgs:35:A_dffg|s_Q ; iCLK         ; iCLK        ; 10.000       ; -0.459     ; 3.772      ;
; 5.758 ; regfile:regfile_i|reg:\g_regs:17:i_reg|dffg:\g_dffgs:7:i_dffg|s_Q  ; IDEX:IDEX_i|dffg:\ALUA_dffgs:41:A_dffg|s_Q ; iCLK         ; iCLK        ; 10.000       ; -0.466     ; 3.763      ;
; 5.763 ; regfile:regfile_i|reg:\g_regs:4:i_reg|dffg:\g_dffgs:7:i_dffg|s_Q   ; IDEX:IDEX_i|dffg:\ALUA_dffgs:39:A_dffg|s_Q ; iCLK         ; iCLK        ; 10.000       ; -0.461     ; 3.763      ;
; 5.763 ; regfile:regfile_i|reg:\g_regs:25:i_reg|dffg:\g_dffgs:7:i_dffg|s_Q  ; IDEX:IDEX_i|dffg:\ALUA_dffgs:31:A_dffg|s_Q ; iCLK         ; iCLK        ; 10.000       ; -0.491     ; 3.733      ;
; 5.764 ; regfile:regfile_i|reg:\g_regs:16:i_reg|dffg:\g_dffgs:7:i_dffg|s_Q  ; IDEX:IDEX_i|dffg:\ALUA_dffgs:39:A_dffg|s_Q ; iCLK         ; iCLK        ; 10.000       ; -0.486     ; 3.737      ;
; 5.766 ; regfile:regfile_i|reg:\g_regs:4:i_reg|dffg:\g_dffgs:7:i_dffg|s_Q   ; IDEX:IDEX_i|dffg:\ALUA_dffgs:32:A_dffg|s_Q ; iCLK         ; iCLK        ; 10.000       ; -0.461     ; 3.760      ;
; 5.767 ; regfile:regfile_i|reg:\g_regs:16:i_reg|dffg:\g_dffgs:7:i_dffg|s_Q  ; IDEX:IDEX_i|dffg:\ALUA_dffgs:32:A_dffg|s_Q ; iCLK         ; iCLK        ; 10.000       ; -0.486     ; 3.734      ;
; 5.768 ; regfile:regfile_i|reg:\g_regs:24:i_reg|dffg:\g_dffgs:2:i_dffg|s_Q  ; IDEX:IDEX_i|dffg:\ALUB_dffgs:49:B_dffg|s_Q ; iCLK         ; iCLK        ; 10.000       ; -0.485     ; 3.734      ;
; 5.769 ; regfile:regfile_i|reg:\g_regs:4:i_reg|dffg:\g_dffgs:15:i_dffg|s_Q  ; IDEX:IDEX_i|dffg:\ALUA_dffgs:33:A_dffg|s_Q ; iCLK         ; iCLK        ; 10.000       ; -0.456     ; 3.762      ;
; 5.770 ; regfile:regfile_i|reg:\g_regs:17:i_reg|dffg:\g_dffgs:15:i_dffg|s_Q ; IDEX:IDEX_i|dffg:\ALUA_dffgs:35:A_dffg|s_Q ; iCLK         ; iCLK        ; 10.000       ; -0.463     ; 3.754      ;
; 5.772 ; regfile:regfile_i|reg:\g_regs:4:i_reg|dffg:\g_dffgs:7:i_dffg|s_Q   ; IDEX:IDEX_i|dffg:\ALUA_dffgs:45:A_dffg|s_Q ; iCLK         ; iCLK        ; 10.000       ; -0.459     ; 3.756      ;
; 5.773 ; regfile:regfile_i|reg:\g_regs:16:i_reg|dffg:\g_dffgs:7:i_dffg|s_Q  ; IDEX:IDEX_i|dffg:\ALUA_dffgs:45:A_dffg|s_Q ; iCLK         ; iCLK        ; 10.000       ; -0.484     ; 3.730      ;
; 5.774 ; regfile:regfile_i|reg:\g_regs:22:i_reg|dffg:\g_dffgs:15:i_dffg|s_Q ; IDEX:IDEX_i|dffg:\ALUA_dffgs:31:A_dffg|s_Q ; iCLK         ; iCLK        ; 10.000       ; -0.486     ; 3.727      ;
; 5.774 ; regfile:regfile_i|reg:\g_regs:24:i_reg|dffg:\g_dffgs:7:i_dffg|s_Q  ; IDEX:IDEX_i|dffg:\ALUA_dffgs:43:A_dffg|s_Q ; iCLK         ; iCLK        ; 10.000       ; -0.487     ; 3.726      ;
; 5.775 ; regfile:regfile_i|reg:\g_regs:19:i_reg|dffg:\g_dffgs:7:i_dffg|s_Q  ; IDEX:IDEX_i|dffg:\ALUA_dffgs:37:A_dffg|s_Q ; iCLK         ; iCLK        ; 10.000       ; -0.454     ; 3.758      ;
; 5.776 ; regfile:regfile_i|reg:\g_regs:16:i_reg|dffg:\g_dffgs:15:i_dffg|s_Q ; IDEX:IDEX_i|dffg:\ALUA_dffgs:35:A_dffg|s_Q ; iCLK         ; iCLK        ; 10.000       ; -0.459     ; 3.752      ;
; 5.778 ; regfile:regfile_i|reg:\g_regs:17:i_reg|dffg:\g_dffgs:2:i_dffg|s_Q  ; IDEX:IDEX_i|dffg:\ALUB_dffgs:49:B_dffg|s_Q ; iCLK         ; iCLK        ; 10.000       ; -0.475     ; 3.734      ;
; 5.779 ; regfile:regfile_i|reg:\g_regs:7:i_reg|dffg:\g_dffgs:15:i_dffg|s_Q  ; IDEX:IDEX_i|dffg:\ALUA_dffgs:35:A_dffg|s_Q ; iCLK         ; iCLK        ; 10.000       ; -0.460     ; 3.748      ;
; 5.779 ; regfile:regfile_i|reg:\g_regs:25:i_reg|dffg:\g_dffgs:7:i_dffg|s_Q  ; IDEX:IDEX_i|dffg:\ALUA_dffgs:41:A_dffg|s_Q ; iCLK         ; iCLK        ; 10.000       ; -0.466     ; 3.742      ;
; 5.781 ; regfile:regfile_i|reg:\g_regs:4:i_reg|dffg:\g_dffgs:15:i_dffg|s_Q  ; IDEX:IDEX_i|dffg:\ALUA_dffgs:38:A_dffg|s_Q ; iCLK         ; iCLK        ; 10.000       ; -0.459     ; 3.747      ;
; 5.783 ; regfile:regfile_i|reg:\g_regs:5:i_reg|dffg:\g_dffgs:7:i_dffg|s_Q   ; IDEX:IDEX_i|dffg:\ALUA_dffgs:43:A_dffg|s_Q ; iCLK         ; iCLK        ; 10.000       ; -0.462     ; 3.742      ;
; 5.785 ; regfile:regfile_i|reg:\g_regs:4:i_reg|dffg:\g_dffgs:7:i_dffg|s_Q   ; IDEX:IDEX_i|dffg:\ALUA_dffgs:42:A_dffg|s_Q ; iCLK         ; iCLK        ; 10.000       ; -0.461     ; 3.741      ;
; 5.786 ; regfile:regfile_i|reg:\g_regs:16:i_reg|dffg:\g_dffgs:7:i_dffg|s_Q  ; IDEX:IDEX_i|dffg:\ALUA_dffgs:42:A_dffg|s_Q ; iCLK         ; iCLK        ; 10.000       ; -0.486     ; 3.715      ;
; 5.790 ; regfile:regfile_i|reg:\g_regs:29:i_reg|dffg:\g_dffgs:2:i_dffg|s_Q  ; IDEX:IDEX_i|dffg:\ALUA_dffgs:17:A_dffg|s_Q ; iCLK         ; iCLK        ; 10.000       ; -0.471     ; 3.726      ;
; 5.790 ; regfile:regfile_i|reg:\g_regs:22:i_reg|dffg:\g_dffgs:15:i_dffg|s_Q ; IDEX:IDEX_i|dffg:\ALUA_dffgs:41:A_dffg|s_Q ; iCLK         ; iCLK        ; 10.000       ; -0.461     ; 3.736      ;
; 5.790 ; regfile:regfile_i|reg:\g_regs:24:i_reg|dffg:\g_dffgs:15:i_dffg|s_Q ; IDEX:IDEX_i|dffg:\ALUA_dffgs:31:A_dffg|s_Q ; iCLK         ; iCLK        ; 10.000       ; -0.487     ; 3.710      ;
; 5.791 ; regfile:regfile_i|reg:\g_regs:25:i_reg|dffg:\g_dffgs:15:i_dffg|s_Q ; IDEX:IDEX_i|dffg:\ALUA_dffgs:35:A_dffg|s_Q ; iCLK         ; iCLK        ; 10.000       ; -0.463     ; 3.733      ;
; 5.793 ; regfile:regfile_i|reg:\g_regs:16:i_reg|dffg:\g_dffgs:9:i_dffg|s_Q  ; IDEX:IDEX_i|dffg:\ALUB_dffgs:56:B_dffg|s_Q ; iCLK         ; iCLK        ; 10.000       ; -0.465     ; 3.729      ;
; 5.798 ; regfile:regfile_i|reg:\g_regs:5:i_reg|dffg:\g_dffgs:31:i_dffg|s_Q  ; IDEX:IDEX_i|dffg:\ALUA_dffgs:46:A_dffg|s_Q ; iCLK         ; iCLK        ; 10.000       ; -0.701     ; 3.488      ;
; 5.799 ; regfile:regfile_i|reg:\g_regs:25:i_reg|dffg:\g_dffgs:2:i_dffg|s_Q  ; IDEX:IDEX_i|dffg:\ALUB_dffgs:49:B_dffg|s_Q ; iCLK         ; iCLK        ; 10.000       ; -0.475     ; 3.713      ;
; 5.801 ; regfile:regfile_i|reg:\g_regs:24:i_reg|dffg:\g_dffgs:28:i_dffg|s_Q ; IDEX:IDEX_i|dffg:\ALUB_dffgs:75:B_dffg|s_Q ; iCLK         ; iCLK        ; 10.000       ; -0.472     ; 3.714      ;
; 5.802 ; regfile:regfile_i|reg:\g_regs:18:i_reg|dffg:\g_dffgs:0:i_dffg|s_Q  ; IDEX:IDEX_i|dffg:\ALUA_dffgs:15:A_dffg|s_Q ; iCLK         ; iCLK        ; 10.000       ; -0.484     ; 3.701      ;
; 5.804 ; regfile:regfile_i|reg:\g_regs:4:i_reg|dffg:\g_dffgs:2:i_dffg|s_Q   ; IDEX:IDEX_i|dffg:\ALUA_dffgs:17:A_dffg|s_Q ; iCLK         ; iCLK        ; 10.000       ; -0.690     ; 3.493      ;
; 5.806 ; regfile:regfile_i|reg:\g_regs:24:i_reg|dffg:\g_dffgs:15:i_dffg|s_Q ; IDEX:IDEX_i|dffg:\ALUA_dffgs:41:A_dffg|s_Q ; iCLK         ; iCLK        ; 10.000       ; -0.462     ; 3.719      ;
; 5.806 ; regfile:regfile_i|reg:\g_regs:23:i_reg|dffg:\g_dffgs:28:i_dffg|s_Q ; IDEX:IDEX_i|dffg:\ALUB_dffgs:75:B_dffg|s_Q ; iCLK         ; iCLK        ; 10.000       ; -0.461     ; 3.720      ;
; 5.808 ; regfile:regfile_i|reg:\g_regs:22:i_reg|dffg:\g_dffgs:7:i_dffg|s_Q  ; IDEX:IDEX_i|dffg:\ALUA_dffgs:37:A_dffg|s_Q ; iCLK         ; iCLK        ; 10.000       ; -0.459     ; 3.720      ;
; 5.808 ; regfile:regfile_i|reg:\g_regs:4:i_reg|dffg:\g_dffgs:15:i_dffg|s_Q  ; IDEX:IDEX_i|dffg:\ALUA_dffgs:32:A_dffg|s_Q ; iCLK         ; iCLK        ; 10.000       ; -0.456     ; 3.723      ;
; 5.811 ; regfile:regfile_i|reg:\g_regs:29:i_reg|dffg:\g_dffgs:2:i_dffg|s_Q  ; IDEX:IDEX_i|dffg:\ALUB_dffgs:49:B_dffg|s_Q ; iCLK         ; iCLK        ; 10.000       ; -0.475     ; 3.701      ;
+-------+--------------------------------------------------------------------+--------------------------------------------+--------------+-------------+--------------+------------+------------+


+---------------------------------------------------------------------------------------------------------------------------------------------------------------------------------------------------------------------------------------------------------------------------------------------------------------------------------------------------------+
; Fast 1200mV 0C Model Hold: 'iCLK'                                                                                                                                                                                                                                                                                                                       ;
+-------+------------------------------------------------------------------------------------------------------------------------+--------------------------------------------------------------------------------------------------------------------------------------------------+--------------+-------------+--------------+------------+------------+
; Slack ; From Node                                                                                                              ; To Node                                                                                                                                          ; Launch Clock ; Latch Clock ; Relationship ; Clock Skew ; Data Delay ;
+-------+------------------------------------------------------------------------------------------------------------------------+--------------------------------------------------------------------------------------------------------------------------------------------------+--------------+-------------+--------------+------------+------------+
; 0.134 ; EXMEM:EXMEM_i|dffg:\ALUB_dffgs:101:B_dffg|s_Q                                                                          ; mem:DMem|altsyncram:ram_rtl_0|altsyncram_eg81:auto_generated|ram_block1a8~porta_datain_reg0                                                      ; iCLK         ; iCLK        ; 0.000        ; 0.233      ; 0.471      ;
; 0.141 ; EXMEM:EXMEM_i|dffg:\set_dffgs:53:s_dffg|s_Q                                                                            ; mem:DMem|altsyncram:ram_rtl_0|altsyncram_eg81:auto_generated|ram_block1a0~porta_address_reg0                                                     ; iCLK         ; iCLK        ; 0.000        ; 0.233      ; 0.478      ;
; 0.143 ; EXMEM:EXMEM_i|dffg:\set_dffgs:49:s_dffg|s_Q                                                                            ; mem:DMem|altsyncram:ram_rtl_0|altsyncram_eg81:auto_generated|ram_block1a0~porta_address_reg0                                                     ; iCLK         ; iCLK        ; 0.000        ; 0.233      ; 0.480      ;
; 0.144 ; EXMEM:EXMEM_i|dffg:\ALUB_dffgs:93:B_dffg|s_Q                                                                           ; mem:DMem|altsyncram:ram_rtl_0|altsyncram_eg81:auto_generated|ram_block1a13~porta_datain_reg0                                                     ; iCLK         ; iCLK        ; 0.000        ; 0.232      ; 0.480      ;
; 0.146 ; EXMEM:EXMEM_i|dffg:\set_dffgs:56:s_dffg|s_Q                                                                            ; mem:DMem|altsyncram:ram_rtl_0|altsyncram_eg81:auto_generated|ram_block1a8~porta_address_reg0                                                     ; iCLK         ; iCLK        ; 0.000        ; 0.231      ; 0.481      ;
; 0.147 ; EXMEM:EXMEM_i|dffg:\ALUB_dffgs:89:B_dffg|s_Q                                                                           ; mem:DMem|altsyncram:ram_rtl_0|altsyncram_eg81:auto_generated|ram_block1a8~porta_datain_reg0                                                      ; iCLK         ; iCLK        ; 0.000        ; 0.233      ; 0.484      ;
; 0.149 ; IDEX:IDEX_i|dffg:MemtoReg_dffg|altshift_taps:s_Q_rtl_0|shift_taps_9km:auto_generated|dffe3a[0]                         ; IDEX:IDEX_i|dffg:MemtoReg_dffg|altshift_taps:s_Q_rtl_0|shift_taps_9km:auto_generated|altsyncram_n861:altsyncram4|ram_block7a0~portb_address_reg0 ; iCLK         ; iCLK        ; 0.000        ; 0.225      ; 0.478      ;
; 0.158 ; EXMEM:EXMEM_i|dffg:\ALUB_dffgs:92:B_dffg|s_Q                                                                           ; mem:DMem|altsyncram:ram_rtl_0|altsyncram_eg81:auto_generated|ram_block1a13~porta_datain_reg0                                                     ; iCLK         ; iCLK        ; 0.000        ; 0.234      ; 0.496      ;
; 0.168 ; EXMEM:EXMEM_i|dffg:\ALUB_dffgs:97:B_dffg|s_Q                                                                           ; mem:DMem|altsyncram:ram_rtl_0|altsyncram_eg81:auto_generated|ram_block1a13~porta_datain_reg0                                                     ; iCLK         ; iCLK        ; 0.000        ; 0.234      ; 0.506      ;
; 0.179 ; fetch:fetch_i|PCreg:PC|dffg:\g_dffgs:2:i_dffg|s_Q                                                                      ; fetch:fetch_i|PCreg:PC|dffg:\g_dffgs:2:i_dffg|s_Q                                                                                                ; iCLK         ; iCLK        ; 0.000        ; 0.051      ; 0.314      ;
; 0.179 ; EXMEM:EXMEM_i|dffg:\set_dffgs:51:s_dffg|s_Q                                                                            ; mem:DMem|altsyncram:ram_rtl_0|altsyncram_eg81:auto_generated|ram_block1a0~porta_address_reg0                                                     ; iCLK         ; iCLK        ; 0.000        ; 0.233      ; 0.516      ;
; 0.181 ; IDEX:IDEX_i|dffg:MemtoReg_dffg|altshift_taps:s_Q_rtl_0|shift_taps_9km:auto_generated|cntr_6pf:cntr1|counter_reg_bit[0] ; IDEX:IDEX_i|dffg:MemtoReg_dffg|altshift_taps:s_Q_rtl_0|shift_taps_9km:auto_generated|cntr_6pf:cntr1|counter_reg_bit[0]                           ; iCLK         ; iCLK        ; 0.000        ; 0.042      ; 0.307      ;
; 0.187 ; IDEX:IDEX_i|dffg:\fetchInstAddPlus4_dffgs:141:i_dffg|s_Q                                                               ; EXMEM:EXMEM_i|dffg:\regdata_dffgs:32:rd_dffg|s_Q                                                                                                 ; iCLK         ; iCLK        ; 0.000        ; 0.042      ; 0.313      ;
; 0.188 ; IDEX:IDEX_i|dffg:\fetchInstAddPlus4_dffgs:128:i_dffg|s_Q                                                               ; EXMEM:EXMEM_i|dffg:\regdata_dffgs:19:rd_dffg|s_Q                                                                                                 ; iCLK         ; iCLK        ; 0.000        ; 0.042      ; 0.314      ;
; 0.188 ; IDEX:IDEX_i|dffg:MemtoReg_dffg|altshift_taps:s_Q_rtl_0|shift_taps_9km:auto_generated|cntr_6pf:cntr1|counter_reg_bit[1] ; IDEX:IDEX_i|dffg:MemtoReg_dffg|altshift_taps:s_Q_rtl_0|shift_taps_9km:auto_generated|cntr_6pf:cntr1|counter_reg_bit[1]                           ; iCLK         ; iCLK        ; 0.000        ; 0.042      ; 0.314      ;
; 0.188 ; EXMEM:EXMEM_i|dffg:\regdata_dffgs:17:rd_dffg|s_Q                                                                       ; MEMWB:MEMWB_i|dffg:\regdata_dffgs:17:rd_dffg|s_Q                                                                                                 ; iCLK         ; iCLK        ; 0.000        ; 0.042      ; 0.314      ;
; 0.188 ; EXMEM:EXMEM_i|dffg:\ext_dffgs:130:e_dffg|s_Q                                                                           ; MEMWB:MEMWB_i|dffg:\ext_dffgs:98:e_dffg|s_Q                                                                                                      ; iCLK         ; iCLK        ; 0.000        ; 0.042      ; 0.314      ;
; 0.188 ; EXMEM:EXMEM_i|dffg:\regdata_dffgs:28:rd_dffg|s_Q                                                                       ; MEMWB:MEMWB_i|dffg:\regdata_dffgs:28:rd_dffg|s_Q                                                                                                 ; iCLK         ; iCLK        ; 0.000        ; 0.042      ; 0.314      ;
; 0.188 ; EXMEM:EXMEM_i|dffg:\regdata_dffgs:16:rd_dffg|s_Q                                                                       ; MEMWB:MEMWB_i|dffg:\regdata_dffgs:16:rd_dffg|s_Q                                                                                                 ; iCLK         ; iCLK        ; 0.000        ; 0.042      ; 0.314      ;
; 0.188 ; EXMEM:EXMEM_i|dffg:\ext_dffgs:135:e_dffg|s_Q                                                                           ; MEMWB:MEMWB_i|dffg:\ext_dffgs:103:e_dffg|s_Q                                                                                                     ; iCLK         ; iCLK        ; 0.000        ; 0.042      ; 0.314      ;
; 0.189 ; IDEX:IDEX_i|dffg:\fetchInstAddPlus4_dffgs:149:i_dffg|s_Q                                                               ; EXMEM:EXMEM_i|dffg:\regdata_dffgs:40:rd_dffg|s_Q                                                                                                 ; iCLK         ; iCLK        ; 0.000        ; 0.041      ; 0.314      ;
; 0.189 ; EXMEM:EXMEM_i|dffg:\regdata_dffgs:25:rd_dffg|s_Q                                                                       ; MEMWB:MEMWB_i|dffg:\regdata_dffgs:25:rd_dffg|s_Q                                                                                                 ; iCLK         ; iCLK        ; 0.000        ; 0.042      ; 0.315      ;
; 0.189 ; EXMEM:EXMEM_i|dffg:\ext_dffgs:129:e_dffg|s_Q                                                                           ; MEMWB:MEMWB_i|dffg:\ext_dffgs:97:e_dffg|s_Q                                                                                                      ; iCLK         ; iCLK        ; 0.000        ; 0.041      ; 0.314      ;
; 0.189 ; EXMEM:EXMEM_i|dffg:\regdata_dffgs:19:rd_dffg|s_Q                                                                       ; MEMWB:MEMWB_i|dffg:\regdata_dffgs:19:rd_dffg|s_Q                                                                                                 ; iCLK         ; iCLK        ; 0.000        ; 0.042      ; 0.315      ;
; 0.189 ; EXMEM:EXMEM_i|dffg:\regdata_dffgs:24:rd_dffg|s_Q                                                                       ; MEMWB:MEMWB_i|dffg:\regdata_dffgs:24:rd_dffg|s_Q                                                                                                 ; iCLK         ; iCLK        ; 0.000        ; 0.042      ; 0.315      ;
; 0.190 ; IDEX:IDEX_i|dffg:Jump_dffg|s_Q                                                                                         ; IDEX:IDEX_i|dffg:Jump_dffg|s_Q                                                                                                                   ; iCLK         ; iCLK        ; 0.000        ; 0.040      ; 0.314      ;
; 0.190 ; IDEX:IDEX_i|dffg:Branch_dffg|s_Q                                                                                       ; IDEX:IDEX_i|dffg:Branch_dffg|s_Q                                                                                                                 ; iCLK         ; iCLK        ; 0.000        ; 0.040      ; 0.314      ;
; 0.190 ; EXMEM:EXMEM_i|dffg:\ext_dffgs:137:e_dffg|s_Q                                                                           ; MEMWB:MEMWB_i|dffg:\ext_dffgs:105:e_dffg|s_Q                                                                                                     ; iCLK         ; iCLK        ; 0.000        ; 0.041      ; 0.315      ;
; 0.192 ; IDEX:IDEX_i|dffg:\ALUB_dffgs:74:B_dffg|s_Q                                                                             ; EXMEM:EXMEM_i|dffg:\ALUB_dffgs:106:B_dffg|s_Q                                                                                                    ; iCLK         ; iCLK        ; 0.000        ; 0.041      ; 0.317      ;
; 0.195 ; IDEX:IDEX_i|dffg:\ALUB_dffgs:78:B_dffg|s_Q                                                                             ; EXMEM:EXMEM_i|dffg:\ALUB_dffgs:110:B_dffg|s_Q                                                                                                    ; iCLK         ; iCLK        ; 0.000        ; 0.041      ; 0.320      ;
; 0.200 ; fetch:fetch_i|PCreg:PC|dffg:\g_dffgs:17:i_dffg|s_Q                                                                     ; IFID:IFID_i|dffg:\fetchInstAdd_dffgs:81:i_dffg|s_Q                                                                                               ; iCLK         ; iCLK        ; 0.000        ; 0.040      ; 0.324      ;
; 0.200 ; fetch:fetch_i|PCreg:PC|dffg:\g_dffgs:3:i_dffg|s_Q                                                                      ; IFID:IFID_i|dffg:\fetchInstAddPlus4_dffgs:35:i_dffg|s_Q                                                                                          ; iCLK         ; iCLK        ; 0.000        ; 0.041      ; 0.325      ;
; 0.200 ; IDEX:IDEX_i|dffg:\ALUB_dffgs:72:B_dffg|s_Q                                                                             ; EXMEM:EXMEM_i|dffg:\ALUB_dffgs:104:B_dffg|s_Q                                                                                                    ; iCLK         ; iCLK        ; 0.000        ; 0.041      ; 0.325      ;
; 0.200 ; IDEX:IDEX_i|dffg:\ALUB_dffgs:50:B_dffg|s_Q                                                                             ; EXMEM:EXMEM_i|dffg:\ALUB_dffgs:82:B_dffg|s_Q                                                                                                     ; iCLK         ; iCLK        ; 0.000        ; 0.041      ; 0.325      ;
; 0.200 ; IDEX:IDEX_i|dffg:\ALUB_dffgs:68:B_dffg|s_Q                                                                             ; EXMEM:EXMEM_i|dffg:\ALUB_dffgs:100:B_dffg|s_Q                                                                                                    ; iCLK         ; iCLK        ; 0.000        ; 0.042      ; 0.326      ;
; 0.200 ; IFID:IFID_i|dffg:\fetchInstAdd_dffgs:65:i_dffg|s_Q                                                                     ; IDEX:IDEX_i|dffg:\fetchInstAdd_dffgs:189:i_dffg|s_Q                                                                                              ; iCLK         ; iCLK        ; 0.000        ; 0.041      ; 0.325      ;
; 0.201 ; IDEX:IDEX_i|dffg:\ALUB_dffgs:75:B_dffg|s_Q                                                                             ; EXMEM:EXMEM_i|dffg:\ALUB_dffgs:107:B_dffg|s_Q                                                                                                    ; iCLK         ; iCLK        ; 0.000        ; 0.040      ; 0.325      ;
; 0.204 ; IDEX:IDEX_i|dffg:MemtoReg_dffg|altshift_taps:s_Q_rtl_0|shift_taps_9km:auto_generated|cntr_6pf:cntr1|counter_reg_bit[0] ; IDEX:IDEX_i|dffg:MemtoReg_dffg|altshift_taps:s_Q_rtl_0|shift_taps_9km:auto_generated|cntr_6pf:cntr1|counter_reg_bit[1]                           ; iCLK         ; iCLK        ; 0.000        ; 0.042      ; 0.330      ;
; 0.205 ; IDEX:IDEX_i|dffg:\ALUimm_dffgs:93:imm_dffg|s_Q                                                                         ; EXMEM:EXMEM_i|dffg:\ext_dffgs:125:e_dffg|s_Q                                                                                                     ; iCLK         ; iCLK        ; 0.000        ; 0.041      ; 0.330      ;
; 0.206 ; IDEX:IDEX_i|dffg:\ALUimm_dffgs:86:imm_dffg|s_Q                                                                         ; EXMEM:EXMEM_i|dffg:\ext_dffgs:118:e_dffg|s_Q                                                                                                     ; iCLK         ; iCLK        ; 0.000        ; 0.042      ; 0.332      ;
; 0.215 ; IDEX:IDEX_i|dffg:MemtoReg_dffg|altshift_taps:s_Q_rtl_0|shift_taps_9km:auto_generated|cntr_6pf:cntr1|counter_reg_bit[1] ; IDEX:IDEX_i|dffg:MemtoReg_dffg|altshift_taps:s_Q_rtl_0|shift_taps_9km:auto_generated|dffe3a[1]                                                   ; iCLK         ; iCLK        ; 0.000        ; 0.042      ; 0.341      ;
; 0.226 ; IDEX:IDEX_i|dffg:\fetchInstAdd_dffgs:189:i_dffg|s_Q                                                                    ; fetch:fetch_i|PCreg:PC|dffg:\g_dffgs:1:i_dffg|s_Q                                                                                                ; iCLK         ; iCLK        ; 0.000        ; 0.230      ; 0.540      ;
; 0.242 ; EXMEM:EXMEM_i|dffg:\set_dffgs:58:s_dffg|s_Q                                                                            ; mem:DMem|altsyncram:ram_rtl_0|altsyncram_eg81:auto_generated|ram_block1a0~porta_address_reg0                                                     ; iCLK         ; iCLK        ; 0.000        ; 0.235      ; 0.581      ;
; 0.250 ; IFID:IFID_i|dffg:\fetchInstAdd_dffgs:64:i_dffg|s_Q                                                                     ; IDEX:IDEX_i|dffg:\fetchInstAdd_dffgs:188:i_dffg|s_Q                                                                                              ; iCLK         ; iCLK        ; 0.000        ; 0.050      ; 0.384      ;
; 0.253 ; EXMEM:EXMEM_i|dffg:\ext_dffgs:140:e_dffg|s_Q                                                                           ; MEMWB:MEMWB_i|dffg:\ext_dffgs:108:e_dffg|s_Q                                                                                                     ; iCLK         ; iCLK        ; 0.000        ; 0.043      ; 0.380      ;
; 0.256 ; EXMEM:EXMEM_i|dffg:\ext_dffgs:119:e_dffg|s_Q                                                                           ; MEMWB:MEMWB_i|dffg:\ext_dffgs:87:e_dffg|s_Q                                                                                                      ; iCLK         ; iCLK        ; 0.000        ; 0.043      ; 0.383      ;
; 0.256 ; IFID:IFID_i|dffg:\fetchInstAdd_dffgs:68:i_dffg|s_Q                                                                     ; IDEX:IDEX_i|dffg:\fetchInstAdd_dffgs:192:i_dffg|s_Q                                                                                              ; iCLK         ; iCLK        ; 0.000        ; 0.052      ; 0.392      ;
; 0.261 ; EXMEM:EXMEM_i|dffg:\regdata_dffgs:34:rd_dffg|s_Q                                                                       ; MEMWB:MEMWB_i|dffg:\regdata_dffgs:34:rd_dffg|s_Q                                                                                                 ; iCLK         ; iCLK        ; 0.000        ; 0.042      ; 0.387      ;
; 0.261 ; EXMEM:EXMEM_i|dffg:\regdata_dffgs:31:rd_dffg|s_Q                                                                       ; MEMWB:MEMWB_i|dffg:\regdata_dffgs:31:rd_dffg|s_Q                                                                                                 ; iCLK         ; iCLK        ; 0.000        ; 0.042      ; 0.387      ;
; 0.261 ; EXMEM:EXMEM_i|dffg:\ext_dffgs:112:e_dffg|s_Q                                                                           ; MEMWB:MEMWB_i|dffg:\ext_dffgs:80:e_dffg|s_Q                                                                                                      ; iCLK         ; iCLK        ; 0.000        ; 0.043      ; 0.388      ;
; 0.262 ; IFID:IFID_i|dffg:\fetchInstAdd_dffgs:80:i_dffg|s_Q                                                                     ; IDEX:IDEX_i|dffg:\fetchInstAdd_dffgs:204:i_dffg|s_Q                                                                                              ; iCLK         ; iCLK        ; 0.000        ; 0.040      ; 0.386      ;
; 0.262 ; IDEX:IDEX_i|dffg:\fetchInstAddPlus4_dffgs:127:i_dffg|s_Q                                                               ; EXMEM:EXMEM_i|dffg:\regdata_dffgs:18:rd_dffg|s_Q                                                                                                 ; iCLK         ; iCLK        ; 0.000        ; 0.043      ; 0.389      ;
; 0.262 ; IFID:IFID_i|dffg:\fetchInstAddPlus4_dffgs:63:i_dffg|s_Q                                                                ; IDEX:IDEX_i|dffg:\fetchInstAddPlus4_dffgs:155:i_dffg|s_Q                                                                                         ; iCLK         ; iCLK        ; 0.000        ; 0.041      ; 0.387      ;
; 0.262 ; fetch:fetch_i|PCreg:PC|dffg:\g_dffgs:4:i_dffg|s_Q                                                                      ; IFID:IFID_i|dffg:\fetchInstAdd_dffgs:68:i_dffg|s_Q                                                                                               ; iCLK         ; iCLK        ; 0.000        ; 0.052      ; 0.398      ;
; 0.262 ; EXMEM:EXMEM_i|dffg:\ext_dffgs:141:e_dffg|s_Q                                                                           ; MEMWB:MEMWB_i|dffg:\ext_dffgs:109:e_dffg|s_Q                                                                                                     ; iCLK         ; iCLK        ; 0.000        ; 0.041      ; 0.387      ;
; 0.262 ; IFID:IFID_i|dffg:\fetchInstAddPlus4_dffgs:62:i_dffg|s_Q                                                                ; IDEX:IDEX_i|dffg:\fetchInstAddPlus4_dffgs:154:i_dffg|s_Q                                                                                         ; iCLK         ; iCLK        ; 0.000        ; 0.041      ; 0.387      ;
; 0.263 ; EXMEM:EXMEM_i|dffg:\regdata_dffgs:26:rd_dffg|s_Q                                                                       ; MEMWB:MEMWB_i|dffg:\regdata_dffgs:26:rd_dffg|s_Q                                                                                                 ; iCLK         ; iCLK        ; 0.000        ; 0.042      ; 0.389      ;
; 0.263 ; EXMEM:EXMEM_i|dffg:\ext_dffgs:125:e_dffg|s_Q                                                                           ; MEMWB:MEMWB_i|dffg:\ext_dffgs:93:e_dffg|s_Q                                                                                                      ; iCLK         ; iCLK        ; 0.000        ; 0.041      ; 0.388      ;
; 0.263 ; EXMEM:EXMEM_i|dffg:\ext_dffgs:115:e_dffg|s_Q                                                                           ; MEMWB:MEMWB_i|dffg:\ext_dffgs:83:e_dffg|s_Q                                                                                                      ; iCLK         ; iCLK        ; 0.000        ; 0.042      ; 0.389      ;
; 0.263 ; EXMEM:EXMEM_i|dffg:\ext_dffgs:128:e_dffg|s_Q                                                                           ; MEMWB:MEMWB_i|dffg:\ext_dffgs:96:e_dffg|s_Q                                                                                                      ; iCLK         ; iCLK        ; 0.000        ; 0.042      ; 0.389      ;
; 0.264 ; fetch:fetch_i|PCreg:PC|dffg:\g_dffgs:5:i_dffg|s_Q                                                                      ; IFID:IFID_i|dffg:\fetchInstAdd_dffgs:69:i_dffg|s_Q                                                                                               ; iCLK         ; iCLK        ; 0.000        ; 0.051      ; 0.399      ;
; 0.264 ; EXMEM:EXMEM_i|dffg:\ext_dffgs:126:e_dffg|s_Q                                                                           ; MEMWB:MEMWB_i|dffg:\ext_dffgs:94:e_dffg|s_Q                                                                                                      ; iCLK         ; iCLK        ; 0.000        ; 0.042      ; 0.390      ;
; 0.267 ; IDEX:IDEX_i|dffg:\ALUB_dffgs:56:B_dffg|s_Q                                                                             ; EXMEM:EXMEM_i|dffg:\ALUB_dffgs:88:B_dffg|s_Q                                                                                                     ; iCLK         ; iCLK        ; 0.000        ; 0.043      ; 0.394      ;
; 0.271 ; fetch:fetch_i|PCreg:PC|dffg:\g_dffgs:2:i_dffg|s_Q                                                                      ; IFID:IFID_i|dffg:\fetchInstAdd_dffgs:66:i_dffg|s_Q                                                                                               ; iCLK         ; iCLK        ; 0.000        ; 0.051      ; 0.406      ;
; 0.273 ; IDEX:IDEX_i|dffg:\ALUimm_dffgs:95:imm_dffg|s_Q                                                                         ; EXMEM:EXMEM_i|dffg:\ext_dffgs:127:e_dffg|s_Q                                                                                                     ; iCLK         ; iCLK        ; 0.000        ; 0.041      ; 0.398      ;
; 0.274 ; IFID:IFID_i|dffg:\fetchInstAdd_dffgs:81:i_dffg|s_Q                                                                     ; IDEX:IDEX_i|dffg:\fetchInstAdd_dffgs:205:i_dffg|s_Q                                                                                              ; iCLK         ; iCLK        ; 0.000        ; 0.040      ; 0.398      ;
; 0.274 ; IDEX:IDEX_i|dffg:\ALUB_dffgs:70:B_dffg|s_Q                                                                             ; EXMEM:EXMEM_i|dffg:\ALUB_dffgs:102:B_dffg|s_Q                                                                                                    ; iCLK         ; iCLK        ; 0.000        ; 0.041      ; 0.399      ;
; 0.276 ; IDEX:IDEX_i|dffg:\ALUimm_dffgs:91:imm_dffg|s_Q                                                                         ; EXMEM:EXMEM_i|dffg:\ext_dffgs:123:e_dffg|s_Q                                                                                                     ; iCLK         ; iCLK        ; 0.000        ; 0.041      ; 0.401      ;
; 0.277 ; IFID:IFID_i|dffg:\fetchInstAdd_dffgs:77:i_dffg|s_Q                                                                     ; IDEX:IDEX_i|dffg:\fetchInstAdd_dffgs:201:i_dffg|s_Q                                                                                              ; iCLK         ; iCLK        ; 0.000        ; 0.040      ; 0.401      ;
; 0.277 ; IDEX:IDEX_i|dffg:\ALUimm_dffgs:92:imm_dffg|s_Q                                                                         ; EXMEM:EXMEM_i|dffg:\ext_dffgs:124:e_dffg|s_Q                                                                                                     ; iCLK         ; iCLK        ; 0.000        ; 0.041      ; 0.402      ;
; 0.278 ; fetch:fetch_i|PCreg:PC|dffg:\g_dffgs:8:i_dffg|s_Q                                                                      ; IFID:IFID_i|dffg:\fetchInstAdd_dffgs:72:i_dffg|s_Q                                                                                               ; iCLK         ; iCLK        ; 0.000        ; 0.043      ; 0.405      ;
; 0.278 ; IDEX:IDEX_i|dffg:\ALUimm_dffgs:89:imm_dffg|s_Q                                                                         ; EXMEM:EXMEM_i|dffg:\ext_dffgs:121:e_dffg|s_Q                                                                                                     ; iCLK         ; iCLK        ; 0.000        ; 0.041      ; 0.403      ;
; 0.280 ; fetch:fetch_i|PCreg:PC|dffg:\g_dffgs:10:i_dffg|s_Q                                                                     ; IFID:IFID_i|dffg:\fetchInstAdd_dffgs:74:i_dffg|s_Q                                                                                               ; iCLK         ; iCLK        ; 0.000        ; 0.048      ; 0.412      ;
; 0.280 ; fetch:fetch_i|PCreg:PC|dffg:\g_dffgs:16:i_dffg|s_Q                                                                     ; IFID:IFID_i|dffg:\fetchInstAdd_dffgs:80:i_dffg|s_Q                                                                                               ; iCLK         ; iCLK        ; 0.000        ; 0.040      ; 0.404      ;
; 0.280 ; IDEX:IDEX_i|dffg:\ALUimm_dffgs:88:imm_dffg|s_Q                                                                         ; EXMEM:EXMEM_i|dffg:\ext_dffgs:120:e_dffg|s_Q                                                                                                     ; iCLK         ; iCLK        ; 0.000        ; 0.041      ; 0.405      ;
; 0.281 ; fetch:fetch_i|PCreg:PC|dffg:\g_dffgs:9:i_dffg|s_Q                                                                      ; IFID:IFID_i|dffg:\fetchInstAddPlus4_dffgs:41:i_dffg|s_Q                                                                                          ; iCLK         ; iCLK        ; 0.000        ; 0.048      ; 0.413      ;
; 0.284 ; IDEX:IDEX_i|dffg:Jump_dffg|s_Q                                                                                         ; IDEX:IDEX_i|dffg:\ALUA_dffgs:17:A_dffg|s_Q                                                                                                       ; iCLK         ; iCLK        ; 0.000        ; 0.040      ; 0.408      ;
; 0.284 ; EXMEM:EXMEM_i|dffg:\set_dffgs:49:s_dffg|s_Q                                                                            ; mem:DMem|altsyncram:ram_rtl_0|altsyncram_eg81:auto_generated|ram_block1a8~porta_address_reg0                                                     ; iCLK         ; iCLK        ; 0.000        ; 0.226      ; 0.614      ;
; 0.284 ; IDEX:IDEX_i|dffg:jalr_dffg|s_Q                                                                                         ; fetch:fetch_i|PCreg:PC|dffg:\g_dffgs:1:i_dffg|s_Q                                                                                                ; iCLK         ; iCLK        ; 0.000        ; 0.230      ; 0.598      ;
; 0.285 ; EXMEM:EXMEM_i|dffg:\ext_dffgs:134:e_dffg|s_Q                                                                           ; MEMWB:MEMWB_i|dffg:\ext_dffgs:102:e_dffg|s_Q                                                                                                     ; iCLK         ; iCLK        ; 0.000        ; 0.248      ; 0.617      ;
; 0.285 ; IDEX:IDEX_i|dffg:\ALUimm_dffgs:80:imm_dffg|s_Q                                                                         ; fetch:fetch_i|PCreg:PC|dffg:\g_dffgs:1:i_dffg|s_Q                                                                                                ; iCLK         ; iCLK        ; 0.000        ; 0.236      ; 0.605      ;
; 0.288 ; EXMEM:EXMEM_i|dffg:\ALUB_dffgs:95:B_dffg|s_Q                                                                           ; mem:DMem|altsyncram:ram_rtl_0|altsyncram_eg81:auto_generated|ram_block1a13~porta_datain_reg0                                                     ; iCLK         ; iCLK        ; 0.000        ; 0.249      ; 0.641      ;
; 0.290 ; IDEX:IDEX_i|dffg:\fetchInstAddPlus4_dffgs:144:i_dffg|s_Q                                                               ; EXMEM:EXMEM_i|dffg:\regdata_dffgs:35:rd_dffg|s_Q                                                                                                 ; iCLK         ; iCLK        ; 0.000        ; 0.041      ; 0.415      ;
; 0.290 ; IDEX:IDEX_i|dffg:\fetchInstAddPlus4_dffgs:140:i_dffg|s_Q                                                               ; EXMEM:EXMEM_i|dffg:\regdata_dffgs:31:rd_dffg|s_Q                                                                                                 ; iCLK         ; iCLK        ; 0.000        ; 0.042      ; 0.416      ;
; 0.290 ; EXMEM:EXMEM_i|dffg:\ALUB_dffgs:109:B_dffg|s_Q                                                                          ; mem:DMem|altsyncram:ram_rtl_0|altsyncram_eg81:auto_generated|ram_block1a0~porta_datain_reg0                                                      ; iCLK         ; iCLK        ; 0.000        ; 0.249      ; 0.643      ;
; 0.291 ; IDEX:IDEX_i|dffg:\fetchInstAddPlus4_dffgs:138:i_dffg|s_Q                                                               ; EXMEM:EXMEM_i|dffg:\regdata_dffgs:29:rd_dffg|s_Q                                                                                                 ; iCLK         ; iCLK        ; 0.000        ; 0.041      ; 0.416      ;
; 0.295 ; EXMEM:EXMEM_i|dffg:\set_dffgs:49:s_dffg|s_Q                                                                            ; mem:DMem|altsyncram:ram_rtl_0|altsyncram_eg81:auto_generated|ram_block1a5~porta_address_reg0                                                     ; iCLK         ; iCLK        ; 0.000        ; 0.227      ; 0.626      ;
; 0.295 ; EXMEM:EXMEM_i|dffg:\set_dffgs:55:s_dffg|s_Q                                                                            ; mem:DMem|altsyncram:ram_rtl_0|altsyncram_eg81:auto_generated|ram_block1a8~porta_address_reg0                                                     ; iCLK         ; iCLK        ; 0.000        ; 0.233      ; 0.632      ;
; 0.295 ; EXMEM:EXMEM_i|dffg:\set_dffgs:55:s_dffg|s_Q                                                                            ; mem:DMem|altsyncram:ram_rtl_0|altsyncram_eg81:auto_generated|ram_block1a13~porta_address_reg0                                                    ; iCLK         ; iCLK        ; 0.000        ; 0.234      ; 0.633      ;
; 0.299 ; EXMEM:EXMEM_i|dffg:\set_dffgs:56:s_dffg|s_Q                                                                            ; mem:DMem|altsyncram:ram_rtl_0|altsyncram_eg81:auto_generated|ram_block1a0~porta_address_reg0                                                     ; iCLK         ; iCLK        ; 0.000        ; 0.238      ; 0.641      ;
; 0.299 ; EXMEM:EXMEM_i|dffg:\set_dffgs:51:s_dffg|s_Q                                                                            ; mem:DMem|altsyncram:ram_rtl_0|altsyncram_eg81:auto_generated|ram_block1a8~porta_address_reg0                                                     ; iCLK         ; iCLK        ; 0.000        ; 0.226      ; 0.629      ;
; 0.301 ; fetch:fetch_i|PCreg:PC|dffg:\g_dffgs:17:i_dffg|s_Q                                                                     ; IFID:IFID_i|dffg:\fetchInstAddPlus4_dffgs:49:i_dffg|s_Q                                                                                          ; iCLK         ; iCLK        ; 0.000        ; 0.040      ; 0.425      ;
; 0.301 ; IDEX:IDEX_i|dffg:MemtoReg_dffg|altshift_taps:s_Q_rtl_0|shift_taps_9km:auto_generated|cntr_p8h:cntr5|counter_reg_bit[0] ; IDEX:IDEX_i|dffg:MemtoReg_dffg|altshift_taps:s_Q_rtl_0|shift_taps_9km:auto_generated|cntr_p8h:cntr5|counter_reg_bit[0]                           ; iCLK         ; iCLK        ; 0.000        ; 0.042      ; 0.427      ;
; 0.301 ; EXMEM:EXMEM_i|dffg:\ALUB_dffgs:98:B_dffg|s_Q                                                                           ; mem:DMem|altsyncram:ram_rtl_0|altsyncram_eg81:auto_generated|ram_block1a8~porta_datain_reg0                                                      ; iCLK         ; iCLK        ; 0.000        ; 0.243      ; 0.648      ;
; 0.304 ; EXMEM:EXMEM_i|dffg:\set_dffgs:54:s_dffg|s_Q                                                                            ; mem:DMem|altsyncram:ram_rtl_0|altsyncram_eg81:auto_generated|ram_block1a0~porta_address_reg0                                                     ; iCLK         ; iCLK        ; 0.000        ; 0.244      ; 0.652      ;
; 0.306 ; EXMEM:EXMEM_i|dffg:\ALUB_dffgs:85:B_dffg|s_Q                                                                           ; mem:DMem|altsyncram:ram_rtl_0|altsyncram_eg81:auto_generated|ram_block1a5~porta_datain_reg0                                                      ; iCLK         ; iCLK        ; 0.000        ; 0.250      ; 0.660      ;
; 0.307 ; IFID:IFID_i|dffg:\fetchInstAdd_dffgs:71:i_dffg|s_Q                                                                     ; IDEX:IDEX_i|dffg:\ALUA_dffgs:22:A_dffg|s_Q                                                                                                       ; iCLK         ; iCLK        ; 0.000        ; 0.041      ; 0.432      ;
; 0.307 ; fetch:fetch_i|PCreg:PC|dffg:\g_dffgs2:23:i_dffg|s_Q                                                                    ; IFID:IFID_i|dffg:\fetchInstAddPlus4_dffgs:55:i_dffg|s_Q                                                                                          ; iCLK         ; iCLK        ; 0.000        ; 0.042      ; 0.433      ;
; 0.308 ; fetch:fetch_i|PCreg:PC|dffg:\g_dffgs:16:i_dffg|s_Q                                                                     ; IFID:IFID_i|dffg:\fetchInstAddPlus4_dffgs:48:i_dffg|s_Q                                                                                          ; iCLK         ; iCLK        ; 0.000        ; 0.040      ; 0.432      ;
; 0.313 ; fetch:fetch_i|PCreg:PC|dffg:\g_dffgs:16:i_dffg|s_Q                                                                     ; IFID:IFID_i|dffg:\fetchInstAddPlus4_dffgs:49:i_dffg|s_Q                                                                                          ; iCLK         ; iCLK        ; 0.000        ; 0.040      ; 0.437      ;
+-------+------------------------------------------------------------------------------------------------------------------------+--------------------------------------------------------------------------------------------------------------------------------------------------+--------------+-------------+--------------+------------+------------+


+------------------------------------------------------------------------------------------------------------------------------------------------------------------------------------------------------------------------------------------------------------------------------------------------------------+
; Fast 1200mV 0C Model Recovery: 'iCLK'                                                                                                                                                                                                                                                                      ;
+--------+--------------------------------------------------------------------------------------------+--------------------------------------------------------------------------------------------------------------------------------+--------------+-------------+--------------+------------+------------+
; Slack  ; From Node                                                                                  ; To Node                                                                                                                        ; Launch Clock ; Latch Clock ; Relationship ; Clock Skew ; Data Delay ;
+--------+--------------------------------------------------------------------------------------------+--------------------------------------------------------------------------------------------------------------------------------+--------------+-------------+--------------+------------+------------+
; 19.021 ; IDEX:IDEX_i|dffg:MemtoReg_dffg|altshift_taps:s_Q_rtl_0|shift_taps_9km:auto_generated|dffe6 ; IDEX:IDEX_i|dffg:MemtoReg_dffg|altshift_taps:s_Q_rtl_0|shift_taps_9km:auto_generated|altsyncram_n861:altsyncram4|ram_block7a0  ; iCLK         ; iCLK        ; 20.000       ; 0.116      ; 1.050      ;
; 19.021 ; IDEX:IDEX_i|dffg:MemtoReg_dffg|altshift_taps:s_Q_rtl_0|shift_taps_9km:auto_generated|dffe6 ; IDEX:IDEX_i|dffg:MemtoReg_dffg|altshift_taps:s_Q_rtl_0|shift_taps_9km:auto_generated|altsyncram_n861:altsyncram4|ram_block7a1  ; iCLK         ; iCLK        ; 20.000       ; 0.116      ; 1.050      ;
; 19.021 ; IDEX:IDEX_i|dffg:MemtoReg_dffg|altshift_taps:s_Q_rtl_0|shift_taps_9km:auto_generated|dffe6 ; IDEX:IDEX_i|dffg:MemtoReg_dffg|altshift_taps:s_Q_rtl_0|shift_taps_9km:auto_generated|altsyncram_n861:altsyncram4|ram_block7a2  ; iCLK         ; iCLK        ; 20.000       ; 0.116      ; 1.050      ;
; 19.021 ; IDEX:IDEX_i|dffg:MemtoReg_dffg|altshift_taps:s_Q_rtl_0|shift_taps_9km:auto_generated|dffe6 ; IDEX:IDEX_i|dffg:MemtoReg_dffg|altshift_taps:s_Q_rtl_0|shift_taps_9km:auto_generated|altsyncram_n861:altsyncram4|ram_block7a3  ; iCLK         ; iCLK        ; 20.000       ; 0.116      ; 1.050      ;
; 19.021 ; IDEX:IDEX_i|dffg:MemtoReg_dffg|altshift_taps:s_Q_rtl_0|shift_taps_9km:auto_generated|dffe6 ; IDEX:IDEX_i|dffg:MemtoReg_dffg|altshift_taps:s_Q_rtl_0|shift_taps_9km:auto_generated|altsyncram_n861:altsyncram4|ram_block7a4  ; iCLK         ; iCLK        ; 20.000       ; 0.116      ; 1.050      ;
; 19.021 ; IDEX:IDEX_i|dffg:MemtoReg_dffg|altshift_taps:s_Q_rtl_0|shift_taps_9km:auto_generated|dffe6 ; IDEX:IDEX_i|dffg:MemtoReg_dffg|altshift_taps:s_Q_rtl_0|shift_taps_9km:auto_generated|altsyncram_n861:altsyncram4|ram_block7a5  ; iCLK         ; iCLK        ; 20.000       ; 0.116      ; 1.050      ;
; 19.021 ; IDEX:IDEX_i|dffg:MemtoReg_dffg|altshift_taps:s_Q_rtl_0|shift_taps_9km:auto_generated|dffe6 ; IDEX:IDEX_i|dffg:MemtoReg_dffg|altshift_taps:s_Q_rtl_0|shift_taps_9km:auto_generated|altsyncram_n861:altsyncram4|ram_block7a6  ; iCLK         ; iCLK        ; 20.000       ; 0.116      ; 1.050      ;
; 19.021 ; IDEX:IDEX_i|dffg:MemtoReg_dffg|altshift_taps:s_Q_rtl_0|shift_taps_9km:auto_generated|dffe6 ; IDEX:IDEX_i|dffg:MemtoReg_dffg|altshift_taps:s_Q_rtl_0|shift_taps_9km:auto_generated|altsyncram_n861:altsyncram4|ram_block7a7  ; iCLK         ; iCLK        ; 20.000       ; 0.116      ; 1.050      ;
; 19.021 ; IDEX:IDEX_i|dffg:MemtoReg_dffg|altshift_taps:s_Q_rtl_0|shift_taps_9km:auto_generated|dffe6 ; IDEX:IDEX_i|dffg:MemtoReg_dffg|altshift_taps:s_Q_rtl_0|shift_taps_9km:auto_generated|altsyncram_n861:altsyncram4|ram_block7a8  ; iCLK         ; iCLK        ; 20.000       ; 0.116      ; 1.050      ;
; 19.021 ; IDEX:IDEX_i|dffg:MemtoReg_dffg|altshift_taps:s_Q_rtl_0|shift_taps_9km:auto_generated|dffe6 ; IDEX:IDEX_i|dffg:MemtoReg_dffg|altshift_taps:s_Q_rtl_0|shift_taps_9km:auto_generated|altsyncram_n861:altsyncram4|ram_block7a9  ; iCLK         ; iCLK        ; 20.000       ; 0.116      ; 1.050      ;
; 19.021 ; IDEX:IDEX_i|dffg:MemtoReg_dffg|altshift_taps:s_Q_rtl_0|shift_taps_9km:auto_generated|dffe6 ; IDEX:IDEX_i|dffg:MemtoReg_dffg|altshift_taps:s_Q_rtl_0|shift_taps_9km:auto_generated|altsyncram_n861:altsyncram4|ram_block7a10 ; iCLK         ; iCLK        ; 20.000       ; 0.116      ; 1.050      ;
+--------+--------------------------------------------------------------------------------------------+--------------------------------------------------------------------------------------------------------------------------------+--------------+-------------+--------------+------------+------------+


+-----------------------------------------------------------------------------------------------------------------------------------------------------------------------------------------------------------------------------------------------------------------------------------------------------------+
; Fast 1200mV 0C Model Removal: 'iCLK'                                                                                                                                                                                                                                                                      ;
+-------+--------------------------------------------------------------------------------------------+--------------------------------------------------------------------------------------------------------------------------------+--------------+-------------+--------------+------------+------------+
; Slack ; From Node                                                                                  ; To Node                                                                                                                        ; Launch Clock ; Latch Clock ; Relationship ; Clock Skew ; Data Delay ;
+-------+--------------------------------------------------------------------------------------------+--------------------------------------------------------------------------------------------------------------------------------+--------------+-------------+--------------+------------+------------+
; 0.682 ; IDEX:IDEX_i|dffg:MemtoReg_dffg|altshift_taps:s_Q_rtl_0|shift_taps_9km:auto_generated|dffe6 ; IDEX:IDEX_i|dffg:MemtoReg_dffg|altshift_taps:s_Q_rtl_0|shift_taps_9km:auto_generated|altsyncram_n861:altsyncram4|ram_block7a0  ; iCLK         ; iCLK        ; 0.000        ; 0.206      ; 0.978      ;
; 0.682 ; IDEX:IDEX_i|dffg:MemtoReg_dffg|altshift_taps:s_Q_rtl_0|shift_taps_9km:auto_generated|dffe6 ; IDEX:IDEX_i|dffg:MemtoReg_dffg|altshift_taps:s_Q_rtl_0|shift_taps_9km:auto_generated|altsyncram_n861:altsyncram4|ram_block7a1  ; iCLK         ; iCLK        ; 0.000        ; 0.206      ; 0.978      ;
; 0.682 ; IDEX:IDEX_i|dffg:MemtoReg_dffg|altshift_taps:s_Q_rtl_0|shift_taps_9km:auto_generated|dffe6 ; IDEX:IDEX_i|dffg:MemtoReg_dffg|altshift_taps:s_Q_rtl_0|shift_taps_9km:auto_generated|altsyncram_n861:altsyncram4|ram_block7a2  ; iCLK         ; iCLK        ; 0.000        ; 0.206      ; 0.978      ;
; 0.682 ; IDEX:IDEX_i|dffg:MemtoReg_dffg|altshift_taps:s_Q_rtl_0|shift_taps_9km:auto_generated|dffe6 ; IDEX:IDEX_i|dffg:MemtoReg_dffg|altshift_taps:s_Q_rtl_0|shift_taps_9km:auto_generated|altsyncram_n861:altsyncram4|ram_block7a3  ; iCLK         ; iCLK        ; 0.000        ; 0.206      ; 0.978      ;
; 0.682 ; IDEX:IDEX_i|dffg:MemtoReg_dffg|altshift_taps:s_Q_rtl_0|shift_taps_9km:auto_generated|dffe6 ; IDEX:IDEX_i|dffg:MemtoReg_dffg|altshift_taps:s_Q_rtl_0|shift_taps_9km:auto_generated|altsyncram_n861:altsyncram4|ram_block7a4  ; iCLK         ; iCLK        ; 0.000        ; 0.206      ; 0.978      ;
; 0.682 ; IDEX:IDEX_i|dffg:MemtoReg_dffg|altshift_taps:s_Q_rtl_0|shift_taps_9km:auto_generated|dffe6 ; IDEX:IDEX_i|dffg:MemtoReg_dffg|altshift_taps:s_Q_rtl_0|shift_taps_9km:auto_generated|altsyncram_n861:altsyncram4|ram_block7a5  ; iCLK         ; iCLK        ; 0.000        ; 0.206      ; 0.978      ;
; 0.682 ; IDEX:IDEX_i|dffg:MemtoReg_dffg|altshift_taps:s_Q_rtl_0|shift_taps_9km:auto_generated|dffe6 ; IDEX:IDEX_i|dffg:MemtoReg_dffg|altshift_taps:s_Q_rtl_0|shift_taps_9km:auto_generated|altsyncram_n861:altsyncram4|ram_block7a6  ; iCLK         ; iCLK        ; 0.000        ; 0.206      ; 0.978      ;
; 0.682 ; IDEX:IDEX_i|dffg:MemtoReg_dffg|altshift_taps:s_Q_rtl_0|shift_taps_9km:auto_generated|dffe6 ; IDEX:IDEX_i|dffg:MemtoReg_dffg|altshift_taps:s_Q_rtl_0|shift_taps_9km:auto_generated|altsyncram_n861:altsyncram4|ram_block7a7  ; iCLK         ; iCLK        ; 0.000        ; 0.206      ; 0.978      ;
; 0.682 ; IDEX:IDEX_i|dffg:MemtoReg_dffg|altshift_taps:s_Q_rtl_0|shift_taps_9km:auto_generated|dffe6 ; IDEX:IDEX_i|dffg:MemtoReg_dffg|altshift_taps:s_Q_rtl_0|shift_taps_9km:auto_generated|altsyncram_n861:altsyncram4|ram_block7a8  ; iCLK         ; iCLK        ; 0.000        ; 0.206      ; 0.978      ;
; 0.682 ; IDEX:IDEX_i|dffg:MemtoReg_dffg|altshift_taps:s_Q_rtl_0|shift_taps_9km:auto_generated|dffe6 ; IDEX:IDEX_i|dffg:MemtoReg_dffg|altshift_taps:s_Q_rtl_0|shift_taps_9km:auto_generated|altsyncram_n861:altsyncram4|ram_block7a9  ; iCLK         ; iCLK        ; 0.000        ; 0.206      ; 0.978      ;
; 0.682 ; IDEX:IDEX_i|dffg:MemtoReg_dffg|altshift_taps:s_Q_rtl_0|shift_taps_9km:auto_generated|dffe6 ; IDEX:IDEX_i|dffg:MemtoReg_dffg|altshift_taps:s_Q_rtl_0|shift_taps_9km:auto_generated|altsyncram_n861:altsyncram4|ram_block7a10 ; iCLK         ; iCLK        ; 0.000        ; 0.206      ; 0.978      ;
+-------+--------------------------------------------------------------------------------------------+--------------------------------------------------------------------------------------------------------------------------------+--------------+-------------+--------------+------------+------------+


----------------------------------------------
; Fast 1200mV 0C Model Metastability Summary ;
----------------------------------------------
No synchronizer chains to report.


+-----------------------------------------------------------------------------+
; Multicorner Timing Analysis Summary                                         ;
+------------------+-------+-------+----------+---------+---------------------+
; Clock            ; Setup ; Hold  ; Recovery ; Removal ; Minimum Pulse Width ;
+------------------+-------+-------+----------+---------+---------------------+
; Worst-case Slack ; 1.089 ; 0.134 ; 18.007   ; 0.682   ; 9.367               ;
;  iCLK            ; 1.089 ; 0.134 ; 18.007   ; 0.682   ; 9.367               ;
; Design-wide TNS  ; 0.0   ; 0.0   ; 0.0      ; 0.0     ; 0.0                 ;
;  iCLK            ; 0.000 ; 0.000 ; 0.000    ; 0.000   ; 0.000               ;
+------------------+-------+-------+----------+---------+---------------------+


+------------------------------------------------------------------------------------------------------------------------------------------------------------------------------------------------------------------------------------------------------------------------------------------------------------------------------------------------------------------------------------------------------------------+
; Board Trace Model Assignments                                                                                                                                                                                                                                                                                                                                                                                    ;
+---------------+--------------+-------------------+-------------------------+-------------------------+---------------+---------------------+----------------+------------------+--------+------------------+------------------------+------------------------+--------------+---------------+-----------------+-------+---------------------+--------------------+---------------+-----------------+-------------+
; Pin           ; I/O Standard ; Near Tline Length ; Near Tline L per Length ; Near Tline C per Length ; Near Series R ; Near Differential R ; Near Pull-up R ; Near Pull-down R ; Near C ; Far Tline Length ; Far Tline L per Length ; Far Tline C per Length ; Far Series R ; Far Pull-up R ; Far Pull-down R ; Far C ; Termination Voltage ; Far Differential R ; EBD File Name ; EBD Signal Name ; EBD Far-end ;
+---------------+--------------+-------------------+-------------------------+-------------------------+---------------+---------------------+----------------+------------------+--------+------------------+------------------------+------------------------+--------------+---------------+-----------------+-------+---------------------+--------------------+---------------+-----------------+-------------+
; oALUOut[0]    ; 2.5 V        ; 0 in              ; 0 H/in                  ; 0 F/in                  ; short         ; -                   ; open           ; open             ; open   ; 0 in             ; 0 H/in                 ; 0 F/in                 ; short        ; open          ; open            ; open  ; 0 V                 ; -                  ; n/a           ; n/a             ; n/a         ;
; oALUOut[1]    ; 2.5 V        ; 0 in              ; 0 H/in                  ; 0 F/in                  ; short         ; -                   ; open           ; open             ; open   ; 0 in             ; 0 H/in                 ; 0 F/in                 ; short        ; open          ; open            ; open  ; 0 V                 ; -                  ; n/a           ; n/a             ; n/a         ;
; oALUOut[2]    ; 2.5 V        ; 0 in              ; 0 H/in                  ; 0 F/in                  ; short         ; -                   ; open           ; open             ; open   ; 0 in             ; 0 H/in                 ; 0 F/in                 ; short        ; open          ; open            ; open  ; 0 V                 ; -                  ; n/a           ; n/a             ; n/a         ;
; oALUOut[3]    ; 2.5 V        ; 0 in              ; 0 H/in                  ; 0 F/in                  ; short         ; -                   ; open           ; open             ; open   ; 0 in             ; 0 H/in                 ; 0 F/in                 ; short        ; open          ; open            ; open  ; 0 V                 ; -                  ; n/a           ; n/a             ; n/a         ;
; oALUOut[4]    ; 2.5 V        ; 0 in              ; 0 H/in                  ; 0 F/in                  ; short         ; -                   ; open           ; open             ; open   ; 0 in             ; 0 H/in                 ; 0 F/in                 ; short        ; open          ; open            ; open  ; 0 V                 ; -                  ; n/a           ; n/a             ; n/a         ;
; oALUOut[5]    ; 2.5 V        ; 0 in              ; 0 H/in                  ; 0 F/in                  ; short         ; -                   ; open           ; open             ; open   ; 0 in             ; 0 H/in                 ; 0 F/in                 ; short        ; open          ; open            ; open  ; 0 V                 ; -                  ; n/a           ; n/a             ; n/a         ;
; oALUOut[6]    ; 2.5 V        ; 0 in              ; 0 H/in                  ; 0 F/in                  ; short         ; -                   ; open           ; open             ; open   ; 0 in             ; 0 H/in                 ; 0 F/in                 ; short        ; open          ; open            ; open  ; 0 V                 ; -                  ; n/a           ; n/a             ; n/a         ;
; oALUOut[7]    ; 2.5 V        ; 0 in              ; 0 H/in                  ; 0 F/in                  ; short         ; -                   ; open           ; open             ; open   ; 0 in             ; 0 H/in                 ; 0 F/in                 ; short        ; open          ; open            ; open  ; 0 V                 ; -                  ; n/a           ; n/a             ; n/a         ;
; oALUOut[8]    ; 2.5 V        ; 0 in              ; 0 H/in                  ; 0 F/in                  ; short         ; -                   ; open           ; open             ; open   ; 0 in             ; 0 H/in                 ; 0 F/in                 ; short        ; open          ; open            ; open  ; 0 V                 ; -                  ; n/a           ; n/a             ; n/a         ;
; oALUOut[9]    ; 2.5 V        ; 0 in              ; 0 H/in                  ; 0 F/in                  ; short         ; -                   ; open           ; open             ; open   ; 0 in             ; 0 H/in                 ; 0 F/in                 ; short        ; open          ; open            ; open  ; 0 V                 ; -                  ; n/a           ; n/a             ; n/a         ;
; oALUOut[10]   ; 2.5 V        ; 0 in              ; 0 H/in                  ; 0 F/in                  ; short         ; -                   ; open           ; open             ; open   ; 0 in             ; 0 H/in                 ; 0 F/in                 ; short        ; open          ; open            ; open  ; 0 V                 ; -                  ; n/a           ; n/a             ; n/a         ;
; oALUOut[11]   ; 2.5 V        ; 0 in              ; 0 H/in                  ; 0 F/in                  ; short         ; -                   ; open           ; open             ; open   ; 0 in             ; 0 H/in                 ; 0 F/in                 ; short        ; open          ; open            ; open  ; 0 V                 ; -                  ; n/a           ; n/a             ; n/a         ;
; oALUOut[12]   ; 2.5 V        ; 0 in              ; 0 H/in                  ; 0 F/in                  ; short         ; -                   ; open           ; open             ; open   ; 0 in             ; 0 H/in                 ; 0 F/in                 ; short        ; open          ; open            ; open  ; 0 V                 ; -                  ; n/a           ; n/a             ; n/a         ;
; oALUOut[13]   ; 2.5 V        ; 0 in              ; 0 H/in                  ; 0 F/in                  ; short         ; -                   ; open           ; open             ; open   ; 0 in             ; 0 H/in                 ; 0 F/in                 ; short        ; open          ; open            ; open  ; 0 V                 ; -                  ; n/a           ; n/a             ; n/a         ;
; oALUOut[14]   ; 2.5 V        ; 0 in              ; 0 H/in                  ; 0 F/in                  ; short         ; -                   ; open           ; open             ; open   ; 0 in             ; 0 H/in                 ; 0 F/in                 ; short        ; open          ; open            ; open  ; 0 V                 ; -                  ; n/a           ; n/a             ; n/a         ;
; oALUOut[15]   ; 2.5 V        ; 0 in              ; 0 H/in                  ; 0 F/in                  ; short         ; -                   ; open           ; open             ; open   ; 0 in             ; 0 H/in                 ; 0 F/in                 ; short        ; open          ; open            ; open  ; 0 V                 ; -                  ; n/a           ; n/a             ; n/a         ;
; oALUOut[16]   ; 2.5 V        ; 0 in              ; 0 H/in                  ; 0 F/in                  ; short         ; -                   ; open           ; open             ; open   ; 0 in             ; 0 H/in                 ; 0 F/in                 ; short        ; open          ; open            ; open  ; 0 V                 ; -                  ; n/a           ; n/a             ; n/a         ;
; oALUOut[17]   ; 2.5 V        ; 0 in              ; 0 H/in                  ; 0 F/in                  ; short         ; -                   ; open           ; open             ; open   ; 0 in             ; 0 H/in                 ; 0 F/in                 ; short        ; open          ; open            ; open  ; 0 V                 ; -                  ; n/a           ; n/a             ; n/a         ;
; oALUOut[18]   ; 2.5 V        ; 0 in              ; 0 H/in                  ; 0 F/in                  ; short         ; -                   ; open           ; open             ; open   ; 0 in             ; 0 H/in                 ; 0 F/in                 ; short        ; open          ; open            ; open  ; 0 V                 ; -                  ; n/a           ; n/a             ; n/a         ;
; oALUOut[19]   ; 2.5 V        ; 0 in              ; 0 H/in                  ; 0 F/in                  ; short         ; -                   ; open           ; open             ; open   ; 0 in             ; 0 H/in                 ; 0 F/in                 ; short        ; open          ; open            ; open  ; 0 V                 ; -                  ; n/a           ; n/a             ; n/a         ;
; oALUOut[20]   ; 2.5 V        ; 0 in              ; 0 H/in                  ; 0 F/in                  ; short         ; -                   ; open           ; open             ; open   ; 0 in             ; 0 H/in                 ; 0 F/in                 ; short        ; open          ; open            ; open  ; 0 V                 ; -                  ; n/a           ; n/a             ; n/a         ;
; oALUOut[21]   ; 2.5 V        ; 0 in              ; 0 H/in                  ; 0 F/in                  ; short         ; -                   ; open           ; open             ; open   ; 0 in             ; 0 H/in                 ; 0 F/in                 ; short        ; open          ; open            ; open  ; 0 V                 ; -                  ; n/a           ; n/a             ; n/a         ;
; oALUOut[22]   ; 2.5 V        ; 0 in              ; 0 H/in                  ; 0 F/in                  ; short         ; -                   ; open           ; open             ; open   ; 0 in             ; 0 H/in                 ; 0 F/in                 ; short        ; open          ; open            ; open  ; 0 V                 ; -                  ; n/a           ; n/a             ; n/a         ;
; oALUOut[23]   ; 2.5 V        ; 0 in              ; 0 H/in                  ; 0 F/in                  ; short         ; -                   ; open           ; open             ; open   ; 0 in             ; 0 H/in                 ; 0 F/in                 ; short        ; open          ; open            ; open  ; 0 V                 ; -                  ; n/a           ; n/a             ; n/a         ;
; oALUOut[24]   ; 2.5 V        ; 0 in              ; 0 H/in                  ; 0 F/in                  ; short         ; -                   ; open           ; open             ; open   ; 0 in             ; 0 H/in                 ; 0 F/in                 ; short        ; open          ; open            ; open  ; 0 V                 ; -                  ; n/a           ; n/a             ; n/a         ;
; oALUOut[25]   ; 2.5 V        ; 0 in              ; 0 H/in                  ; 0 F/in                  ; short         ; -                   ; open           ; open             ; open   ; 0 in             ; 0 H/in                 ; 0 F/in                 ; short        ; open          ; open            ; open  ; 0 V                 ; -                  ; n/a           ; n/a             ; n/a         ;
; oALUOut[26]   ; 2.5 V        ; 0 in              ; 0 H/in                  ; 0 F/in                  ; short         ; -                   ; open           ; open             ; open   ; 0 in             ; 0 H/in                 ; 0 F/in                 ; short        ; open          ; open            ; open  ; 0 V                 ; -                  ; n/a           ; n/a             ; n/a         ;
; oALUOut[27]   ; 2.5 V        ; 0 in              ; 0 H/in                  ; 0 F/in                  ; short         ; -                   ; open           ; open             ; open   ; 0 in             ; 0 H/in                 ; 0 F/in                 ; short        ; open          ; open            ; open  ; 0 V                 ; -                  ; n/a           ; n/a             ; n/a         ;
; oALUOut[28]   ; 2.5 V        ; 0 in              ; 0 H/in                  ; 0 F/in                  ; short         ; -                   ; open           ; open             ; open   ; 0 in             ; 0 H/in                 ; 0 F/in                 ; short        ; open          ; open            ; open  ; 0 V                 ; -                  ; n/a           ; n/a             ; n/a         ;
; oALUOut[29]   ; 2.5 V        ; 0 in              ; 0 H/in                  ; 0 F/in                  ; short         ; -                   ; open           ; open             ; open   ; 0 in             ; 0 H/in                 ; 0 F/in                 ; short        ; open          ; open            ; open  ; 0 V                 ; -                  ; n/a           ; n/a             ; n/a         ;
; oALUOut[30]   ; 2.5 V        ; 0 in              ; 0 H/in                  ; 0 F/in                  ; short         ; -                   ; open           ; open             ; open   ; 0 in             ; 0 H/in                 ; 0 F/in                 ; short        ; open          ; open            ; open  ; 0 V                 ; -                  ; n/a           ; n/a             ; n/a         ;
; oALUOut[31]   ; 2.5 V        ; 0 in              ; 0 H/in                  ; 0 F/in                  ; short         ; -                   ; open           ; open             ; open   ; 0 in             ; 0 H/in                 ; 0 F/in                 ; short        ; open          ; open            ; open  ; 0 V                 ; -                  ; n/a           ; n/a             ; n/a         ;
; ~ALTERA_DCLK~ ; 2.5 V        ; 0 in              ; 0 H/in                  ; 0 F/in                  ; short         ; -                   ; open           ; open             ; open   ; 0 in             ; 0 H/in                 ; 0 F/in                 ; short        ; open          ; open            ; open  ; 0 V                 ; -                  ; n/a           ; n/a             ; n/a         ;
; ~ALTERA_nCEO~ ; 2.5 V        ; 0 in              ; 0 H/in                  ; 0 F/in                  ; short         ; -                   ; open           ; open             ; open   ; 0 in             ; 0 H/in                 ; 0 F/in                 ; short        ; open          ; open            ; open  ; 0 V                 ; -                  ; n/a           ; n/a             ; n/a         ;
+---------------+--------------+-------------------+-------------------------+-------------------------+---------------+---------------------+----------------+------------------+--------+------------------+------------------------+------------------------+--------------+---------------+-----------------+-------+---------------------+--------------------+---------------+-----------------+-------------+


+----------------------------------------------------------------------------+
; Input Transition Times                                                     ;
+-------------------------+--------------+-----------------+-----------------+
; Pin                     ; I/O Standard ; 10-90 Rise Time ; 90-10 Fall Time ;
+-------------------------+--------------+-----------------+-----------------+
; iInstAddr[0]            ; 2.5 V        ; 2000 ps         ; 2000 ps         ;
; iInstAddr[1]            ; 2.5 V        ; 2000 ps         ; 2000 ps         ;
; iInstAddr[12]           ; 2.5 V        ; 2000 ps         ; 2000 ps         ;
; iInstAddr[13]           ; 2.5 V        ; 2000 ps         ; 2000 ps         ;
; iInstAddr[14]           ; 2.5 V        ; 2000 ps         ; 2000 ps         ;
; iInstAddr[15]           ; 2.5 V        ; 2000 ps         ; 2000 ps         ;
; iInstAddr[16]           ; 2.5 V        ; 2000 ps         ; 2000 ps         ;
; iInstAddr[17]           ; 2.5 V        ; 2000 ps         ; 2000 ps         ;
; iInstAddr[18]           ; 2.5 V        ; 2000 ps         ; 2000 ps         ;
; iInstAddr[19]           ; 2.5 V        ; 2000 ps         ; 2000 ps         ;
; iInstAddr[20]           ; 2.5 V        ; 2000 ps         ; 2000 ps         ;
; iInstAddr[21]           ; 2.5 V        ; 2000 ps         ; 2000 ps         ;
; iInstAddr[22]           ; 2.5 V        ; 2000 ps         ; 2000 ps         ;
; iInstAddr[23]           ; 2.5 V        ; 2000 ps         ; 2000 ps         ;
; iInstAddr[24]           ; 2.5 V        ; 2000 ps         ; 2000 ps         ;
; iInstAddr[25]           ; 2.5 V        ; 2000 ps         ; 2000 ps         ;
; iInstAddr[26]           ; 2.5 V        ; 2000 ps         ; 2000 ps         ;
; iInstAddr[27]           ; 2.5 V        ; 2000 ps         ; 2000 ps         ;
; iInstAddr[28]           ; 2.5 V        ; 2000 ps         ; 2000 ps         ;
; iInstAddr[29]           ; 2.5 V        ; 2000 ps         ; 2000 ps         ;
; iInstAddr[30]           ; 2.5 V        ; 2000 ps         ; 2000 ps         ;
; iInstAddr[31]           ; 2.5 V        ; 2000 ps         ; 2000 ps         ;
; iCLK                    ; 2.5 V        ; 2000 ps         ; 2000 ps         ;
; iRST                    ; 2.5 V        ; 2000 ps         ; 2000 ps         ;
; iInstAddr[9]            ; 2.5 V        ; 2000 ps         ; 2000 ps         ;
; iInstLd                 ; 2.5 V        ; 2000 ps         ; 2000 ps         ;
; iInstAddr[8]            ; 2.5 V        ; 2000 ps         ; 2000 ps         ;
; iInstAddr[5]            ; 2.5 V        ; 2000 ps         ; 2000 ps         ;
; iInstAddr[4]            ; 2.5 V        ; 2000 ps         ; 2000 ps         ;
; iInstAddr[7]            ; 2.5 V        ; 2000 ps         ; 2000 ps         ;
; iInstAddr[6]            ; 2.5 V        ; 2000 ps         ; 2000 ps         ;
; iInstAddr[2]            ; 2.5 V        ; 2000 ps         ; 2000 ps         ;
; iInstAddr[3]            ; 2.5 V        ; 2000 ps         ; 2000 ps         ;
; iInstAddr[10]           ; 2.5 V        ; 2000 ps         ; 2000 ps         ;
; iInstAddr[11]           ; 2.5 V        ; 2000 ps         ; 2000 ps         ;
; iInstExt[5]             ; 2.5 V        ; 2000 ps         ; 2000 ps         ;
; iInstExt[0]             ; 2.5 V        ; 2000 ps         ; 2000 ps         ;
; iInstExt[1]             ; 2.5 V        ; 2000 ps         ; 2000 ps         ;
; iInstExt[3]             ; 2.5 V        ; 2000 ps         ; 2000 ps         ;
; iInstExt[2]             ; 2.5 V        ; 2000 ps         ; 2000 ps         ;
; iInstExt[4]             ; 2.5 V        ; 2000 ps         ; 2000 ps         ;
; iInstExt[6]             ; 2.5 V        ; 2000 ps         ; 2000 ps         ;
; iInstExt[22]            ; 2.5 V        ; 2000 ps         ; 2000 ps         ;
; iInstExt[21]            ; 2.5 V        ; 2000 ps         ; 2000 ps         ;
; iInstExt[24]            ; 2.5 V        ; 2000 ps         ; 2000 ps         ;
; iInstExt[23]            ; 2.5 V        ; 2000 ps         ; 2000 ps         ;
; iInstExt[20]            ; 2.5 V        ; 2000 ps         ; 2000 ps         ;
; iInstExt[7]             ; 2.5 V        ; 2000 ps         ; 2000 ps         ;
; iInstExt[17]            ; 2.5 V        ; 2000 ps         ; 2000 ps         ;
; iInstExt[16]            ; 2.5 V        ; 2000 ps         ; 2000 ps         ;
; iInstExt[19]            ; 2.5 V        ; 2000 ps         ; 2000 ps         ;
; iInstExt[18]            ; 2.5 V        ; 2000 ps         ; 2000 ps         ;
; iInstExt[15]            ; 2.5 V        ; 2000 ps         ; 2000 ps         ;
; iInstExt[14]            ; 2.5 V        ; 2000 ps         ; 2000 ps         ;
; iInstExt[12]            ; 2.5 V        ; 2000 ps         ; 2000 ps         ;
; iInstExt[13]            ; 2.5 V        ; 2000 ps         ; 2000 ps         ;
; iInstExt[30]            ; 2.5 V        ; 2000 ps         ; 2000 ps         ;
; iInstExt[11]            ; 2.5 V        ; 2000 ps         ; 2000 ps         ;
; iInstExt[10]            ; 2.5 V        ; 2000 ps         ; 2000 ps         ;
; iInstExt[9]             ; 2.5 V        ; 2000 ps         ; 2000 ps         ;
; iInstExt[8]             ; 2.5 V        ; 2000 ps         ; 2000 ps         ;
; iInstExt[25]            ; 2.5 V        ; 2000 ps         ; 2000 ps         ;
; iInstExt[26]            ; 2.5 V        ; 2000 ps         ; 2000 ps         ;
; iInstExt[27]            ; 2.5 V        ; 2000 ps         ; 2000 ps         ;
; iInstExt[28]            ; 2.5 V        ; 2000 ps         ; 2000 ps         ;
; iInstExt[29]            ; 2.5 V        ; 2000 ps         ; 2000 ps         ;
; iInstExt[31]            ; 2.5 V        ; 2000 ps         ; 2000 ps         ;
; ~ALTERA_ASDO_DATA1~     ; 2.5 V        ; 2000 ps         ; 2000 ps         ;
; ~ALTERA_FLASH_nCE_nCSO~ ; 2.5 V        ; 2000 ps         ; 2000 ps         ;
; ~ALTERA_DATA0~          ; 2.5 V        ; 2000 ps         ; 2000 ps         ;
+-------------------------+--------------+-----------------+-----------------+


+--------------------------------------------------------------------------------------------------------------------------------------------------------------------------------------------------------------------------------------------------------------------------------------------------------------------------------------------------------------------------------------------------------------------------------------------------------------------------------------------------------------------------------------------------------------------------------------------------------------------------------------------------------------------------------------------+
; Signal Integrity Metrics (Slow 1200mv 0c Model)                                                                                                                                                                                                                                                                                                                                                                                                                                                                                                                                                                                                                                            ;
+---------------+--------------+---------------------+---------------------+------------------------------+------------------------------+---------------------+---------------------+--------------------------------------+--------------------------------------+-----------------------------+-----------------------------+----------------------------+----------------------------+-----------------------------+-----------------------------+--------------------+--------------------+-------------------------------------+-------------------------------------+----------------------------+----------------------------+---------------------------+---------------------------+
; Pin           ; I/O Standard ; Board Delay on Rise ; Board Delay on Fall ; Steady State Voh at FPGA Pin ; Steady State Vol at FPGA Pin ; Voh Max at FPGA Pin ; Vol Min at FPGA Pin ; Ringback Voltage on Rise at FPGA Pin ; Ringback Voltage on Fall at FPGA Pin ; 10-90 Rise Time at FPGA Pin ; 90-10 Fall Time at FPGA Pin ; Monotonic Rise at FPGA Pin ; Monotonic Fall at FPGA Pin ; Steady State Voh at Far-end ; Steady State Vol at Far-end ; Voh Max at Far-end ; Vol Min at Far-end ; Ringback Voltage on Rise at Far-end ; Ringback Voltage on Fall at Far-end ; 10-90 Rise Time at Far-end ; 90-10 Fall Time at Far-end ; Monotonic Rise at Far-end ; Monotonic Fall at Far-end ;
+---------------+--------------+---------------------+---------------------+------------------------------+------------------------------+---------------------+---------------------+--------------------------------------+--------------------------------------+-----------------------------+-----------------------------+----------------------------+----------------------------+-----------------------------+-----------------------------+--------------------+--------------------+-------------------------------------+-------------------------------------+----------------------------+----------------------------+---------------------------+---------------------------+
; oALUOut[0]    ; 2.5 V        ; 0 s                 ; 0 s                 ; 2.32 V                       ; 3.07e-09 V                   ; 2.37 V              ; -0.00994 V          ; 0.186 V                              ; 0.028 V                              ; 4.98e-10 s                  ; 4.96e-10 s                  ; Yes                        ; Yes                        ; 2.32 V                      ; 3.07e-09 V                  ; 2.37 V             ; -0.00994 V         ; 0.186 V                             ; 0.028 V                             ; 4.98e-10 s                 ; 4.96e-10 s                 ; Yes                       ; Yes                       ;
; oALUOut[1]    ; 2.5 V        ; 0 s                 ; 0 s                 ; 2.32 V                       ; 3.07e-09 V                   ; 2.37 V              ; -0.00994 V          ; 0.186 V                              ; 0.028 V                              ; 4.98e-10 s                  ; 4.96e-10 s                  ; Yes                        ; Yes                        ; 2.32 V                      ; 3.07e-09 V                  ; 2.37 V             ; -0.00994 V         ; 0.186 V                             ; 0.028 V                             ; 4.98e-10 s                 ; 4.96e-10 s                 ; Yes                       ; Yes                       ;
; oALUOut[2]    ; 2.5 V        ; 0 s                 ; 0 s                 ; 2.32 V                       ; 3.07e-09 V                   ; 2.37 V              ; -0.00994 V          ; 0.186 V                              ; 0.028 V                              ; 4.98e-10 s                  ; 4.96e-10 s                  ; Yes                        ; Yes                        ; 2.32 V                      ; 3.07e-09 V                  ; 2.37 V             ; -0.00994 V         ; 0.186 V                             ; 0.028 V                             ; 4.98e-10 s                 ; 4.96e-10 s                 ; Yes                       ; Yes                       ;
; oALUOut[3]    ; 2.5 V        ; 0 s                 ; 0 s                 ; 2.32 V                       ; 3.07e-09 V                   ; 2.37 V              ; -0.00994 V          ; 0.186 V                              ; 0.028 V                              ; 4.98e-10 s                  ; 4.96e-10 s                  ; Yes                        ; Yes                        ; 2.32 V                      ; 3.07e-09 V                  ; 2.37 V             ; -0.00994 V         ; 0.186 V                             ; 0.028 V                             ; 4.98e-10 s                 ; 4.96e-10 s                 ; Yes                       ; Yes                       ;
; oALUOut[4]    ; 2.5 V        ; 0 s                 ; 0 s                 ; 2.32 V                       ; 3.07e-09 V                   ; 2.37 V              ; -0.00994 V          ; 0.186 V                              ; 0.028 V                              ; 4.98e-10 s                  ; 4.96e-10 s                  ; Yes                        ; Yes                        ; 2.32 V                      ; 3.07e-09 V                  ; 2.37 V             ; -0.00994 V         ; 0.186 V                             ; 0.028 V                             ; 4.98e-10 s                 ; 4.96e-10 s                 ; Yes                       ; Yes                       ;
; oALUOut[5]    ; 2.5 V        ; 0 s                 ; 0 s                 ; 2.32 V                       ; 3.07e-09 V                   ; 2.37 V              ; -0.00994 V          ; 0.186 V                              ; 0.028 V                              ; 4.98e-10 s                  ; 4.96e-10 s                  ; Yes                        ; Yes                        ; 2.32 V                      ; 3.07e-09 V                  ; 2.37 V             ; -0.00994 V         ; 0.186 V                             ; 0.028 V                             ; 4.98e-10 s                 ; 4.96e-10 s                 ; Yes                       ; Yes                       ;
; oALUOut[6]    ; 2.5 V        ; 0 s                 ; 0 s                 ; 2.32 V                       ; 3.07e-09 V                   ; 2.37 V              ; -0.00994 V          ; 0.186 V                              ; 0.028 V                              ; 4.98e-10 s                  ; 4.96e-10 s                  ; Yes                        ; Yes                        ; 2.32 V                      ; 3.07e-09 V                  ; 2.37 V             ; -0.00994 V         ; 0.186 V                             ; 0.028 V                             ; 4.98e-10 s                 ; 4.96e-10 s                 ; Yes                       ; Yes                       ;
; oALUOut[7]    ; 2.5 V        ; 0 s                 ; 0 s                 ; 2.32 V                       ; 3.07e-09 V                   ; 2.37 V              ; -0.00994 V          ; 0.186 V                              ; 0.028 V                              ; 4.98e-10 s                  ; 4.96e-10 s                  ; Yes                        ; Yes                        ; 2.32 V                      ; 3.07e-09 V                  ; 2.37 V             ; -0.00994 V         ; 0.186 V                             ; 0.028 V                             ; 4.98e-10 s                 ; 4.96e-10 s                 ; Yes                       ; Yes                       ;
; oALUOut[8]    ; 2.5 V        ; 0 s                 ; 0 s                 ; 2.32 V                       ; 3.07e-09 V                   ; 2.37 V              ; -0.00994 V          ; 0.186 V                              ; 0.028 V                              ; 4.98e-10 s                  ; 4.96e-10 s                  ; Yes                        ; Yes                        ; 2.32 V                      ; 3.07e-09 V                  ; 2.37 V             ; -0.00994 V         ; 0.186 V                             ; 0.028 V                             ; 4.98e-10 s                 ; 4.96e-10 s                 ; Yes                       ; Yes                       ;
; oALUOut[9]    ; 2.5 V        ; 0 s                 ; 0 s                 ; 2.32 V                       ; 3.07e-09 V                   ; 2.37 V              ; -0.00994 V          ; 0.186 V                              ; 0.028 V                              ; 4.98e-10 s                  ; 4.96e-10 s                  ; Yes                        ; Yes                        ; 2.32 V                      ; 3.07e-09 V                  ; 2.37 V             ; -0.00994 V         ; 0.186 V                             ; 0.028 V                             ; 4.98e-10 s                 ; 4.96e-10 s                 ; Yes                       ; Yes                       ;
; oALUOut[10]   ; 2.5 V        ; 0 s                 ; 0 s                 ; 2.32 V                       ; 3.07e-09 V                   ; 2.37 V              ; -0.00994 V          ; 0.186 V                              ; 0.028 V                              ; 4.98e-10 s                  ; 4.96e-10 s                  ; Yes                        ; Yes                        ; 2.32 V                      ; 3.07e-09 V                  ; 2.37 V             ; -0.00994 V         ; 0.186 V                             ; 0.028 V                             ; 4.98e-10 s                 ; 4.96e-10 s                 ; Yes                       ; Yes                       ;
; oALUOut[11]   ; 2.5 V        ; 0 s                 ; 0 s                 ; 2.32 V                       ; 3.07e-09 V                   ; 2.37 V              ; -0.00994 V          ; 0.186 V                              ; 0.028 V                              ; 4.98e-10 s                  ; 4.96e-10 s                  ; Yes                        ; Yes                        ; 2.32 V                      ; 3.07e-09 V                  ; 2.37 V             ; -0.00994 V         ; 0.186 V                             ; 0.028 V                             ; 4.98e-10 s                 ; 4.96e-10 s                 ; Yes                       ; Yes                       ;
; oALUOut[12]   ; 2.5 V        ; 0 s                 ; 0 s                 ; 2.32 V                       ; 3.07e-09 V                   ; 2.33 V              ; -0.00496 V          ; 0.223 V                              ; 0.086 V                              ; 2.9e-09 s                   ; 2.73e-09 s                  ; Yes                        ; Yes                        ; 2.32 V                      ; 3.07e-09 V                  ; 2.33 V             ; -0.00496 V         ; 0.223 V                             ; 0.086 V                             ; 2.9e-09 s                  ; 2.73e-09 s                 ; Yes                       ; Yes                       ;
; oALUOut[13]   ; 2.5 V        ; 0 s                 ; 0 s                 ; 2.32 V                       ; 3.07e-09 V                   ; 2.37 V              ; -0.00994 V          ; 0.186 V                              ; 0.028 V                              ; 4.98e-10 s                  ; 4.96e-10 s                  ; Yes                        ; Yes                        ; 2.32 V                      ; 3.07e-09 V                  ; 2.37 V             ; -0.00994 V         ; 0.186 V                             ; 0.028 V                             ; 4.98e-10 s                 ; 4.96e-10 s                 ; Yes                       ; Yes                       ;
; oALUOut[14]   ; 2.5 V        ; 0 s                 ; 0 s                 ; 2.32 V                       ; 3.07e-09 V                   ; 2.37 V              ; -0.00994 V          ; 0.186 V                              ; 0.028 V                              ; 4.98e-10 s                  ; 4.96e-10 s                  ; Yes                        ; Yes                        ; 2.32 V                      ; 3.07e-09 V                  ; 2.37 V             ; -0.00994 V         ; 0.186 V                             ; 0.028 V                             ; 4.98e-10 s                 ; 4.96e-10 s                 ; Yes                       ; Yes                       ;
; oALUOut[15]   ; 2.5 V        ; 0 s                 ; 0 s                 ; 2.32 V                       ; 3.07e-09 V                   ; 2.33 V              ; -0.00496 V          ; 0.223 V                              ; 0.086 V                              ; 2.9e-09 s                   ; 2.73e-09 s                  ; Yes                        ; Yes                        ; 2.32 V                      ; 3.07e-09 V                  ; 2.33 V             ; -0.00496 V         ; 0.223 V                             ; 0.086 V                             ; 2.9e-09 s                  ; 2.73e-09 s                 ; Yes                       ; Yes                       ;
; oALUOut[16]   ; 2.5 V        ; 0 s                 ; 0 s                 ; 2.32 V                       ; 3.07e-09 V                   ; 2.37 V              ; -0.00994 V          ; 0.186 V                              ; 0.028 V                              ; 4.98e-10 s                  ; 4.96e-10 s                  ; Yes                        ; Yes                        ; 2.32 V                      ; 3.07e-09 V                  ; 2.37 V             ; -0.00994 V         ; 0.186 V                             ; 0.028 V                             ; 4.98e-10 s                 ; 4.96e-10 s                 ; Yes                       ; Yes                       ;
; oALUOut[17]   ; 2.5 V        ; 0 s                 ; 0 s                 ; 2.32 V                       ; 3.07e-09 V                   ; 2.37 V              ; -0.00994 V          ; 0.186 V                              ; 0.028 V                              ; 4.98e-10 s                  ; 4.96e-10 s                  ; Yes                        ; Yes                        ; 2.32 V                      ; 3.07e-09 V                  ; 2.37 V             ; -0.00994 V         ; 0.186 V                             ; 0.028 V                             ; 4.98e-10 s                 ; 4.96e-10 s                 ; Yes                       ; Yes                       ;
; oALUOut[18]   ; 2.5 V        ; 0 s                 ; 0 s                 ; 2.32 V                       ; 3.07e-09 V                   ; 2.37 V              ; -0.00994 V          ; 0.186 V                              ; 0.028 V                              ; 4.98e-10 s                  ; 4.96e-10 s                  ; Yes                        ; Yes                        ; 2.32 V                      ; 3.07e-09 V                  ; 2.37 V             ; -0.00994 V         ; 0.186 V                             ; 0.028 V                             ; 4.98e-10 s                 ; 4.96e-10 s                 ; Yes                       ; Yes                       ;
; oALUOut[19]   ; 2.5 V        ; 0 s                 ; 0 s                 ; 2.32 V                       ; 3.07e-09 V                   ; 2.37 V              ; -0.00994 V          ; 0.186 V                              ; 0.028 V                              ; 4.98e-10 s                  ; 4.96e-10 s                  ; Yes                        ; Yes                        ; 2.32 V                      ; 3.07e-09 V                  ; 2.37 V             ; -0.00994 V         ; 0.186 V                             ; 0.028 V                             ; 4.98e-10 s                 ; 4.96e-10 s                 ; Yes                       ; Yes                       ;
; oALUOut[20]   ; 2.5 V        ; 0 s                 ; 0 s                 ; 2.32 V                       ; 3.07e-09 V                   ; 2.37 V              ; -0.00994 V          ; 0.186 V                              ; 0.028 V                              ; 4.98e-10 s                  ; 4.96e-10 s                  ; Yes                        ; Yes                        ; 2.32 V                      ; 3.07e-09 V                  ; 2.37 V             ; -0.00994 V         ; 0.186 V                             ; 0.028 V                             ; 4.98e-10 s                 ; 4.96e-10 s                 ; Yes                       ; Yes                       ;
; oALUOut[21]   ; 2.5 V        ; 0 s                 ; 0 s                 ; 2.32 V                       ; 3.07e-09 V                   ; 2.37 V              ; -0.00994 V          ; 0.186 V                              ; 0.028 V                              ; 4.98e-10 s                  ; 4.96e-10 s                  ; Yes                        ; Yes                        ; 2.32 V                      ; 3.07e-09 V                  ; 2.37 V             ; -0.00994 V         ; 0.186 V                             ; 0.028 V                             ; 4.98e-10 s                 ; 4.96e-10 s                 ; Yes                       ; Yes                       ;
; oALUOut[22]   ; 2.5 V        ; 0 s                 ; 0 s                 ; 2.32 V                       ; 3.07e-09 V                   ; 2.37 V              ; -0.00994 V          ; 0.186 V                              ; 0.028 V                              ; 4.98e-10 s                  ; 4.96e-10 s                  ; Yes                        ; Yes                        ; 2.32 V                      ; 3.07e-09 V                  ; 2.37 V             ; -0.00994 V         ; 0.186 V                             ; 0.028 V                             ; 4.98e-10 s                 ; 4.96e-10 s                 ; Yes                       ; Yes                       ;
; oALUOut[23]   ; 2.5 V        ; 0 s                 ; 0 s                 ; 2.32 V                       ; 3.07e-09 V                   ; 2.37 V              ; -0.00994 V          ; 0.186 V                              ; 0.028 V                              ; 4.98e-10 s                  ; 4.96e-10 s                  ; Yes                        ; Yes                        ; 2.32 V                      ; 3.07e-09 V                  ; 2.37 V             ; -0.00994 V         ; 0.186 V                             ; 0.028 V                             ; 4.98e-10 s                 ; 4.96e-10 s                 ; Yes                       ; Yes                       ;
; oALUOut[24]   ; 2.5 V        ; 0 s                 ; 0 s                 ; 2.32 V                       ; 3.07e-09 V                   ; 2.37 V              ; -0.00994 V          ; 0.186 V                              ; 0.028 V                              ; 4.98e-10 s                  ; 4.96e-10 s                  ; Yes                        ; Yes                        ; 2.32 V                      ; 3.07e-09 V                  ; 2.37 V             ; -0.00994 V         ; 0.186 V                             ; 0.028 V                             ; 4.98e-10 s                 ; 4.96e-10 s                 ; Yes                       ; Yes                       ;
; oALUOut[25]   ; 2.5 V        ; 0 s                 ; 0 s                 ; 2.32 V                       ; 3.07e-09 V                   ; 2.37 V              ; -0.00994 V          ; 0.186 V                              ; 0.028 V                              ; 4.98e-10 s                  ; 4.96e-10 s                  ; Yes                        ; Yes                        ; 2.32 V                      ; 3.07e-09 V                  ; 2.37 V             ; -0.00994 V         ; 0.186 V                             ; 0.028 V                             ; 4.98e-10 s                 ; 4.96e-10 s                 ; Yes                       ; Yes                       ;
; oALUOut[26]   ; 2.5 V        ; 0 s                 ; 0 s                 ; 2.32 V                       ; 3.07e-09 V                   ; 2.37 V              ; -0.00994 V          ; 0.186 V                              ; 0.028 V                              ; 4.98e-10 s                  ; 4.96e-10 s                  ; Yes                        ; Yes                        ; 2.32 V                      ; 3.07e-09 V                  ; 2.37 V             ; -0.00994 V         ; 0.186 V                             ; 0.028 V                             ; 4.98e-10 s                 ; 4.96e-10 s                 ; Yes                       ; Yes                       ;
; oALUOut[27]   ; 2.5 V        ; 0 s                 ; 0 s                 ; 2.32 V                       ; 3.07e-09 V                   ; 2.38 V              ; -0.0144 V           ; 0.227 V                              ; 0.024 V                              ; 3.14e-10 s                  ; 3.39e-10 s                  ; Yes                        ; Yes                        ; 2.32 V                      ; 3.07e-09 V                  ; 2.38 V             ; -0.0144 V          ; 0.227 V                             ; 0.024 V                             ; 3.14e-10 s                 ; 3.39e-10 s                 ; Yes                       ; Yes                       ;
; oALUOut[28]   ; 2.5 V        ; 0 s                 ; 0 s                 ; 2.32 V                       ; 4.49e-09 V                   ; 2.38 V              ; -0.00552 V          ; 0.096 V                              ; 0.019 V                              ; 4.18e-10 s                  ; 3.59e-10 s                  ; No                         ; Yes                        ; 2.32 V                      ; 4.49e-09 V                  ; 2.38 V             ; -0.00552 V         ; 0.096 V                             ; 0.019 V                             ; 4.18e-10 s                 ; 3.59e-10 s                 ; No                        ; Yes                       ;
; oALUOut[29]   ; 2.5 V        ; 0 s                 ; 0 s                 ; 2.32 V                       ; 3.07e-09 V                   ; 2.37 V              ; -0.00994 V          ; 0.186 V                              ; 0.028 V                              ; 4.98e-10 s                  ; 4.96e-10 s                  ; Yes                        ; Yes                        ; 2.32 V                      ; 3.07e-09 V                  ; 2.37 V             ; -0.00994 V         ; 0.186 V                             ; 0.028 V                             ; 4.98e-10 s                 ; 4.96e-10 s                 ; Yes                       ; Yes                       ;
; oALUOut[30]   ; 2.5 V        ; 0 s                 ; 0 s                 ; 2.32 V                       ; 3.07e-09 V                   ; 2.37 V              ; -0.00994 V          ; 0.186 V                              ; 0.028 V                              ; 4.98e-10 s                  ; 4.96e-10 s                  ; Yes                        ; Yes                        ; 2.32 V                      ; 3.07e-09 V                  ; 2.37 V             ; -0.00994 V         ; 0.186 V                             ; 0.028 V                             ; 4.98e-10 s                 ; 4.96e-10 s                 ; Yes                       ; Yes                       ;
; oALUOut[31]   ; 2.5 V        ; 0 s                 ; 0 s                 ; 2.32 V                       ; 3.07e-09 V                   ; 2.37 V              ; -0.00994 V          ; 0.186 V                              ; 0.028 V                              ; 4.98e-10 s                  ; 4.96e-10 s                  ; Yes                        ; Yes                        ; 2.32 V                      ; 3.07e-09 V                  ; 2.37 V             ; -0.00994 V         ; 0.186 V                             ; 0.028 V                             ; 4.98e-10 s                 ; 4.96e-10 s                 ; Yes                       ; Yes                       ;
; ~ALTERA_DCLK~ ; 2.5 V        ; 0 s                 ; 0 s                 ; 2.32 V                       ; 2.67e-09 V                   ; 2.38 V              ; -0.0485 V           ; 0.167 V                              ; 0.096 V                              ; 2.95e-10 s                  ; 2.73e-10 s                  ; Yes                        ; Yes                        ; 2.32 V                      ; 2.67e-09 V                  ; 2.38 V             ; -0.0485 V          ; 0.167 V                             ; 0.096 V                             ; 2.95e-10 s                 ; 2.73e-10 s                 ; Yes                       ; Yes                       ;
; ~ALTERA_nCEO~ ; 2.5 V        ; 0 s                 ; 0 s                 ; 2.32 V                       ; 4.18e-09 V                   ; 2.38 V              ; -0.00483 V          ; 0.152 V                              ; 0.012 V                              ; 4.81e-10 s                  ; 6.29e-10 s                  ; Yes                        ; Yes                        ; 2.32 V                      ; 4.18e-09 V                  ; 2.38 V             ; -0.00483 V         ; 0.152 V                             ; 0.012 V                             ; 4.81e-10 s                 ; 6.29e-10 s                 ; Yes                       ; Yes                       ;
+---------------+--------------+---------------------+---------------------+------------------------------+------------------------------+---------------------+---------------------+--------------------------------------+--------------------------------------+-----------------------------+-----------------------------+----------------------------+----------------------------+-----------------------------+-----------------------------+--------------------+--------------------+-------------------------------------+-------------------------------------+----------------------------+----------------------------+---------------------------+---------------------------+


+--------------------------------------------------------------------------------------------------------------------------------------------------------------------------------------------------------------------------------------------------------------------------------------------------------------------------------------------------------------------------------------------------------------------------------------------------------------------------------------------------------------------------------------------------------------------------------------------------------------------------------------------------------------------------------------------+
; Signal Integrity Metrics (Slow 1200mv 85c Model)                                                                                                                                                                                                                                                                                                                                                                                                                                                                                                                                                                                                                                           ;
+---------------+--------------+---------------------+---------------------+------------------------------+------------------------------+---------------------+---------------------+--------------------------------------+--------------------------------------+-----------------------------+-----------------------------+----------------------------+----------------------------+-----------------------------+-----------------------------+--------------------+--------------------+-------------------------------------+-------------------------------------+----------------------------+----------------------------+---------------------------+---------------------------+
; Pin           ; I/O Standard ; Board Delay on Rise ; Board Delay on Fall ; Steady State Voh at FPGA Pin ; Steady State Vol at FPGA Pin ; Voh Max at FPGA Pin ; Vol Min at FPGA Pin ; Ringback Voltage on Rise at FPGA Pin ; Ringback Voltage on Fall at FPGA Pin ; 10-90 Rise Time at FPGA Pin ; 90-10 Fall Time at FPGA Pin ; Monotonic Rise at FPGA Pin ; Monotonic Fall at FPGA Pin ; Steady State Voh at Far-end ; Steady State Vol at Far-end ; Voh Max at Far-end ; Vol Min at Far-end ; Ringback Voltage on Rise at Far-end ; Ringback Voltage on Fall at Far-end ; 10-90 Rise Time at Far-end ; 90-10 Fall Time at Far-end ; Monotonic Rise at Far-end ; Monotonic Fall at Far-end ;
+---------------+--------------+---------------------+---------------------+------------------------------+------------------------------+---------------------+---------------------+--------------------------------------+--------------------------------------+-----------------------------+-----------------------------+----------------------------+----------------------------+-----------------------------+-----------------------------+--------------------+--------------------+-------------------------------------+-------------------------------------+----------------------------+----------------------------+---------------------------+---------------------------+
; oALUOut[0]    ; 2.5 V        ; 0 s                 ; 0 s                 ; 2.32 V                       ; 4.67e-07 V                   ; 2.35 V              ; -0.00942 V          ; 0.116 V                              ; 0.033 V                              ; 6.66e-10 s                  ; 6.27e-10 s                  ; Yes                        ; Yes                        ; 2.32 V                      ; 4.67e-07 V                  ; 2.35 V             ; -0.00942 V         ; 0.116 V                             ; 0.033 V                             ; 6.66e-10 s                 ; 6.27e-10 s                 ; Yes                       ; Yes                       ;
; oALUOut[1]    ; 2.5 V        ; 0 s                 ; 0 s                 ; 2.32 V                       ; 4.67e-07 V                   ; 2.35 V              ; -0.00942 V          ; 0.116 V                              ; 0.033 V                              ; 6.66e-10 s                  ; 6.27e-10 s                  ; Yes                        ; Yes                        ; 2.32 V                      ; 4.67e-07 V                  ; 2.35 V             ; -0.00942 V         ; 0.116 V                             ; 0.033 V                             ; 6.66e-10 s                 ; 6.27e-10 s                 ; Yes                       ; Yes                       ;
; oALUOut[2]    ; 2.5 V        ; 0 s                 ; 0 s                 ; 2.32 V                       ; 4.67e-07 V                   ; 2.35 V              ; -0.00942 V          ; 0.116 V                              ; 0.033 V                              ; 6.66e-10 s                  ; 6.27e-10 s                  ; Yes                        ; Yes                        ; 2.32 V                      ; 4.67e-07 V                  ; 2.35 V             ; -0.00942 V         ; 0.116 V                             ; 0.033 V                             ; 6.66e-10 s                 ; 6.27e-10 s                 ; Yes                       ; Yes                       ;
; oALUOut[3]    ; 2.5 V        ; 0 s                 ; 0 s                 ; 2.32 V                       ; 4.67e-07 V                   ; 2.35 V              ; -0.00942 V          ; 0.116 V                              ; 0.033 V                              ; 6.66e-10 s                  ; 6.27e-10 s                  ; Yes                        ; Yes                        ; 2.32 V                      ; 4.67e-07 V                  ; 2.35 V             ; -0.00942 V         ; 0.116 V                             ; 0.033 V                             ; 6.66e-10 s                 ; 6.27e-10 s                 ; Yes                       ; Yes                       ;
; oALUOut[4]    ; 2.5 V        ; 0 s                 ; 0 s                 ; 2.32 V                       ; 4.67e-07 V                   ; 2.35 V              ; -0.00942 V          ; 0.116 V                              ; 0.033 V                              ; 6.66e-10 s                  ; 6.27e-10 s                  ; Yes                        ; Yes                        ; 2.32 V                      ; 4.67e-07 V                  ; 2.35 V             ; -0.00942 V         ; 0.116 V                             ; 0.033 V                             ; 6.66e-10 s                 ; 6.27e-10 s                 ; Yes                       ; Yes                       ;
; oALUOut[5]    ; 2.5 V        ; 0 s                 ; 0 s                 ; 2.32 V                       ; 4.67e-07 V                   ; 2.35 V              ; -0.00942 V          ; 0.116 V                              ; 0.033 V                              ; 6.66e-10 s                  ; 6.27e-10 s                  ; Yes                        ; Yes                        ; 2.32 V                      ; 4.67e-07 V                  ; 2.35 V             ; -0.00942 V         ; 0.116 V                             ; 0.033 V                             ; 6.66e-10 s                 ; 6.27e-10 s                 ; Yes                       ; Yes                       ;
; oALUOut[6]    ; 2.5 V        ; 0 s                 ; 0 s                 ; 2.32 V                       ; 4.67e-07 V                   ; 2.35 V              ; -0.00942 V          ; 0.116 V                              ; 0.033 V                              ; 6.66e-10 s                  ; 6.27e-10 s                  ; Yes                        ; Yes                        ; 2.32 V                      ; 4.67e-07 V                  ; 2.35 V             ; -0.00942 V         ; 0.116 V                             ; 0.033 V                             ; 6.66e-10 s                 ; 6.27e-10 s                 ; Yes                       ; Yes                       ;
; oALUOut[7]    ; 2.5 V        ; 0 s                 ; 0 s                 ; 2.32 V                       ; 4.67e-07 V                   ; 2.35 V              ; -0.00942 V          ; 0.116 V                              ; 0.033 V                              ; 6.66e-10 s                  ; 6.27e-10 s                  ; Yes                        ; Yes                        ; 2.32 V                      ; 4.67e-07 V                  ; 2.35 V             ; -0.00942 V         ; 0.116 V                             ; 0.033 V                             ; 6.66e-10 s                 ; 6.27e-10 s                 ; Yes                       ; Yes                       ;
; oALUOut[8]    ; 2.5 V        ; 0 s                 ; 0 s                 ; 2.32 V                       ; 4.67e-07 V                   ; 2.35 V              ; -0.00942 V          ; 0.116 V                              ; 0.033 V                              ; 6.66e-10 s                  ; 6.27e-10 s                  ; Yes                        ; Yes                        ; 2.32 V                      ; 4.67e-07 V                  ; 2.35 V             ; -0.00942 V         ; 0.116 V                             ; 0.033 V                             ; 6.66e-10 s                 ; 6.27e-10 s                 ; Yes                       ; Yes                       ;
; oALUOut[9]    ; 2.5 V        ; 0 s                 ; 0 s                 ; 2.32 V                       ; 4.67e-07 V                   ; 2.35 V              ; -0.00942 V          ; 0.116 V                              ; 0.033 V                              ; 6.66e-10 s                  ; 6.27e-10 s                  ; Yes                        ; Yes                        ; 2.32 V                      ; 4.67e-07 V                  ; 2.35 V             ; -0.00942 V         ; 0.116 V                             ; 0.033 V                             ; 6.66e-10 s                 ; 6.27e-10 s                 ; Yes                       ; Yes                       ;
; oALUOut[10]   ; 2.5 V        ; 0 s                 ; 0 s                 ; 2.32 V                       ; 4.67e-07 V                   ; 2.35 V              ; -0.00942 V          ; 0.116 V                              ; 0.033 V                              ; 6.66e-10 s                  ; 6.27e-10 s                  ; Yes                        ; Yes                        ; 2.32 V                      ; 4.67e-07 V                  ; 2.35 V             ; -0.00942 V         ; 0.116 V                             ; 0.033 V                             ; 6.66e-10 s                 ; 6.27e-10 s                 ; Yes                       ; Yes                       ;
; oALUOut[11]   ; 2.5 V        ; 0 s                 ; 0 s                 ; 2.32 V                       ; 4.67e-07 V                   ; 2.35 V              ; -0.00942 V          ; 0.116 V                              ; 0.033 V                              ; 6.66e-10 s                  ; 6.27e-10 s                  ; Yes                        ; Yes                        ; 2.32 V                      ; 4.67e-07 V                  ; 2.35 V             ; -0.00942 V         ; 0.116 V                             ; 0.033 V                             ; 6.66e-10 s                 ; 6.27e-10 s                 ; Yes                       ; Yes                       ;
; oALUOut[12]   ; 2.5 V        ; 0 s                 ; 0 s                 ; 2.32 V                       ; 4.67e-07 V                   ; 2.33 V              ; -0.00269 V          ; 0.13 V                               ; 0.055 V                              ; 3.54e-09 s                  ; 3.29e-09 s                  ; Yes                        ; Yes                        ; 2.32 V                      ; 4.67e-07 V                  ; 2.33 V             ; -0.00269 V         ; 0.13 V                              ; 0.055 V                             ; 3.54e-09 s                 ; 3.29e-09 s                 ; Yes                       ; Yes                       ;
; oALUOut[13]   ; 2.5 V        ; 0 s                 ; 0 s                 ; 2.32 V                       ; 4.67e-07 V                   ; 2.35 V              ; -0.00942 V          ; 0.116 V                              ; 0.033 V                              ; 6.66e-10 s                  ; 6.27e-10 s                  ; Yes                        ; Yes                        ; 2.32 V                      ; 4.67e-07 V                  ; 2.35 V             ; -0.00942 V         ; 0.116 V                             ; 0.033 V                             ; 6.66e-10 s                 ; 6.27e-10 s                 ; Yes                       ; Yes                       ;
; oALUOut[14]   ; 2.5 V        ; 0 s                 ; 0 s                 ; 2.32 V                       ; 4.67e-07 V                   ; 2.35 V              ; -0.00942 V          ; 0.116 V                              ; 0.033 V                              ; 6.66e-10 s                  ; 6.27e-10 s                  ; Yes                        ; Yes                        ; 2.32 V                      ; 4.67e-07 V                  ; 2.35 V             ; -0.00942 V         ; 0.116 V                             ; 0.033 V                             ; 6.66e-10 s                 ; 6.27e-10 s                 ; Yes                       ; Yes                       ;
; oALUOut[15]   ; 2.5 V        ; 0 s                 ; 0 s                 ; 2.32 V                       ; 4.67e-07 V                   ; 2.33 V              ; -0.00269 V          ; 0.13 V                               ; 0.055 V                              ; 3.54e-09 s                  ; 3.29e-09 s                  ; Yes                        ; Yes                        ; 2.32 V                      ; 4.67e-07 V                  ; 2.33 V             ; -0.00269 V         ; 0.13 V                              ; 0.055 V                             ; 3.54e-09 s                 ; 3.29e-09 s                 ; Yes                       ; Yes                       ;
; oALUOut[16]   ; 2.5 V        ; 0 s                 ; 0 s                 ; 2.32 V                       ; 4.67e-07 V                   ; 2.35 V              ; -0.00942 V          ; 0.116 V                              ; 0.033 V                              ; 6.66e-10 s                  ; 6.27e-10 s                  ; Yes                        ; Yes                        ; 2.32 V                      ; 4.67e-07 V                  ; 2.35 V             ; -0.00942 V         ; 0.116 V                             ; 0.033 V                             ; 6.66e-10 s                 ; 6.27e-10 s                 ; Yes                       ; Yes                       ;
; oALUOut[17]   ; 2.5 V        ; 0 s                 ; 0 s                 ; 2.32 V                       ; 4.67e-07 V                   ; 2.35 V              ; -0.00942 V          ; 0.116 V                              ; 0.033 V                              ; 6.66e-10 s                  ; 6.27e-10 s                  ; Yes                        ; Yes                        ; 2.32 V                      ; 4.67e-07 V                  ; 2.35 V             ; -0.00942 V         ; 0.116 V                             ; 0.033 V                             ; 6.66e-10 s                 ; 6.27e-10 s                 ; Yes                       ; Yes                       ;
; oALUOut[18]   ; 2.5 V        ; 0 s                 ; 0 s                 ; 2.32 V                       ; 4.67e-07 V                   ; 2.35 V              ; -0.00942 V          ; 0.116 V                              ; 0.033 V                              ; 6.66e-10 s                  ; 6.27e-10 s                  ; Yes                        ; Yes                        ; 2.32 V                      ; 4.67e-07 V                  ; 2.35 V             ; -0.00942 V         ; 0.116 V                             ; 0.033 V                             ; 6.66e-10 s                 ; 6.27e-10 s                 ; Yes                       ; Yes                       ;
; oALUOut[19]   ; 2.5 V        ; 0 s                 ; 0 s                 ; 2.32 V                       ; 4.67e-07 V                   ; 2.35 V              ; -0.00942 V          ; 0.116 V                              ; 0.033 V                              ; 6.66e-10 s                  ; 6.27e-10 s                  ; Yes                        ; Yes                        ; 2.32 V                      ; 4.67e-07 V                  ; 2.35 V             ; -0.00942 V         ; 0.116 V                             ; 0.033 V                             ; 6.66e-10 s                 ; 6.27e-10 s                 ; Yes                       ; Yes                       ;
; oALUOut[20]   ; 2.5 V        ; 0 s                 ; 0 s                 ; 2.32 V                       ; 4.67e-07 V                   ; 2.35 V              ; -0.00942 V          ; 0.116 V                              ; 0.033 V                              ; 6.66e-10 s                  ; 6.27e-10 s                  ; Yes                        ; Yes                        ; 2.32 V                      ; 4.67e-07 V                  ; 2.35 V             ; -0.00942 V         ; 0.116 V                             ; 0.033 V                             ; 6.66e-10 s                 ; 6.27e-10 s                 ; Yes                       ; Yes                       ;
; oALUOut[21]   ; 2.5 V        ; 0 s                 ; 0 s                 ; 2.32 V                       ; 4.67e-07 V                   ; 2.35 V              ; -0.00942 V          ; 0.116 V                              ; 0.033 V                              ; 6.66e-10 s                  ; 6.27e-10 s                  ; Yes                        ; Yes                        ; 2.32 V                      ; 4.67e-07 V                  ; 2.35 V             ; -0.00942 V         ; 0.116 V                             ; 0.033 V                             ; 6.66e-10 s                 ; 6.27e-10 s                 ; Yes                       ; Yes                       ;
; oALUOut[22]   ; 2.5 V        ; 0 s                 ; 0 s                 ; 2.32 V                       ; 4.67e-07 V                   ; 2.35 V              ; -0.00942 V          ; 0.116 V                              ; 0.033 V                              ; 6.66e-10 s                  ; 6.27e-10 s                  ; Yes                        ; Yes                        ; 2.32 V                      ; 4.67e-07 V                  ; 2.35 V             ; -0.00942 V         ; 0.116 V                             ; 0.033 V                             ; 6.66e-10 s                 ; 6.27e-10 s                 ; Yes                       ; Yes                       ;
; oALUOut[23]   ; 2.5 V        ; 0 s                 ; 0 s                 ; 2.32 V                       ; 4.67e-07 V                   ; 2.35 V              ; -0.00942 V          ; 0.116 V                              ; 0.033 V                              ; 6.66e-10 s                  ; 6.27e-10 s                  ; Yes                        ; Yes                        ; 2.32 V                      ; 4.67e-07 V                  ; 2.35 V             ; -0.00942 V         ; 0.116 V                             ; 0.033 V                             ; 6.66e-10 s                 ; 6.27e-10 s                 ; Yes                       ; Yes                       ;
; oALUOut[24]   ; 2.5 V        ; 0 s                 ; 0 s                 ; 2.32 V                       ; 4.67e-07 V                   ; 2.35 V              ; -0.00942 V          ; 0.116 V                              ; 0.033 V                              ; 6.66e-10 s                  ; 6.27e-10 s                  ; Yes                        ; Yes                        ; 2.32 V                      ; 4.67e-07 V                  ; 2.35 V             ; -0.00942 V         ; 0.116 V                             ; 0.033 V                             ; 6.66e-10 s                 ; 6.27e-10 s                 ; Yes                       ; Yes                       ;
; oALUOut[25]   ; 2.5 V        ; 0 s                 ; 0 s                 ; 2.32 V                       ; 4.67e-07 V                   ; 2.35 V              ; -0.00942 V          ; 0.116 V                              ; 0.033 V                              ; 6.66e-10 s                  ; 6.27e-10 s                  ; Yes                        ; Yes                        ; 2.32 V                      ; 4.67e-07 V                  ; 2.35 V             ; -0.00942 V         ; 0.116 V                             ; 0.033 V                             ; 6.66e-10 s                 ; 6.27e-10 s                 ; Yes                       ; Yes                       ;
; oALUOut[26]   ; 2.5 V        ; 0 s                 ; 0 s                 ; 2.32 V                       ; 4.67e-07 V                   ; 2.35 V              ; -0.00942 V          ; 0.116 V                              ; 0.033 V                              ; 6.66e-10 s                  ; 6.27e-10 s                  ; Yes                        ; Yes                        ; 2.32 V                      ; 4.67e-07 V                  ; 2.35 V             ; -0.00942 V         ; 0.116 V                             ; 0.033 V                             ; 6.66e-10 s                 ; 6.27e-10 s                 ; Yes                       ; Yes                       ;
; oALUOut[27]   ; 2.5 V        ; 0 s                 ; 0 s                 ; 2.32 V                       ; 4.67e-07 V                   ; 2.36 V              ; -0.00552 V          ; 0.11 V                               ; 0.007 V                              ; 4.54e-10 s                  ; 4.35e-10 s                  ; Yes                        ; Yes                        ; 2.32 V                      ; 4.67e-07 V                  ; 2.36 V             ; -0.00552 V         ; 0.11 V                              ; 0.007 V                             ; 4.54e-10 s                 ; 4.35e-10 s                 ; Yes                       ; Yes                       ;
; oALUOut[28]   ; 2.5 V        ; 0 s                 ; 0 s                 ; 2.32 V                       ; 6.92e-07 V                   ; 2.35 V              ; -0.00996 V          ; 0.121 V                              ; 0.03 V                               ; 4.64e-10 s                  ; 4.47e-10 s                  ; Yes                        ; Yes                        ; 2.32 V                      ; 6.92e-07 V                  ; 2.35 V             ; -0.00996 V         ; 0.121 V                             ; 0.03 V                              ; 4.64e-10 s                 ; 4.47e-10 s                 ; Yes                       ; Yes                       ;
; oALUOut[29]   ; 2.5 V        ; 0 s                 ; 0 s                 ; 2.32 V                       ; 4.67e-07 V                   ; 2.35 V              ; -0.00942 V          ; 0.116 V                              ; 0.033 V                              ; 6.66e-10 s                  ; 6.27e-10 s                  ; Yes                        ; Yes                        ; 2.32 V                      ; 4.67e-07 V                  ; 2.35 V             ; -0.00942 V         ; 0.116 V                             ; 0.033 V                             ; 6.66e-10 s                 ; 6.27e-10 s                 ; Yes                       ; Yes                       ;
; oALUOut[30]   ; 2.5 V        ; 0 s                 ; 0 s                 ; 2.32 V                       ; 4.67e-07 V                   ; 2.35 V              ; -0.00942 V          ; 0.116 V                              ; 0.033 V                              ; 6.66e-10 s                  ; 6.27e-10 s                  ; Yes                        ; Yes                        ; 2.32 V                      ; 4.67e-07 V                  ; 2.35 V             ; -0.00942 V         ; 0.116 V                             ; 0.033 V                             ; 6.66e-10 s                 ; 6.27e-10 s                 ; Yes                       ; Yes                       ;
; oALUOut[31]   ; 2.5 V        ; 0 s                 ; 0 s                 ; 2.32 V                       ; 4.67e-07 V                   ; 2.35 V              ; -0.00942 V          ; 0.116 V                              ; 0.033 V                              ; 6.66e-10 s                  ; 6.27e-10 s                  ; Yes                        ; Yes                        ; 2.32 V                      ; 4.67e-07 V                  ; 2.35 V             ; -0.00942 V         ; 0.116 V                             ; 0.033 V                             ; 6.66e-10 s                 ; 6.27e-10 s                 ; Yes                       ; Yes                       ;
; ~ALTERA_DCLK~ ; 2.5 V        ; 0 s                 ; 0 s                 ; 2.32 V                       ; 3.75e-07 V                   ; 2.35 V              ; -0.0109 V           ; 0.084 V                              ; 0.027 V                              ; 4.31e-10 s                  ; 3.61e-10 s                  ; Yes                        ; Yes                        ; 2.32 V                      ; 3.75e-07 V                  ; 2.35 V             ; -0.0109 V          ; 0.084 V                             ; 0.027 V                             ; 4.31e-10 s                 ; 3.61e-10 s                 ; Yes                       ; Yes                       ;
; ~ALTERA_nCEO~ ; 2.5 V        ; 0 s                 ; 0 s                 ; 2.32 V                       ; 6.15e-07 V                   ; 2.35 V              ; -0.00712 V          ; 0.093 V                              ; 0.02 V                               ; 6.21e-10 s                  ; 7.9e-10 s                   ; Yes                        ; Yes                        ; 2.32 V                      ; 6.15e-07 V                  ; 2.35 V             ; -0.00712 V         ; 0.093 V                             ; 0.02 V                              ; 6.21e-10 s                 ; 7.9e-10 s                  ; Yes                       ; Yes                       ;
+---------------+--------------+---------------------+---------------------+------------------------------+------------------------------+---------------------+---------------------+--------------------------------------+--------------------------------------+-----------------------------+-----------------------------+----------------------------+----------------------------+-----------------------------+-----------------------------+--------------------+--------------------+-------------------------------------+-------------------------------------+----------------------------+----------------------------+---------------------------+---------------------------+


+--------------------------------------------------------------------------------------------------------------------------------------------------------------------------------------------------------------------------------------------------------------------------------------------------------------------------------------------------------------------------------------------------------------------------------------------------------------------------------------------------------------------------------------------------------------------------------------------------------------------------------------------------------------------------------------------+
; Signal Integrity Metrics (Fast 1200mv 0c Model)                                                                                                                                                                                                                                                                                                                                                                                                                                                                                                                                                                                                                                            ;
+---------------+--------------+---------------------+---------------------+------------------------------+------------------------------+---------------------+---------------------+--------------------------------------+--------------------------------------+-----------------------------+-----------------------------+----------------------------+----------------------------+-----------------------------+-----------------------------+--------------------+--------------------+-------------------------------------+-------------------------------------+----------------------------+----------------------------+---------------------------+---------------------------+
; Pin           ; I/O Standard ; Board Delay on Rise ; Board Delay on Fall ; Steady State Voh at FPGA Pin ; Steady State Vol at FPGA Pin ; Voh Max at FPGA Pin ; Vol Min at FPGA Pin ; Ringback Voltage on Rise at FPGA Pin ; Ringback Voltage on Fall at FPGA Pin ; 10-90 Rise Time at FPGA Pin ; 90-10 Fall Time at FPGA Pin ; Monotonic Rise at FPGA Pin ; Monotonic Fall at FPGA Pin ; Steady State Voh at Far-end ; Steady State Vol at Far-end ; Voh Max at Far-end ; Vol Min at Far-end ; Ringback Voltage on Rise at Far-end ; Ringback Voltage on Fall at Far-end ; 10-90 Rise Time at Far-end ; 90-10 Fall Time at Far-end ; Monotonic Rise at Far-end ; Monotonic Fall at Far-end ;
+---------------+--------------+---------------------+---------------------+------------------------------+------------------------------+---------------------+---------------------+--------------------------------------+--------------------------------------+-----------------------------+-----------------------------+----------------------------+----------------------------+-----------------------------+-----------------------------+--------------------+--------------------+-------------------------------------+-------------------------------------+----------------------------+----------------------------+---------------------------+---------------------------+
; oALUOut[0]    ; 2.5 V        ; 0 s                 ; 0 s                 ; 2.62 V                       ; 2.74e-08 V                   ; 2.71 V              ; -0.0317 V           ; 0.148 V                              ; 0.064 V                              ; 4.51e-10 s                  ; 4.15e-10 s                  ; No                         ; Yes                        ; 2.62 V                      ; 2.74e-08 V                  ; 2.71 V             ; -0.0317 V          ; 0.148 V                             ; 0.064 V                             ; 4.51e-10 s                 ; 4.15e-10 s                 ; No                        ; Yes                       ;
; oALUOut[1]    ; 2.5 V        ; 0 s                 ; 0 s                 ; 2.62 V                       ; 2.74e-08 V                   ; 2.71 V              ; -0.0317 V           ; 0.148 V                              ; 0.064 V                              ; 4.51e-10 s                  ; 4.15e-10 s                  ; No                         ; Yes                        ; 2.62 V                      ; 2.74e-08 V                  ; 2.71 V             ; -0.0317 V          ; 0.148 V                             ; 0.064 V                             ; 4.51e-10 s                 ; 4.15e-10 s                 ; No                        ; Yes                       ;
; oALUOut[2]    ; 2.5 V        ; 0 s                 ; 0 s                 ; 2.62 V                       ; 2.74e-08 V                   ; 2.71 V              ; -0.0317 V           ; 0.148 V                              ; 0.064 V                              ; 4.51e-10 s                  ; 4.15e-10 s                  ; No                         ; Yes                        ; 2.62 V                      ; 2.74e-08 V                  ; 2.71 V             ; -0.0317 V          ; 0.148 V                             ; 0.064 V                             ; 4.51e-10 s                 ; 4.15e-10 s                 ; No                        ; Yes                       ;
; oALUOut[3]    ; 2.5 V        ; 0 s                 ; 0 s                 ; 2.62 V                       ; 2.74e-08 V                   ; 2.71 V              ; -0.0317 V           ; 0.148 V                              ; 0.064 V                              ; 4.51e-10 s                  ; 4.15e-10 s                  ; No                         ; Yes                        ; 2.62 V                      ; 2.74e-08 V                  ; 2.71 V             ; -0.0317 V          ; 0.148 V                             ; 0.064 V                             ; 4.51e-10 s                 ; 4.15e-10 s                 ; No                        ; Yes                       ;
; oALUOut[4]    ; 2.5 V        ; 0 s                 ; 0 s                 ; 2.62 V                       ; 2.74e-08 V                   ; 2.71 V              ; -0.0317 V           ; 0.148 V                              ; 0.064 V                              ; 4.51e-10 s                  ; 4.15e-10 s                  ; No                         ; Yes                        ; 2.62 V                      ; 2.74e-08 V                  ; 2.71 V             ; -0.0317 V          ; 0.148 V                             ; 0.064 V                             ; 4.51e-10 s                 ; 4.15e-10 s                 ; No                        ; Yes                       ;
; oALUOut[5]    ; 2.5 V        ; 0 s                 ; 0 s                 ; 2.62 V                       ; 2.74e-08 V                   ; 2.71 V              ; -0.0317 V           ; 0.148 V                              ; 0.064 V                              ; 4.51e-10 s                  ; 4.15e-10 s                  ; No                         ; Yes                        ; 2.62 V                      ; 2.74e-08 V                  ; 2.71 V             ; -0.0317 V          ; 0.148 V                             ; 0.064 V                             ; 4.51e-10 s                 ; 4.15e-10 s                 ; No                        ; Yes                       ;
; oALUOut[6]    ; 2.5 V        ; 0 s                 ; 0 s                 ; 2.62 V                       ; 2.74e-08 V                   ; 2.71 V              ; -0.0317 V           ; 0.148 V                              ; 0.064 V                              ; 4.51e-10 s                  ; 4.15e-10 s                  ; No                         ; Yes                        ; 2.62 V                      ; 2.74e-08 V                  ; 2.71 V             ; -0.0317 V          ; 0.148 V                             ; 0.064 V                             ; 4.51e-10 s                 ; 4.15e-10 s                 ; No                        ; Yes                       ;
; oALUOut[7]    ; 2.5 V        ; 0 s                 ; 0 s                 ; 2.62 V                       ; 2.74e-08 V                   ; 2.71 V              ; -0.0317 V           ; 0.148 V                              ; 0.064 V                              ; 4.51e-10 s                  ; 4.15e-10 s                  ; No                         ; Yes                        ; 2.62 V                      ; 2.74e-08 V                  ; 2.71 V             ; -0.0317 V          ; 0.148 V                             ; 0.064 V                             ; 4.51e-10 s                 ; 4.15e-10 s                 ; No                        ; Yes                       ;
; oALUOut[8]    ; 2.5 V        ; 0 s                 ; 0 s                 ; 2.62 V                       ; 2.74e-08 V                   ; 2.71 V              ; -0.0317 V           ; 0.148 V                              ; 0.064 V                              ; 4.51e-10 s                  ; 4.15e-10 s                  ; No                         ; Yes                        ; 2.62 V                      ; 2.74e-08 V                  ; 2.71 V             ; -0.0317 V          ; 0.148 V                             ; 0.064 V                             ; 4.51e-10 s                 ; 4.15e-10 s                 ; No                        ; Yes                       ;
; oALUOut[9]    ; 2.5 V        ; 0 s                 ; 0 s                 ; 2.62 V                       ; 2.74e-08 V                   ; 2.71 V              ; -0.0317 V           ; 0.148 V                              ; 0.064 V                              ; 4.51e-10 s                  ; 4.15e-10 s                  ; No                         ; Yes                        ; 2.62 V                      ; 2.74e-08 V                  ; 2.71 V             ; -0.0317 V          ; 0.148 V                             ; 0.064 V                             ; 4.51e-10 s                 ; 4.15e-10 s                 ; No                        ; Yes                       ;
; oALUOut[10]   ; 2.5 V        ; 0 s                 ; 0 s                 ; 2.62 V                       ; 2.74e-08 V                   ; 2.71 V              ; -0.0317 V           ; 0.148 V                              ; 0.064 V                              ; 4.51e-10 s                  ; 4.15e-10 s                  ; No                         ; Yes                        ; 2.62 V                      ; 2.74e-08 V                  ; 2.71 V             ; -0.0317 V          ; 0.148 V                             ; 0.064 V                             ; 4.51e-10 s                 ; 4.15e-10 s                 ; No                        ; Yes                       ;
; oALUOut[11]   ; 2.5 V        ; 0 s                 ; 0 s                 ; 2.62 V                       ; 2.74e-08 V                   ; 2.71 V              ; -0.0317 V           ; 0.148 V                              ; 0.064 V                              ; 4.51e-10 s                  ; 4.15e-10 s                  ; No                         ; Yes                        ; 2.62 V                      ; 2.74e-08 V                  ; 2.71 V             ; -0.0317 V          ; 0.148 V                             ; 0.064 V                             ; 4.51e-10 s                 ; 4.15e-10 s                 ; No                        ; Yes                       ;
; oALUOut[12]   ; 2.5 V        ; 0 s                 ; 0 s                 ; 2.62 V                       ; 2.74e-08 V                   ; 2.64 V              ; -0.0117 V           ; 0.202 V                              ; 0.176 V                              ; 2.38e-09 s                  ; 2.22e-09 s                  ; No                         ; Yes                        ; 2.62 V                      ; 2.74e-08 V                  ; 2.64 V             ; -0.0117 V          ; 0.202 V                             ; 0.176 V                             ; 2.38e-09 s                 ; 2.22e-09 s                 ; No                        ; Yes                       ;
; oALUOut[13]   ; 2.5 V        ; 0 s                 ; 0 s                 ; 2.62 V                       ; 2.74e-08 V                   ; 2.71 V              ; -0.0317 V           ; 0.148 V                              ; 0.064 V                              ; 4.51e-10 s                  ; 4.15e-10 s                  ; No                         ; Yes                        ; 2.62 V                      ; 2.74e-08 V                  ; 2.71 V             ; -0.0317 V          ; 0.148 V                             ; 0.064 V                             ; 4.51e-10 s                 ; 4.15e-10 s                 ; No                        ; Yes                       ;
; oALUOut[14]   ; 2.5 V        ; 0 s                 ; 0 s                 ; 2.62 V                       ; 2.74e-08 V                   ; 2.71 V              ; -0.0317 V           ; 0.148 V                              ; 0.064 V                              ; 4.51e-10 s                  ; 4.15e-10 s                  ; No                         ; Yes                        ; 2.62 V                      ; 2.74e-08 V                  ; 2.71 V             ; -0.0317 V          ; 0.148 V                             ; 0.064 V                             ; 4.51e-10 s                 ; 4.15e-10 s                 ; No                        ; Yes                       ;
; oALUOut[15]   ; 2.5 V        ; 0 s                 ; 0 s                 ; 2.62 V                       ; 2.74e-08 V                   ; 2.64 V              ; -0.0117 V           ; 0.202 V                              ; 0.176 V                              ; 2.38e-09 s                  ; 2.22e-09 s                  ; No                         ; Yes                        ; 2.62 V                      ; 2.74e-08 V                  ; 2.64 V             ; -0.0117 V          ; 0.202 V                             ; 0.176 V                             ; 2.38e-09 s                 ; 2.22e-09 s                 ; No                        ; Yes                       ;
; oALUOut[16]   ; 2.5 V        ; 0 s                 ; 0 s                 ; 2.62 V                       ; 2.74e-08 V                   ; 2.71 V              ; -0.0317 V           ; 0.148 V                              ; 0.064 V                              ; 4.51e-10 s                  ; 4.15e-10 s                  ; No                         ; Yes                        ; 2.62 V                      ; 2.74e-08 V                  ; 2.71 V             ; -0.0317 V          ; 0.148 V                             ; 0.064 V                             ; 4.51e-10 s                 ; 4.15e-10 s                 ; No                        ; Yes                       ;
; oALUOut[17]   ; 2.5 V        ; 0 s                 ; 0 s                 ; 2.62 V                       ; 2.74e-08 V                   ; 2.71 V              ; -0.0317 V           ; 0.148 V                              ; 0.064 V                              ; 4.51e-10 s                  ; 4.15e-10 s                  ; No                         ; Yes                        ; 2.62 V                      ; 2.74e-08 V                  ; 2.71 V             ; -0.0317 V          ; 0.148 V                             ; 0.064 V                             ; 4.51e-10 s                 ; 4.15e-10 s                 ; No                        ; Yes                       ;
; oALUOut[18]   ; 2.5 V        ; 0 s                 ; 0 s                 ; 2.62 V                       ; 2.74e-08 V                   ; 2.71 V              ; -0.0317 V           ; 0.148 V                              ; 0.064 V                              ; 4.51e-10 s                  ; 4.15e-10 s                  ; No                         ; Yes                        ; 2.62 V                      ; 2.74e-08 V                  ; 2.71 V             ; -0.0317 V          ; 0.148 V                             ; 0.064 V                             ; 4.51e-10 s                 ; 4.15e-10 s                 ; No                        ; Yes                       ;
; oALUOut[19]   ; 2.5 V        ; 0 s                 ; 0 s                 ; 2.62 V                       ; 2.74e-08 V                   ; 2.71 V              ; -0.0317 V           ; 0.148 V                              ; 0.064 V                              ; 4.51e-10 s                  ; 4.15e-10 s                  ; No                         ; Yes                        ; 2.62 V                      ; 2.74e-08 V                  ; 2.71 V             ; -0.0317 V          ; 0.148 V                             ; 0.064 V                             ; 4.51e-10 s                 ; 4.15e-10 s                 ; No                        ; Yes                       ;
; oALUOut[20]   ; 2.5 V        ; 0 s                 ; 0 s                 ; 2.62 V                       ; 2.74e-08 V                   ; 2.71 V              ; -0.0317 V           ; 0.148 V                              ; 0.064 V                              ; 4.51e-10 s                  ; 4.15e-10 s                  ; No                         ; Yes                        ; 2.62 V                      ; 2.74e-08 V                  ; 2.71 V             ; -0.0317 V          ; 0.148 V                             ; 0.064 V                             ; 4.51e-10 s                 ; 4.15e-10 s                 ; No                        ; Yes                       ;
; oALUOut[21]   ; 2.5 V        ; 0 s                 ; 0 s                 ; 2.62 V                       ; 2.74e-08 V                   ; 2.71 V              ; -0.0317 V           ; 0.148 V                              ; 0.064 V                              ; 4.51e-10 s                  ; 4.15e-10 s                  ; No                         ; Yes                        ; 2.62 V                      ; 2.74e-08 V                  ; 2.71 V             ; -0.0317 V          ; 0.148 V                             ; 0.064 V                             ; 4.51e-10 s                 ; 4.15e-10 s                 ; No                        ; Yes                       ;
; oALUOut[22]   ; 2.5 V        ; 0 s                 ; 0 s                 ; 2.62 V                       ; 2.74e-08 V                   ; 2.71 V              ; -0.0317 V           ; 0.148 V                              ; 0.064 V                              ; 4.51e-10 s                  ; 4.15e-10 s                  ; No                         ; Yes                        ; 2.62 V                      ; 2.74e-08 V                  ; 2.71 V             ; -0.0317 V          ; 0.148 V                             ; 0.064 V                             ; 4.51e-10 s                 ; 4.15e-10 s                 ; No                        ; Yes                       ;
; oALUOut[23]   ; 2.5 V        ; 0 s                 ; 0 s                 ; 2.62 V                       ; 2.74e-08 V                   ; 2.71 V              ; -0.0317 V           ; 0.148 V                              ; 0.064 V                              ; 4.51e-10 s                  ; 4.15e-10 s                  ; No                         ; Yes                        ; 2.62 V                      ; 2.74e-08 V                  ; 2.71 V             ; -0.0317 V          ; 0.148 V                             ; 0.064 V                             ; 4.51e-10 s                 ; 4.15e-10 s                 ; No                        ; Yes                       ;
; oALUOut[24]   ; 2.5 V        ; 0 s                 ; 0 s                 ; 2.62 V                       ; 2.74e-08 V                   ; 2.71 V              ; -0.0317 V           ; 0.148 V                              ; 0.064 V                              ; 4.51e-10 s                  ; 4.15e-10 s                  ; No                         ; Yes                        ; 2.62 V                      ; 2.74e-08 V                  ; 2.71 V             ; -0.0317 V          ; 0.148 V                             ; 0.064 V                             ; 4.51e-10 s                 ; 4.15e-10 s                 ; No                        ; Yes                       ;
; oALUOut[25]   ; 2.5 V        ; 0 s                 ; 0 s                 ; 2.62 V                       ; 2.74e-08 V                   ; 2.71 V              ; -0.0317 V           ; 0.148 V                              ; 0.064 V                              ; 4.51e-10 s                  ; 4.15e-10 s                  ; No                         ; Yes                        ; 2.62 V                      ; 2.74e-08 V                  ; 2.71 V             ; -0.0317 V          ; 0.148 V                             ; 0.064 V                             ; 4.51e-10 s                 ; 4.15e-10 s                 ; No                        ; Yes                       ;
; oALUOut[26]   ; 2.5 V        ; 0 s                 ; 0 s                 ; 2.62 V                       ; 2.74e-08 V                   ; 2.71 V              ; -0.0317 V           ; 0.148 V                              ; 0.064 V                              ; 4.51e-10 s                  ; 4.15e-10 s                  ; No                         ; Yes                        ; 2.62 V                      ; 2.74e-08 V                  ; 2.71 V             ; -0.0317 V          ; 0.148 V                             ; 0.064 V                             ; 4.51e-10 s                 ; 4.15e-10 s                 ; No                        ; Yes                       ;
; oALUOut[27]   ; 2.5 V        ; 0 s                 ; 0 s                 ; 2.62 V                       ; 2.74e-08 V                   ; 2.73 V              ; -0.0384 V           ; 0.169 V                              ; 0.089 V                              ; 2.7e-10 s                   ; 2.62e-10 s                  ; Yes                        ; Yes                        ; 2.62 V                      ; 2.74e-08 V                  ; 2.73 V             ; -0.0384 V          ; 0.169 V                             ; 0.089 V                             ; 2.7e-10 s                  ; 2.62e-10 s                 ; Yes                       ; Yes                       ;
; oALUOut[28]   ; 2.5 V        ; 0 s                 ; 0 s                 ; 2.62 V                       ; 4.05e-08 V                   ; 2.72 V              ; -0.0349 V           ; 0.173 V                              ; 0.1 V                                ; 2.72e-10 s                  ; 2.69e-10 s                  ; Yes                        ; Yes                        ; 2.62 V                      ; 4.05e-08 V                  ; 2.72 V             ; -0.0349 V          ; 0.173 V                             ; 0.1 V                               ; 2.72e-10 s                 ; 2.69e-10 s                 ; Yes                       ; Yes                       ;
; oALUOut[29]   ; 2.5 V        ; 0 s                 ; 0 s                 ; 2.62 V                       ; 2.74e-08 V                   ; 2.71 V              ; -0.0317 V           ; 0.148 V                              ; 0.064 V                              ; 4.51e-10 s                  ; 4.15e-10 s                  ; No                         ; Yes                        ; 2.62 V                      ; 2.74e-08 V                  ; 2.71 V             ; -0.0317 V          ; 0.148 V                             ; 0.064 V                             ; 4.51e-10 s                 ; 4.15e-10 s                 ; No                        ; Yes                       ;
; oALUOut[30]   ; 2.5 V        ; 0 s                 ; 0 s                 ; 2.62 V                       ; 2.74e-08 V                   ; 2.71 V              ; -0.0317 V           ; 0.148 V                              ; 0.064 V                              ; 4.51e-10 s                  ; 4.15e-10 s                  ; No                         ; Yes                        ; 2.62 V                      ; 2.74e-08 V                  ; 2.71 V             ; -0.0317 V          ; 0.148 V                             ; 0.064 V                             ; 4.51e-10 s                 ; 4.15e-10 s                 ; No                        ; Yes                       ;
; oALUOut[31]   ; 2.5 V        ; 0 s                 ; 0 s                 ; 2.62 V                       ; 2.74e-08 V                   ; 2.71 V              ; -0.0317 V           ; 0.148 V                              ; 0.064 V                              ; 4.51e-10 s                  ; 4.15e-10 s                  ; No                         ; Yes                        ; 2.62 V                      ; 2.74e-08 V                  ; 2.71 V             ; -0.0317 V          ; 0.148 V                             ; 0.064 V                             ; 4.51e-10 s                 ; 4.15e-10 s                 ; No                        ; Yes                       ;
; ~ALTERA_DCLK~ ; 2.5 V        ; 0 s                 ; 0 s                 ; 2.62 V                       ; 2.22e-08 V                   ; 2.74 V              ; -0.06 V             ; 0.158 V                              ; 0.08 V                               ; 2.68e-10 s                  ; 2.19e-10 s                  ; Yes                        ; Yes                        ; 2.62 V                      ; 2.22e-08 V                  ; 2.74 V             ; -0.06 V            ; 0.158 V                             ; 0.08 V                              ; 2.68e-10 s                 ; 2.19e-10 s                 ; Yes                       ; Yes                       ;
; ~ALTERA_nCEO~ ; 2.5 V        ; 0 s                 ; 0 s                 ; 2.62 V                       ; 3.54e-08 V                   ; 2.7 V               ; -0.00943 V          ; 0.276 V                              ; 0.035 V                              ; 3.19e-10 s                  ; 4.99e-10 s                  ; No                         ; Yes                        ; 2.62 V                      ; 3.54e-08 V                  ; 2.7 V              ; -0.00943 V         ; 0.276 V                             ; 0.035 V                             ; 3.19e-10 s                 ; 4.99e-10 s                 ; No                        ; Yes                       ;
+---------------+--------------+---------------------+---------------------+------------------------------+------------------------------+---------------------+---------------------+--------------------------------------+--------------------------------------+-----------------------------+-----------------------------+----------------------------+----------------------------+-----------------------------+-----------------------------+--------------------+--------------------+-------------------------------------+-------------------------------------+----------------------------+----------------------------+---------------------------+---------------------------+


+-------------------------------------------------------------------+
; Setup Transfers                                                   ;
+------------+----------+----------+----------+----------+----------+
; From Clock ; To Clock ; RR Paths ; FR Paths ; RF Paths ; FF Paths ;
+------------+----------+----------+----------+----------+----------+
; iCLK       ; iCLK     ; 1446379  ; 3239     ; 23963    ; 0        ;
+------------+----------+----------+----------+----------+----------+
Entries labeled "false path" only account for clock-to-clock false paths and not path-based false paths. As a result, actual path counts may be lower than reported.


+-------------------------------------------------------------------+
; Hold Transfers                                                    ;
+------------+----------+----------+----------+----------+----------+
; From Clock ; To Clock ; RR Paths ; FR Paths ; RF Paths ; FF Paths ;
+------------+----------+----------+----------+----------+----------+
; iCLK       ; iCLK     ; 1446379  ; 3239     ; 23963    ; 0        ;
+------------+----------+----------+----------+----------+----------+
Entries labeled "false path" only account for clock-to-clock false paths and not path-based false paths. As a result, actual path counts may be lower than reported.


+-------------------------------------------------------------------+
; Recovery Transfers                                                ;
+------------+----------+----------+----------+----------+----------+
; From Clock ; To Clock ; RR Paths ; FR Paths ; RF Paths ; FF Paths ;
+------------+----------+----------+----------+----------+----------+
; iCLK       ; iCLK     ; 11       ; 0        ; 0        ; 0        ;
+------------+----------+----------+----------+----------+----------+
Entries labeled "false path" only account for clock-to-clock false paths and not path-based false paths. As a result, actual path counts may be lower than reported.


+-------------------------------------------------------------------+
; Removal Transfers                                                 ;
+------------+----------+----------+----------+----------+----------+
; From Clock ; To Clock ; RR Paths ; FR Paths ; RF Paths ; FF Paths ;
+------------+----------+----------+----------+----------+----------+
; iCLK       ; iCLK     ; 11       ; 0        ; 0        ; 0        ;
+------------+----------+----------+----------+----------+----------+
Entries labeled "false path" only account for clock-to-clock false paths and not path-based false paths. As a result, actual path counts may be lower than reported.


---------------
; Report TCCS ;
---------------
No dedicated SERDES Transmitter circuitry present in device or used in design


---------------
; Report RSKM ;
---------------
No non-DPA dedicated SERDES Receiver circuitry present in device or used in design


+---------------------------------------------------+
; Unconstrained Paths Summary                       ;
+---------------------------------+--------+--------+
; Property                        ; Setup  ; Hold   ;
+---------------------------------+--------+--------+
; Illegal Clocks                  ; 0      ; 0      ;
; Unconstrained Clocks            ; 0      ; 0      ;
; Unconstrained Input Ports       ; 44     ; 44     ;
; Unconstrained Input Port Paths  ; 394974 ; 394974 ;
; Unconstrained Output Ports      ; 32     ; 32     ;
; Unconstrained Output Port Paths ; 2355   ; 2355   ;
+---------------------------------+--------+--------+


+-------------------------------------+
; Clock Status Summary                ;
+--------+-------+------+-------------+
; Target ; Clock ; Type ; Status      ;
+--------+-------+------+-------------+
; iCLK   ; iCLK  ; Base ; Constrained ;
+--------+-------+------+-------------+


+------------------------------------------------------------------------------------------------------+
; Unconstrained Input Ports                                                                            ;
+---------------+--------------------------------------------------------------------------------------+
; Input Port    ; Comment                                                                              ;
+---------------+--------------------------------------------------------------------------------------+
; iInstAddr[2]  ; No input delay, min/max delays, false-path exceptions, or max skew assignments found ;
; iInstAddr[3]  ; No input delay, min/max delays, false-path exceptions, or max skew assignments found ;
; iInstAddr[4]  ; No input delay, min/max delays, false-path exceptions, or max skew assignments found ;
; iInstAddr[5]  ; No input delay, min/max delays, false-path exceptions, or max skew assignments found ;
; iInstAddr[6]  ; No input delay, min/max delays, false-path exceptions, or max skew assignments found ;
; iInstAddr[7]  ; No input delay, min/max delays, false-path exceptions, or max skew assignments found ;
; iInstAddr[8]  ; No input delay, min/max delays, false-path exceptions, or max skew assignments found ;
; iInstAddr[9]  ; No input delay, min/max delays, false-path exceptions, or max skew assignments found ;
; iInstAddr[10] ; No input delay, min/max delays, false-path exceptions, or max skew assignments found ;
; iInstAddr[11] ; No input delay, min/max delays, false-path exceptions, or max skew assignments found ;
; iInstExt[0]   ; No input delay, min/max delays, false-path exceptions, or max skew assignments found ;
; iInstExt[1]   ; No input delay, min/max delays, false-path exceptions, or max skew assignments found ;
; iInstExt[2]   ; No input delay, min/max delays, false-path exceptions, or max skew assignments found ;
; iInstExt[3]   ; No input delay, min/max delays, false-path exceptions, or max skew assignments found ;
; iInstExt[4]   ; No input delay, min/max delays, false-path exceptions, or max skew assignments found ;
; iInstExt[5]   ; No input delay, min/max delays, false-path exceptions, or max skew assignments found ;
; iInstExt[6]   ; No input delay, min/max delays, false-path exceptions, or max skew assignments found ;
; iInstExt[7]   ; No input delay, min/max delays, false-path exceptions, or max skew assignments found ;
; iInstExt[8]   ; No input delay, min/max delays, false-path exceptions, or max skew assignments found ;
; iInstExt[9]   ; No input delay, min/max delays, false-path exceptions, or max skew assignments found ;
; iInstExt[10]  ; No input delay, min/max delays, false-path exceptions, or max skew assignments found ;
; iInstExt[11]  ; No input delay, min/max delays, false-path exceptions, or max skew assignments found ;
; iInstExt[12]  ; No input delay, min/max delays, false-path exceptions, or max skew assignments found ;
; iInstExt[13]  ; No input delay, min/max delays, false-path exceptions, or max skew assignments found ;
; iInstExt[14]  ; No input delay, min/max delays, false-path exceptions, or max skew assignments found ;
; iInstExt[15]  ; No input delay, min/max delays, false-path exceptions, or max skew assignments found ;
; iInstExt[16]  ; No input delay, min/max delays, false-path exceptions, or max skew assignments found ;
; iInstExt[17]  ; No input delay, min/max delays, false-path exceptions, or max skew assignments found ;
; iInstExt[18]  ; No input delay, min/max delays, false-path exceptions, or max skew assignments found ;
; iInstExt[19]  ; No input delay, min/max delays, false-path exceptions, or max skew assignments found ;
; iInstExt[20]  ; No input delay, min/max delays, false-path exceptions, or max skew assignments found ;
; iInstExt[21]  ; No input delay, min/max delays, false-path exceptions, or max skew assignments found ;
; iInstExt[22]  ; No input delay, min/max delays, false-path exceptions, or max skew assignments found ;
; iInstExt[23]  ; No input delay, min/max delays, false-path exceptions, or max skew assignments found ;
; iInstExt[24]  ; No input delay, min/max delays, false-path exceptions, or max skew assignments found ;
; iInstExt[25]  ; No input delay, min/max delays, false-path exceptions, or max skew assignments found ;
; iInstExt[26]  ; No input delay, min/max delays, false-path exceptions, or max skew assignments found ;
; iInstExt[27]  ; No input delay, min/max delays, false-path exceptions, or max skew assignments found ;
; iInstExt[28]  ; No input delay, min/max delays, false-path exceptions, or max skew assignments found ;
; iInstExt[29]  ; No input delay, min/max delays, false-path exceptions, or max skew assignments found ;
; iInstExt[30]  ; No input delay, min/max delays, false-path exceptions, or max skew assignments found ;
; iInstExt[31]  ; No input delay, min/max delays, false-path exceptions, or max skew assignments found ;
; iInstLd       ; No input delay, min/max delays, false-path exceptions, or max skew assignments found ;
; iRST          ; No input delay, min/max delays, false-path exceptions, or max skew assignments found ;
+---------------+--------------------------------------------------------------------------------------+


+-----------------------------------------------------------------------------------------------------+
; Unconstrained Output Ports                                                                          ;
+-------------+---------------------------------------------------------------------------------------+
; Output Port ; Comment                                                                               ;
+-------------+---------------------------------------------------------------------------------------+
; oALUOut[0]  ; No output delay, min/max delays, false-path exceptions, or max skew assignments found ;
; oALUOut[1]  ; No output delay, min/max delays, false-path exceptions, or max skew assignments found ;
; oALUOut[2]  ; No output delay, min/max delays, false-path exceptions, or max skew assignments found ;
; oALUOut[3]  ; No output delay, min/max delays, false-path exceptions, or max skew assignments found ;
; oALUOut[4]  ; No output delay, min/max delays, false-path exceptions, or max skew assignments found ;
; oALUOut[5]  ; No output delay, min/max delays, false-path exceptions, or max skew assignments found ;
; oALUOut[6]  ; No output delay, min/max delays, false-path exceptions, or max skew assignments found ;
; oALUOut[7]  ; No output delay, min/max delays, false-path exceptions, or max skew assignments found ;
; oALUOut[8]  ; No output delay, min/max delays, false-path exceptions, or max skew assignments found ;
; oALUOut[9]  ; No output delay, min/max delays, false-path exceptions, or max skew assignments found ;
; oALUOut[10] ; No output delay, min/max delays, false-path exceptions, or max skew assignments found ;
; oALUOut[11] ; No output delay, min/max delays, false-path exceptions, or max skew assignments found ;
; oALUOut[12] ; No output delay, min/max delays, false-path exceptions, or max skew assignments found ;
; oALUOut[13] ; No output delay, min/max delays, false-path exceptions, or max skew assignments found ;
; oALUOut[14] ; No output delay, min/max delays, false-path exceptions, or max skew assignments found ;
; oALUOut[15] ; No output delay, min/max delays, false-path exceptions, or max skew assignments found ;
; oALUOut[16] ; No output delay, min/max delays, false-path exceptions, or max skew assignments found ;
; oALUOut[17] ; No output delay, min/max delays, false-path exceptions, or max skew assignments found ;
; oALUOut[18] ; No output delay, min/max delays, false-path exceptions, or max skew assignments found ;
; oALUOut[19] ; No output delay, min/max delays, false-path exceptions, or max skew assignments found ;
; oALUOut[20] ; No output delay, min/max delays, false-path exceptions, or max skew assignments found ;
; oALUOut[21] ; No output delay, min/max delays, false-path exceptions, or max skew assignments found ;
; oALUOut[22] ; No output delay, min/max delays, false-path exceptions, or max skew assignments found ;
; oALUOut[23] ; No output delay, min/max delays, false-path exceptions, or max skew assignments found ;
; oALUOut[24] ; No output delay, min/max delays, false-path exceptions, or max skew assignments found ;
; oALUOut[25] ; No output delay, min/max delays, false-path exceptions, or max skew assignments found ;
; oALUOut[26] ; No output delay, min/max delays, false-path exceptions, or max skew assignments found ;
; oALUOut[27] ; No output delay, min/max delays, false-path exceptions, or max skew assignments found ;
; oALUOut[28] ; No output delay, min/max delays, false-path exceptions, or max skew assignments found ;
; oALUOut[29] ; No output delay, min/max delays, false-path exceptions, or max skew assignments found ;
; oALUOut[30] ; No output delay, min/max delays, false-path exceptions, or max skew assignments found ;
; oALUOut[31] ; No output delay, min/max delays, false-path exceptions, or max skew assignments found ;
+-------------+---------------------------------------------------------------------------------------+


+------------------------------------------------------------------------------------------------------+
; Unconstrained Input Ports                                                                            ;
+---------------+--------------------------------------------------------------------------------------+
; Input Port    ; Comment                                                                              ;
+---------------+--------------------------------------------------------------------------------------+
; iInstAddr[2]  ; No input delay, min/max delays, false-path exceptions, or max skew assignments found ;
; iInstAddr[3]  ; No input delay, min/max delays, false-path exceptions, or max skew assignments found ;
; iInstAddr[4]  ; No input delay, min/max delays, false-path exceptions, or max skew assignments found ;
; iInstAddr[5]  ; No input delay, min/max delays, false-path exceptions, or max skew assignments found ;
; iInstAddr[6]  ; No input delay, min/max delays, false-path exceptions, or max skew assignments found ;
; iInstAddr[7]  ; No input delay, min/max delays, false-path exceptions, or max skew assignments found ;
; iInstAddr[8]  ; No input delay, min/max delays, false-path exceptions, or max skew assignments found ;
; iInstAddr[9]  ; No input delay, min/max delays, false-path exceptions, or max skew assignments found ;
; iInstAddr[10] ; No input delay, min/max delays, false-path exceptions, or max skew assignments found ;
; iInstAddr[11] ; No input delay, min/max delays, false-path exceptions, or max skew assignments found ;
; iInstExt[0]   ; No input delay, min/max delays, false-path exceptions, or max skew assignments found ;
; iInstExt[1]   ; No input delay, min/max delays, false-path exceptions, or max skew assignments found ;
; iInstExt[2]   ; No input delay, min/max delays, false-path exceptions, or max skew assignments found ;
; iInstExt[3]   ; No input delay, min/max delays, false-path exceptions, or max skew assignments found ;
; iInstExt[4]   ; No input delay, min/max delays, false-path exceptions, or max skew assignments found ;
; iInstExt[5]   ; No input delay, min/max delays, false-path exceptions, or max skew assignments found ;
; iInstExt[6]   ; No input delay, min/max delays, false-path exceptions, or max skew assignments found ;
; iInstExt[7]   ; No input delay, min/max delays, false-path exceptions, or max skew assignments found ;
; iInstExt[8]   ; No input delay, min/max delays, false-path exceptions, or max skew assignments found ;
; iInstExt[9]   ; No input delay, min/max delays, false-path exceptions, or max skew assignments found ;
; iInstExt[10]  ; No input delay, min/max delays, false-path exceptions, or max skew assignments found ;
; iInstExt[11]  ; No input delay, min/max delays, false-path exceptions, or max skew assignments found ;
; iInstExt[12]  ; No input delay, min/max delays, false-path exceptions, or max skew assignments found ;
; iInstExt[13]  ; No input delay, min/max delays, false-path exceptions, or max skew assignments found ;
; iInstExt[14]  ; No input delay, min/max delays, false-path exceptions, or max skew assignments found ;
; iInstExt[15]  ; No input delay, min/max delays, false-path exceptions, or max skew assignments found ;
; iInstExt[16]  ; No input delay, min/max delays, false-path exceptions, or max skew assignments found ;
; iInstExt[17]  ; No input delay, min/max delays, false-path exceptions, or max skew assignments found ;
; iInstExt[18]  ; No input delay, min/max delays, false-path exceptions, or max skew assignments found ;
; iInstExt[19]  ; No input delay, min/max delays, false-path exceptions, or max skew assignments found ;
; iInstExt[20]  ; No input delay, min/max delays, false-path exceptions, or max skew assignments found ;
; iInstExt[21]  ; No input delay, min/max delays, false-path exceptions, or max skew assignments found ;
; iInstExt[22]  ; No input delay, min/max delays, false-path exceptions, or max skew assignments found ;
; iInstExt[23]  ; No input delay, min/max delays, false-path exceptions, or max skew assignments found ;
; iInstExt[24]  ; No input delay, min/max delays, false-path exceptions, or max skew assignments found ;
; iInstExt[25]  ; No input delay, min/max delays, false-path exceptions, or max skew assignments found ;
; iInstExt[26]  ; No input delay, min/max delays, false-path exceptions, or max skew assignments found ;
; iInstExt[27]  ; No input delay, min/max delays, false-path exceptions, or max skew assignments found ;
; iInstExt[28]  ; No input delay, min/max delays, false-path exceptions, or max skew assignments found ;
; iInstExt[29]  ; No input delay, min/max delays, false-path exceptions, or max skew assignments found ;
; iInstExt[30]  ; No input delay, min/max delays, false-path exceptions, or max skew assignments found ;
; iInstExt[31]  ; No input delay, min/max delays, false-path exceptions, or max skew assignments found ;
; iInstLd       ; No input delay, min/max delays, false-path exceptions, or max skew assignments found ;
; iRST          ; No input delay, min/max delays, false-path exceptions, or max skew assignments found ;
+---------------+--------------------------------------------------------------------------------------+


+-----------------------------------------------------------------------------------------------------+
; Unconstrained Output Ports                                                                          ;
+-------------+---------------------------------------------------------------------------------------+
; Output Port ; Comment                                                                               ;
+-------------+---------------------------------------------------------------------------------------+
; oALUOut[0]  ; No output delay, min/max delays, false-path exceptions, or max skew assignments found ;
; oALUOut[1]  ; No output delay, min/max delays, false-path exceptions, or max skew assignments found ;
; oALUOut[2]  ; No output delay, min/max delays, false-path exceptions, or max skew assignments found ;
; oALUOut[3]  ; No output delay, min/max delays, false-path exceptions, or max skew assignments found ;
; oALUOut[4]  ; No output delay, min/max delays, false-path exceptions, or max skew assignments found ;
; oALUOut[5]  ; No output delay, min/max delays, false-path exceptions, or max skew assignments found ;
; oALUOut[6]  ; No output delay, min/max delays, false-path exceptions, or max skew assignments found ;
; oALUOut[7]  ; No output delay, min/max delays, false-path exceptions, or max skew assignments found ;
; oALUOut[8]  ; No output delay, min/max delays, false-path exceptions, or max skew assignments found ;
; oALUOut[9]  ; No output delay, min/max delays, false-path exceptions, or max skew assignments found ;
; oALUOut[10] ; No output delay, min/max delays, false-path exceptions, or max skew assignments found ;
; oALUOut[11] ; No output delay, min/max delays, false-path exceptions, or max skew assignments found ;
; oALUOut[12] ; No output delay, min/max delays, false-path exceptions, or max skew assignments found ;
; oALUOut[13] ; No output delay, min/max delays, false-path exceptions, or max skew assignments found ;
; oALUOut[14] ; No output delay, min/max delays, false-path exceptions, or max skew assignments found ;
; oALUOut[15] ; No output delay, min/max delays, false-path exceptions, or max skew assignments found ;
; oALUOut[16] ; No output delay, min/max delays, false-path exceptions, or max skew assignments found ;
; oALUOut[17] ; No output delay, min/max delays, false-path exceptions, or max skew assignments found ;
; oALUOut[18] ; No output delay, min/max delays, false-path exceptions, or max skew assignments found ;
; oALUOut[19] ; No output delay, min/max delays, false-path exceptions, or max skew assignments found ;
; oALUOut[20] ; No output delay, min/max delays, false-path exceptions, or max skew assignments found ;
; oALUOut[21] ; No output delay, min/max delays, false-path exceptions, or max skew assignments found ;
; oALUOut[22] ; No output delay, min/max delays, false-path exceptions, or max skew assignments found ;
; oALUOut[23] ; No output delay, min/max delays, false-path exceptions, or max skew assignments found ;
; oALUOut[24] ; No output delay, min/max delays, false-path exceptions, or max skew assignments found ;
; oALUOut[25] ; No output delay, min/max delays, false-path exceptions, or max skew assignments found ;
; oALUOut[26] ; No output delay, min/max delays, false-path exceptions, or max skew assignments found ;
; oALUOut[27] ; No output delay, min/max delays, false-path exceptions, or max skew assignments found ;
; oALUOut[28] ; No output delay, min/max delays, false-path exceptions, or max skew assignments found ;
; oALUOut[29] ; No output delay, min/max delays, false-path exceptions, or max skew assignments found ;
; oALUOut[30] ; No output delay, min/max delays, false-path exceptions, or max skew assignments found ;
; oALUOut[31] ; No output delay, min/max delays, false-path exceptions, or max skew assignments found ;
+-------------+---------------------------------------------------------------------------------------+


+--------------------------+
; Timing Analyzer Messages ;
+--------------------------+
Info: *******************************************************************
Info: Running Quartus Prime Timing Analyzer
    Info: Version 20.1.1 Build 720 11/11/2020 SJ Standard Edition
    Info: Copyright (C) 2020  Intel Corporation. All rights reserved.
    Info: Your use of Intel Corporation's design tools, logic functions 
    Info: and other software and tools, and any partner logic 
    Info: functions, and any output files from any of the foregoing 
    Info: (including device programming or simulation files), and any 
    Info: associated documentation or information are expressly subject 
    Info: to the terms and conditions of the Intel Program License 
    Info: Subscription Agreement, the Intel Quartus Prime License Agreement,
    Info: the Intel FPGA IP License Agreement, or other applicable license
    Info: agreement, including, without limitation, that your use is for
    Info: the sole purpose of programming logic devices manufactured by
    Info: Intel and sold by Intel or its authorized distributors.  Please
    Info: refer to the applicable agreement for further details, at
    Info: https://fpgasoftware.intel.com/eula.
    Info: Processing started: Thu Dec 11 10:30:32 2025
Info: Command: quartus_sta --sdc=toolflow.sdc toolflow --do_report_timing
Info: qsta_default_script.tcl version: #1
Warning (18236): Number of processors has not been specified which may cause overloading on shared machines.  Set the global assignment NUM_PARALLEL_PROCESSORS in your QSF to an appropriate value for best performance.
Info (20030): Parallel compilation is enabled and will use 12 of the 12 processors detected
Info (21076): High junction temperature operating condition is not set. Assuming a default value of '85'.
Info (21076): Low junction temperature operating condition is not set. Assuming a default value of '0'.
Info (332104): Reading SDC File: 'toolflow.sdc'
Info: Found TIMING_ANALYZER_REPORT_SCRIPT_INCLUDE_DEFAULT_ANALYSIS = ON
Info: Analyzing Slow 1200mV 85C Model
Info (332146): Worst-case setup slack is 1.089
    Info (332119):     Slack       End Point TNS Clock 
    Info (332119): ========= =================== =====================
    Info (332119):     1.089               0.000 iCLK 
Info (332146): Worst-case hold slack is 0.339
    Info (332119):     Slack       End Point TNS Clock 
    Info (332119): ========= =================== =====================
    Info (332119):     0.339               0.000 iCLK 
Info (332146): Worst-case recovery slack is 18.007
    Info (332119):     Slack       End Point TNS Clock 
    Info (332119): ========= =================== =====================
    Info (332119):    18.007               0.000 iCLK 
Info (332146): Worst-case removal slack is 1.418
    Info (332119):     Slack       End Point TNS Clock 
    Info (332119): ========= =================== =====================
    Info (332119):     1.418               0.000 iCLK 
Info (332146): Worst-case minimum pulse width slack is 9.625
    Info (332119):     Slack       End Point TNS Clock 
    Info (332119): ========= =================== =====================
    Info (332119):     9.625               0.000 iCLK 
Info (332115): Report Timing: Found 1 setup paths (0 violated).  Worst case slack is 1.089
    Info (332115): -to_clock [get_clocks {iCLK}]
    Info (332115): -setup
    Info (332115): -stdout
Info (332115): Path #1: Setup slack is 1.089 
    Info (332115): ===================================================================
    Info (332115): From Node    : IDEX:IDEX_i|dffg:ALUSrc_dffg|s_Q
    Info (332115): To Node      : fetch:fetch_i|PCreg:PC|dffg:\g_dffgs:8:i_dffg|s_Q
    Info (332115): Launch Clock : iCLK
    Info (332115): Latch Clock  : iCLK
    Info (332115): 
    Info (332115): Data Arrival Path:
    Info (332115): 
    Info (332115): Total (ns)  Incr (ns)     Type  Element
    Info (332115): ==========  ========= ==  ====  ===================================
    Info (332115):      0.000      0.000           launch edge time
    Info (332115):      3.084      3.084  R        clock network delay
    Info (332115):      3.316      0.232     uTco  IDEX:IDEX_i|dffg:ALUSrc_dffg|s_Q
    Info (332115):      3.316      0.000 FF  CELL  IDEX_i|ALUSrc_dffg|s_Q|q
    Info (332115):      4.173      0.857 FF    IC  ALU_i|busmux_inst|o_Q[0]~1|datad
    Info (332115):      4.323      0.150 FR  CELL  ALU_i|busmux_inst|o_Q[0]~1|combout
    Info (332115):      4.557      0.234 RR    IC  ALU_i|addsubi_inst|adder_inst|\adder_chain:0:FA|part3|o_F|datad
    Info (332115):      4.712      0.155 RR  CELL  ALU_i|addsubi_inst|adder_inst|\adder_chain:0:FA|part3|o_F|combout
    Info (332115):      4.937      0.225 RR    IC  ALU_i|addsubi_inst|adder_inst|\adder_chain:1:FA|part5|o_F~0|datac
    Info (332115):      5.224      0.287 RR  CELL  ALU_i|addsubi_inst|adder_inst|\adder_chain:1:FA|part5|o_F~0|combout
    Info (332115):      5.595      0.371 RR    IC  ALU_i|addsubi_inst|adder_inst|\adder_chain:2:FA|part5|o_F~0|datad
    Info (332115):      5.750      0.155 RR  CELL  ALU_i|addsubi_inst|adder_inst|\adder_chain:2:FA|part5|o_F~0|combout
    Info (332115):      5.977      0.227 RR    IC  ALU_i|addsubi_inst|adder_inst|\adder_chain:3:FA|part5|o_F~0|datad
    Info (332115):      6.132      0.155 RR  CELL  ALU_i|addsubi_inst|adder_inst|\adder_chain:3:FA|part5|o_F~0|combout
    Info (332115):      6.359      0.227 RR    IC  ALU_i|addsubi_inst|adder_inst|\adder_chain:4:FA|part5|o_F~0|datad
    Info (332115):      6.514      0.155 RR  CELL  ALU_i|addsubi_inst|adder_inst|\adder_chain:4:FA|part5|o_F~0|combout
    Info (332115):      6.741      0.227 RR    IC  ALU_i|addsubi_inst|adder_inst|\adder_chain:5:FA|part5|o_F~0|datad
    Info (332115):      6.896      0.155 RR  CELL  ALU_i|addsubi_inst|adder_inst|\adder_chain:5:FA|part5|o_F~0|combout
    Info (332115):      7.123      0.227 RR    IC  ALU_i|addsubi_inst|adder_inst|\adder_chain:6:FA|part5|o_F~0|datad
    Info (332115):      7.278      0.155 RR  CELL  ALU_i|addsubi_inst|adder_inst|\adder_chain:6:FA|part5|o_F~0|combout
    Info (332115):      7.506      0.228 RR    IC  ALU_i|addsubi_inst|adder_inst|\adder_chain:7:FA|part5|o_F~0|datad
    Info (332115):      7.661      0.155 RR  CELL  ALU_i|addsubi_inst|adder_inst|\adder_chain:7:FA|part5|o_F~0|combout
    Info (332115):      7.890      0.229 RR    IC  ALU_i|addsubi_inst|adder_inst|\adder_chain:8:FA|part5|o_F~0|datad
    Info (332115):      8.045      0.155 RR  CELL  ALU_i|addsubi_inst|adder_inst|\adder_chain:8:FA|part5|o_F~0|combout
    Info (332115):      8.271      0.226 RR    IC  ALU_i|addsubi_inst|adder_inst|\adder_chain:9:FA|part5|o_F~0|datad
    Info (332115):      8.426      0.155 RR  CELL  ALU_i|addsubi_inst|adder_inst|\adder_chain:9:FA|part5|o_F~0|combout
    Info (332115):      8.652      0.226 RR    IC  ALU_i|addsubi_inst|adder_inst|\adder_chain:10:FA|part5|o_F~0|datad
    Info (332115):      8.807      0.155 RR  CELL  ALU_i|addsubi_inst|adder_inst|\adder_chain:10:FA|part5|o_F~0|combout
    Info (332115):      9.033      0.226 RR    IC  ALU_i|addsubi_inst|adder_inst|\adder_chain:11:FA|part5|o_F~0|datad
    Info (332115):      9.188      0.155 RR  CELL  ALU_i|addsubi_inst|adder_inst|\adder_chain:11:FA|part5|o_F~0|combout
    Info (332115):      9.415      0.227 RR    IC  ALU_i|addsubi_inst|adder_inst|\adder_chain:12:FA|part5|o_F~0|datac
    Info (332115):      9.702      0.287 RR  CELL  ALU_i|addsubi_inst|adder_inst|\adder_chain:12:FA|part5|o_F~0|combout
    Info (332115):      9.926      0.224 RR    IC  ALU_i|addsubi_inst|adder_inst|\adder_chain:13:FA|part5|o_F~0|datac
    Info (332115):     10.213      0.287 RR  CELL  ALU_i|addsubi_inst|adder_inst|\adder_chain:13:FA|part5|o_F~0|combout
    Info (332115):     10.440      0.227 RR    IC  ALU_i|addsubi_inst|adder_inst|\adder_chain:14:FA|part5|o_F~0|datad
    Info (332115):     10.595      0.155 RR  CELL  ALU_i|addsubi_inst|adder_inst|\adder_chain:14:FA|part5|o_F~0|combout
    Info (332115):     10.976      0.381 RR    IC  ALU_i|addsubi_inst|adder_inst|\adder_chain:15:FA|part5|o_F~0|datad
    Info (332115):     11.131      0.155 RR  CELL  ALU_i|addsubi_inst|adder_inst|\adder_chain:15:FA|part5|o_F~0|combout
    Info (332115):     11.359      0.228 RR    IC  ALU_i|addsubi_inst|adder_inst|\adder_chain:16:FA|part5|o_F~0|datad
    Info (332115):     11.514      0.155 RR  CELL  ALU_i|addsubi_inst|adder_inst|\adder_chain:16:FA|part5|o_F~0|combout
    Info (332115):     11.741      0.227 RR    IC  ALU_i|addsubi_inst|adder_inst|\adder_chain:17:FA|part5|o_F~0|datad
    Info (332115):     11.896      0.155 RR  CELL  ALU_i|addsubi_inst|adder_inst|\adder_chain:17:FA|part5|o_F~0|combout
    Info (332115):     12.123      0.227 RR    IC  ALU_i|addsubi_inst|adder_inst|\adder_chain:18:FA|part5|o_F~0|datad
    Info (332115):     12.278      0.155 RR  CELL  ALU_i|addsubi_inst|adder_inst|\adder_chain:18:FA|part5|o_F~0|combout
    Info (332115):     12.508      0.230 RR    IC  ALU_i|addsubi_inst|adder_inst|\adder_chain:19:FA|part5|o_F~0|datad
    Info (332115):     12.663      0.155 RR  CELL  ALU_i|addsubi_inst|adder_inst|\adder_chain:19:FA|part5|o_F~0|combout
    Info (332115):     12.889      0.226 RR    IC  ALU_i|addsubi_inst|adder_inst|\adder_chain:20:FA|part5|o_F~0|datad
    Info (332115):     13.044      0.155 RR  CELL  ALU_i|addsubi_inst|adder_inst|\adder_chain:20:FA|part5|o_F~0|combout
    Info (332115):     13.268      0.224 RR    IC  ALU_i|addsubi_inst|adder_inst|\adder_chain:21:FA|part5|o_F~0|datac
    Info (332115):     13.555      0.287 RR  CELL  ALU_i|addsubi_inst|adder_inst|\adder_chain:21:FA|part5|o_F~0|combout
    Info (332115):     13.783      0.228 RR    IC  ALU_i|addsubi_inst|adder_inst|\adder_chain:22:FA|part5|o_F~0|datad
    Info (332115):     13.938      0.155 RR  CELL  ALU_i|addsubi_inst|adder_inst|\adder_chain:22:FA|part5|o_F~0|combout
    Info (332115):     14.164      0.226 RR    IC  ALU_i|addsubi_inst|adder_inst|\adder_chain:23:FA|part5|o_F~0|datad
    Info (332115):     14.319      0.155 RR  CELL  ALU_i|addsubi_inst|adder_inst|\adder_chain:23:FA|part5|o_F~0|combout
    Info (332115):     14.544      0.225 RR    IC  ALU_i|addsubi_inst|adder_inst|\adder_chain:24:FA|part5|o_F~0|datac
    Info (332115):     14.831      0.287 RR  CELL  ALU_i|addsubi_inst|adder_inst|\adder_chain:24:FA|part5|o_F~0|combout
    Info (332115):     15.056      0.225 RR    IC  ALU_i|addsubi_inst|adder_inst|\adder_chain:25:FA|part5|o_F~0|datac
    Info (332115):     15.343      0.287 RR  CELL  ALU_i|addsubi_inst|adder_inst|\adder_chain:25:FA|part5|o_F~0|combout
    Info (332115):     15.570      0.227 RR    IC  ALU_i|addsubi_inst|adder_inst|\adder_chain:26:FA|part5|o_F~0|datad
    Info (332115):     15.725      0.155 RR  CELL  ALU_i|addsubi_inst|adder_inst|\adder_chain:26:FA|part5|o_F~0|combout
    Info (332115):     15.953      0.228 RR    IC  ALU_i|addsubi_inst|adder_inst|\adder_chain:27:FA|part5|o_F~0|datad
    Info (332115):     16.108      0.155 RR  CELL  ALU_i|addsubi_inst|adder_inst|\adder_chain:27:FA|part5|o_F~0|combout
    Info (332115):     16.335      0.227 RR    IC  ALU_i|addsubi_inst|adder_inst|\adder_chain:28:FA|part5|o_F~0|datad
    Info (332115):     16.490      0.155 RR  CELL  ALU_i|addsubi_inst|adder_inst|\adder_chain:28:FA|part5|o_F~0|combout
    Info (332115):     16.701      0.211 RR    IC  ALU_i|addsubi_inst|adder_inst|\adder_chain:29:FA|part2|o_F|datac
    Info (332115):     16.988      0.287 RR  CELL  ALU_i|addsubi_inst|adder_inst|\adder_chain:29:FA|part2|o_F|combout
    Info (332115):     17.356      0.368 RR    IC  ALU_i|Equal0~10|datac
    Info (332115):     17.623      0.267 RF  CELL  ALU_i|Equal0~10|combout
    Info (332115):     17.849      0.226 FF    IC  ALU_i|Equal0~11|datad
    Info (332115):     17.974      0.125 FF  CELL  ALU_i|Equal0~11|combout
    Info (332115):     18.220      0.246 FF    IC  ALU_i|mux_inst10|o_Q~0|datac
    Info (332115):     18.501      0.281 FF  CELL  ALU_i|mux_inst10|o_Q~0|combout
    Info (332115):     18.729      0.228 FF    IC  ALU_i|mux_inst10|o_Q~1|datad
    Info (332115):     18.879      0.150 FR  CELL  ALU_i|mux_inst10|o_Q~1|combout
    Info (332115):     19.082      0.203 RR    IC  ALU_i|mux_inst10|o_Q~2|datad
    Info (332115):     19.221      0.139 RF  CELL  ALU_i|mux_inst10|o_Q~2|combout
    Info (332115):     19.468      0.247 FF    IC  s_IFID_Flush~1|datac
    Info (332115):     19.749      0.281 FF  CELL  s_IFID_Flush~1|combout
    Info (332115):     21.561      1.812 FF    IC  fetch_i|busmux_inst|o_Q[8]~1|datac
    Info (332115):     21.842      0.281 FF  CELL  fetch_i|busmux_inst|o_Q[8]~1|combout
    Info (332115):     21.842      0.000 FF    IC  fetch_i|PC|\g_dffgs:8:i_dffg|s_Q|d
    Info (332115):     21.946      0.104 FF  CELL  fetch:fetch_i|PCreg:PC|dffg:\g_dffgs:8:i_dffg|s_Q
    Info (332115): 
    Info (332115): Data Required Path:
    Info (332115): 
    Info (332115): Total (ns)  Incr (ns)     Type  Element
    Info (332115): ==========  ========= ==  ====  ===================================
    Info (332115):     20.000     20.000           latch edge time
    Info (332115):     23.005      3.005  R        clock network delay
    Info (332115):     23.037      0.032           clock pessimism removed
    Info (332115):     23.017     -0.020           clock uncertainty
    Info (332115):     23.035      0.018     uTsu  fetch:fetch_i|PCreg:PC|dffg:\g_dffgs:8:i_dffg|s_Q
    Info (332115): 
    Info (332115): Data Arrival Time  :    21.946
    Info (332115): Data Required Time :    23.035
    Info (332115): Slack              :     1.089 
    Info (332115): ===================================================================
    Info (332115): 
Info (332115): Report Timing: Found 1 hold paths (0 violated).  Worst case slack is 0.339
    Info (332115): -to_clock [get_clocks {iCLK}]
    Info (332115): -hold
    Info (332115): -stdout
Info (332115): Path #1: Hold slack is 0.339 
    Info (332115): ===================================================================
    Info (332115): From Node    : EXMEM:EXMEM_i|dffg:\ALUB_dffgs:101:B_dffg|s_Q
    Info (332115): To Node      : mem:DMem|altsyncram:ram_rtl_0|altsyncram_eg81:auto_generated|ram_block1a8~porta_datain_reg0
    Info (332115): Launch Clock : iCLK
    Info (332115): Latch Clock  : iCLK
    Info (332115): 
    Info (332115): Data Arrival Path:
    Info (332115): 
    Info (332115): Total (ns)  Incr (ns)     Type  Element
    Info (332115): ==========  ========= ==  ====  ===================================
    Info (332115):      0.000      0.000           launch edge time
    Info (332115):      2.983      2.983  R        clock network delay
    Info (332115):      3.215      0.232     uTco  EXMEM:EXMEM_i|dffg:\ALUB_dffgs:101:B_dffg|s_Q
    Info (332115):      3.215      0.000 RR  CELL  EXMEM_i|\ALUB_dffgs:101:B_dffg|s_Q|q
    Info (332115):      3.920      0.705 RR    IC  DMem|ram_rtl_0|auto_generated|ram_block1a8|portadatain[8]
    Info (332115):      3.992      0.072 RR  CELL  mem:DMem|altsyncram:ram_rtl_0|altsyncram_eg81:auto_generated|ram_block1a8~porta_datain_reg0
    Info (332115): 
    Info (332115): Data Required Path:
    Info (332115): 
    Info (332115): Total (ns)  Incr (ns)     Type  Element
    Info (332115): ==========  ========= ==  ====  ===================================
    Info (332115):      0.000      0.000           latch edge time
    Info (332115):      3.463      3.463  R        clock network delay
    Info (332115):      3.431     -0.032           clock pessimism removed
    Info (332115):      3.431      0.000           clock uncertainty
    Info (332115):      3.653      0.222      uTh  mem:DMem|altsyncram:ram_rtl_0|altsyncram_eg81:auto_generated|ram_block1a8~porta_datain_reg0
    Info (332115): 
    Info (332115): Data Arrival Time  :     3.992
    Info (332115): Data Required Time :     3.653
    Info (332115): Slack              :     0.339 
    Info (332115): ===================================================================
    Info (332115): 
Info (332115): Report Timing: Found 1 recovery paths (0 violated).  Worst case slack is 18.007
    Info (332115): -to_clock [get_clocks {iCLK}]
    Info (332115): -recovery
    Info (332115): -stdout
Info (332115): Path #1: Recovery slack is 18.007 
    Info (332115): ===================================================================
    Info (332115): From Node    : IDEX:IDEX_i|dffg:MemtoReg_dffg|altshift_taps:s_Q_rtl_0|shift_taps_9km:auto_generated|dffe6
    Info (332115): To Node      : IDEX:IDEX_i|dffg:MemtoReg_dffg|altshift_taps:s_Q_rtl_0|shift_taps_9km:auto_generated|altsyncram_n861:altsyncram4|ram_block7a0
    Info (332115): Launch Clock : iCLK
    Info (332115): Latch Clock  : iCLK
    Info (332115): 
    Info (332115): Data Arrival Path:
    Info (332115): 
    Info (332115): Total (ns)  Incr (ns)     Type  Element
    Info (332115): ==========  ========= ==  ====  ===================================
    Info (332115):      0.000      0.000           launch edge time
    Info (332115):      3.104      3.104  R        clock network delay
    Info (332115):      3.336      0.232     uTco  IDEX:IDEX_i|dffg:MemtoReg_dffg|altshift_taps:s_Q_rtl_0|shift_taps_9km:auto_generated|dffe6
    Info (332115):      3.336      0.000 RR  CELL  IDEX_i|MemtoReg_dffg|s_Q_rtl_0|auto_generated|dffe6|q
    Info (332115):      3.981      0.645 RR    IC  IDEX_i|MemtoReg_dffg|s_Q_rtl_0|auto_generated|altsyncram4|ram_block7a0|clr0
    Info (332115):      5.261      1.280 RF  CELL  IDEX:IDEX_i|dffg:MemtoReg_dffg|altshift_taps:s_Q_rtl_0|shift_taps_9km:auto_generated|altsyncram_n861:altsyncram4|ram_block7a0
    Info (332115): 
    Info (332115): Data Required Path:
    Info (332115): 
    Info (332115): Total (ns)  Incr (ns)     Type  Element
    Info (332115): ==========  ========= ==  ====  ===================================
    Info (332115):     20.000     20.000           latch edge time
    Info (332115):     23.314      3.314  R        clock network delay
    Info (332115):     23.346      0.032           clock pessimism removed
    Info (332115):     23.326     -0.020           clock uncertainty
    Info (332115):     23.268     -0.058     uTsu  IDEX:IDEX_i|dffg:MemtoReg_dffg|altshift_taps:s_Q_rtl_0|shift_taps_9km:auto_generated|altsyncram_n861:altsyncram4|ram_block7a0
    Info (332115): 
    Info (332115): Data Arrival Time  :     5.261
    Info (332115): Data Required Time :    23.268
    Info (332115): Slack              :    18.007 
    Info (332115): ===================================================================
    Info (332115): 
Info (332115): Report Timing: Found 1 removal paths (0 violated).  Worst case slack is 1.418
    Info (332115): -to_clock [get_clocks {iCLK}]
    Info (332115): -removal
    Info (332115): -stdout
Info (332115): Path #1: Removal slack is 1.418 
    Info (332115): ===================================================================
    Info (332115): From Node    : IDEX:IDEX_i|dffg:MemtoReg_dffg|altshift_taps:s_Q_rtl_0|shift_taps_9km:auto_generated|dffe6
    Info (332115): To Node      : IDEX:IDEX_i|dffg:MemtoReg_dffg|altshift_taps:s_Q_rtl_0|shift_taps_9km:auto_generated|altsyncram_n861:altsyncram4|ram_block7a0
    Info (332115): Launch Clock : iCLK
    Info (332115): Latch Clock  : iCLK
    Info (332115): 
    Info (332115): Data Arrival Path:
    Info (332115): 
    Info (332115): Total (ns)  Incr (ns)     Type  Element
    Info (332115): ==========  ========= ==  ====  ===================================
    Info (332115):      0.000      0.000           launch edge time
    Info (332115):      2.991      2.991  R        clock network delay
    Info (332115):      3.223      0.232     uTco  IDEX:IDEX_i|dffg:MemtoReg_dffg|altshift_taps:s_Q_rtl_0|shift_taps_9km:auto_generated|dffe6
    Info (332115):      3.223      0.000 FF  CELL  IDEX_i|MemtoReg_dffg|s_Q_rtl_0|auto_generated|dffe6|q
    Info (332115):      3.828      0.605 FF    IC  IDEX_i|MemtoReg_dffg|s_Q_rtl_0|auto_generated|altsyncram4|ram_block7a0|clr0
    Info (332115):      4.994      1.166 FR  CELL  IDEX:IDEX_i|dffg:MemtoReg_dffg|altshift_taps:s_Q_rtl_0|shift_taps_9km:auto_generated|altsyncram_n861:altsyncram4|ram_block7a0
    Info (332115): 
    Info (332115): Data Required Path:
    Info (332115): 
    Info (332115): Total (ns)  Incr (ns)     Type  Element
    Info (332115): ==========  ========= ==  ====  ===================================
    Info (332115):      0.000      0.000           latch edge time
    Info (332115):      3.422      3.422  R        clock network delay
    Info (332115):      3.390     -0.032           clock pessimism removed
    Info (332115):      3.390      0.000           clock uncertainty
    Info (332115):      3.576      0.186      uTh  IDEX:IDEX_i|dffg:MemtoReg_dffg|altshift_taps:s_Q_rtl_0|shift_taps_9km:auto_generated|altsyncram_n861:altsyncram4|ram_block7a0
    Info (332115): 
    Info (332115): Data Arrival Time  :     4.994
    Info (332115): Data Required Time :     3.576
    Info (332115): Slack              :     1.418 
    Info (332115): ===================================================================
    Info (332115): 
Info: Analyzing Slow 1200mV 0C Model
Info (334003): Started post-fitting delay annotation
Info (334004): Delay annotation completed successfully
Info (332146): Worst-case setup slack is 1.914
    Info (332119):     Slack       End Point TNS Clock 
    Info (332119): ========= =================== =====================
    Info (332119):     1.914               0.000 iCLK 
Info (332146): Worst-case hold slack is 0.341
    Info (332119):     Slack       End Point TNS Clock 
    Info (332119): ========= =================== =====================
    Info (332119):     0.341               0.000 iCLK 
Info (332146): Worst-case recovery slack is 18.182
    Info (332119):     Slack       End Point TNS Clock 
    Info (332119): ========= =================== =====================
    Info (332119):    18.182               0.000 iCLK 
Info (332146): Worst-case removal slack is 1.289
    Info (332119):     Slack       End Point TNS Clock 
    Info (332119): ========= =================== =====================
    Info (332119):     1.289               0.000 iCLK 
Info (332146): Worst-case minimum pulse width slack is 9.646
    Info (332119):     Slack       End Point TNS Clock 
    Info (332119): ========= =================== =====================
    Info (332119):     9.646               0.000 iCLK 
Info (332115): Report Timing: Found 1 setup paths (0 violated).  Worst case slack is 1.914
    Info (332115): -to_clock [get_clocks {iCLK}]
    Info (332115): -setup
    Info (332115): -stdout
Info (332115): Path #1: Setup slack is 1.914 
    Info (332115): ===================================================================
    Info (332115): From Node    : mem:DMem|altsyncram:ram_rtl_0|altsyncram_eg81:auto_generated|ram_block1a0~porta_we_reg
    Info (332115): To Node      : regfile:regfile_i|reg:\g_regs:9:i_reg|dffg:\g_dffgs:27:i_dffg|s_Q
    Info (332115): Launch Clock : iCLK
    Info (332115): Latch Clock  : iCLK (INVERTED)
    Info (332115): 
    Info (332115): Data Arrival Path:
    Info (332115): 
    Info (332115): Total (ns)  Incr (ns)     Type  Element
    Info (332115): ==========  ========= ==  ====  ===================================
    Info (332115):      0.000      0.000           launch edge time
    Info (332115):      3.145      3.145  R        clock network delay
    Info (332115):      3.381      0.236     uTco  mem:DMem|altsyncram:ram_rtl_0|altsyncram_eg81:auto_generated|ram_block1a0~porta_we_reg
    Info (332115):      5.966      2.585 FR  CELL  DMem|ram_rtl_0|auto_generated|ram_block1a0|portadataout[6]
    Info (332115):      6.422      0.456 RR    IC  loadresizer|s_halfword[31]~0|datab
    Info (332115):      6.753      0.331 RR  CELL  loadresizer|s_halfword[31]~0|combout
    Info (332115):      6.942      0.189 RR    IC  loadresizer|s_halfword[31]~1|datad
    Info (332115):      7.086      0.144 RR  CELL  loadresizer|s_halfword[31]~1|combout
    Info (332115):      7.899      0.813 RR    IC  busmux_ALUorLUI|o_Q[27]~33|datab
    Info (332115):      8.250      0.351 RR  CELL  busmux_ALUorLUI|o_Q[27]~33|combout
    Info (332115):      8.605      0.355 RR    IC  busmux_ALUorLUI|o_Q[27]~34|datac
    Info (332115):      8.870      0.265 RR  CELL  busmux_ALUorLUI|o_Q[27]~34|combout
    Info (332115):     10.664      1.794 RR    IC  regfile_i|\g_regs:9:i_reg|\g_dffgs:27:i_dffg|s_Q~feeder|datad
    Info (332115):     10.808      0.144 RR  CELL  regfile_i|\g_regs:9:i_reg|\g_dffgs:27:i_dffg|s_Q~feeder|combout
    Info (332115):     10.808      0.000 RR    IC  regfile_i|\g_regs:9:i_reg|\g_dffgs:27:i_dffg|s_Q|d
    Info (332115):     10.888      0.080 RR  CELL  regfile:regfile_i|reg:\g_regs:9:i_reg|dffg:\g_dffgs:27:i_dffg|s_Q
    Info (332115): 
    Info (332115): Data Required Path:
    Info (332115): 
    Info (332115): Total (ns)  Incr (ns)     Type  Element
    Info (332115): ==========  ========= ==  ====  ===================================
    Info (332115):     10.000     10.000           latch edge time
    Info (332115):     12.775      2.775  F        clock network delay
    Info (332115):     12.803      0.028           clock pessimism removed
    Info (332115):     12.783     -0.020           clock uncertainty
    Info (332115):     12.802      0.019     uTsu  regfile:regfile_i|reg:\g_regs:9:i_reg|dffg:\g_dffgs:27:i_dffg|s_Q
    Info (332115): 
    Info (332115): Data Arrival Time  :    10.888
    Info (332115): Data Required Time :    12.802
    Info (332115): Slack              :     1.914 
    Info (332115): ===================================================================
    Info (332115): 
Info (332115): Report Timing: Found 1 hold paths (0 violated).  Worst case slack is 0.341
    Info (332115): -to_clock [get_clocks {iCLK}]
    Info (332115): -hold
    Info (332115): -stdout
Info (332115): Path #1: Hold slack is 0.341 
    Info (332115): ===================================================================
    Info (332115): From Node    : EXMEM:EXMEM_i|dffg:\ALUB_dffgs:101:B_dffg|s_Q
    Info (332115): To Node      : mem:DMem|altsyncram:ram_rtl_0|altsyncram_eg81:auto_generated|ram_block1a8~porta_datain_reg0
    Info (332115): Launch Clock : iCLK
    Info (332115): Latch Clock  : iCLK
    Info (332115): 
    Info (332115): Data Arrival Path:
    Info (332115): 
    Info (332115): Total (ns)  Incr (ns)     Type  Element
    Info (332115): ==========  ========= ==  ====  ===================================
    Info (332115):      0.000      0.000           launch edge time
    Info (332115):      2.713      2.713  R        clock network delay
    Info (332115):      2.926      0.213     uTco  EXMEM:EXMEM_i|dffg:\ALUB_dffgs:101:B_dffg|s_Q
    Info (332115):      2.926      0.000 RR  CELL  EXMEM_i|\ALUB_dffgs:101:B_dffg|s_Q|q
    Info (332115):      3.583      0.657 RR    IC  DMem|ram_rtl_0|auto_generated|ram_block1a8|portadatain[8]
    Info (332115):      3.656      0.073 RR  CELL  mem:DMem|altsyncram:ram_rtl_0|altsyncram_eg81:auto_generated|ram_block1a8~porta_datain_reg0
    Info (332115): 
    Info (332115): Data Required Path:
    Info (332115): 
    Info (332115): Total (ns)  Incr (ns)     Type  Element
    Info (332115): ==========  ========= ==  ====  ===================================
    Info (332115):      0.000      0.000           latch edge time
    Info (332115):      3.142      3.142  R        clock network delay
    Info (332115):      3.114     -0.028           clock pessimism removed
    Info (332115):      3.114      0.000           clock uncertainty
    Info (332115):      3.315      0.201      uTh  mem:DMem|altsyncram:ram_rtl_0|altsyncram_eg81:auto_generated|ram_block1a8~porta_datain_reg0
    Info (332115): 
    Info (332115): Data Arrival Time  :     3.656
    Info (332115): Data Required Time :     3.315
    Info (332115): Slack              :     0.341 
    Info (332115): ===================================================================
    Info (332115): 
Info (332115): Report Timing: Found 1 recovery paths (0 violated).  Worst case slack is 18.182
    Info (332115): -to_clock [get_clocks {iCLK}]
    Info (332115): -recovery
    Info (332115): -stdout
Info (332115): Path #1: Recovery slack is 18.182 
    Info (332115): ===================================================================
    Info (332115): From Node    : IDEX:IDEX_i|dffg:MemtoReg_dffg|altshift_taps:s_Q_rtl_0|shift_taps_9km:auto_generated|dffe6
    Info (332115): To Node      : IDEX:IDEX_i|dffg:MemtoReg_dffg|altshift_taps:s_Q_rtl_0|shift_taps_9km:auto_generated|altsyncram_n861:altsyncram4|ram_block7a0
    Info (332115): Launch Clock : iCLK
    Info (332115): Latch Clock  : iCLK
    Info (332115): 
    Info (332115): Data Arrival Path:
    Info (332115): 
    Info (332115): Total (ns)  Incr (ns)     Type  Element
    Info (332115): ==========  ========= ==  ====  ===================================
    Info (332115):      0.000      0.000           launch edge time
    Info (332115):      2.819      2.819  R        clock network delay
    Info (332115):      3.032      0.213     uTco  IDEX:IDEX_i|dffg:MemtoReg_dffg|altshift_taps:s_Q_rtl_0|shift_taps_9km:auto_generated|dffe6
    Info (332115):      3.032      0.000 RR  CELL  IDEX_i|MemtoReg_dffg|s_Q_rtl_0|auto_generated|dffe6|q
    Info (332115):      3.629      0.597 RR    IC  IDEX_i|MemtoReg_dffg|s_Q_rtl_0|auto_generated|altsyncram4|ram_block7a0|clr0
    Info (332115):      4.777      1.148 RF  CELL  IDEX:IDEX_i|dffg:MemtoReg_dffg|altshift_taps:s_Q_rtl_0|shift_taps_9km:auto_generated|altsyncram_n861:altsyncram4|ram_block7a0
    Info (332115): 
    Info (332115): Data Required Path:
    Info (332115): 
    Info (332115): Total (ns)  Incr (ns)     Type  Element
    Info (332115): ==========  ========= ==  ====  ===================================
    Info (332115):     20.000     20.000           latch edge time
    Info (332115):     23.000      3.000  R        clock network delay
    Info (332115):     23.028      0.028           clock pessimism removed
    Info (332115):     23.008     -0.020           clock uncertainty
    Info (332115):     22.959     -0.049     uTsu  IDEX:IDEX_i|dffg:MemtoReg_dffg|altshift_taps:s_Q_rtl_0|shift_taps_9km:auto_generated|altsyncram_n861:altsyncram4|ram_block7a0
    Info (332115): 
    Info (332115): Data Arrival Time  :     4.777
    Info (332115): Data Required Time :    22.959
    Info (332115): Slack              :    18.182 
    Info (332115): ===================================================================
    Info (332115): 
Info (332115): Report Timing: Found 1 removal paths (0 violated).  Worst case slack is 1.289
    Info (332115): -to_clock [get_clocks {iCLK}]
    Info (332115): -removal
    Info (332115): -stdout
Info (332115): Path #1: Removal slack is 1.289 
    Info (332115): ===================================================================
    Info (332115): From Node    : IDEX:IDEX_i|dffg:MemtoReg_dffg|altshift_taps:s_Q_rtl_0|shift_taps_9km:auto_generated|dffe6
    Info (332115): To Node      : IDEX:IDEX_i|dffg:MemtoReg_dffg|altshift_taps:s_Q_rtl_0|shift_taps_9km:auto_generated|altsyncram_n861:altsyncram4|ram_block7a0
    Info (332115): Launch Clock : iCLK
    Info (332115): Latch Clock  : iCLK
    Info (332115): 
    Info (332115): Data Arrival Path:
    Info (332115): 
    Info (332115): Total (ns)  Incr (ns)     Type  Element
    Info (332115): ==========  ========= ==  ====  ===================================
    Info (332115):      0.000      0.000           launch edge time
    Info (332115):      2.718      2.718  R        clock network delay
    Info (332115):      2.931      0.213     uTco  IDEX:IDEX_i|dffg:MemtoReg_dffg|altshift_taps:s_Q_rtl_0|shift_taps_9km:auto_generated|dffe6
    Info (332115):      2.931      0.000 FF  CELL  IDEX_i|MemtoReg_dffg|s_Q_rtl_0|auto_generated|dffe6|q
    Info (332115):      3.481      0.550 FF    IC  IDEX_i|MemtoReg_dffg|s_Q_rtl_0|auto_generated|altsyncram4|ram_block7a0|clr0
    Info (332115):      4.530      1.049 FR  CELL  IDEX:IDEX_i|dffg:MemtoReg_dffg|altshift_taps:s_Q_rtl_0|shift_taps_9km:auto_generated|altsyncram_n861:altsyncram4|ram_block7a0
    Info (332115): 
    Info (332115): Data Required Path:
    Info (332115): 
    Info (332115): Total (ns)  Incr (ns)     Type  Element
    Info (332115): ==========  ========= ==  ====  ===================================
    Info (332115):      0.000      0.000           latch edge time
    Info (332115):      3.101      3.101  R        clock network delay
    Info (332115):      3.073     -0.028           clock pessimism removed
    Info (332115):      3.073      0.000           clock uncertainty
    Info (332115):      3.241      0.168      uTh  IDEX:IDEX_i|dffg:MemtoReg_dffg|altshift_taps:s_Q_rtl_0|shift_taps_9km:auto_generated|altsyncram_n861:altsyncram4|ram_block7a0
    Info (332115): 
    Info (332115): Data Arrival Time  :     4.530
    Info (332115): Data Required Time :     3.241
    Info (332115): Slack              :     1.289 
    Info (332115): ===================================================================
    Info (332115): 
Info: Analyzing Fast 1200mV 0C Model
Info (332146): Worst-case setup slack is 5.349
    Info (332119):     Slack       End Point TNS Clock 
    Info (332119): ========= =================== =====================
    Info (332119):     5.349               0.000 iCLK 
Info (332146): Worst-case hold slack is 0.134
    Info (332119):     Slack       End Point TNS Clock 
    Info (332119): ========= =================== =====================
    Info (332119):     0.134               0.000 iCLK 
Info (332146): Worst-case recovery slack is 19.021
    Info (332119):     Slack       End Point TNS Clock 
    Info (332119): ========= =================== =====================
    Info (332119):    19.021               0.000 iCLK 
Info (332146): Worst-case removal slack is 0.682
    Info (332119):     Slack       End Point TNS Clock 
    Info (332119): ========= =================== =====================
    Info (332119):     0.682               0.000 iCLK 
Info (332146): Worst-case minimum pulse width slack is 9.367
    Info (332119):     Slack       End Point TNS Clock 
    Info (332119): ========= =================== =====================
    Info (332119):     9.367               0.000 iCLK 
Info (332115): Report Timing: Found 1 setup paths (0 violated).  Worst case slack is 5.349
    Info (332115): -to_clock [get_clocks {iCLK}]
    Info (332115): -setup
    Info (332115): -stdout
Info (332115): Path #1: Setup slack is 5.349 
    Info (332115): ===================================================================
    Info (332115): From Node    : regfile:regfile_i|reg:\g_regs:4:i_reg|dffg:\g_dffgs:7:i_dffg|s_Q
    Info (332115): To Node      : IDEX:IDEX_i|dffg:\ALUA_dffgs:35:A_dffg|s_Q
    Info (332115): Launch Clock : iCLK (INVERTED)
    Info (332115): Latch Clock  : iCLK
    Info (332115): 
    Info (332115): Data Arrival Path:
    Info (332115): 
    Info (332115): Total (ns)  Incr (ns)     Type  Element
    Info (332115): ==========  ========= ==  ====  ===================================
    Info (332115):     10.000     10.000           launch edge time
    Info (332115):     12.052      2.052  F        clock network delay
    Info (332115):     12.157      0.105     uTco  regfile:regfile_i|reg:\g_regs:4:i_reg|dffg:\g_dffgs:7:i_dffg|s_Q
    Info (332115):     12.157      0.000 FF  CELL  regfile_i|\g_regs:4:i_reg|\g_dffgs:7:i_dffg|s_Q|q
    Info (332115):     12.347      0.190 FF    IC  busmux_pcadd|o_Q[7]~33|dataa
    Info (332115):     12.540      0.193 FF  CELL  busmux_pcadd|o_Q[7]~33|combout
    Info (332115):     12.962      0.422 FF    IC  busmux_pcadd|o_Q[7]~34|datad
    Info (332115):     13.025      0.063 FF  CELL  busmux_pcadd|o_Q[7]~34|combout
    Info (332115):     13.423      0.398 FF    IC  busmux_pcadd|o_Q[7]~35|datad
    Info (332115):     13.486      0.063 FF  CELL  busmux_pcadd|o_Q[7]~35|combout
    Info (332115):     13.594      0.108 FF    IC  busmux_pcadd|o_Q[7]~36|datad
    Info (332115):     13.657      0.063 FF  CELL  busmux_pcadd|o_Q[7]~36|combout
    Info (332115):     14.295      0.638 FF    IC  busmux_pcadd|o_Q[7]~37|datac
    Info (332115):     14.428      0.133 FF  CELL  busmux_pcadd|o_Q[7]~37|combout
    Info (332115):     14.535      0.107 FF    IC  busmux_pcadd|o_Q[7]~40|datad
    Info (332115):     14.598      0.063 FF  CELL  busmux_pcadd|o_Q[7]~40|combout
    Info (332115):     14.716      0.118 FF    IC  storeresizer|s_byte[31]~0|datad
    Info (332115):     14.779      0.063 FF  CELL  storeresizer|s_byte[31]~0|combout
    Info (332115):     15.187      0.408 FF    IC  IDEX_i|s_D[45]~291|datac
    Info (332115):     15.320      0.133 FF  CELL  IDEX_i|s_D[45]~291|combout
    Info (332115):     15.870      0.550 FF    IC  IDEX_i|s_D[35]~726|datad
    Info (332115):     15.933      0.063 FF  CELL  IDEX_i|s_D[35]~726|combout
    Info (332115):     16.043      0.110 FF    IC  IDEX_i|s_D[35]~727|datac
    Info (332115):     16.176      0.133 FF  CELL  IDEX_i|s_D[35]~727|combout
    Info (332115):     16.176      0.000 FF    IC  IDEX_i|\ALUA_dffgs:35:A_dffg|s_Q|d
    Info (332115):     16.226      0.050 FF  CELL  IDEX:IDEX_i|dffg:\ALUA_dffgs:35:A_dffg|s_Q
    Info (332115): 
    Info (332115): Data Required Path:
    Info (332115): 
    Info (332115): Total (ns)  Incr (ns)     Type  Element
    Info (332115): ==========  ========= ==  ====  ===================================
    Info (332115):     20.000     20.000           latch edge time
    Info (332115):     21.584      1.584  R        clock network delay
    Info (332115):     21.588      0.004           clock pessimism removed
    Info (332115):     21.568     -0.020           clock uncertainty
    Info (332115):     21.575      0.007     uTsu  IDEX:IDEX_i|dffg:\ALUA_dffgs:35:A_dffg|s_Q
    Info (332115): 
    Info (332115): Data Arrival Time  :    16.226
    Info (332115): Data Required Time :    21.575
    Info (332115): Slack              :     5.349 
    Info (332115): ===================================================================
    Info (332115): 
Info (332115): Report Timing: Found 1 hold paths (0 violated).  Worst case slack is 0.134
    Info (332115): -to_clock [get_clocks {iCLK}]
    Info (332115): -hold
    Info (332115): -stdout
Info (332115): Path #1: Hold slack is 0.134 
    Info (332115): ===================================================================
    Info (332115): From Node    : EXMEM:EXMEM_i|dffg:\ALUB_dffgs:101:B_dffg|s_Q
    Info (332115): To Node      : mem:DMem|altsyncram:ram_rtl_0|altsyncram_eg81:auto_generated|ram_block1a8~porta_datain_reg0
    Info (332115): Launch Clock : iCLK
    Info (332115): Latch Clock  : iCLK
    Info (332115): 
    Info (332115): Data Arrival Path:
    Info (332115): 
    Info (332115): Total (ns)  Incr (ns)     Type  Element
    Info (332115): ==========  ========= ==  ====  ===================================
    Info (332115):      0.000      0.000           launch edge time
    Info (332115):      1.599      1.599  R        clock network delay
    Info (332115):      1.704      0.105     uTco  EXMEM:EXMEM_i|dffg:\ALUB_dffgs:101:B_dffg|s_Q
    Info (332115):      1.704      0.000 RR  CELL  EXMEM_i|\ALUB_dffgs:101:B_dffg|s_Q|q
    Info (332115):      2.034      0.330 RR    IC  DMem|ram_rtl_0|auto_generated|ram_block1a8|portadatain[8]
    Info (332115):      2.070      0.036 RR  CELL  mem:DMem|altsyncram:ram_rtl_0|altsyncram_eg81:auto_generated|ram_block1a8~porta_datain_reg0
    Info (332115): 
    Info (332115): Data Required Path:
    Info (332115): 
    Info (332115): Total (ns)  Incr (ns)     Type  Element
    Info (332115): ==========  ========= ==  ====  ===================================
    Info (332115):      0.000      0.000           latch edge time
    Info (332115):      1.852      1.852  R        clock network delay
    Info (332115):      1.832     -0.020           clock pessimism removed
    Info (332115):      1.832      0.000           clock uncertainty
    Info (332115):      1.936      0.104      uTh  mem:DMem|altsyncram:ram_rtl_0|altsyncram_eg81:auto_generated|ram_block1a8~porta_datain_reg0
    Info (332115): 
    Info (332115): Data Arrival Time  :     2.070
    Info (332115): Data Required Time :     1.936
    Info (332115): Slack              :     0.134 
    Info (332115): ===================================================================
    Info (332115): 
Info (332115): Report Timing: Found 1 recovery paths (0 violated).  Worst case slack is 19.021
    Info (332115): -to_clock [get_clocks {iCLK}]
    Info (332115): -recovery
    Info (332115): -stdout
Info (332115): Path #1: Recovery slack is 19.021 
    Info (332115): ===================================================================
    Info (332115): From Node    : IDEX:IDEX_i|dffg:MemtoReg_dffg|altshift_taps:s_Q_rtl_0|shift_taps_9km:auto_generated|dffe6
    Info (332115): To Node      : IDEX:IDEX_i|dffg:MemtoReg_dffg|altshift_taps:s_Q_rtl_0|shift_taps_9km:auto_generated|altsyncram_n861:altsyncram4|ram_block7a0
    Info (332115): Launch Clock : iCLK
    Info (332115): Latch Clock  : iCLK
    Info (332115): 
    Info (332115): Data Arrival Path:
    Info (332115): 
    Info (332115): Total (ns)  Incr (ns)     Type  Element
    Info (332115): ==========  ========= ==  ====  ===================================
    Info (332115):      0.000      0.000           launch edge time
    Info (332115):      1.660      1.660  R        clock network delay
    Info (332115):      1.765      0.105     uTco  IDEX:IDEX_i|dffg:MemtoReg_dffg|altshift_taps:s_Q_rtl_0|shift_taps_9km:auto_generated|dffe6
    Info (332115):      1.765      0.000 FF  CELL  IDEX_i|MemtoReg_dffg|s_Q_rtl_0|auto_generated|dffe6|q
    Info (332115):      2.099      0.334 FF    IC  IDEX_i|MemtoReg_dffg|s_Q_rtl_0|auto_generated|altsyncram4|ram_block7a0|clr0
    Info (332115):      2.710      0.611 FR  CELL  IDEX:IDEX_i|dffg:MemtoReg_dffg|altshift_taps:s_Q_rtl_0|shift_taps_9km:auto_generated|altsyncram_n861:altsyncram4|ram_block7a0
    Info (332115): 
    Info (332115): Data Required Path:
    Info (332115): 
    Info (332115): Total (ns)  Incr (ns)     Type  Element
    Info (332115): ==========  ========= ==  ====  ===================================
    Info (332115):     20.000     20.000           latch edge time
    Info (332115):     21.756      1.756  R        clock network delay
    Info (332115):     21.776      0.020           clock pessimism removed
    Info (332115):     21.756     -0.020           clock uncertainty
    Info (332115):     21.731     -0.025     uTsu  IDEX:IDEX_i|dffg:MemtoReg_dffg|altshift_taps:s_Q_rtl_0|shift_taps_9km:auto_generated|altsyncram_n861:altsyncram4|ram_block7a0
    Info (332115): 
    Info (332115): Data Arrival Time  :     2.710
    Info (332115): Data Required Time :    21.731
    Info (332115): Slack              :    19.021 
    Info (332115): ===================================================================
    Info (332115): 
Info (332115): Report Timing: Found 1 removal paths (0 violated).  Worst case slack is 0.682
    Info (332115): -to_clock [get_clocks {iCLK}]
    Info (332115): -removal
    Info (332115): -stdout
Info (332115): Path #1: Removal slack is 0.682 
    Info (332115): ===================================================================
    Info (332115): From Node    : IDEX:IDEX_i|dffg:MemtoReg_dffg|altshift_taps:s_Q_rtl_0|shift_taps_9km:auto_generated|dffe6
    Info (332115): To Node      : IDEX:IDEX_i|dffg:MemtoReg_dffg|altshift_taps:s_Q_rtl_0|shift_taps_9km:auto_generated|altsyncram_n861:altsyncram4|ram_block7a0
    Info (332115): Launch Clock : iCLK
    Info (332115): Latch Clock  : iCLK
    Info (332115): 
    Info (332115): Data Arrival Path:
    Info (332115): 
    Info (332115): Total (ns)  Incr (ns)     Type  Element
    Info (332115): ==========  ========= ==  ====  ===================================
    Info (332115):      0.000      0.000           launch edge time
    Info (332115):      1.598      1.598  R        clock network delay
    Info (332115):      1.703      0.105     uTco  IDEX:IDEX_i|dffg:MemtoReg_dffg|altshift_taps:s_Q_rtl_0|shift_taps_9km:auto_generated|dffe6
    Info (332115):      1.703      0.000 RR  CELL  IDEX_i|MemtoReg_dffg|s_Q_rtl_0|auto_generated|dffe6|q
    Info (332115):      1.996      0.293 RR    IC  IDEX_i|MemtoReg_dffg|s_Q_rtl_0|auto_generated|altsyncram4|ram_block7a0|clr0
    Info (332115):      2.576      0.580 RF  CELL  IDEX:IDEX_i|dffg:MemtoReg_dffg|altshift_taps:s_Q_rtl_0|shift_taps_9km:auto_generated|altsyncram_n861:altsyncram4|ram_block7a0
    Info (332115): 
    Info (332115): Data Required Path:
    Info (332115): 
    Info (332115): Total (ns)  Incr (ns)     Type  Element
    Info (332115): ==========  ========= ==  ====  ===================================
    Info (332115):      0.000      0.000           latch edge time
    Info (332115):      1.824      1.824  R        clock network delay
    Info (332115):      1.804     -0.020           clock pessimism removed
    Info (332115):      1.804      0.000           clock uncertainty
    Info (332115):      1.894      0.090      uTh  IDEX:IDEX_i|dffg:MemtoReg_dffg|altshift_taps:s_Q_rtl_0|shift_taps_9km:auto_generated|altsyncram_n861:altsyncram4|ram_block7a0
    Info (332115): 
    Info (332115): Data Arrival Time  :     2.576
    Info (332115): Data Required Time :     1.894
    Info (332115): Slack              :     0.682 
    Info (332115): ===================================================================
    Info (332115): 
Info (332102): Design is not fully constrained for setup requirements
Info (332102): Design is not fully constrained for hold requirements
Info: Quartus Prime Timing Analyzer was successful. 0 errors, 1 warning
    Info: Peak virtual memory: 1342 megabytes
    Info: Processing ended: Thu Dec 11 10:30:46 2025
    Info: Elapsed time: 00:00:14
    Info: Total CPU time (on all processors): 00:00:19


