[inst #1] lui x2,65553
Register Write to Reg: 0x02 Val: 0x10011000
[inst #2] addi x8,x0,0
Register Write to Reg: 0x08 Val: 0x00000000
[inst #3] auipc x1,0
Register Write to Reg: 0x01 Val: 0x00400008
[inst #4] sll x0,x0,x0
Register Write to Reg: 0x00 Val: 0x00000000
[inst #5] sll x0,x0,x0
Register Write to Reg: 0x00 Val: 0x00000000
[inst #6] sll x0,x0,x0
Register Write to Reg: 0x00 Val: 0x00000000
[inst #7] addi x1,x1,24
Register Write to Reg: 0x01 Val: 0x00400020
[inst #8] jal x0,12
Register Write to Reg: 0x00 Val: 0x00400020
[inst #9] addi x2,x2,-40
Register Write to Reg: 0x02 Val: 0x10010FD8
[inst #10] addi x0,x0,0
Register Write to Reg: 0x00 Val: 0x00000000
[inst #11] addi x0,x0,0
Register Write to Reg: 0x00 Val: 0x00000000
[inst #12] sw x1,36(x2)
Memory Write to Addr: 0x10010FFC Val: 0x00400020
[inst #13] sw x8,32(x2)
Memory Write to Addr: 0x10010FF8 Val: 0x00000000
[inst #14] add x8,x2,x0
Register Write to Reg: 0x08 Val: 0x10010FD8
[inst #15] sw x0,24(x2)
Memory Write to Addr: 0x10010FF0 Val: 0x00000000
[inst #16] jal x0,124
Register Write to Reg: 0x00 Val: 0x00400048
[inst #17] lw x7,24(x8)
Register Write to Reg: 0x07 Val: 0x00000000
[inst #18] addi x0,x0,0
Register Write to Reg: 0x00 Val: 0x00000000
[inst #19] addi x0,x0,0
Register Write to Reg: 0x00 Val: 0x00000000
[inst #20] slti x7,x7,4
Register Write to Reg: 0x07 Val: 0x00000001
[inst #21] addi x0,x0,0
Register Write to Reg: 0x00 Val: 0x00000000
[inst #22] addi x0,x0,0
Register Write to Reg: 0x00 Val: 0x00000000
[inst #23] beq x7,x0,8
[inst #24] jal x0,-148
Register Write to Reg: 0x00 Val: 0x004000E0
[inst #25] lw x29,24(x8)
Register Write to Reg: 0x1D Val: 0x00000000
[inst #26] auipc x1,0
Register Write to Reg: 0x01 Val: 0x0040004C
[inst #27] sll x0,x0,x0
Register Write to Reg: 0x00 Val: 0x00000000
[inst #28] sll x0,x0,x0
Register Write to Reg: 0x00 Val: 0x00000000
[inst #29] sll x0,x0,x0
Register Write to Reg: 0x00 Val: 0x00000000
[inst #30] addi x1,x1,24
Register Write to Reg: 0x01 Val: 0x00400064
[inst #31] jal x0,1744
Register Write to Reg: 0x00 Val: 0x00400064
[inst #32] addi x2,x2,-32
Register Write to Reg: 0x02 Val: 0x10010FB8
[inst #33] addi x0,x0,0
Register Write to Reg: 0x00 Val: 0x00000000
[inst #34] addi x0,x0,0
Register Write to Reg: 0x00 Val: 0x00000000
[inst #35] sw x8,28(x2)
Memory Write to Addr: 0x10010FD4 Val: 0x10010FD8
[inst #36] add x8,x0,x2
Register Write to Reg: 0x08 Val: 0x10010FB8
[inst #37] addi x0,x0,0
Register Write to Reg: 0x00 Val: 0x00000000
[inst #38] addi x0,x0,0
Register Write to Reg: 0x00 Val: 0x00000000
[inst #39] sw x29,32(x8)
Memory Write to Addr: 0x10010FD8 Val: 0x00000000
[inst #40] ori x7,x0,1
Register Write to Reg: 0x07 Val: 0x00000001
[inst #41] addi x0,x0,0
Register Write to Reg: 0x00 Val: 0x00000000
[inst #42] addi x0,x0,0
Register Write to Reg: 0x00 Val: 0x00000000
[inst #43] sw x7,8(x8)
Memory Write to Addr: 0x10010FC0 Val: 0x00000001
[inst #44] sw x0,12(x8)
Memory Write to Addr: 0x10010FC4 Val: 0x00000000
[inst #45] jal x0,60
Register Write to Reg: 0x00 Val: 0x00400768
[inst #46] lw x28,12(x8)
Register Write to Reg: 0x1C Val: 0x00000000
[inst #47] lw x7,32(x8)
Register Write to Reg: 0x07 Val: 0x00000000
[inst #48] addi x0,x0,0
Register Write to Reg: 0x00 Val: 0x00000000
[inst #49] addi x0,x0,0
Register Write to Reg: 0x00 Val: 0x00000000
[inst #50] slt x7,x28,x7
Register Write to Reg: 0x07 Val: 0x00000000
[inst #51] addi x0,x0,0
Register Write to Reg: 0x00 Val: 0x00000000
[inst #52] addi x0,x0,0
Register Write to Reg: 0x00 Val: 0x00000000
[inst #53] beq x7,x0,8
[inst #54] auipc x7,64528
Register Write to Reg: 0x07 Val: 0x100107C4
[inst #55] sll x0,x0,x0
Register Write to Reg: 0x00 Val: 0x00000000
[inst #56] sll x0,x0,x0
Register Write to Reg: 0x00 Val: 0x00000000
[inst #57] sll x0,x0,x0
Register Write to Reg: 0x00 Val: 0x00000000
[inst #58] addi x7,x7,-1952
Register Write to Reg: 0x07 Val: 0x10010024
[inst #59] addi x0,x0,0
Register Write to Reg: 0x00 Val: 0x00000000
[inst #60] addi x0,x0,0
Register Write to Reg: 0x00 Val: 0x00000000
[inst #61] lw x7,0(x7)
Register Write to Reg: 0x07 Val: 0x00000000
[inst #62] addi x0,x0,0
Register Write to Reg: 0x00 Val: 0x00000000
[inst #63] addi x0,x0,0
Register Write to Reg: 0x00 Val: 0x00000000
[inst #64] sw x7,16(x8)
Memory Write to Addr: 0x10010FC8 Val: 0x00000000
[inst #65] lw x28,16(x8)
Register Write to Reg: 0x1C Val: 0x00000000
[inst #66] lw x7,8(x8)
Register Write to Reg: 0x07 Val: 0x00000001
[inst #67] addi x0,x0,0
Register Write to Reg: 0x00 Val: 0x00000000
[inst #68] addi x0,x0,0
Register Write to Reg: 0x00 Val: 0x00000000
[inst #69] and x7,x28,x7
Register Write to Reg: 0x07 Val: 0x00000000
[inst #70] addi x0,x0,0
Register Write to Reg: 0x00 Val: 0x00000000
[inst #71] addi x0,x0,0
Register Write to Reg: 0x00 Val: 0x00000000
[inst #72] slt x7,x0,x7
Register Write to Reg: 0x07 Val: 0x00000000
[inst #73] addi x0,x0,0
Register Write to Reg: 0x00 Val: 0x00000000
[inst #74] addi x0,x0,0
Register Write to Reg: 0x00 Val: 0x00000000
[inst #75] andi x7,x7,255
Register Write to Reg: 0x07 Val: 0x00000000
[inst #76] add x2,x0,x8
Register Write to Reg: 0x02 Val: 0x10010FB8
[inst #77] addi x0,x0,0
Register Write to Reg: 0x00 Val: 0x00000000
[inst #78] addi x0,x0,0
Register Write to Reg: 0x00 Val: 0x00000000
[inst #79] lw x8,28(x2)
Register Write to Reg: 0x08 Val: 0x10010FD8
[inst #80] addi x2,x2,32
Register Write to Reg: 0x02 Val: 0x10010FD8
[inst #81] jalr x0,x1,0
Register Write to Reg: 0x00 Val: 0x00400834
[inst #82] xori x7,x7,1
Register Write to Reg: 0x07 Val: 0x00000001
[inst #83] addi x0,x0,0
Register Write to Reg: 0x00 Val: 0x00000000
[inst #84] addi x0,x0,0
Register Write to Reg: 0x00 Val: 0x00000000
[inst #85] andi x7,x7,255
Register Write to Reg: 0x07 Val: 0x00000001
[inst #86] addi x0,x0,0
Register Write to Reg: 0x00 Val: 0x00000000
[inst #87] addi x0,x0,0
Register Write to Reg: 0x00 Val: 0x00000000
[inst #88] beq x7,x0,32
[inst #89] lw x29,24(x8)
Register Write to Reg: 0x1D Val: 0x00000000
[inst #90] auipc x1,0
Register Write to Reg: 0x01 Val: 0x00400084
[inst #91] sll x0,x0,x0
Register Write to Reg: 0x00 Val: 0x00000000
[inst #92] sll x0,x0,x0
Register Write to Reg: 0x00 Val: 0x00000000
[inst #93] sll x0,x0,x0
Register Write to Reg: 0x00 Val: 0x00000000
[inst #94] addi x1,x1,24
Register Write to Reg: 0x01 Val: 0x0040009C
[inst #95] jal x0,596
Register Write to Reg: 0x00 Val: 0x0040009C
[inst #96] addi x2,x2,-48
Register Write to Reg: 0x02 Val: 0x10010FA8
[inst #97] addi x0,x0,0
Register Write to Reg: 0x00 Val: 0x00000000
[inst #98] addi x0,x0,0
Register Write to Reg: 0x00 Val: 0x00000000
[inst #99] sw x1,44(x2)
Memory Write to Addr: 0x10010FD4 Val: 0x0040009C
[inst #100] sw x8,40(x2)
Memory Write to Addr: 0x10010FD0 Val: 0x10010FD8
[inst #101] add x8,x0,x2
Register Write to Reg: 0x08 Val: 0x10010FA8
[inst #102] addi x0,x0,0
Register Write to Reg: 0x00 Val: 0x00000000
[inst #103] addi x0,x0,0
Register Write to Reg: 0x00 Val: 0x00000000
[inst #104] sw x29,48(x8)
Memory Write to Addr: 0x10010FD8 Val: 0x00000000
[inst #105] lw x29,48(x8)
Register Write to Reg: 0x1D Val: 0x00000000
[inst #106] auipc x1,0
Register Write to Reg: 0x01 Val: 0x00400314
[inst #107] sll x0,x0,x0
Register Write to Reg: 0x00 Val: 0x00000000
[inst #108] sll x0,x0,x0
Register Write to Reg: 0x00 Val: 0x00000000
[inst #109] sll x0,x0,x0
Register Write to Reg: 0x00 Val: 0x00000000
[inst #110] addi x1,x1,24
Register Write to Reg: 0x01 Val: 0x0040032C
[inst #111] jal x0,780
Register Write to Reg: 0x00 Val: 0x0040032C
[inst #112] addi x2,x2,-32
Register Write to Reg: 0x02 Val: 0x10010F88
[inst #113] addi x0,x0,0
Register Write to Reg: 0x00 Val: 0x00000000
[inst #114] addi x0,x0,0
Register Write to Reg: 0x00 Val: 0x00000000
[inst #115] sw x8,28(x2)
Memory Write to Addr: 0x10010FA4 Val: 0x10010FA8
[inst #116] add x8,x0,x2
Register Write to Reg: 0x08 Val: 0x10010F88
[inst #117] addi x0,x0,0
Register Write to Reg: 0x00 Val: 0x00000000
[inst #118] addi x0,x0,0
Register Write to Reg: 0x00 Val: 0x00000000
[inst #119] sw x29,32(x8)
Memory Write to Addr: 0x10010FA8 Val: 0x00000000
[inst #120] addi x7,x0,1
Register Write to Reg: 0x07 Val: 0x00000001
[inst #121] addi x0,x0,0
Register Write to Reg: 0x00 Val: 0x00000000
[inst #122] addi x0,x0,0
Register Write to Reg: 0x00 Val: 0x00000000
[inst #123] sw x7,8(x8)
Memory Write to Addr: 0x10010F90 Val: 0x00000001
[inst #124] sw x0,12(x8)
Memory Write to Addr: 0x10010F94 Val: 0x00000000
[inst #125] jal x0,60
Register Write to Reg: 0x00 Val: 0x0040066C
[inst #126] lw x28,12(x8)
Register Write to Reg: 0x1C Val: 0x00000000
[inst #127] lw x7,32(x8)
Register Write to Reg: 0x07 Val: 0x00000000
[inst #128] addi x0,x0,0
Register Write to Reg: 0x00 Val: 0x00000000
[inst #129] addi x0,x0,0
Register Write to Reg: 0x00 Val: 0x00000000
[inst #130] slt x7,x28,x7
Register Write to Reg: 0x07 Val: 0x00000000
[inst #131] addi x0,x0,0
Register Write to Reg: 0x00 Val: 0x00000000
[inst #132] addi x0,x0,0
Register Write to Reg: 0x00 Val: 0x00000000
[inst #133] beq x7,x0,8
[inst #134] auipc x7,64528
Register Write to Reg: 0x07 Val: 0x100106C8
[inst #135] sll x0,x0,x0
Register Write to Reg: 0x00 Val: 0x00000000
[inst #136] sll x0,x0,x0
Register Write to Reg: 0x00 Val: 0x00000000
[inst #137] sll x0,x0,x0
Register Write to Reg: 0x00 Val: 0x00000000
[inst #138] addi x7,x7,-1700
Register Write to Reg: 0x07 Val: 0x10010024
[inst #139] addi x0,x0,0
Register Write to Reg: 0x00 Val: 0x00000000
[inst #140] addi x0,x0,0
Register Write to Reg: 0x00 Val: 0x00000000
[inst #141] sw x7,16(x8)
Memory Write to Addr: 0x10010F98 Val: 0x10010024
[inst #142] lw x7,16(x8)
Register Write to Reg: 0x07 Val: 0x10010024
[inst #143] addi x0,x0,0
Register Write to Reg: 0x00 Val: 0x00000000
[inst #144] addi x0,x0,0
Register Write to Reg: 0x00 Val: 0x00000000
[inst #145] lw x28,0(x7)
Register Write to Reg: 0x1C Val: 0x00000000
[inst #146] lw x7,8(x8)
Register Write to Reg: 0x07 Val: 0x00000001
[inst #147] addi x0,x0,0
Register Write to Reg: 0x00 Val: 0x00000000
[inst #148] addi x0,x0,0
Register Write to Reg: 0x00 Val: 0x00000000
[inst #149] or x28,x28,x7
Register Write to Reg: 0x1C Val: 0x00000001
[inst #150] lw x7,16(x8)
Register Write to Reg: 0x07 Val: 0x10010024
[inst #151] addi x0,x0,0
Register Write to Reg: 0x00 Val: 0x00000000
[inst #152] addi x0,x0,0
Register Write to Reg: 0x00 Val: 0x00000000
[inst #153] sw x28,0(x7)
Memory Write to Addr: 0x10010024 Val: 0x00000001
[inst #154] add x2,x0,x8
Register Write to Reg: 0x02 Val: 0x10010F88
[inst #155] addi x0,x0,0
Register Write to Reg: 0x00 Val: 0x00000000
[inst #156] addi x0,x0,0
Register Write to Reg: 0x00 Val: 0x00000000
[inst #157] lw x8,28(x2)
Register Write to Reg: 0x08 Val: 0x10010FA8
[inst #158] addi x2,x2,32
Register Write to Reg: 0x02 Val: 0x10010FA8
[inst #159] jalr x0,x1,0
Register Write to Reg: 0x00 Val: 0x00400730
[inst #160] addi x7,x8,28
Register Write to Reg: 0x07 Val: 0x10010FC4
[inst #161] lw x30,48(x8)
Register Write to Reg: 0x1E Val: 0x00000000
[inst #162] addi x0,x0,0
Register Write to Reg: 0x00 Val: 0x00000000
[inst #163] add x29,x0,x7
Register Write to Reg: 0x1D Val: 0x10010FC4
[inst #164] auipc x1,0
Register Write to Reg: 0x01 Val: 0x0040033C
[inst #165] sll x0,x0,x0
Register Write to Reg: 0x00 Val: 0x00000000
[inst #166] sll x0,x0,x0
Register Write to Reg: 0x00 Val: 0x00000000
[inst #167] sll x0,x0,x0
Register Write to Reg: 0x00 Val: 0x00000000
[inst #168] addi x1,x1,24
Register Write to Reg: 0x01 Val: 0x00400354
[inst #169] jal x0,52
Register Write to Reg: 0x00 Val: 0x00400354
[inst #170] addi x2,x2,-24
Register Write to Reg: 0x02 Val: 0x10010F90
[inst #171] addi x0,x0,0
Register Write to Reg: 0x00 Val: 0x00000000
[inst #172] addi x0,x0,0
Register Write to Reg: 0x00 Val: 0x00000000
[inst #173] sw x8,20(x2)
Memory Write to Addr: 0x10010FA4 Val: 0x10010FA8
[inst #174] add x8,x0,x2
Register Write to Reg: 0x08 Val: 0x10010F90
[inst #175] addi x0,x0,0
Register Write to Reg: 0x00 Val: 0x00000000
[inst #176] addi x0,x0,0
Register Write to Reg: 0x00 Val: 0x00000000
[inst #177] sub x31,x8,x2
Register Write to Reg: 0x1F Val: 0x00000000
[inst #178] sw x29,24(x8)
Memory Write to Addr: 0x10010FA8 Val: 0x10010FC4
[inst #179] sw x30,28(x8)
Memory Write to Addr: 0x10010FAC Val: 0x00000000
[inst #180] lw x7,28(x8)
Register Write to Reg: 0x07 Val: 0x00000000
[inst #181] addi x0,x0,0
Register Write to Reg: 0x00 Val: 0x00000000
[inst #182] addi x0,x0,0
Register Write to Reg: 0x00 Val: 0x00000000
[inst #183] sw x7,8(x8)
Memory Write to Addr: 0x10010F98 Val: 0x00000000
[inst #184] sw x0,12(x8)
Memory Write to Addr: 0x10010F9C Val: 0x00000000
[inst #185] lw x7,24(x8)
Register Write to Reg: 0x07 Val: 0x10010FC4
[inst #186] lw x29,8(x8)
Register Write to Reg: 0x1D Val: 0x00000000
[inst #187] lw x28,12(x8)
Register Write to Reg: 0x1C Val: 0x00000000
[inst #188] addi x0,x0,0
Register Write to Reg: 0x00 Val: 0x00000000
[inst #189] sw x29,0(x7)
Memory Write to Addr: 0x10010FC4 Val: 0x00000000
[inst #190] sw x28,4(x7)
Memory Write to Addr: 0x10010FC8 Val: 0x00000000
[inst #191] lw x7,24(x8)
Register Write to Reg: 0x07 Val: 0x10010FC4
[inst #192] add x2,x0,x8
Register Write to Reg: 0x02 Val: 0x10010F90
[inst #193] addi x0,x0,0
Register Write to Reg: 0x00 Val: 0x00000000
[inst #194] addi x0,x0,0
Register Write to Reg: 0x00 Val: 0x00000000
[inst #195] lw x8,20(x2)
Register Write to Reg: 0x08 Val: 0x10010FA8
[inst #196] addi x2,x2,24
Register Write to Reg: 0x02 Val: 0x10010FA8
[inst #197] jalr x0,x1,0
Register Write to Reg: 0x00 Val: 0x004003F4
[inst #198] addi x7,x8,28
Register Write to Reg: 0x07 Val: 0x10010FC4
[inst #199] addi x0,x0,0
Register Write to Reg: 0x00 Val: 0x00000000
[inst #200] addi x0,x0,0
Register Write to Reg: 0x00 Val: 0x00000000
[inst #201] add x29,x0,x7
Register Write to Reg: 0x1D Val: 0x10010FC4
[inst #202] auipc x1,0
Register Write to Reg: 0x01 Val: 0x00400364
[inst #203] sll x0,x0,x0
Register Write to Reg: 0x00 Val: 0x00000000
[inst #204] sll x0,x0,x0
Register Write to Reg: 0x00 Val: 0x00000000
[inst #205] sll x0,x0,x0
Register Write to Reg: 0x00 Val: 0x00000000
[inst #206] addi x1,x1,24
Register Write to Reg: 0x01 Val: 0x0040037C
[inst #207] jal x0,124
Register Write to Reg: 0x00 Val: 0x0040037C
[inst #208] addi x2,x2,-32
Register Write to Reg: 0x02 Val: 0x10010F88
[inst #209] addi x0,x0,0
Register Write to Reg: 0x00 Val: 0x00000000
[inst #210] addi x0,x0,0
Register Write to Reg: 0x00 Val: 0x00000000
[inst #211] sw x1,28(x2)
Memory Write to Addr: 0x10010FA4 Val: 0x0040037C
[inst #212] sw x8,24(x2)
Memory Write to Addr: 0x10010FA0 Val: 0x10010FA8
[inst #213] add x8,x0,x2
Register Write to Reg: 0x08 Val: 0x10010F88
[inst #214] addi x0,x0,0
Register Write to Reg: 0x00 Val: 0x00000000
[inst #215] addi x0,x0,0
Register Write to Reg: 0x00 Val: 0x00000000
[inst #216] sw x29,32(x8)
Memory Write to Addr: 0x10010FA8 Val: 0x10010FC4
[inst #217] jal x0,172
Register Write to Reg: 0x00 Val: 0x0040041C
[inst #218] lw x7,32(x8)
Register Write to Reg: 0x07 Val: 0x10010FC4
[inst #219] addi x0,x0,0
Register Write to Reg: 0x00 Val: 0x00000000
[inst #220] addi x0,x0,0
Register Write to Reg: 0x00 Val: 0x00000000
[inst #221] lw x7,4(x7)
Register Write to Reg: 0x07 Val: 0x00000000
[inst #222] addi x0,x0,0
Register Write to Reg: 0x00 Val: 0x00000000
[inst #223] addi x0,x0,0
Register Write to Reg: 0x00 Val: 0x00000000
[inst #224] slti x7,x7,4
Register Write to Reg: 0x07 Val: 0x00000001
[inst #225] addi x0,x0,0
Register Write to Reg: 0x00 Val: 0x00000000
[inst #226] addi x0,x0,0
Register Write to Reg: 0x00 Val: 0x00000000
[inst #227] beq x7,x0,8
[inst #228] jal x0,-208
Register Write to Reg: 0x00 Val: 0x004004F0
[inst #229] lw x7,32(x8)
Register Write to Reg: 0x07 Val: 0x10010FC4
[inst #230] addi x0,x0,0
Register Write to Reg: 0x00 Val: 0x00000000
[inst #231] addi x0,x0,0
Register Write to Reg: 0x00 Val: 0x00000000
[inst #232] lw x28,0(x7)
Register Write to Reg: 0x1C Val: 0x00000000
[inst #233] lw x7,32(x8)
Register Write to Reg: 0x07 Val: 0x10010FC4
[inst #234] addi x0,x0,0
Register Write to Reg: 0x00 Val: 0x00000000
[inst #235] addi x0,x0,0
Register Write to Reg: 0x00 Val: 0x00000000
[inst #236] lw x7,4(x7)
Register Write to Reg: 0x07 Val: 0x00000000
[inst #237] addi x0,x0,0
Register Write to Reg: 0x00 Val: 0x00000000
[inst #238] addi x0,x0,0
Register Write to Reg: 0x00 Val: 0x00000000
[inst #239] add x30,x0,x7
Register Write to Reg: 0x1E Val: 0x00000000
[inst #240] add x29,x0,x28
Register Write to Reg: 0x1D Val: 0x00000000
[inst #241] auipc x1,0
Register Write to Reg: 0x01 Val: 0x0040044C
[inst #242] sll x0,x0,x0
Register Write to Reg: 0x00 Val: 0x00000000
[inst #243] sll x0,x0,x0
Register Write to Reg: 0x00 Val: 0x00000000
[inst #244] sll x0,x0,x0
Register Write to Reg: 0x00 Val: 0x00000000
[inst #245] addi x1,x1,24
Register Write to Reg: 0x01 Val: 0x00400464
[inst #246] jal x0,176
Register Write to Reg: 0x00 Val: 0x00400464
[inst #247] addi x2,x2,-32
Register Write to Reg: 0x02 Val: 0x10010F68
[inst #248] addi x0,x0,0
Register Write to Reg: 0x00 Val: 0x00000000
[inst #249] addi x0,x0,0
Register Write to Reg: 0x00 Val: 0x00000000
[inst #250] sw x8,28(x2)
Memory Write to Addr: 0x10010F84 Val: 0x10010F88
[inst #251] add x8,x0,x2
Register Write to Reg: 0x08 Val: 0x10010F68
[inst #252] addi x0,x0,0
Register Write to Reg: 0x00 Val: 0x00000000
[inst #253] addi x0,x0,0
Register Write to Reg: 0x00 Val: 0x00000000
[inst #254] sw x29,32(x8)
Memory Write to Addr: 0x10010F88 Val: 0x00000000
[inst #255] sw x30,36(x8)
Memory Write to Addr: 0x10010F8C Val: 0x00000000
[inst #256] auipc x7,64528
Register Write to Reg: 0x07 Val: 0x10010534
[inst #257] sll x0,x0,x0
Register Write to Reg: 0x00 Val: 0x00000000
[inst #258] sll x0,x0,x0
Register Write to Reg: 0x00 Val: 0x00000000
[inst #259] sll x0,x0,x0
Register Write to Reg: 0x00 Val: 0x00000000
[inst #260] addi x7,x7,-1312
Register Write to Reg: 0x07 Val: 0x10010014
[inst #261] lw x28,32(x8)
Register Write to Reg: 0x1C Val: 0x00000000
[inst #262] addi x0,x0,0
Register Write to Reg: 0x00 Val: 0x00000000
[inst #263] addi x0,x0,0
Register Write to Reg: 0x00 Val: 0x00000000
[inst #264] slli x28,x28,2
Register Write to Reg: 0x1C Val: 0x00000000
[inst #265] addi x0,x0,0
Register Write to Reg: 0x00 Val: 0x00000000
[inst #266] addi x0,x0,0
Register Write to Reg: 0x00 Val: 0x00000000
[inst #267] add x7,x28,x7
Register Write to Reg: 0x07 Val: 0x10010014
[inst #268] addi x0,x0,0
Register Write to Reg: 0x00 Val: 0x00000000
[inst #269] addi x0,x0,0
Register Write to Reg: 0x00 Val: 0x00000000
[inst #270] lw x7,0(x7)
Register Write to Reg: 0x07 Val: 0x00000006
[inst #271] addi x0,x0,0
Register Write to Reg: 0x00 Val: 0x00000000
[inst #272] addi x0,x0,0
Register Write to Reg: 0x00 Val: 0x00000000
[inst #273] sw x7,16(x8)
Memory Write to Addr: 0x10010F78 Val: 0x00000006
[inst #274] addi x7,x0,1
Register Write to Reg: 0x07 Val: 0x00000001
[inst #275] addi x0,x0,0
Register Write to Reg: 0x00 Val: 0x00000000
[inst #276] addi x0,x0,0
Register Write to Reg: 0x00 Val: 0x00000000
[inst #277] sw x7,8(x8)
Memory Write to Addr: 0x10010F70 Val: 0x00000001
[inst #278] sw x0,12(x8)
Memory Write to Addr: 0x10010F74 Val: 0x00000000
[inst #279] jal x0,60
Register Write to Reg: 0x00 Val: 0x00400594
[inst #280] lw x28,12(x8)
Register Write to Reg: 0x1C Val: 0x00000000
[inst #281] lw x7,36(x8)
Register Write to Reg: 0x07 Val: 0x00000000
[inst #282] addi x0,x0,0
Register Write to Reg: 0x00 Val: 0x00000000
[inst #283] addi x0,x0,0
Register Write to Reg: 0x00 Val: 0x00000000
[inst #284] slt x7,x28,x7
Register Write to Reg: 0x07 Val: 0x00000000
[inst #285] addi x0,x0,0
Register Write to Reg: 0x00 Val: 0x00000000
[inst #286] addi x0,x0,0
Register Write to Reg: 0x00 Val: 0x00000000
[inst #287] beq x7,x0,8
[inst #288] lw x28,8(x8)
Register Write to Reg: 0x1C Val: 0x00000001
[inst #289] lw x7,16(x8)
Register Write to Reg: 0x07 Val: 0x00000006
[inst #290] addi x0,x0,0
Register Write to Reg: 0x00 Val: 0x00000000
[inst #291] addi x0,x0,0
Register Write to Reg: 0x00 Val: 0x00000000
[inst #292] and x7,x28,x7
Register Write to Reg: 0x07 Val: 0x00000000
[inst #293] addi x0,x0,0
Register Write to Reg: 0x00 Val: 0x00000000
[inst #294] addi x0,x0,0
Register Write to Reg: 0x00 Val: 0x00000000
[inst #295] slt x7,x0,x7
Register Write to Reg: 0x07 Val: 0x00000000
[inst #296] addi x0,x0,0
Register Write to Reg: 0x00 Val: 0x00000000
[inst #297] addi x0,x0,0
Register Write to Reg: 0x00 Val: 0x00000000
[inst #298] andi x7,x7,255
Register Write to Reg: 0x07 Val: 0x00000000
[inst #299] add x2,x0,x8
Register Write to Reg: 0x02 Val: 0x10010F68
[inst #300] addi x0,x0,0
Register Write to Reg: 0x00 Val: 0x00000000
[inst #301] addi x0,x0,0
Register Write to Reg: 0x00 Val: 0x00000000
[inst #302] lw x8,28(x2)
Register Write to Reg: 0x08 Val: 0x10010F88
[inst #303] addi x2,x2,32
Register Write to Reg: 0x02 Val: 0x10010F88
[inst #304] jalr x0,x1,0
Register Write to Reg: 0x00 Val: 0x00400634
[inst #305] beq x7,x0,52
[inst #306] lw x7,32(x8)
Register Write to Reg: 0x07 Val: 0x10010FC4
[inst #307] addi x0,x0,0
Register Write to Reg: 0x00 Val: 0x00000000
[inst #308] addi x0,x0,0
Register Write to Reg: 0x00 Val: 0x00000000
[inst #309] lw x7,4(x7)
Register Write to Reg: 0x07 Val: 0x00000000
[inst #310] addi x0,x0,0
Register Write to Reg: 0x00 Val: 0x00000000
[inst #311] addi x0,x0,0
Register Write to Reg: 0x00 Val: 0x00000000
[inst #312] addi x28,x7,1
Register Write to Reg: 0x1C Val: 0x00000001
[inst #313] lw x7,32(x8)
Register Write to Reg: 0x07 Val: 0x10010FC4
[inst #314] addi x0,x0,0
Register Write to Reg: 0x00 Val: 0x00000000
[inst #315] addi x0,x0,0
Register Write to Reg: 0x00 Val: 0x00000000
[inst #316] sw x28,4(x7)
Memory Write to Addr: 0x10010FC8 Val: 0x00000001
[inst #317] lw x7,32(x8)
Register Write to Reg: 0x07 Val: 0x10010FC4
[inst #318] addi x0,x0,0
Register Write to Reg: 0x00 Val: 0x00000000
[inst #319] addi x0,x0,0
Register Write to Reg: 0x00 Val: 0x00000000
[inst #320] lw x7,4(x7)
Register Write to Reg: 0x07 Val: 0x00000001
[inst #321] addi x0,x0,0
Register Write to Reg: 0x00 Val: 0x00000000
[inst #322] addi x0,x0,0
Register Write to Reg: 0x00 Val: 0x00000000
[inst #323] slti x7,x7,4
Register Write to Reg: 0x07 Val: 0x00000001
[inst #324] addi x0,x0,0
Register Write to Reg: 0x00 Val: 0x00000000
[inst #325] addi x0,x0,0
Register Write to Reg: 0x00 Val: 0x00000000
[inst #326] beq x7,x0,8
[inst #327] jal x0,-208
Register Write to Reg: 0x00 Val: 0x004004F0
[inst #328] lw x7,32(x8)
Register Write to Reg: 0x07 Val: 0x10010FC4
[inst #329] addi x0,x0,0
Register Write to Reg: 0x00 Val: 0x00000000
[inst #330] addi x0,x0,0
Register Write to Reg: 0x00 Val: 0x00000000
[inst #331] lw x28,0(x7)
Register Write to Reg: 0x1C Val: 0x00000000
[inst #332] lw x7,32(x8)
Register Write to Reg: 0x07 Val: 0x10010FC4
[inst #333] addi x0,x0,0
Register Write to Reg: 0x00 Val: 0x00000000
[inst #334] addi x0,x0,0
Register Write to Reg: 0x00 Val: 0x00000000
[inst #335] lw x7,4(x7)
Register Write to Reg: 0x07 Val: 0x00000001
[inst #336] addi x0,x0,0
Register Write to Reg: 0x00 Val: 0x00000000
[inst #337] addi x0,x0,0
Register Write to Reg: 0x00 Val: 0x00000000
[inst #338] add x30,x0,x7
Register Write to Reg: 0x1E Val: 0x00000001
[inst #339] add x29,x0,x28
Register Write to Reg: 0x1D Val: 0x00000000
[inst #340] auipc x1,0
Register Write to Reg: 0x01 Val: 0x0040044C
[inst #341] sll x0,x0,x0
Register Write to Reg: 0x00 Val: 0x00000000
[inst #342] sll x0,x0,x0
Register Write to Reg: 0x00 Val: 0x00000000
[inst #343] sll x0,x0,x0
Register Write to Reg: 0x00 Val: 0x00000000
[inst #344] addi x1,x1,24
Register Write to Reg: 0x01 Val: 0x00400464
[inst #345] jal x0,176
Register Write to Reg: 0x00 Val: 0x00400464
[inst #346] addi x2,x2,-32
Register Write to Reg: 0x02 Val: 0x10010F68
[inst #347] addi x0,x0,0
Register Write to Reg: 0x00 Val: 0x00000000
[inst #348] addi x0,x0,0
Register Write to Reg: 0x00 Val: 0x00000000
[inst #349] sw x8,28(x2)
Memory Write to Addr: 0x10010F84 Val: 0x10010F88
[inst #350] add x8,x0,x2
Register Write to Reg: 0x08 Val: 0x10010F68
[inst #351] addi x0,x0,0
Register Write to Reg: 0x00 Val: 0x00000000
[inst #352] addi x0,x0,0
Register Write to Reg: 0x00 Val: 0x00000000
[inst #353] sw x29,32(x8)
Memory Write to Addr: 0x10010F88 Val: 0x00000000
[inst #354] sw x30,36(x8)
Memory Write to Addr: 0x10010F8C Val: 0x00000001
[inst #355] auipc x7,64528
Register Write to Reg: 0x07 Val: 0x10010534
[inst #356] sll x0,x0,x0
Register Write to Reg: 0x00 Val: 0x00000000
[inst #357] sll x0,x0,x0
Register Write to Reg: 0x00 Val: 0x00000000
[inst #358] sll x0,x0,x0
Register Write to Reg: 0x00 Val: 0x00000000
[inst #359] addi x7,x7,-1312
Register Write to Reg: 0x07 Val: 0x10010014
[inst #360] lw x28,32(x8)
Register Write to Reg: 0x1C Val: 0x00000000
[inst #361] addi x0,x0,0
Register Write to Reg: 0x00 Val: 0x00000000
[inst #362] addi x0,x0,0
Register Write to Reg: 0x00 Val: 0x00000000
[inst #363] slli x28,x28,2
Register Write to Reg: 0x1C Val: 0x00000000
[inst #364] addi x0,x0,0
Register Write to Reg: 0x00 Val: 0x00000000
[inst #365] addi x0,x0,0
Register Write to Reg: 0x00 Val: 0x00000000
[inst #366] add x7,x28,x7
Register Write to Reg: 0x07 Val: 0x10010014
[inst #367] addi x0,x0,0
Register Write to Reg: 0x00 Val: 0x00000000
[inst #368] addi x0,x0,0
Register Write to Reg: 0x00 Val: 0x00000000
[inst #369] lw x7,0(x7)
Register Write to Reg: 0x07 Val: 0x00000006
[inst #370] addi x0,x0,0
Register Write to Reg: 0x00 Val: 0x00000000
[inst #371] addi x0,x0,0
Register Write to Reg: 0x00 Val: 0x00000000
[inst #372] sw x7,16(x8)
Memory Write to Addr: 0x10010F78 Val: 0x00000006
[inst #373] addi x7,x0,1
Register Write to Reg: 0x07 Val: 0x00000001
[inst #374] addi x0,x0,0
Register Write to Reg: 0x00 Val: 0x00000000
[inst #375] addi x0,x0,0
Register Write to Reg: 0x00 Val: 0x00000000
[inst #376] sw x7,8(x8)
Memory Write to Addr: 0x10010F70 Val: 0x00000001
[inst #377] sw x0,12(x8)
Memory Write to Addr: 0x10010F74 Val: 0x00000000
[inst #378] jal x0,60
Register Write to Reg: 0x00 Val: 0x00400594
[inst #379] lw x28,12(x8)
Register Write to Reg: 0x1C Val: 0x00000000
[inst #380] lw x7,36(x8)
Register Write to Reg: 0x07 Val: 0x00000001
[inst #381] addi x0,x0,0
Register Write to Reg: 0x00 Val: 0x00000000
[inst #382] addi x0,x0,0
Register Write to Reg: 0x00 Val: 0x00000000
[inst #383] slt x7,x28,x7
Register Write to Reg: 0x07 Val: 0x00000001
[inst #384] addi x0,x0,0
Register Write to Reg: 0x00 Val: 0x00000000
[inst #385] addi x0,x0,0
Register Write to Reg: 0x00 Val: 0x00000000
[inst #386] beq x7,x0,8
[inst #387] jal x0,-88
Register Write to Reg: 0x00 Val: 0x004005F0
[inst #388] lw x7,8(x8)
Register Write to Reg: 0x07 Val: 0x00000001
[inst #389] addi x0,x0,0
Register Write to Reg: 0x00 Val: 0x00000000
[inst #390] addi x0,x0,0
Register Write to Reg: 0x00 Val: 0x00000000
[inst #391] slli x7,x7,1
Register Write to Reg: 0x07 Val: 0x00000002
[inst #392] addi x0,x0,0
Register Write to Reg: 0x00 Val: 0x00000000
[inst #393] addi x0,x0,0
Register Write to Reg: 0x00 Val: 0x00000000
[inst #394] sw x7,8(x8)
Memory Write to Addr: 0x10010F70 Val: 0x00000002
[inst #395] lw x7,12(x8)
Register Write to Reg: 0x07 Val: 0x00000000
[inst #396] addi x0,x0,0
Register Write to Reg: 0x00 Val: 0x00000000
[inst #397] addi x0,x0,0
Register Write to Reg: 0x00 Val: 0x00000000
[inst #398] addi x7,x7,1
Register Write to Reg: 0x07 Val: 0x00000001
[inst #399] addi x0,x0,0
Register Write to Reg: 0x00 Val: 0x00000000
[inst #400] addi x0,x0,0
Register Write to Reg: 0x00 Val: 0x00000000
[inst #401] sw x7,12(x8)
Memory Write to Addr: 0x10010F74 Val: 0x00000001
[inst #402] lw x28,12(x8)
Register Write to Reg: 0x1C Val: 0x00000001
[inst #403] lw x7,36(x8)
Register Write to Reg: 0x07 Val: 0x00000001
[inst #404] addi x0,x0,0
Register Write to Reg: 0x00 Val: 0x00000000
[inst #405] addi x0,x0,0
Register Write to Reg: 0x00 Val: 0x00000000
[inst #406] slt x7,x28,x7
Register Write to Reg: 0x07 Val: 0x00000000
[inst #407] addi x0,x0,0
Register Write to Reg: 0x00 Val: 0x00000000
[inst #408] addi x0,x0,0
Register Write to Reg: 0x00 Val: 0x00000000
[inst #409] beq x7,x0,8
[inst #410] lw x28,8(x8)
Register Write to Reg: 0x1C Val: 0x00000002
[inst #411] lw x7,16(x8)
Register Write to Reg: 0x07 Val: 0x00000006
[inst #412] addi x0,x0,0
Register Write to Reg: 0x00 Val: 0x00000000
[inst #413] addi x0,x0,0
Register Write to Reg: 0x00 Val: 0x00000000
[inst #414] and x7,x28,x7
Register Write to Reg: 0x07 Val: 0x00000002
[inst #415] addi x0,x0,0
Register Write to Reg: 0x00 Val: 0x00000000
[inst #416] addi x0,x0,0
Register Write to Reg: 0x00 Val: 0x00000000
[inst #417] slt x7,x0,x7
Register Write to Reg: 0x07 Val: 0x00000001
[inst #418] addi x0,x0,0
Register Write to Reg: 0x00 Val: 0x00000000
[inst #419] addi x0,x0,0
Register Write to Reg: 0x00 Val: 0x00000000
[inst #420] andi x7,x7,255
Register Write to Reg: 0x07 Val: 0x00000001
[inst #421] add x2,x0,x8
Register Write to Reg: 0x02 Val: 0x10010F68
[inst #422] addi x0,x0,0
Register Write to Reg: 0x00 Val: 0x00000000
[inst #423] addi x0,x0,0
Register Write to Reg: 0x00 Val: 0x00000000
[inst #424] lw x8,28(x2)
Register Write to Reg: 0x08 Val: 0x10010F88
[inst #425] addi x2,x2,32
Register Write to Reg: 0x02 Val: 0x10010F88
[inst #426] jalr x0,x1,0
Register Write to Reg: 0x00 Val: 0x00400634
[inst #427] beq x7,x0,52
[inst #428] lw x7,32(x8)
Register Write to Reg: 0x07 Val: 0x10010FC4
[inst #429] addi x0,x0,0
Register Write to Reg: 0x00 Val: 0x00000000
[inst #430] addi x0,x0,0
Register Write to Reg: 0x00 Val: 0x00000000
[inst #431] lw x7,4(x7)
Register Write to Reg: 0x07 Val: 0x00000001
[inst #432] addi x0,x0,0
Register Write to Reg: 0x00 Val: 0x00000000
[inst #433] addi x0,x0,0
Register Write to Reg: 0x00 Val: 0x00000000
[inst #434] addi x29,x7,1
Register Write to Reg: 0x1D Val: 0x00000002
[inst #435] lw x28,32(x8)
Register Write to Reg: 0x1C Val: 0x10010FC4
[inst #436] addi x0,x0,0
Register Write to Reg: 0x00 Val: 0x00000000
[inst #437] addi x0,x0,0
Register Write to Reg: 0x00 Val: 0x00000000
[inst #438] sw x29,4(x28)
Memory Write to Addr: 0x10010FC8 Val: 0x00000002
[inst #439] jal x0,96
Register Write to Reg: 0x00 Val: 0x00400498
[inst #440] add x2,x0,x8
Register Write to Reg: 0x02 Val: 0x10010F88
[inst #441] addi x0,x0,0
Register Write to Reg: 0x00 Val: 0x00000000
[inst #442] addi x0,x0,0
Register Write to Reg: 0x00 Val: 0x00000000
[inst #443] lw x1,28(x2)
Register Write to Reg: 0x01 Val: 0x0040037C
[inst #444] lw x8,24(x2)
Register Write to Reg: 0x08 Val: 0x10010FA8
[inst #445] addi x2,x2,32
Register Write to Reg: 0x02 Val: 0x10010FA8
[inst #446] jalr x0,x1,0
Register Write to Reg: 0x00 Val: 0x00400510
[inst #447] sw x7,24(x8)
Memory Write to Addr: 0x10010FC0 Val: 0x00000001
[inst #448] jal x0,-444
Register Write to Reg: 0x00 Val: 0x00400384
[inst #449] lw x28,24(x8)
Register Write to Reg: 0x1C Val: 0x00000001
[inst #450] addi x7,x0,-1
Register Write to Reg: 0x07 Val: 0xFFFFFFFF
[inst #451] addi x0,x0,0
Register Write to Reg: 0x00 Val: 0x00000000
[inst #452] addi x0,x0,0
Register Write to Reg: 0x00 Val: 0x00000000
[inst #453] beq x28,x7,8
[inst #454] jal x0,-140
Register Write to Reg: 0x00 Val: 0x004001DC
[inst #455] lw x29,24(x8)
Register Write to Reg: 0x1D Val: 0x00000001
[inst #456] auipc x1,0
Register Write to Reg: 0x01 Val: 0x00400150
[inst #457] sll x0,x0,x0
Register Write to Reg: 0x00 Val: 0x00000000
[inst #458] sll x0,x0,x0
Register Write to Reg: 0x00 Val: 0x00000000
[inst #459] sll x0,x0,x0
Register Write to Reg: 0x00 Val: 0x00000000
[inst #460] addi x1,x1,24
Register Write to Reg: 0x01 Val: 0x00400168
[inst #461] jal x0,1484
Register Write to Reg: 0x00 Val: 0x00400168
[inst #462] addi x2,x2,-32
Register Write to Reg: 0x02 Val: 0x10010F88
[inst #463] addi x0,x0,0
Register Write to Reg: 0x00 Val: 0x00000000
[inst #464] addi x0,x0,0
Register Write to Reg: 0x00 Val: 0x00000000
[inst #465] sw x8,28(x2)
Memory Write to Addr: 0x10010FA4 Val: 0x10010FA8
[inst #466] add x8,x0,x2
Register Write to Reg: 0x08 Val: 0x10010F88
[inst #467] addi x0,x0,0
Register Write to Reg: 0x00 Val: 0x00000000
[inst #468] addi x0,x0,0
Register Write to Reg: 0x00 Val: 0x00000000
[inst #469] sw x29,32(x8)
Memory Write to Addr: 0x10010FA8 Val: 0x00000001
[inst #470] ori x7,x0,1
Register Write to Reg: 0x07 Val: 0x00000001
[inst #471] addi x0,x0,0
Register Write to Reg: 0x00 Val: 0x00000000
[inst #472] addi x0,x0,0
Register Write to Reg: 0x00 Val: 0x00000000
[inst #473] sw x7,8(x8)
Memory Write to Addr: 0x10010F90 Val: 0x00000001
[inst #474] sw x0,12(x8)
Memory Write to Addr: 0x10010F94 Val: 0x00000000
[inst #475] jal x0,60
Register Write to Reg: 0x00 Val: 0x00400768
[inst #476] lw x28,12(x8)
Register Write to Reg: 0x1C Val: 0x00000000
[inst #477] lw x7,32(x8)
Register Write to Reg: 0x07 Val: 0x00000001
[inst #478] addi x0,x0,0
Register Write to Reg: 0x00 Val: 0x00000000
[inst #479] addi x0,x0,0
Register Write to Reg: 0x00 Val: 0x00000000
[inst #480] slt x7,x28,x7
Register Write to Reg: 0x07 Val: 0x00000001
[inst #481] addi x0,x0,0
Register Write to Reg: 0x00 Val: 0x00000000
[inst #482] addi x0,x0,0
Register Write to Reg: 0x00 Val: 0x00000000
[inst #483] beq x7,x0,8
[inst #484] jal x0,-88
Register Write to Reg: 0x00 Val: 0x004007C4
[inst #485] lw x7,8(x8)
Register Write to Reg: 0x07 Val: 0x00000001
[inst #486] addi x0,x0,0
Register Write to Reg: 0x00 Val: 0x00000000
[inst #487] addi x0,x0,0
Register Write to Reg: 0x00 Val: 0x00000000
[inst #488] slli x7,x7,8
Register Write to Reg: 0x07 Val: 0x00000100
[inst #489] addi x0,x0,0
Register Write to Reg: 0x00 Val: 0x00000000
[inst #490] addi x0,x0,0
Register Write to Reg: 0x00 Val: 0x00000000
[inst #491] sw x7,8(x8)
Memory Write to Addr: 0x10010F90 Val: 0x00000100
[inst #492] lw x7,12(x8)
Register Write to Reg: 0x07 Val: 0x00000000
[inst #493] addi x0,x0,0
Register Write to Reg: 0x00 Val: 0x00000000
[inst #494] addi x0,x0,0
Register Write to Reg: 0x00 Val: 0x00000000
[inst #495] addi x7,x7,1
Register Write to Reg: 0x07 Val: 0x00000001
[inst #496] addi x0,x0,0
Register Write to Reg: 0x00 Val: 0x00000000
[inst #497] addi x0,x0,0
Register Write to Reg: 0x00 Val: 0x00000000
[inst #498] sw x7,12(x8)
Memory Write to Addr: 0x10010F94 Val: 0x00000001
[inst #499] lw x28,12(x8)
Register Write to Reg: 0x1C Val: 0x00000001
[inst #500] lw x7,32(x8)
Register Write to Reg: 0x07 Val: 0x00000001
[inst #501] addi x0,x0,0
Register Write to Reg: 0x00 Val: 0x00000000
[inst #502] addi x0,x0,0
Register Write to Reg: 0x00 Val: 0x00000000
[inst #503] slt x7,x28,x7
Register Write to Reg: 0x07 Val: 0x00000000
[inst #504] addi x0,x0,0
Register Write to Reg: 0x00 Val: 0x00000000
[inst #505] addi x0,x0,0
Register Write to Reg: 0x00 Val: 0x00000000
[inst #506] beq x7,x0,8
[inst #507] auipc x7,64528
Register Write to Reg: 0x07 Val: 0x100107C4
[inst #508] sll x0,x0,x0
Register Write to Reg: 0x00 Val: 0x00000000
[inst #509] sll x0,x0,x0
Register Write to Reg: 0x00 Val: 0x00000000
[inst #510] sll x0,x0,x0
Register Write to Reg: 0x00 Val: 0x00000000
[inst #511] addi x7,x7,-1952
Register Write to Reg: 0x07 Val: 0x10010024
[inst #512] addi x0,x0,0
Register Write to Reg: 0x00 Val: 0x00000000
[inst #513] addi x0,x0,0
Register Write to Reg: 0x00 Val: 0x00000000
[inst #514] lw x7,0(x7)
Register Write to Reg: 0x07 Val: 0x00000001
[inst #515] addi x0,x0,0
Register Write to Reg: 0x00 Val: 0x00000000
[inst #516] addi x0,x0,0
Register Write to Reg: 0x00 Val: 0x00000000
[inst #517] sw x7,16(x8)
Memory Write to Addr: 0x10010F98 Val: 0x00000001
[inst #518] lw x28,16(x8)
Register Write to Reg: 0x1C Val: 0x00000001
[inst #519] lw x7,8(x8)
Register Write to Reg: 0x07 Val: 0x00000100
[inst #520] addi x0,x0,0
Register Write to Reg: 0x00 Val: 0x00000000
[inst #521] addi x0,x0,0
Register Write to Reg: 0x00 Val: 0x00000000
[inst #522] and x7,x28,x7
Register Write to Reg: 0x07 Val: 0x00000000
[inst #523] addi x0,x0,0
Register Write to Reg: 0x00 Val: 0x00000000
[inst #524] addi x0,x0,0
Register Write to Reg: 0x00 Val: 0x00000000
[inst #525] slt x7,x0,x7
Register Write to Reg: 0x07 Val: 0x00000000
[inst #526] addi x0,x0,0
Register Write to Reg: 0x00 Val: 0x00000000
[inst #527] addi x0,x0,0
Register Write to Reg: 0x00 Val: 0x00000000
[inst #528] andi x7,x7,255
Register Write to Reg: 0x07 Val: 0x00000000
[inst #529] add x2,x0,x8
Register Write to Reg: 0x02 Val: 0x10010F88
[inst #530] addi x0,x0,0
Register Write to Reg: 0x00 Val: 0x00000000
[inst #531] addi x0,x0,0
Register Write to Reg: 0x00 Val: 0x00000000
[inst #532] lw x8,28(x2)
Register Write to Reg: 0x08 Val: 0x10010FA8
[inst #533] addi x2,x2,32
Register Write to Reg: 0x02 Val: 0x10010FA8
[inst #534] jalr x0,x1,0
Register Write to Reg: 0x00 Val: 0x00400834
[inst #535] xori x7,x7,1
Register Write to Reg: 0x07 Val: 0x00000001
[inst #536] addi x0,x0,0
Register Write to Reg: 0x00 Val: 0x00000000
[inst #537] addi x0,x0,0
Register Write to Reg: 0x00 Val: 0x00000000
[inst #538] andi x7,x7,255
Register Write to Reg: 0x07 Val: 0x00000001
[inst #539] beq x7,x0,32
[inst #540] lw x29,24(x8)
Register Write to Reg: 0x1D Val: 0x00000001
[inst #541] auipc x1,0
Register Write to Reg: 0x01 Val: 0x00400180
[inst #542] sll x0,x0,x0
Register Write to Reg: 0x00 Val: 0x00000000
[inst #543] sll x0,x0,x0
Register Write to Reg: 0x00 Val: 0x00000000
[inst #544] sll x0,x0,x0
Register Write to Reg: 0x00 Val: 0x00000000
[inst #545] addi x1,x1,24
Register Write to Reg: 0x01 Val: 0x00400198
[inst #546] jal x0,344
Register Write to Reg: 0x00 Val: 0x00400198
[inst #547] addi x2,x2,-48
Register Write to Reg: 0x02 Val: 0x10010F78
[inst #548] addi x0,x0,0
Register Write to Reg: 0x00 Val: 0x00000000
[inst #549] addi x0,x0,0
Register Write to Reg: 0x00 Val: 0x00000000
[inst #550] sw x1,44(x2)
Memory Write to Addr: 0x10010FA4 Val: 0x00400198
[inst #551] sw x8,40(x2)
Memory Write to Addr: 0x10010FA0 Val: 0x10010FA8
[inst #552] add x8,x0,x2
Register Write to Reg: 0x08 Val: 0x10010F78
[inst #553] addi x0,x0,0
Register Write to Reg: 0x00 Val: 0x00000000
[inst #554] addi x0,x0,0
Register Write to Reg: 0x00 Val: 0x00000000
[inst #555] sw x29,48(x8)
Memory Write to Addr: 0x10010FA8 Val: 0x00000001
[inst #556] lw x29,48(x8)
Register Write to Reg: 0x1D Val: 0x00000001
[inst #557] auipc x1,0
Register Write to Reg: 0x01 Val: 0x00400314
[inst #558] sll x0,x0,x0
Register Write to Reg: 0x00 Val: 0x00000000
[inst #559] sll x0,x0,x0
Register Write to Reg: 0x00 Val: 0x00000000
[inst #560] sll x0,x0,x0
Register Write to Reg: 0x00 Val: 0x00000000
[inst #561] addi x1,x1,24
Register Write to Reg: 0x01 Val: 0x0040032C
[inst #562] jal x0,780
Register Write to Reg: 0x00 Val: 0x0040032C
[inst #563] addi x2,x2,-32
Register Write to Reg: 0x02 Val: 0x10010F58
[inst #564] addi x0,x0,0
Register Write to Reg: 0x00 Val: 0x00000000
[inst #565] addi x0,x0,0
Register Write to Reg: 0x00 Val: 0x00000000
[inst #566] sw x8,28(x2)
Memory Write to Addr: 0x10010F74 Val: 0x10010F78
[inst #567] add x8,x0,x2
Register Write to Reg: 0x08 Val: 0x10010F58
[inst #568] addi x0,x0,0
Register Write to Reg: 0x00 Val: 0x00000000
[inst #569] addi x0,x0,0
Register Write to Reg: 0x00 Val: 0x00000000
[inst #570] sw x29,32(x8)
Memory Write to Addr: 0x10010F78 Val: 0x00000001
[inst #571] addi x7,x0,1
Register Write to Reg: 0x07 Val: 0x00000001
[inst #572] addi x0,x0,0
Register Write to Reg: 0x00 Val: 0x00000000
[inst #573] addi x0,x0,0
Register Write to Reg: 0x00 Val: 0x00000000
[inst #574] sw x7,8(x8)
Memory Write to Addr: 0x10010F60 Val: 0x00000001
[inst #575] sw x0,12(x8)
Memory Write to Addr: 0x10010F64 Val: 0x00000000
[inst #576] jal x0,60
Register Write to Reg: 0x00 Val: 0x0040066C
[inst #577] lw x28,12(x8)
Register Write to Reg: 0x1C Val: 0x00000000
[inst #578] lw x7,32(x8)
Register Write to Reg: 0x07 Val: 0x00000001
[inst #579] addi x0,x0,0
Register Write to Reg: 0x00 Val: 0x00000000
[inst #580] addi x0,x0,0
Register Write to Reg: 0x00 Val: 0x00000000
[inst #581] slt x7,x28,x7
Register Write to Reg: 0x07 Val: 0x00000001
[inst #582] addi x0,x0,0
Register Write to Reg: 0x00 Val: 0x00000000
[inst #583] addi x0,x0,0
Register Write to Reg: 0x00 Val: 0x00000000
[inst #584] beq x7,x0,8
[inst #585] jal x0,-88
Register Write to Reg: 0x00 Val: 0x004006C8
[inst #586] lw x7,8(x8)
Register Write to Reg: 0x07 Val: 0x00000001
[inst #587] addi x0,x0,0
Register Write to Reg: 0x00 Val: 0x00000000
[inst #588] addi x0,x0,0
Register Write to Reg: 0x00 Val: 0x00000000
[inst #589] slli x7,x7,8
Register Write to Reg: 0x07 Val: 0x00000100
[inst #590] addi x0,x0,0
Register Write to Reg: 0x00 Val: 0x00000000
[inst #591] addi x0,x0,0
Register Write to Reg: 0x00 Val: 0x00000000
[inst #592] sw x7,8(x8)
Memory Write to Addr: 0x10010F60 Val: 0x00000100
[inst #593] lw x7,12(x8)
Register Write to Reg: 0x07 Val: 0x00000000
[inst #594] addi x0,x0,0
Register Write to Reg: 0x00 Val: 0x00000000
[inst #595] addi x0,x0,0
Register Write to Reg: 0x00 Val: 0x00000000
[inst #596] addi x7,x7,1
Register Write to Reg: 0x07 Val: 0x00000001
[inst #597] addi x0,x0,0
Register Write to Reg: 0x00 Val: 0x00000000
[inst #598] addi x0,x0,0
Register Write to Reg: 0x00 Val: 0x00000000
[inst #599] sw x7,12(x8)
Memory Write to Addr: 0x10010F64 Val: 0x00000001
[inst #600] lw x28,12(x8)
Register Write to Reg: 0x1C Val: 0x00000001
[inst #601] lw x7,32(x8)
Register Write to Reg: 0x07 Val: 0x00000001
[inst #602] addi x0,x0,0
Register Write to Reg: 0x00 Val: 0x00000000
[inst #603] addi x0,x0,0
Register Write to Reg: 0x00 Val: 0x00000000
[inst #604] slt x7,x28,x7
Register Write to Reg: 0x07 Val: 0x00000000
[inst #605] addi x0,x0,0
Register Write to Reg: 0x00 Val: 0x00000000
[inst #606] addi x0,x0,0
Register Write to Reg: 0x00 Val: 0x00000000
[inst #607] beq x7,x0,8
[inst #608] auipc x7,64528
Register Write to Reg: 0x07 Val: 0x100106C8
[inst #609] sll x0,x0,x0
Register Write to Reg: 0x00 Val: 0x00000000
[inst #610] sll x0,x0,x0
Register Write to Reg: 0x00 Val: 0x00000000
[inst #611] sll x0,x0,x0
Register Write to Reg: 0x00 Val: 0x00000000
[inst #612] addi x7,x7,-1700
Register Write to Reg: 0x07 Val: 0x10010024
[inst #613] addi x0,x0,0
Register Write to Reg: 0x00 Val: 0x00000000
[inst #614] addi x0,x0,0
Register Write to Reg: 0x00 Val: 0x00000000
[inst #615] sw x7,16(x8)
Memory Write to Addr: 0x10010F68 Val: 0x10010024
[inst #616] lw x7,16(x8)
Register Write to Reg: 0x07 Val: 0x10010024
[inst #617] addi x0,x0,0
Register Write to Reg: 0x00 Val: 0x00000000
[inst #618] addi x0,x0,0
Register Write to Reg: 0x00 Val: 0x00000000
[inst #619] lw x28,0(x7)
Register Write to Reg: 0x1C Val: 0x00000001
[inst #620] lw x7,8(x8)
Register Write to Reg: 0x07 Val: 0x00000100
[inst #621] addi x0,x0,0
Register Write to Reg: 0x00 Val: 0x00000000
[inst #622] addi x0,x0,0
Register Write to Reg: 0x00 Val: 0x00000000
[inst #623] or x28,x28,x7
Register Write to Reg: 0x1C Val: 0x00000101
[inst #624] lw x7,16(x8)
Register Write to Reg: 0x07 Val: 0x10010024
[inst #625] addi x0,x0,0
Register Write to Reg: 0x00 Val: 0x00000000
[inst #626] addi x0,x0,0
Register Write to Reg: 0x00 Val: 0x00000000
[inst #627] sw x28,0(x7)
Memory Write to Addr: 0x10010024 Val: 0x00000101
[inst #628] add x2,x0,x8
Register Write to Reg: 0x02 Val: 0x10010F58
[inst #629] addi x0,x0,0
Register Write to Reg: 0x00 Val: 0x00000000
[inst #630] addi x0,x0,0
Register Write to Reg: 0x00 Val: 0x00000000
[inst #631] lw x8,28(x2)
Register Write to Reg: 0x08 Val: 0x10010F78
[inst #632] addi x2,x2,32
Register Write to Reg: 0x02 Val: 0x10010F78
[inst #633] jalr x0,x1,0
Register Write to Reg: 0x00 Val: 0x00400730
[inst #634] addi x7,x8,28
Register Write to Reg: 0x07 Val: 0x10010F94
[inst #635] lw x30,48(x8)
Register Write to Reg: 0x1E Val: 0x00000001
[inst #636] addi x0,x0,0
Register Write to Reg: 0x00 Val: 0x00000000
[inst #637] add x29,x0,x7
Register Write to Reg: 0x1D Val: 0x10010F94
[inst #638] auipc x1,0
Register Write to Reg: 0x01 Val: 0x0040033C
[inst #639] sll x0,x0,x0
Register Write to Reg: 0x00 Val: 0x00000000
[inst #640] sll x0,x0,x0
Register Write to Reg: 0x00 Val: 0x00000000
[inst #641] sll x0,x0,x0
Register Write to Reg: 0x00 Val: 0x00000000
[inst #642] addi x1,x1,24
Register Write to Reg: 0x01 Val: 0x00400354
[inst #643] jal x0,52
Register Write to Reg: 0x00 Val: 0x00400354
[inst #644] addi x2,x2,-24
Register Write to Reg: 0x02 Val: 0x10010F60
[inst #645] addi x0,x0,0
Register Write to Reg: 0x00 Val: 0x00000000
[inst #646] addi x0,x0,0
Register Write to Reg: 0x00 Val: 0x00000000
[inst #647] sw x8,20(x2)
Memory Write to Addr: 0x10010F74 Val: 0x10010F78
[inst #648] add x8,x0,x2
Register Write to Reg: 0x08 Val: 0x10010F60
[inst #649] addi x0,x0,0
Register Write to Reg: 0x00 Val: 0x00000000
[inst #650] addi x0,x0,0
Register Write to Reg: 0x00 Val: 0x00000000
[inst #651] sub x31,x8,x2
Register Write to Reg: 0x1F Val: 0x00000000
[inst #652] sw x29,24(x8)
Memory Write to Addr: 0x10010F78 Val: 0x10010F94
[inst #653] sw x30,28(x8)
Memory Write to Addr: 0x10010F7C Val: 0x00000001
[inst #654] lw x7,28(x8)
Register Write to Reg: 0x07 Val: 0x00000001
[inst #655] addi x0,x0,0
Register Write to Reg: 0x00 Val: 0x00000000
[inst #656] addi x0,x0,0
Register Write to Reg: 0x00 Val: 0x00000000
[inst #657] sw x7,8(x8)
Memory Write to Addr: 0x10010F68 Val: 0x00000001
[inst #658] sw x0,12(x8)
Memory Write to Addr: 0x10010F6C Val: 0x00000000
[inst #659] lw x7,24(x8)
Register Write to Reg: 0x07 Val: 0x10010F94
[inst #660] lw x29,8(x8)
Register Write to Reg: 0x1D Val: 0x00000001
[inst #661] lw x28,12(x8)
Register Write to Reg: 0x1C Val: 0x00000000
[inst #662] addi x0,x0,0
Register Write to Reg: 0x00 Val: 0x00000000
[inst #663] sw x29,0(x7)
Memory Write to Addr: 0x10010F94 Val: 0x00000001
[inst #664] sw x28,4(x7)
Memory Write to Addr: 0x10010F98 Val: 0x00000000
[inst #665] lw x7,24(x8)
Register Write to Reg: 0x07 Val: 0x10010F94
[inst #666] add x2,x0,x8
Register Write to Reg: 0x02 Val: 0x10010F60
[inst #667] addi x0,x0,0
Register Write to Reg: 0x00 Val: 0x00000000
[inst #668] addi x0,x0,0
Register Write to Reg: 0x00 Val: 0x00000000
[inst #669] lw x8,20(x2)
Register Write to Reg: 0x08 Val: 0x10010F78
[inst #670] addi x2,x2,24
Register Write to Reg: 0x02 Val: 0x10010F78
[inst #671] jalr x0,x1,0
Register Write to Reg: 0x00 Val: 0x004003F4
[inst #672] addi x7,x8,28
Register Write to Reg: 0x07 Val: 0x10010F94
[inst #673] addi x0,x0,0
Register Write to Reg: 0x00 Val: 0x00000000
[inst #674] addi x0,x0,0
Register Write to Reg: 0x00 Val: 0x00000000
[inst #675] add x29,x0,x7
Register Write to Reg: 0x1D Val: 0x10010F94
[inst #676] auipc x1,0
Register Write to Reg: 0x01 Val: 0x00400364
[inst #677] sll x0,x0,x0
Register Write to Reg: 0x00 Val: 0x00000000
[inst #678] sll x0,x0,x0
Register Write to Reg: 0x00 Val: 0x00000000
[inst #679] sll x0,x0,x0
Register Write to Reg: 0x00 Val: 0x00000000
[inst #680] addi x1,x1,24
Register Write to Reg: 0x01 Val: 0x0040037C
[inst #681] jal x0,124
Register Write to Reg: 0x00 Val: 0x0040037C
[inst #682] addi x2,x2,-32
Register Write to Reg: 0x02 Val: 0x10010F58
[inst #683] addi x0,x0,0
Register Write to Reg: 0x00 Val: 0x00000000
[inst #684] addi x0,x0,0
Register Write to Reg: 0x00 Val: 0x00000000
[inst #685] sw x1,28(x2)
Memory Write to Addr: 0x10010F74 Val: 0x0040037C
[inst #686] sw x8,24(x2)
Memory Write to Addr: 0x10010F70 Val: 0x10010F78
[inst #687] add x8,x0,x2
Register Write to Reg: 0x08 Val: 0x10010F58
[inst #688] addi x0,x0,0
Register Write to Reg: 0x00 Val: 0x00000000
[inst #689] addi x0,x0,0
Register Write to Reg: 0x00 Val: 0x00000000
[inst #690] sw x29,32(x8)
Memory Write to Addr: 0x10010F78 Val: 0x10010F94
[inst #691] jal x0,172
Register Write to Reg: 0x00 Val: 0x0040041C
[inst #692] lw x7,32(x8)
Register Write to Reg: 0x07 Val: 0x10010F94
[inst #693] addi x0,x0,0
Register Write to Reg: 0x00 Val: 0x00000000
[inst #694] addi x0,x0,0
Register Write to Reg: 0x00 Val: 0x00000000
[inst #695] lw x7,4(x7)
Register Write to Reg: 0x07 Val: 0x00000000
[inst #696] addi x0,x0,0
Register Write to Reg: 0x00 Val: 0x00000000
[inst #697] addi x0,x0,0
Register Write to Reg: 0x00 Val: 0x00000000
[inst #698] slti x7,x7,4
Register Write to Reg: 0x07 Val: 0x00000001
[inst #699] addi x0,x0,0
Register Write to Reg: 0x00 Val: 0x00000000
[inst #700] addi x0,x0,0
Register Write to Reg: 0x00 Val: 0x00000000
[inst #701] beq x7,x0,8
[inst #702] jal x0,-208
Register Write to Reg: 0x00 Val: 0x004004F0
[inst #703] lw x7,32(x8)
Register Write to Reg: 0x07 Val: 0x10010F94
[inst #704] addi x0,x0,0
Register Write to Reg: 0x00 Val: 0x00000000
[inst #705] addi x0,x0,0
Register Write to Reg: 0x00 Val: 0x00000000
[inst #706] lw x28,0(x7)
Register Write to Reg: 0x1C Val: 0x00000001
[inst #707] lw x7,32(x8)
Register Write to Reg: 0x07 Val: 0x10010F94
[inst #708] addi x0,x0,0
Register Write to Reg: 0x00 Val: 0x00000000
[inst #709] addi x0,x0,0
Register Write to Reg: 0x00 Val: 0x00000000
[inst #710] lw x7,4(x7)
Register Write to Reg: 0x07 Val: 0x00000000
[inst #711] addi x0,x0,0
Register Write to Reg: 0x00 Val: 0x00000000
[inst #712] addi x0,x0,0
Register Write to Reg: 0x00 Val: 0x00000000
[inst #713] add x30,x0,x7
Register Write to Reg: 0x1E Val: 0x00000000
[inst #714] add x29,x0,x28
Register Write to Reg: 0x1D Val: 0x00000001
[inst #715] auipc x1,0
Register Write to Reg: 0x01 Val: 0x0040044C
[inst #716] sll x0,x0,x0
Register Write to Reg: 0x00 Val: 0x00000000
[inst #717] sll x0,x0,x0
Register Write to Reg: 0x00 Val: 0x00000000
[inst #718] sll x0,x0,x0
Register Write to Reg: 0x00 Val: 0x00000000
[inst #719] addi x1,x1,24
Register Write to Reg: 0x01 Val: 0x00400464
[inst #720] jal x0,176
Register Write to Reg: 0x00 Val: 0x00400464
[inst #721] addi x2,x2,-32
Register Write to Reg: 0x02 Val: 0x10010F38
[inst #722] addi x0,x0,0
Register Write to Reg: 0x00 Val: 0x00000000
[inst #723] addi x0,x0,0
Register Write to Reg: 0x00 Val: 0x00000000
[inst #724] sw x8,28(x2)
Memory Write to Addr: 0x10010F54 Val: 0x10010F58
[inst #725] add x8,x0,x2
Register Write to Reg: 0x08 Val: 0x10010F38
[inst #726] addi x0,x0,0
Register Write to Reg: 0x00 Val: 0x00000000
[inst #727] addi x0,x0,0
Register Write to Reg: 0x00 Val: 0x00000000
[inst #728] sw x29,32(x8)
Memory Write to Addr: 0x10010F58 Val: 0x00000001
[inst #729] sw x30,36(x8)
Memory Write to Addr: 0x10010F5C Val: 0x00000000
[inst #730] auipc x7,64528
Register Write to Reg: 0x07 Val: 0x10010534
[inst #731] sll x0,x0,x0
Register Write to Reg: 0x00 Val: 0x00000000
[inst #732] sll x0,x0,x0
Register Write to Reg: 0x00 Val: 0x00000000
[inst #733] sll x0,x0,x0
Register Write to Reg: 0x00 Val: 0x00000000
[inst #734] addi x7,x7,-1312
Register Write to Reg: 0x07 Val: 0x10010014
[inst #735] lw x28,32(x8)
Register Write to Reg: 0x1C Val: 0x00000001
[inst #736] addi x0,x0,0
Register Write to Reg: 0x00 Val: 0x00000000
[inst #737] addi x0,x0,0
Register Write to Reg: 0x00 Val: 0x00000000
[inst #738] slli x28,x28,2
Register Write to Reg: 0x1C Val: 0x00000004
[inst #739] addi x0,x0,0
Register Write to Reg: 0x00 Val: 0x00000000
[inst #740] addi x0,x0,0
Register Write to Reg: 0x00 Val: 0x00000000
[inst #741] add x7,x28,x7
Register Write to Reg: 0x07 Val: 0x10010018
[inst #742] addi x0,x0,0
Register Write to Reg: 0x00 Val: 0x00000000
[inst #743] addi x0,x0,0
Register Write to Reg: 0x00 Val: 0x00000000
[inst #744] lw x7,0(x7)
Register Write to Reg: 0x07 Val: 0x00000000
[inst #745] addi x0,x0,0
Register Write to Reg: 0x00 Val: 0x00000000
[inst #746] addi x0,x0,0
Register Write to Reg: 0x00 Val: 0x00000000
[inst #747] sw x7,16(x8)
Memory Write to Addr: 0x10010F48 Val: 0x00000000
[inst #748] addi x7,x0,1
Register Write to Reg: 0x07 Val: 0x00000001
[inst #749] addi x0,x0,0
Register Write to Reg: 0x00 Val: 0x00000000
[inst #750] addi x0,x0,0
Register Write to Reg: 0x00 Val: 0x00000000
[inst #751] sw x7,8(x8)
Memory Write to Addr: 0x10010F40 Val: 0x00000001
[inst #752] sw x0,12(x8)
Memory Write to Addr: 0x10010F44 Val: 0x00000000
[inst #753] jal x0,60
Register Write to Reg: 0x00 Val: 0x00400594
[inst #754] lw x28,12(x8)
Register Write to Reg: 0x1C Val: 0x00000000
[inst #755] lw x7,36(x8)
Register Write to Reg: 0x07 Val: 0x00000000
[inst #756] addi x0,x0,0
Register Write to Reg: 0x00 Val: 0x00000000
[inst #757] addi x0,x0,0
Register Write to Reg: 0x00 Val: 0x00000000
[inst #758] slt x7,x28,x7
Register Write to Reg: 0x07 Val: 0x00000000
[inst #759] addi x0,x0,0
Register Write to Reg: 0x00 Val: 0x00000000
[inst #760] addi x0,x0,0
Register Write to Reg: 0x00 Val: 0x00000000
[inst #761] beq x7,x0,8
[inst #762] lw x28,8(x8)
Register Write to Reg: 0x1C Val: 0x00000001
[inst #763] lw x7,16(x8)
Register Write to Reg: 0x07 Val: 0x00000000
[inst #764] addi x0,x0,0
Register Write to Reg: 0x00 Val: 0x00000000
[inst #765] addi x0,x0,0
Register Write to Reg: 0x00 Val: 0x00000000
[inst #766] and x7,x28,x7
Register Write to Reg: 0x07 Val: 0x00000000
[inst #767] addi x0,x0,0
Register Write to Reg: 0x00 Val: 0x00000000
[inst #768] addi x0,x0,0
Register Write to Reg: 0x00 Val: 0x00000000
[inst #769] slt x7,x0,x7
Register Write to Reg: 0x07 Val: 0x00000000
[inst #770] addi x0,x0,0
Register Write to Reg: 0x00 Val: 0x00000000
[inst #771] addi x0,x0,0
Register Write to Reg: 0x00 Val: 0x00000000
[inst #772] andi x7,x7,255
Register Write to Reg: 0x07 Val: 0x00000000
[inst #773] add x2,x0,x8
Register Write to Reg: 0x02 Val: 0x10010F38
[inst #774] addi x0,x0,0
Register Write to Reg: 0x00 Val: 0x00000000
[inst #775] addi x0,x0,0
Register Write to Reg: 0x00 Val: 0x00000000
[inst #776] lw x8,28(x2)
Register Write to Reg: 0x08 Val: 0x10010F58
[inst #777] addi x2,x2,32
Register Write to Reg: 0x02 Val: 0x10010F58
[inst #778] jalr x0,x1,0
Register Write to Reg: 0x00 Val: 0x00400634
[inst #779] beq x7,x0,52
[inst #780] lw x7,32(x8)
Register Write to Reg: 0x07 Val: 0x10010F94
[inst #781] addi x0,x0,0
Register Write to Reg: 0x00 Val: 0x00000000
[inst #782] addi x0,x0,0
Register Write to Reg: 0x00 Val: 0x00000000
[inst #783] lw x7,4(x7)
Register Write to Reg: 0x07 Val: 0x00000000
[inst #784] addi x0,x0,0
Register Write to Reg: 0x00 Val: 0x00000000
[inst #785] addi x0,x0,0
Register Write to Reg: 0x00 Val: 0x00000000
[inst #786] addi x28,x7,1
Register Write to Reg: 0x1C Val: 0x00000001
[inst #787] lw x7,32(x8)
Register Write to Reg: 0x07 Val: 0x10010F94
[inst #788] addi x0,x0,0
Register Write to Reg: 0x00 Val: 0x00000000
[inst #789] addi x0,x0,0
Register Write to Reg: 0x00 Val: 0x00000000
[inst #790] sw x28,4(x7)
Memory Write to Addr: 0x10010F98 Val: 0x00000001
[inst #791] lw x7,32(x8)
Register Write to Reg: 0x07 Val: 0x10010F94
[inst #792] addi x0,x0,0
Register Write to Reg: 0x00 Val: 0x00000000
[inst #793] addi x0,x0,0
Register Write to Reg: 0x00 Val: 0x00000000
[inst #794] lw x7,4(x7)
Register Write to Reg: 0x07 Val: 0x00000001
[inst #795] addi x0,x0,0
Register Write to Reg: 0x00 Val: 0x00000000
[inst #796] addi x0,x0,0
Register Write to Reg: 0x00 Val: 0x00000000
[inst #797] slti x7,x7,4
Register Write to Reg: 0x07 Val: 0x00000001
[inst #798] addi x0,x0,0
Register Write to Reg: 0x00 Val: 0x00000000
[inst #799] addi x0,x0,0
Register Write to Reg: 0x00 Val: 0x00000000
[inst #800] beq x7,x0,8
[inst #801] jal x0,-208
Register Write to Reg: 0x00 Val: 0x004004F0
[inst #802] lw x7,32(x8)
Register Write to Reg: 0x07 Val: 0x10010F94
[inst #803] addi x0,x0,0
Register Write to Reg: 0x00 Val: 0x00000000
[inst #804] addi x0,x0,0
Register Write to Reg: 0x00 Val: 0x00000000
[inst #805] lw x28,0(x7)
Register Write to Reg: 0x1C Val: 0x00000001
[inst #806] lw x7,32(x8)
Register Write to Reg: 0x07 Val: 0x10010F94
[inst #807] addi x0,x0,0
Register Write to Reg: 0x00 Val: 0x00000000
[inst #808] addi x0,x0,0
Register Write to Reg: 0x00 Val: 0x00000000
[inst #809] lw x7,4(x7)
Register Write to Reg: 0x07 Val: 0x00000001
[inst #810] addi x0,x0,0
Register Write to Reg: 0x00 Val: 0x00000000
[inst #811] addi x0,x0,0
Register Write to Reg: 0x00 Val: 0x00000000
[inst #812] add x30,x0,x7
Register Write to Reg: 0x1E Val: 0x00000001
[inst #813] add x29,x0,x28
Register Write to Reg: 0x1D Val: 0x00000001
[inst #814] auipc x1,0
Register Write to Reg: 0x01 Val: 0x0040044C
[inst #815] sll x0,x0,x0
Register Write to Reg: 0x00 Val: 0x00000000
[inst #816] sll x0,x0,x0
Register Write to Reg: 0x00 Val: 0x00000000
[inst #817] sll x0,x0,x0
Register Write to Reg: 0x00 Val: 0x00000000
[inst #818] addi x1,x1,24
Register Write to Reg: 0x01 Val: 0x00400464
[inst #819] jal x0,176
Register Write to Reg: 0x00 Val: 0x00400464
[inst #820] addi x2,x2,-32
Register Write to Reg: 0x02 Val: 0x10010F38
[inst #821] addi x0,x0,0
Register Write to Reg: 0x00 Val: 0x00000000
[inst #822] addi x0,x0,0
Register Write to Reg: 0x00 Val: 0x00000000
[inst #823] sw x8,28(x2)
Memory Write to Addr: 0x10010F54 Val: 0x10010F58
[inst #824] add x8,x0,x2
Register Write to Reg: 0x08 Val: 0x10010F38
[inst #825] addi x0,x0,0
Register Write to Reg: 0x00 Val: 0x00000000
[inst #826] addi x0,x0,0
Register Write to Reg: 0x00 Val: 0x00000000
[inst #827] sw x29,32(x8)
Memory Write to Addr: 0x10010F58 Val: 0x00000001
[inst #828] sw x30,36(x8)
Memory Write to Addr: 0x10010F5C Val: 0x00000001
[inst #829] auipc x7,64528
Register Write to Reg: 0x07 Val: 0x10010534
[inst #830] sll x0,x0,x0
Register Write to Reg: 0x00 Val: 0x00000000
[inst #831] sll x0,x0,x0
Register Write to Reg: 0x00 Val: 0x00000000
[inst #832] sll x0,x0,x0
Register Write to Reg: 0x00 Val: 0x00000000
[inst #833] addi x7,x7,-1312
Register Write to Reg: 0x07 Val: 0x10010014
[inst #834] lw x28,32(x8)
Register Write to Reg: 0x1C Val: 0x00000001
[inst #835] addi x0,x0,0
Register Write to Reg: 0x00 Val: 0x00000000
[inst #836] addi x0,x0,0
Register Write to Reg: 0x00 Val: 0x00000000
[inst #837] slli x28,x28,2
Register Write to Reg: 0x1C Val: 0x00000004
[inst #838] addi x0,x0,0
Register Write to Reg: 0x00 Val: 0x00000000
[inst #839] addi x0,x0,0
Register Write to Reg: 0x00 Val: 0x00000000
[inst #840] add x7,x28,x7
Register Write to Reg: 0x07 Val: 0x10010018
[inst #841] addi x0,x0,0
Register Write to Reg: 0x00 Val: 0x00000000
[inst #842] addi x0,x0,0
Register Write to Reg: 0x00 Val: 0x00000000
[inst #843] lw x7,0(x7)
Register Write to Reg: 0x07 Val: 0x00000000
[inst #844] addi x0,x0,0
Register Write to Reg: 0x00 Val: 0x00000000
[inst #845] addi x0,x0,0
Register Write to Reg: 0x00 Val: 0x00000000
[inst #846] sw x7,16(x8)
Memory Write to Addr: 0x10010F48 Val: 0x00000000
[inst #847] addi x7,x0,1
Register Write to Reg: 0x07 Val: 0x00000001
[inst #848] addi x0,x0,0
Register Write to Reg: 0x00 Val: 0x00000000
[inst #849] addi x0,x0,0
Register Write to Reg: 0x00 Val: 0x00000000
[inst #850] sw x7,8(x8)
Memory Write to Addr: 0x10010F40 Val: 0x00000001
[inst #851] sw x0,12(x8)
Memory Write to Addr: 0x10010F44 Val: 0x00000000
[inst #852] jal x0,60
Register Write to Reg: 0x00 Val: 0x00400594
[inst #853] lw x28,12(x8)
Register Write to Reg: 0x1C Val: 0x00000000
[inst #854] lw x7,36(x8)
Register Write to Reg: 0x07 Val: 0x00000001
[inst #855] addi x0,x0,0
Register Write to Reg: 0x00 Val: 0x00000000
[inst #856] addi x0,x0,0
Register Write to Reg: 0x00 Val: 0x00000000
[inst #857] slt x7,x28,x7
Register Write to Reg: 0x07 Val: 0x00000001
[inst #858] addi x0,x0,0
Register Write to Reg: 0x00 Val: 0x00000000
[inst #859] addi x0,x0,0
Register Write to Reg: 0x00 Val: 0x00000000
[inst #860] beq x7,x0,8
[inst #861] jal x0,-88
Register Write to Reg: 0x00 Val: 0x004005F0
[inst #862] lw x7,8(x8)
Register Write to Reg: 0x07 Val: 0x00000001
[inst #863] addi x0,x0,0
Register Write to Reg: 0x00 Val: 0x00000000
[inst #864] addi x0,x0,0
Register Write to Reg: 0x00 Val: 0x00000000
[inst #865] slli x7,x7,1
Register Write to Reg: 0x07 Val: 0x00000002
[inst #866] addi x0,x0,0
Register Write to Reg: 0x00 Val: 0x00000000
[inst #867] addi x0,x0,0
Register Write to Reg: 0x00 Val: 0x00000000
[inst #868] sw x7,8(x8)
Memory Write to Addr: 0x10010F40 Val: 0x00000002
[inst #869] lw x7,12(x8)
Register Write to Reg: 0x07 Val: 0x00000000
[inst #870] addi x0,x0,0
Register Write to Reg: 0x00 Val: 0x00000000
[inst #871] addi x0,x0,0
Register Write to Reg: 0x00 Val: 0x00000000
[inst #872] addi x7,x7,1
Register Write to Reg: 0x07 Val: 0x00000001
[inst #873] addi x0,x0,0
Register Write to Reg: 0x00 Val: 0x00000000
[inst #874] addi x0,x0,0
Register Write to Reg: 0x00 Val: 0x00000000
[inst #875] sw x7,12(x8)
Memory Write to Addr: 0x10010F44 Val: 0x00000001
[inst #876] lw x28,12(x8)
Register Write to Reg: 0x1C Val: 0x00000001
[inst #877] lw x7,36(x8)
Register Write to Reg: 0x07 Val: 0x00000001
[inst #878] addi x0,x0,0
Register Write to Reg: 0x00 Val: 0x00000000
[inst #879] addi x0,x0,0
Register Write to Reg: 0x00 Val: 0x00000000
[inst #880] slt x7,x28,x7
Register Write to Reg: 0x07 Val: 0x00000000
[inst #881] addi x0,x0,0
Register Write to Reg: 0x00 Val: 0x00000000
[inst #882] addi x0,x0,0
Register Write to Reg: 0x00 Val: 0x00000000
[inst #883] beq x7,x0,8
[inst #884] lw x28,8(x8)
Register Write to Reg: 0x1C Val: 0x00000002
[inst #885] lw x7,16(x8)
Register Write to Reg: 0x07 Val: 0x00000000
[inst #886] addi x0,x0,0
Register Write to Reg: 0x00 Val: 0x00000000
[inst #887] addi x0,x0,0
Register Write to Reg: 0x00 Val: 0x00000000
[inst #888] and x7,x28,x7
Register Write to Reg: 0x07 Val: 0x00000000
[inst #889] addi x0,x0,0
Register Write to Reg: 0x00 Val: 0x00000000
[inst #890] addi x0,x0,0
Register Write to Reg: 0x00 Val: 0x00000000
[inst #891] slt x7,x0,x7
Register Write to Reg: 0x07 Val: 0x00000000
[inst #892] addi x0,x0,0
Register Write to Reg: 0x00 Val: 0x00000000
[inst #893] addi x0,x0,0
Register Write to Reg: 0x00 Val: 0x00000000
[inst #894] andi x7,x7,255
Register Write to Reg: 0x07 Val: 0x00000000
[inst #895] add x2,x0,x8
Register Write to Reg: 0x02 Val: 0x10010F38
[inst #896] addi x0,x0,0
Register Write to Reg: 0x00 Val: 0x00000000
[inst #897] addi x0,x0,0
Register Write to Reg: 0x00 Val: 0x00000000
[inst #898] lw x8,28(x2)
Register Write to Reg: 0x08 Val: 0x10010F58
[inst #899] addi x2,x2,32
Register Write to Reg: 0x02 Val: 0x10010F58
[inst #900] jalr x0,x1,0
Register Write to Reg: 0x00 Val: 0x00400634
[inst #901] beq x7,x0,52
[inst #902] lw x7,32(x8)
Register Write to Reg: 0x07 Val: 0x10010F94
[inst #903] addi x0,x0,0
Register Write to Reg: 0x00 Val: 0x00000000
[inst #904] addi x0,x0,0
Register Write to Reg: 0x00 Val: 0x00000000
[inst #905] lw x7,4(x7)
Register Write to Reg: 0x07 Val: 0x00000001
[inst #906] addi x0,x0,0
Register Write to Reg: 0x00 Val: 0x00000000
[inst #907] addi x0,x0,0
Register Write to Reg: 0x00 Val: 0x00000000
[inst #908] addi x28,x7,1
Register Write to Reg: 0x1C Val: 0x00000002
[inst #909] lw x7,32(x8)
Register Write to Reg: 0x07 Val: 0x10010F94
[inst #910] addi x0,x0,0
Register Write to Reg: 0x00 Val: 0x00000000
[inst #911] addi x0,x0,0
Register Write to Reg: 0x00 Val: 0x00000000
[inst #912] sw x28,4(x7)
Memory Write to Addr: 0x10010F98 Val: 0x00000002
[inst #913] lw x7,32(x8)
Register Write to Reg: 0x07 Val: 0x10010F94
[inst #914] addi x0,x0,0
Register Write to Reg: 0x00 Val: 0x00000000
[inst #915] addi x0,x0,0
Register Write to Reg: 0x00 Val: 0x00000000
[inst #916] lw x7,4(x7)
Register Write to Reg: 0x07 Val: 0x00000002
[inst #917] addi x0,x0,0
Register Write to Reg: 0x00 Val: 0x00000000
[inst #918] addi x0,x0,0
Register Write to Reg: 0x00 Val: 0x00000000
[inst #919] slti x7,x7,4
Register Write to Reg: 0x07 Val: 0x00000001
[inst #920] addi x0,x0,0
Register Write to Reg: 0x00 Val: 0x00000000
[inst #921] addi x0,x0,0
Register Write to Reg: 0x00 Val: 0x00000000
[inst #922] beq x7,x0,8
[inst #923] jal x0,-208
Register Write to Reg: 0x00 Val: 0x004004F0
[inst #924] lw x7,32(x8)
Register Write to Reg: 0x07 Val: 0x10010F94
[inst #925] addi x0,x0,0
Register Write to Reg: 0x00 Val: 0x00000000
[inst #926] addi x0,x0,0
Register Write to Reg: 0x00 Val: 0x00000000
[inst #927] lw x28,0(x7)
Register Write to Reg: 0x1C Val: 0x00000001
[inst #928] lw x7,32(x8)
Register Write to Reg: 0x07 Val: 0x10010F94
[inst #929] addi x0,x0,0
Register Write to Reg: 0x00 Val: 0x00000000
[inst #930] addi x0,x0,0
Register Write to Reg: 0x00 Val: 0x00000000
[inst #931] lw x7,4(x7)
Register Write to Reg: 0x07 Val: 0x00000002
[inst #932] addi x0,x0,0
Register Write to Reg: 0x00 Val: 0x00000000
[inst #933] addi x0,x0,0
Register Write to Reg: 0x00 Val: 0x00000000
[inst #934] add x30,x0,x7
Register Write to Reg: 0x1E Val: 0x00000002
[inst #935] add x29,x0,x28
Register Write to Reg: 0x1D Val: 0x00000001
[inst #936] auipc x1,0
Register Write to Reg: 0x01 Val: 0x0040044C
[inst #937] sll x0,x0,x0
Register Write to Reg: 0x00 Val: 0x00000000
[inst #938] sll x0,x0,x0
Register Write to Reg: 0x00 Val: 0x00000000
[inst #939] sll x0,x0,x0
Register Write to Reg: 0x00 Val: 0x00000000
[inst #940] addi x1,x1,24
Register Write to Reg: 0x01 Val: 0x00400464
[inst #941] jal x0,176
Register Write to Reg: 0x00 Val: 0x00400464
[inst #942] addi x2,x2,-32
Register Write to Reg: 0x02 Val: 0x10010F38
[inst #943] addi x0,x0,0
Register Write to Reg: 0x00 Val: 0x00000000
[inst #944] addi x0,x0,0
Register Write to Reg: 0x00 Val: 0x00000000
[inst #945] sw x8,28(x2)
Memory Write to Addr: 0x10010F54 Val: 0x10010F58
[inst #946] add x8,x0,x2
Register Write to Reg: 0x08 Val: 0x10010F38
[inst #947] addi x0,x0,0
Register Write to Reg: 0x00 Val: 0x00000000
[inst #948] addi x0,x0,0
Register Write to Reg: 0x00 Val: 0x00000000
[inst #949] sw x29,32(x8)
Memory Write to Addr: 0x10010F58 Val: 0x00000001
[inst #950] sw x30,36(x8)
Memory Write to Addr: 0x10010F5C Val: 0x00000002
[inst #951] auipc x7,64528
Register Write to Reg: 0x07 Val: 0x10010534
[inst #952] sll x0,x0,x0
Register Write to Reg: 0x00 Val: 0x00000000
[inst #953] sll x0,x0,x0
Register Write to Reg: 0x00 Val: 0x00000000
[inst #954] sll x0,x0,x0
Register Write to Reg: 0x00 Val: 0x00000000
[inst #955] addi x7,x7,-1312
Register Write to Reg: 0x07 Val: 0x10010014
[inst #956] lw x28,32(x8)
Register Write to Reg: 0x1C Val: 0x00000001
[inst #957] addi x0,x0,0
Register Write to Reg: 0x00 Val: 0x00000000
[inst #958] addi x0,x0,0
Register Write to Reg: 0x00 Val: 0x00000000
[inst #959] slli x28,x28,2
Register Write to Reg: 0x1C Val: 0x00000004
[inst #960] addi x0,x0,0
Register Write to Reg: 0x00 Val: 0x00000000
[inst #961] addi x0,x0,0
Register Write to Reg: 0x00 Val: 0x00000000
[inst #962] add x7,x28,x7
Register Write to Reg: 0x07 Val: 0x10010018
[inst #963] addi x0,x0,0
Register Write to Reg: 0x00 Val: 0x00000000
[inst #964] addi x0,x0,0
Register Write to Reg: 0x00 Val: 0x00000000
[inst #965] lw x7,0(x7)
Register Write to Reg: 0x07 Val: 0x00000000
[inst #966] addi x0,x0,0
Register Write to Reg: 0x00 Val: 0x00000000
[inst #967] addi x0,x0,0
Register Write to Reg: 0x00 Val: 0x00000000
[inst #968] sw x7,16(x8)
Memory Write to Addr: 0x10010F48 Val: 0x00000000
[inst #969] addi x7,x0,1
Register Write to Reg: 0x07 Val: 0x00000001
[inst #970] addi x0,x0,0
Register Write to Reg: 0x00 Val: 0x00000000
[inst #971] addi x0,x0,0
Register Write to Reg: 0x00 Val: 0x00000000
[inst #972] sw x7,8(x8)
Memory Write to Addr: 0x10010F40 Val: 0x00000001
[inst #973] sw x0,12(x8)
Memory Write to Addr: 0x10010F44 Val: 0x00000000
[inst #974] jal x0,60
Register Write to Reg: 0x00 Val: 0x00400594
[inst #975] lw x28,12(x8)
Register Write to Reg: 0x1C Val: 0x00000000
[inst #976] lw x7,36(x8)
Register Write to Reg: 0x07 Val: 0x00000002
[inst #977] addi x0,x0,0
Register Write to Reg: 0x00 Val: 0x00000000
[inst #978] addi x0,x0,0
Register Write to Reg: 0x00 Val: 0x00000000
[inst #979] slt x7,x28,x7
Register Write to Reg: 0x07 Val: 0x00000001
[inst #980] addi x0,x0,0
Register Write to Reg: 0x00 Val: 0x00000000
[inst #981] addi x0,x0,0
Register Write to Reg: 0x00 Val: 0x00000000
[inst #982] beq x7,x0,8
[inst #983] jal x0,-88
Register Write to Reg: 0x00 Val: 0x004005F0
[inst #984] lw x7,8(x8)
Register Write to Reg: 0x07 Val: 0x00000001
[inst #985] addi x0,x0,0
Register Write to Reg: 0x00 Val: 0x00000000
[inst #986] addi x0,x0,0
Register Write to Reg: 0x00 Val: 0x00000000
[inst #987] slli x7,x7,1
Register Write to Reg: 0x07 Val: 0x00000002
[inst #988] addi x0,x0,0
Register Write to Reg: 0x00 Val: 0x00000000
[inst #989] addi x0,x0,0
Register Write to Reg: 0x00 Val: 0x00000000
[inst #990] sw x7,8(x8)
Memory Write to Addr: 0x10010F40 Val: 0x00000002
[inst #991] lw x7,12(x8)
Register Write to Reg: 0x07 Val: 0x00000000
[inst #992] addi x0,x0,0
Register Write to Reg: 0x00 Val: 0x00000000
[inst #993] addi x0,x0,0
Register Write to Reg: 0x00 Val: 0x00000000
[inst #994] addi x7,x7,1
Register Write to Reg: 0x07 Val: 0x00000001
[inst #995] addi x0,x0,0
Register Write to Reg: 0x00 Val: 0x00000000
[inst #996] addi x0,x0,0
Register Write to Reg: 0x00 Val: 0x00000000
[inst #997] sw x7,12(x8)
Memory Write to Addr: 0x10010F44 Val: 0x00000001
[inst #998] lw x28,12(x8)
Register Write to Reg: 0x1C Val: 0x00000001
[inst #999] lw x7,36(x8)
Register Write to Reg: 0x07 Val: 0x00000002
[inst #1000] addi x0,x0,0
Register Write to Reg: 0x00 Val: 0x00000000
[inst #1001] addi x0,x0,0
Register Write to Reg: 0x00 Val: 0x00000000
[inst #1002] slt x7,x28,x7
Register Write to Reg: 0x07 Val: 0x00000001
[inst #1003] addi x0,x0,0
Register Write to Reg: 0x00 Val: 0x00000000
[inst #1004] addi x0,x0,0
Register Write to Reg: 0x00 Val: 0x00000000
[inst #1005] beq x7,x0,8
[inst #1006] jal x0,-88
Register Write to Reg: 0x00 Val: 0x004005F0
[inst #1007] lw x7,8(x8)
Register Write to Reg: 0x07 Val: 0x00000002
[inst #1008] addi x0,x0,0
Register Write to Reg: 0x00 Val: 0x00000000
[inst #1009] addi x0,x0,0
Register Write to Reg: 0x00 Val: 0x00000000
[inst #1010] slli x7,x7,1
Register Write to Reg: 0x07 Val: 0x00000004
[inst #1011] addi x0,x0,0
Register Write to Reg: 0x00 Val: 0x00000000
[inst #1012] addi x0,x0,0
Register Write to Reg: 0x00 Val: 0x00000000
[inst #1013] sw x7,8(x8)
Memory Write to Addr: 0x10010F40 Val: 0x00000004
[inst #1014] lw x7,12(x8)
Register Write to Reg: 0x07 Val: 0x00000001
[inst #1015] addi x0,x0,0
Register Write to Reg: 0x00 Val: 0x00000000
[inst #1016] addi x0,x0,0
Register Write to Reg: 0x00 Val: 0x00000000
[inst #1017] addi x7,x7,1
Register Write to Reg: 0x07 Val: 0x00000002
[inst #1018] addi x0,x0,0
Register Write to Reg: 0x00 Val: 0x00000000
[inst #1019] addi x0,x0,0
Register Write to Reg: 0x00 Val: 0x00000000
[inst #1020] sw x7,12(x8)
Memory Write to Addr: 0x10010F44 Val: 0x00000002
[inst #1021] lw x28,12(x8)
Register Write to Reg: 0x1C Val: 0x00000002
[inst #1022] lw x7,36(x8)
Register Write to Reg: 0x07 Val: 0x00000002
[inst #1023] addi x0,x0,0
Register Write to Reg: 0x00 Val: 0x00000000
[inst #1024] addi x0,x0,0
Register Write to Reg: 0x00 Val: 0x00000000
[inst #1025] slt x7,x28,x7
Register Write to Reg: 0x07 Val: 0x00000000
[inst #1026] addi x0,x0,0
Register Write to Reg: 0x00 Val: 0x00000000
[inst #1027] addi x0,x0,0
Register Write to Reg: 0x00 Val: 0x00000000
[inst #1028] beq x7,x0,8
[inst #1029] lw x28,8(x8)
Register Write to Reg: 0x1C Val: 0x00000004
[inst #1030] lw x7,16(x8)
Register Write to Reg: 0x07 Val: 0x00000000
[inst #1031] addi x0,x0,0
Register Write to Reg: 0x00 Val: 0x00000000
[inst #1032] addi x0,x0,0
Register Write to Reg: 0x00 Val: 0x00000000
[inst #1033] and x7,x28,x7
Register Write to Reg: 0x07 Val: 0x00000000
[inst #1034] addi x0,x0,0
Register Write to Reg: 0x00 Val: 0x00000000
[inst #1035] addi x0,x0,0
Register Write to Reg: 0x00 Val: 0x00000000
[inst #1036] slt x7,x0,x7
Register Write to Reg: 0x07 Val: 0x00000000
[inst #1037] addi x0,x0,0
Register Write to Reg: 0x00 Val: 0x00000000
[inst #1038] addi x0,x0,0
Register Write to Reg: 0x00 Val: 0x00000000
[inst #1039] andi x7,x7,255
Register Write to Reg: 0x07 Val: 0x00000000
[inst #1040] add x2,x0,x8
Register Write to Reg: 0x02 Val: 0x10010F38
[inst #1041] addi x0,x0,0
Register Write to Reg: 0x00 Val: 0x00000000
[inst #1042] addi x0,x0,0
Register Write to Reg: 0x00 Val: 0x00000000
[inst #1043] lw x8,28(x2)
Register Write to Reg: 0x08 Val: 0x10010F58
[inst #1044] addi x2,x2,32
Register Write to Reg: 0x02 Val: 0x10010F58
[inst #1045] jalr x0,x1,0
Register Write to Reg: 0x00 Val: 0x00400634
[inst #1046] beq x7,x0,52
[inst #1047] lw x7,32(x8)
Register Write to Reg: 0x07 Val: 0x10010F94
[inst #1048] addi x0,x0,0
Register Write to Reg: 0x00 Val: 0x00000000
[inst #1049] addi x0,x0,0
Register Write to Reg: 0x00 Val: 0x00000000
[inst #1050] lw x7,4(x7)
Register Write to Reg: 0x07 Val: 0x00000002
[inst #1051] addi x0,x0,0
Register Write to Reg: 0x00 Val: 0x00000000
[inst #1052] addi x0,x0,0
Register Write to Reg: 0x00 Val: 0x00000000
[inst #1053] addi x28,x7,1
Register Write to Reg: 0x1C Val: 0x00000003
[inst #1054] lw x7,32(x8)
Register Write to Reg: 0x07 Val: 0x10010F94
[inst #1055] addi x0,x0,0
Register Write to Reg: 0x00 Val: 0x00000000
[inst #1056] addi x0,x0,0
Register Write to Reg: 0x00 Val: 0x00000000
[inst #1057] sw x28,4(x7)
Memory Write to Addr: 0x10010F98 Val: 0x00000003
[inst #1058] lw x7,32(x8)
Register Write to Reg: 0x07 Val: 0x10010F94
[inst #1059] addi x0,x0,0
Register Write to Reg: 0x00 Val: 0x00000000
[inst #1060] addi x0,x0,0
Register Write to Reg: 0x00 Val: 0x00000000
[inst #1061] lw x7,4(x7)
Register Write to Reg: 0x07 Val: 0x00000003
[inst #1062] addi x0,x0,0
Register Write to Reg: 0x00 Val: 0x00000000
[inst #1063] addi x0,x0,0
Register Write to Reg: 0x00 Val: 0x00000000
[inst #1064] slti x7,x7,4
Register Write to Reg: 0x07 Val: 0x00000001
[inst #1065] addi x0,x0,0
Register Write to Reg: 0x00 Val: 0x00000000
[inst #1066] addi x0,x0,0
Register Write to Reg: 0x00 Val: 0x00000000
[inst #1067] beq x7,x0,8
[inst #1068] jal x0,-208
Register Write to Reg: 0x00 Val: 0x004004F0
[inst #1069] lw x7,32(x8)
Register Write to Reg: 0x07 Val: 0x10010F94
[inst #1070] addi x0,x0,0
Register Write to Reg: 0x00 Val: 0x00000000
[inst #1071] addi x0,x0,0
Register Write to Reg: 0x00 Val: 0x00000000
[inst #1072] lw x28,0(x7)
Register Write to Reg: 0x1C Val: 0x00000001
[inst #1073] lw x7,32(x8)
Register Write to Reg: 0x07 Val: 0x10010F94
[inst #1074] addi x0,x0,0
Register Write to Reg: 0x00 Val: 0x00000000
[inst #1075] addi x0,x0,0
Register Write to Reg: 0x00 Val: 0x00000000
[inst #1076] lw x7,4(x7)
Register Write to Reg: 0x07 Val: 0x00000003
[inst #1077] addi x0,x0,0
Register Write to Reg: 0x00 Val: 0x00000000
[inst #1078] addi x0,x0,0
Register Write to Reg: 0x00 Val: 0x00000000
[inst #1079] add x30,x0,x7
Register Write to Reg: 0x1E Val: 0x00000003
[inst #1080] add x29,x0,x28
Register Write to Reg: 0x1D Val: 0x00000001
[inst #1081] auipc x1,0
Register Write to Reg: 0x01 Val: 0x0040044C
[inst #1082] sll x0,x0,x0
Register Write to Reg: 0x00 Val: 0x00000000
[inst #1083] sll x0,x0,x0
Register Write to Reg: 0x00 Val: 0x00000000
[inst #1084] sll x0,x0,x0
Register Write to Reg: 0x00 Val: 0x00000000
[inst #1085] addi x1,x1,24
Register Write to Reg: 0x01 Val: 0x00400464
[inst #1086] jal x0,176
Register Write to Reg: 0x00 Val: 0x00400464
[inst #1087] addi x2,x2,-32
Register Write to Reg: 0x02 Val: 0x10010F38
[inst #1088] addi x0,x0,0
Register Write to Reg: 0x00 Val: 0x00000000
[inst #1089] addi x0,x0,0
Register Write to Reg: 0x00 Val: 0x00000000
[inst #1090] sw x8,28(x2)
Memory Write to Addr: 0x10010F54 Val: 0x10010F58
[inst #1091] add x8,x0,x2
Register Write to Reg: 0x08 Val: 0x10010F38
[inst #1092] addi x0,x0,0
Register Write to Reg: 0x00 Val: 0x00000000
[inst #1093] addi x0,x0,0
Register Write to Reg: 0x00 Val: 0x00000000
[inst #1094] sw x29,32(x8)
Memory Write to Addr: 0x10010F58 Val: 0x00000001
[inst #1095] sw x30,36(x8)
Memory Write to Addr: 0x10010F5C Val: 0x00000003
[inst #1096] auipc x7,64528
Register Write to Reg: 0x07 Val: 0x10010534
[inst #1097] sll x0,x0,x0
Register Write to Reg: 0x00 Val: 0x00000000
[inst #1098] sll x0,x0,x0
Register Write to Reg: 0x00 Val: 0x00000000
[inst #1099] sll x0,x0,x0
Register Write to Reg: 0x00 Val: 0x00000000
[inst #1100] addi x7,x7,-1312
Register Write to Reg: 0x07 Val: 0x10010014
[inst #1101] lw x28,32(x8)
Register Write to Reg: 0x1C Val: 0x00000001
[inst #1102] addi x0,x0,0
Register Write to Reg: 0x00 Val: 0x00000000
[inst #1103] addi x0,x0,0
Register Write to Reg: 0x00 Val: 0x00000000
[inst #1104] slli x28,x28,2
Register Write to Reg: 0x1C Val: 0x00000004
[inst #1105] addi x0,x0,0
Register Write to Reg: 0x00 Val: 0x00000000
[inst #1106] addi x0,x0,0
Register Write to Reg: 0x00 Val: 0x00000000
[inst #1107] add x7,x28,x7
Register Write to Reg: 0x07 Val: 0x10010018
[inst #1108] addi x0,x0,0
Register Write to Reg: 0x00 Val: 0x00000000
[inst #1109] addi x0,x0,0
Register Write to Reg: 0x00 Val: 0x00000000
[inst #1110] lw x7,0(x7)
Register Write to Reg: 0x07 Val: 0x00000000
[inst #1111] addi x0,x0,0
Register Write to Reg: 0x00 Val: 0x00000000
[inst #1112] addi x0,x0,0
Register Write to Reg: 0x00 Val: 0x00000000
[inst #1113] sw x7,16(x8)
Memory Write to Addr: 0x10010F48 Val: 0x00000000
[inst #1114] addi x7,x0,1
Register Write to Reg: 0x07 Val: 0x00000001
[inst #1115] addi x0,x0,0
Register Write to Reg: 0x00 Val: 0x00000000
[inst #1116] addi x0,x0,0
Register Write to Reg: 0x00 Val: 0x00000000
[inst #1117] sw x7,8(x8)
Memory Write to Addr: 0x10010F40 Val: 0x00000001
[inst #1118] sw x0,12(x8)
Memory Write to Addr: 0x10010F44 Val: 0x00000000
[inst #1119] jal x0,60
Register Write to Reg: 0x00 Val: 0x00400594
[inst #1120] lw x28,12(x8)
Register Write to Reg: 0x1C Val: 0x00000000
[inst #1121] lw x7,36(x8)
Register Write to Reg: 0x07 Val: 0x00000003
[inst #1122] addi x0,x0,0
Register Write to Reg: 0x00 Val: 0x00000000
[inst #1123] addi x0,x0,0
Register Write to Reg: 0x00 Val: 0x00000000
[inst #1124] slt x7,x28,x7
Register Write to Reg: 0x07 Val: 0x00000001
[inst #1125] addi x0,x0,0
Register Write to Reg: 0x00 Val: 0x00000000
[inst #1126] addi x0,x0,0
Register Write to Reg: 0x00 Val: 0x00000000
[inst #1127] beq x7,x0,8
[inst #1128] jal x0,-88
Register Write to Reg: 0x00 Val: 0x004005F0
[inst #1129] lw x7,8(x8)
Register Write to Reg: 0x07 Val: 0x00000001
[inst #1130] addi x0,x0,0
Register Write to Reg: 0x00 Val: 0x00000000
[inst #1131] addi x0,x0,0
Register Write to Reg: 0x00 Val: 0x00000000
[inst #1132] slli x7,x7,1
Register Write to Reg: 0x07 Val: 0x00000002
[inst #1133] addi x0,x0,0
Register Write to Reg: 0x00 Val: 0x00000000
[inst #1134] addi x0,x0,0
Register Write to Reg: 0x00 Val: 0x00000000
[inst #1135] sw x7,8(x8)
Memory Write to Addr: 0x10010F40 Val: 0x00000002
[inst #1136] lw x7,12(x8)
Register Write to Reg: 0x07 Val: 0x00000000
[inst #1137] addi x0,x0,0
Register Write to Reg: 0x00 Val: 0x00000000
[inst #1138] addi x0,x0,0
Register Write to Reg: 0x00 Val: 0x00000000
[inst #1139] addi x7,x7,1
Register Write to Reg: 0x07 Val: 0x00000001
[inst #1140] addi x0,x0,0
Register Write to Reg: 0x00 Val: 0x00000000
[inst #1141] addi x0,x0,0
Register Write to Reg: 0x00 Val: 0x00000000
[inst #1142] sw x7,12(x8)
Memory Write to Addr: 0x10010F44 Val: 0x00000001
[inst #1143] lw x28,12(x8)
Register Write to Reg: 0x1C Val: 0x00000001
[inst #1144] lw x7,36(x8)
Register Write to Reg: 0x07 Val: 0x00000003
[inst #1145] addi x0,x0,0
Register Write to Reg: 0x00 Val: 0x00000000
[inst #1146] addi x0,x0,0
Register Write to Reg: 0x00 Val: 0x00000000
[inst #1147] slt x7,x28,x7
Register Write to Reg: 0x07 Val: 0x00000001
[inst #1148] addi x0,x0,0
Register Write to Reg: 0x00 Val: 0x00000000
[inst #1149] addi x0,x0,0
Register Write to Reg: 0x00 Val: 0x00000000
[inst #1150] beq x7,x0,8
[inst #1151] jal x0,-88
Register Write to Reg: 0x00 Val: 0x004005F0
[inst #1152] lw x7,8(x8)
Register Write to Reg: 0x07 Val: 0x00000002
[inst #1153] addi x0,x0,0
Register Write to Reg: 0x00 Val: 0x00000000
[inst #1154] addi x0,x0,0
Register Write to Reg: 0x00 Val: 0x00000000
[inst #1155] slli x7,x7,1
Register Write to Reg: 0x07 Val: 0x00000004
[inst #1156] addi x0,x0,0
Register Write to Reg: 0x00 Val: 0x00000000
[inst #1157] addi x0,x0,0
Register Write to Reg: 0x00 Val: 0x00000000
[inst #1158] sw x7,8(x8)
Memory Write to Addr: 0x10010F40 Val: 0x00000004
[inst #1159] lw x7,12(x8)
Register Write to Reg: 0x07 Val: 0x00000001
[inst #1160] addi x0,x0,0
Register Write to Reg: 0x00 Val: 0x00000000
[inst #1161] addi x0,x0,0
Register Write to Reg: 0x00 Val: 0x00000000
[inst #1162] addi x7,x7,1
Register Write to Reg: 0x07 Val: 0x00000002
[inst #1163] addi x0,x0,0
Register Write to Reg: 0x00 Val: 0x00000000
[inst #1164] addi x0,x0,0
Register Write to Reg: 0x00 Val: 0x00000000
[inst #1165] sw x7,12(x8)
Memory Write to Addr: 0x10010F44 Val: 0x00000002
[inst #1166] lw x28,12(x8)
Register Write to Reg: 0x1C Val: 0x00000002
[inst #1167] lw x7,36(x8)
Register Write to Reg: 0x07 Val: 0x00000003
[inst #1168] addi x0,x0,0
Register Write to Reg: 0x00 Val: 0x00000000
[inst #1169] addi x0,x0,0
Register Write to Reg: 0x00 Val: 0x00000000
[inst #1170] slt x7,x28,x7
Register Write to Reg: 0x07 Val: 0x00000001
[inst #1171] addi x0,x0,0
Register Write to Reg: 0x00 Val: 0x00000000
[inst #1172] addi x0,x0,0
Register Write to Reg: 0x00 Val: 0x00000000
[inst #1173] beq x7,x0,8
[inst #1174] jal x0,-88
Register Write to Reg: 0x00 Val: 0x004005F0
[inst #1175] lw x7,8(x8)
Register Write to Reg: 0x07 Val: 0x00000004
[inst #1176] addi x0,x0,0
Register Write to Reg: 0x00 Val: 0x00000000
[inst #1177] addi x0,x0,0
Register Write to Reg: 0x00 Val: 0x00000000
[inst #1178] slli x7,x7,1
Register Write to Reg: 0x07 Val: 0x00000008
[inst #1179] addi x0,x0,0
Register Write to Reg: 0x00 Val: 0x00000000
[inst #1180] addi x0,x0,0
Register Write to Reg: 0x00 Val: 0x00000000
[inst #1181] sw x7,8(x8)
Memory Write to Addr: 0x10010F40 Val: 0x00000008
[inst #1182] lw x7,12(x8)
Register Write to Reg: 0x07 Val: 0x00000002
[inst #1183] addi x0,x0,0
Register Write to Reg: 0x00 Val: 0x00000000
[inst #1184] addi x0,x0,0
Register Write to Reg: 0x00 Val: 0x00000000
[inst #1185] addi x7,x7,1
Register Write to Reg: 0x07 Val: 0x00000003
[inst #1186] addi x0,x0,0
Register Write to Reg: 0x00 Val: 0x00000000
[inst #1187] addi x0,x0,0
Register Write to Reg: 0x00 Val: 0x00000000
[inst #1188] sw x7,12(x8)
Memory Write to Addr: 0x10010F44 Val: 0x00000003
[inst #1189] lw x28,12(x8)
Register Write to Reg: 0x1C Val: 0x00000003
[inst #1190] lw x7,36(x8)
Register Write to Reg: 0x07 Val: 0x00000003
[inst #1191] addi x0,x0,0
Register Write to Reg: 0x00 Val: 0x00000000
[inst #1192] addi x0,x0,0
Register Write to Reg: 0x00 Val: 0x00000000
[inst #1193] slt x7,x28,x7
Register Write to Reg: 0x07 Val: 0x00000000
[inst #1194] addi x0,x0,0
Register Write to Reg: 0x00 Val: 0x00000000
[inst #1195] addi x0,x0,0
Register Write to Reg: 0x00 Val: 0x00000000
[inst #1196] beq x7,x0,8
[inst #1197] lw x28,8(x8)
Register Write to Reg: 0x1C Val: 0x00000008
[inst #1198] lw x7,16(x8)
Register Write to Reg: 0x07 Val: 0x00000000
[inst #1199] addi x0,x0,0
Register Write to Reg: 0x00 Val: 0x00000000
[inst #1200] addi x0,x0,0
Register Write to Reg: 0x00 Val: 0x00000000
[inst #1201] and x7,x28,x7
Register Write to Reg: 0x07 Val: 0x00000000
[inst #1202] addi x0,x0,0
Register Write to Reg: 0x00 Val: 0x00000000
[inst #1203] addi x0,x0,0
Register Write to Reg: 0x00 Val: 0x00000000
[inst #1204] slt x7,x0,x7
Register Write to Reg: 0x07 Val: 0x00000000
[inst #1205] addi x0,x0,0
Register Write to Reg: 0x00 Val: 0x00000000
[inst #1206] addi x0,x0,0
Register Write to Reg: 0x00 Val: 0x00000000
[inst #1207] andi x7,x7,255
Register Write to Reg: 0x07 Val: 0x00000000
[inst #1208] add x2,x0,x8
Register Write to Reg: 0x02 Val: 0x10010F38
[inst #1209] addi x0,x0,0
Register Write to Reg: 0x00 Val: 0x00000000
[inst #1210] addi x0,x0,0
Register Write to Reg: 0x00 Val: 0x00000000
[inst #1211] lw x8,28(x2)
Register Write to Reg: 0x08 Val: 0x10010F58
[inst #1212] addi x2,x2,32
Register Write to Reg: 0x02 Val: 0x10010F58
[inst #1213] jalr x0,x1,0
Register Write to Reg: 0x00 Val: 0x00400634
[inst #1214] beq x7,x0,52
[inst #1215] lw x7,32(x8)
Register Write to Reg: 0x07 Val: 0x10010F94
[inst #1216] addi x0,x0,0
Register Write to Reg: 0x00 Val: 0x00000000
[inst #1217] addi x0,x0,0
Register Write to Reg: 0x00 Val: 0x00000000
[inst #1218] lw x7,4(x7)
Register Write to Reg: 0x07 Val: 0x00000003
[inst #1219] addi x0,x0,0
Register Write to Reg: 0x00 Val: 0x00000000
[inst #1220] addi x0,x0,0
Register Write to Reg: 0x00 Val: 0x00000000
[inst #1221] addi x28,x7,1
Register Write to Reg: 0x1C Val: 0x00000004
[inst #1222] lw x7,32(x8)
Register Write to Reg: 0x07 Val: 0x10010F94
[inst #1223] addi x0,x0,0
Register Write to Reg: 0x00 Val: 0x00000000
[inst #1224] addi x0,x0,0
Register Write to Reg: 0x00 Val: 0x00000000
[inst #1225] sw x28,4(x7)
Memory Write to Addr: 0x10010F98 Val: 0x00000004
[inst #1226] lw x7,32(x8)
Register Write to Reg: 0x07 Val: 0x10010F94
[inst #1227] addi x0,x0,0
Register Write to Reg: 0x00 Val: 0x00000000
[inst #1228] addi x0,x0,0
Register Write to Reg: 0x00 Val: 0x00000000
[inst #1229] lw x7,4(x7)
Register Write to Reg: 0x07 Val: 0x00000004
[inst #1230] addi x0,x0,0
Register Write to Reg: 0x00 Val: 0x00000000
[inst #1231] addi x0,x0,0
Register Write to Reg: 0x00 Val: 0x00000000
[inst #1232] slti x7,x7,4
Register Write to Reg: 0x07 Val: 0x00000000
[inst #1233] addi x0,x0,0
Register Write to Reg: 0x00 Val: 0x00000000
[inst #1234] addi x0,x0,0
Register Write to Reg: 0x00 Val: 0x00000000
[inst #1235] beq x7,x0,8
[inst #1236] addi x7,x0,-1
Register Write to Reg: 0x07 Val: 0xFFFFFFFF
[inst #1237] add x2,x0,x8
Register Write to Reg: 0x02 Val: 0x10010F58
[inst #1238] addi x0,x0,0
Register Write to Reg: 0x00 Val: 0x00000000
[inst #1239] addi x0,x0,0
Register Write to Reg: 0x00 Val: 0x00000000
[inst #1240] lw x1,28(x2)
Register Write to Reg: 0x01 Val: 0x0040037C
[inst #1241] lw x8,24(x2)
Register Write to Reg: 0x08 Val: 0x10010F78
[inst #1242] addi x2,x2,32
Register Write to Reg: 0x02 Val: 0x10010F78
[inst #1243] jalr x0,x1,0
Register Write to Reg: 0x00 Val: 0x00400510
[inst #1244] sw x7,24(x8)
Memory Write to Addr: 0x10010F90 Val: 0xFFFFFFFF
[inst #1245] jal x0,-444
Register Write to Reg: 0x00 Val: 0x00400384
[inst #1246] lw x28,24(x8)
Register Write to Reg: 0x1C Val: 0xFFFFFFFF
[inst #1247] addi x7,x0,-1
Register Write to Reg: 0x07 Val: 0xFFFFFFFF
[inst #1248] addi x0,x0,0
Register Write to Reg: 0x00 Val: 0x00000000
[inst #1249] addi x0,x0,0
Register Write to Reg: 0x00 Val: 0x00000000
[inst #1250] beq x28,x7,8
[inst #1251] auipc x7,64528
Register Write to Reg: 0x07 Val: 0x100101DC
[inst #1252] sll x0,x0,x0
Register Write to Reg: 0x00 Val: 0x00000000
[inst #1253] sll x0,x0,x0
Register Write to Reg: 0x00 Val: 0x00000000
[inst #1254] sll x0,x0,x0
Register Write to Reg: 0x00 Val: 0x00000000
[inst #1255] addi x7,x7,-436
Register Write to Reg: 0x07 Val: 0x10010028
[inst #1256] addi x0,x0,0
Register Write to Reg: 0x00 Val: 0x00000000
[inst #1257] addi x0,x0,0
Register Write to Reg: 0x00 Val: 0x00000000
[inst #1258] lw x7,0(x7)
Register Write to Reg: 0x07 Val: 0x00000003
[inst #1259] addi x0,x0,0
Register Write to Reg: 0x00 Val: 0x00000000
[inst #1260] addi x0,x0,0
Register Write to Reg: 0x00 Val: 0x00000000
[inst #1261] addi x29,x7,-1
Register Write to Reg: 0x1D Val: 0x00000002
[inst #1262] auipc x28,64528
Register Write to Reg: 0x1C Val: 0x10010208
[inst #1263] sll x0,x0,x0
Register Write to Reg: 0x00 Val: 0x00000000
[inst #1264] sll x0,x0,x0
Register Write to Reg: 0x00 Val: 0x00000000
[inst #1265] sll x0,x0,x0
Register Write to Reg: 0x00 Val: 0x00000000
[inst #1266] addi x28,x28,-480
Register Write to Reg: 0x1C Val: 0x10010028
[inst #1267] addi x0,x0,0
Register Write to Reg: 0x00 Val: 0x00000000
[inst #1268] addi x0,x0,0
Register Write to Reg: 0x00 Val: 0x00000000
[inst #1269] sw x29,0(x28)
Memory Write to Addr: 0x10010028 Val: 0x00000002
[inst #1270] auipc x29,64528
Register Write to Reg: 0x1D Val: 0x10010228
[inst #1271] sll x0,x0,x0
Register Write to Reg: 0x00 Val: 0x00000000
[inst #1272] sll x0,x0,x0
Register Write to Reg: 0x00 Val: 0x00000000
[inst #1273] sll x0,x0,x0
Register Write to Reg: 0x00 Val: 0x00000000
[inst #1274] addi x29,x29,-552
Register Write to Reg: 0x1D Val: 0x10010000
[inst #1275] slli x28,x7,2
Register Write to Reg: 0x1C Val: 0x0000000C
[inst #1276] addi x0,x0,0
Register Write to Reg: 0x00 Val: 0x00000000
[inst #1277] addi x0,x0,0
Register Write to Reg: 0x00 Val: 0x00000000
[inst #1278] srli x28,x28,1
Register Write to Reg: 0x1C Val: 0x00000006
[inst #1279] addi x0,x0,0
Register Write to Reg: 0x00 Val: 0x00000000
[inst #1280] addi x0,x0,0
Register Write to Reg: 0x00 Val: 0x00000000
[inst #1281] srai x28,x28,1
Register Write to Reg: 0x1C Val: 0x00000003
[inst #1282] addi x0,x0,0
Register Write to Reg: 0x00 Val: 0x00000000
[inst #1283] addi x0,x0,0
Register Write to Reg: 0x00 Val: 0x00000000
[inst #1284] slli x28,x28,2
Register Write to Reg: 0x1C Val: 0x0000000C
[inst #1285] xor x31,x1,x7
Register Write to Reg: 0x1F Val: 0x0040037F
[inst #1286] or x31,x1,x7
Register Write to Reg: 0x1F Val: 0x0040037F
[inst #1287] addi x0,x0,0
Register Write to Reg: 0x00 Val: 0x00000000
[inst #1288] addi x0,x0,0
Register Write to Reg: 0x00 Val: 0x00000000
[inst #1289] sub x31,x0,x31
Register Write to Reg: 0x1F Val: 0xFFBFFC81
[inst #1290] auipc x7,64528
Register Write to Reg: 0x07 Val: 0x10010278
[inst #1291] sll x0,x0,x0
Register Write to Reg: 0x00 Val: 0x00000000
[inst #1292] sll x0,x0,x0
Register Write to Reg: 0x00 Val: 0x00000000
[inst #1293] sll x0,x0,x0
Register Write to Reg: 0x00 Val: 0x00000000
[inst #1294] addi x7,x7,-632
Register Write to Reg: 0x07 Val: 0x10010000
[inst #1295] lui x11,15
Register Write to Reg: 0x0B Val: 0x0000F000
[inst #1296] addi x0,x0,0
Register Write to Reg: 0x00 Val: 0x00000000
[inst #1297] addi x0,x0,0
Register Write to Reg: 0x00 Val: 0x00000000
[inst #1298] addi x11,x11,-1
Register Write to Reg: 0x0B Val: 0x0000EFFF
[inst #1299] addi x0,x0,0
Register Write to Reg: 0x00 Val: 0x00000000
[inst #1300] addi x0,x0,0
Register Write to Reg: 0x00 Val: 0x00000000
[inst #1301] and x31,x7,x11
Register Write to Reg: 0x1F Val: 0x00000000
[inst #1302] addi x0,x0,0
Register Write to Reg: 0x00 Val: 0x00000000
[inst #1303] addi x0,x0,0
Register Write to Reg: 0x00 Val: 0x00000000
[inst #1304] add x7,x29,x31
Register Write to Reg: 0x07 Val: 0x10010000
[inst #1305] addi x0,x0,0
Register Write to Reg: 0x00 Val: 0x00000000
[inst #1306] addi x0,x0,0
Register Write to Reg: 0x00 Val: 0x00000000
[inst #1307] add x7,x28,x7
Register Write to Reg: 0x07 Val: 0x1001000C
[inst #1308] lw x28,48(x8)
Register Write to Reg: 0x1C Val: 0x00000001
[inst #1309] addi x0,x0,0
Register Write to Reg: 0x00 Val: 0x00000000
[inst #1310] addi x0,x0,0
Register Write to Reg: 0x00 Val: 0x00000000
[inst #1311] sw x28,0(x7)
Memory Write to Addr: 0x1001000C Val: 0x00000001
[inst #1312] add x2,x0,x8
Register Write to Reg: 0x02 Val: 0x10010F78
[inst #1313] addi x0,x0,0
Register Write to Reg: 0x00 Val: 0x00000000
[inst #1314] addi x0,x0,0
Register Write to Reg: 0x00 Val: 0x00000000
[inst #1315] lw x1,44(x2)
Register Write to Reg: 0x01 Val: 0x00400198
[inst #1316] lw x8,40(x2)
Register Write to Reg: 0x08 Val: 0x10010FA8
[inst #1317] addi x2,x2,48
Register Write to Reg: 0x02 Val: 0x10010FA8
[inst #1318] jalr x0,x1,0
Register Write to Reg: 0x00 Val: 0x004002EC
[inst #1319] addi x7,x8,28
Register Write to Reg: 0x07 Val: 0x10010FC4
[inst #1320] addi x0,x0,0
Register Write to Reg: 0x00 Val: 0x00000000
[inst #1321] addi x0,x0,0
Register Write to Reg: 0x00 Val: 0x00000000
[inst #1322] add x29,x0,x7
Register Write to Reg: 0x1D Val: 0x10010FC4
[inst #1323] auipc x1,0
Register Write to Reg: 0x01 Val: 0x004001A8
[inst #1324] sll x0,x0,x0
Register Write to Reg: 0x00 Val: 0x00000000
[inst #1325] sll x0,x0,x0
Register Write to Reg: 0x00 Val: 0x00000000
[inst #1326] sll x0,x0,x0
Register Write to Reg: 0x00 Val: 0x00000000
[inst #1327] addi x1,x1,24
Register Write to Reg: 0x01 Val: 0x004001C0
[inst #1328] jal x0,568
Register Write to Reg: 0x00 Val: 0x004001C0
[inst #1329] addi x2,x2,-32
Register Write to Reg: 0x02 Val: 0x10010F88
[inst #1330] addi x0,x0,0
Register Write to Reg: 0x00 Val: 0x00000000
[inst #1331] addi x0,x0,0
Register Write to Reg: 0x00 Val: 0x00000000
[inst #1332] sw x1,28(x2)
Memory Write to Addr: 0x10010FA4 Val: 0x004001C0
[inst #1333] sw x8,24(x2)
Memory Write to Addr: 0x10010FA0 Val: 0x10010FA8
[inst #1334] add x8,x0,x2
Register Write to Reg: 0x08 Val: 0x10010F88
[inst #1335] addi x0,x0,0
Register Write to Reg: 0x00 Val: 0x00000000
[inst #1336] addi x0,x0,0
Register Write to Reg: 0x00 Val: 0x00000000
[inst #1337] sw x29,32(x8)
Memory Write to Addr: 0x10010FA8 Val: 0x10010FC4
[inst #1338] jal x0,172
Register Write to Reg: 0x00 Val: 0x0040041C
[inst #1339] lw x7,32(x8)
Register Write to Reg: 0x07 Val: 0x10010FC4
[inst #1340] addi x0,x0,0
Register Write to Reg: 0x00 Val: 0x00000000
[inst #1341] addi x0,x0,0
Register Write to Reg: 0x00 Val: 0x00000000
[inst #1342] lw x7,4(x7)
Register Write to Reg: 0x07 Val: 0x00000002
[inst #1343] addi x0,x0,0
Register Write to Reg: 0x00 Val: 0x00000000
[inst #1344] addi x0,x0,0
Register Write to Reg: 0x00 Val: 0x00000000
[inst #1345] slti x7,x7,4
Register Write to Reg: 0x07 Val: 0x00000001
[inst #1346] addi x0,x0,0
Register Write to Reg: 0x00 Val: 0x00000000
[inst #1347] addi x0,x0,0
Register Write to Reg: 0x00 Val: 0x00000000
[inst #1348] beq x7,x0,8
[inst #1349] jal x0,-208
Register Write to Reg: 0x00 Val: 0x004004F0
[inst #1350] lw x7,32(x8)
Register Write to Reg: 0x07 Val: 0x10010FC4
[inst #1351] addi x0,x0,0
Register Write to Reg: 0x00 Val: 0x00000000
[inst #1352] addi x0,x0,0
Register Write to Reg: 0x00 Val: 0x00000000
[inst #1353] lw x28,0(x7)
Register Write to Reg: 0x1C Val: 0x00000000
[inst #1354] lw x7,32(x8)
Register Write to Reg: 0x07 Val: 0x10010FC4
[inst #1355] addi x0,x0,0
Register Write to Reg: 0x00 Val: 0x00000000
[inst #1356] addi x0,x0,0
Register Write to Reg: 0x00 Val: 0x00000000
[inst #1357] lw x7,4(x7)
Register Write to Reg: 0x07 Val: 0x00000002
[inst #1358] addi x0,x0,0
Register Write to Reg: 0x00 Val: 0x00000000
[inst #1359] addi x0,x0,0
Register Write to Reg: 0x00 Val: 0x00000000
[inst #1360] add x30,x0,x7
Register Write to Reg: 0x1E Val: 0x00000002
[inst #1361] add x29,x0,x28
Register Write to Reg: 0x1D Val: 0x00000000
[inst #1362] auipc x1,0
Register Write to Reg: 0x01 Val: 0x0040044C
[inst #1363] sll x0,x0,x0
Register Write to Reg: 0x00 Val: 0x00000000
[inst #1364] sll x0,x0,x0
Register Write to Reg: 0x00 Val: 0x00000000
[inst #1365] sll x0,x0,x0
Register Write to Reg: 0x00 Val: 0x00000000
[inst #1366] addi x1,x1,24
Register Write to Reg: 0x01 Val: 0x00400464
[inst #1367] jal x0,176
Register Write to Reg: 0x00 Val: 0x00400464
[inst #1368] addi x2,x2,-32
Register Write to Reg: 0x02 Val: 0x10010F68
[inst #1369] addi x0,x0,0
Register Write to Reg: 0x00 Val: 0x00000000
[inst #1370] addi x0,x0,0
Register Write to Reg: 0x00 Val: 0x00000000
[inst #1371] sw x8,28(x2)
Memory Write to Addr: 0x10010F84 Val: 0x10010F88
[inst #1372] add x8,x0,x2
Register Write to Reg: 0x08 Val: 0x10010F68
[inst #1373] addi x0,x0,0
Register Write to Reg: 0x00 Val: 0x00000000
[inst #1374] addi x0,x0,0
Register Write to Reg: 0x00 Val: 0x00000000
[inst #1375] sw x29,32(x8)
Memory Write to Addr: 0x10010F88 Val: 0x00000000
[inst #1376] sw x30,36(x8)
Memory Write to Addr: 0x10010F8C Val: 0x00000002
[inst #1377] auipc x7,64528
Register Write to Reg: 0x07 Val: 0x10010534
[inst #1378] sll x0,x0,x0
Register Write to Reg: 0x00 Val: 0x00000000
[inst #1379] sll x0,x0,x0
Register Write to Reg: 0x00 Val: 0x00000000
[inst #1380] sll x0,x0,x0
Register Write to Reg: 0x00 Val: 0x00000000
[inst #1381] addi x7,x7,-1312
Register Write to Reg: 0x07 Val: 0x10010014
[inst #1382] lw x28,32(x8)
Register Write to Reg: 0x1C Val: 0x00000000
[inst #1383] addi x0,x0,0
Register Write to Reg: 0x00 Val: 0x00000000
[inst #1384] addi x0,x0,0
Register Write to Reg: 0x00 Val: 0x00000000
[inst #1385] slli x28,x28,2
Register Write to Reg: 0x1C Val: 0x00000000
[inst #1386] addi x0,x0,0
Register Write to Reg: 0x00 Val: 0x00000000
[inst #1387] addi x0,x0,0
Register Write to Reg: 0x00 Val: 0x00000000
[inst #1388] add x7,x28,x7
Register Write to Reg: 0x07 Val: 0x10010014
[inst #1389] addi x0,x0,0
Register Write to Reg: 0x00 Val: 0x00000000
[inst #1390] addi x0,x0,0
Register Write to Reg: 0x00 Val: 0x00000000
[inst #1391] lw x7,0(x7)
Register Write to Reg: 0x07 Val: 0x00000006
[inst #1392] addi x0,x0,0
Register Write to Reg: 0x00 Val: 0x00000000
[inst #1393] addi x0,x0,0
Register Write to Reg: 0x00 Val: 0x00000000
[inst #1394] sw x7,16(x8)
Memory Write to Addr: 0x10010F78 Val: 0x00000006
[inst #1395] addi x7,x0,1
Register Write to Reg: 0x07 Val: 0x00000001
[inst #1396] addi x0,x0,0
Register Write to Reg: 0x00 Val: 0x00000000
[inst #1397] addi x0,x0,0
Register Write to Reg: 0x00 Val: 0x00000000
[inst #1398] sw x7,8(x8)
Memory Write to Addr: 0x10010F70 Val: 0x00000001
[inst #1399] sw x0,12(x8)
Memory Write to Addr: 0x10010F74 Val: 0x00000000
[inst #1400] jal x0,60
Register Write to Reg: 0x00 Val: 0x00400594
[inst #1401] lw x28,12(x8)
Register Write to Reg: 0x1C Val: 0x00000000
[inst #1402] lw x7,36(x8)
Register Write to Reg: 0x07 Val: 0x00000002
[inst #1403] addi x0,x0,0
Register Write to Reg: 0x00 Val: 0x00000000
[inst #1404] addi x0,x0,0
Register Write to Reg: 0x00 Val: 0x00000000
[inst #1405] slt x7,x28,x7
Register Write to Reg: 0x07 Val: 0x00000001
[inst #1406] addi x0,x0,0
Register Write to Reg: 0x00 Val: 0x00000000
[inst #1407] addi x0,x0,0
Register Write to Reg: 0x00 Val: 0x00000000
[inst #1408] beq x7,x0,8
[inst #1409] jal x0,-88
Register Write to Reg: 0x00 Val: 0x004005F0
[inst #1410] lw x7,8(x8)
Register Write to Reg: 0x07 Val: 0x00000001
[inst #1411] addi x0,x0,0
Register Write to Reg: 0x00 Val: 0x00000000
[inst #1412] addi x0,x0,0
Register Write to Reg: 0x00 Val: 0x00000000
[inst #1413] slli x7,x7,1
Register Write to Reg: 0x07 Val: 0x00000002
[inst #1414] addi x0,x0,0
Register Write to Reg: 0x00 Val: 0x00000000
[inst #1415] addi x0,x0,0
Register Write to Reg: 0x00 Val: 0x00000000
[inst #1416] sw x7,8(x8)
Memory Write to Addr: 0x10010F70 Val: 0x00000002
[inst #1417] lw x7,12(x8)
Register Write to Reg: 0x07 Val: 0x00000000
[inst #1418] addi x0,x0,0
Register Write to Reg: 0x00 Val: 0x00000000
[inst #1419] addi x0,x0,0
Register Write to Reg: 0x00 Val: 0x00000000
[inst #1420] addi x7,x7,1
Register Write to Reg: 0x07 Val: 0x00000001
[inst #1421] addi x0,x0,0
Register Write to Reg: 0x00 Val: 0x00000000
[inst #1422] addi x0,x0,0
Register Write to Reg: 0x00 Val: 0x00000000
[inst #1423] sw x7,12(x8)
Memory Write to Addr: 0x10010F74 Val: 0x00000001
[inst #1424] lw x28,12(x8)
Register Write to Reg: 0x1C Val: 0x00000001
[inst #1425] lw x7,36(x8)
Register Write to Reg: 0x07 Val: 0x00000002
[inst #1426] addi x0,x0,0
Register Write to Reg: 0x00 Val: 0x00000000
[inst #1427] addi x0,x0,0
Register Write to Reg: 0x00 Val: 0x00000000
[inst #1428] slt x7,x28,x7
Register Write to Reg: 0x07 Val: 0x00000001
[inst #1429] addi x0,x0,0
Register Write to Reg: 0x00 Val: 0x00000000
[inst #1430] addi x0,x0,0
Register Write to Reg: 0x00 Val: 0x00000000
[inst #1431] beq x7,x0,8
[inst #1432] jal x0,-88
Register Write to Reg: 0x00 Val: 0x004005F0
[inst #1433] lw x7,8(x8)
Register Write to Reg: 0x07 Val: 0x00000002
[inst #1434] addi x0,x0,0
Register Write to Reg: 0x00 Val: 0x00000000
[inst #1435] addi x0,x0,0
Register Write to Reg: 0x00 Val: 0x00000000
[inst #1436] slli x7,x7,1
Register Write to Reg: 0x07 Val: 0x00000004
[inst #1437] addi x0,x0,0
Register Write to Reg: 0x00 Val: 0x00000000
[inst #1438] addi x0,x0,0
Register Write to Reg: 0x00 Val: 0x00000000
[inst #1439] sw x7,8(x8)
Memory Write to Addr: 0x10010F70 Val: 0x00000004
[inst #1440] lw x7,12(x8)
Register Write to Reg: 0x07 Val: 0x00000001
[inst #1441] addi x0,x0,0
Register Write to Reg: 0x00 Val: 0x00000000
[inst #1442] addi x0,x0,0
Register Write to Reg: 0x00 Val: 0x00000000
[inst #1443] addi x7,x7,1
Register Write to Reg: 0x07 Val: 0x00000002
[inst #1444] addi x0,x0,0
Register Write to Reg: 0x00 Val: 0x00000000
[inst #1445] addi x0,x0,0
Register Write to Reg: 0x00 Val: 0x00000000
[inst #1446] sw x7,12(x8)
Memory Write to Addr: 0x10010F74 Val: 0x00000002
[inst #1447] lw x28,12(x8)
Register Write to Reg: 0x1C Val: 0x00000002
[inst #1448] lw x7,36(x8)
Register Write to Reg: 0x07 Val: 0x00000002
[inst #1449] addi x0,x0,0
Register Write to Reg: 0x00 Val: 0x00000000
[inst #1450] addi x0,x0,0
Register Write to Reg: 0x00 Val: 0x00000000
[inst #1451] slt x7,x28,x7
Register Write to Reg: 0x07 Val: 0x00000000
[inst #1452] addi x0,x0,0
Register Write to Reg: 0x00 Val: 0x00000000
[inst #1453] addi x0,x0,0
Register Write to Reg: 0x00 Val: 0x00000000
[inst #1454] beq x7,x0,8
[inst #1455] lw x28,8(x8)
Register Write to Reg: 0x1C Val: 0x00000004
[inst #1456] lw x7,16(x8)
Register Write to Reg: 0x07 Val: 0x00000006
[inst #1457] addi x0,x0,0
Register Write to Reg: 0x00 Val: 0x00000000
[inst #1458] addi x0,x0,0
Register Write to Reg: 0x00 Val: 0x00000000
[inst #1459] and x7,x28,x7
Register Write to Reg: 0x07 Val: 0x00000004
[inst #1460] addi x0,x0,0
Register Write to Reg: 0x00 Val: 0x00000000
[inst #1461] addi x0,x0,0
Register Write to Reg: 0x00 Val: 0x00000000
[inst #1462] slt x7,x0,x7
Register Write to Reg: 0x07 Val: 0x00000001
[inst #1463] addi x0,x0,0
Register Write to Reg: 0x00 Val: 0x00000000
[inst #1464] addi x0,x0,0
Register Write to Reg: 0x00 Val: 0x00000000
[inst #1465] andi x7,x7,255
Register Write to Reg: 0x07 Val: 0x00000001
[inst #1466] add x2,x0,x8
Register Write to Reg: 0x02 Val: 0x10010F68
[inst #1467] addi x0,x0,0
Register Write to Reg: 0x00 Val: 0x00000000
[inst #1468] addi x0,x0,0
Register Write to Reg: 0x00 Val: 0x00000000
[inst #1469] lw x8,28(x2)
Register Write to Reg: 0x08 Val: 0x10010F88
[inst #1470] addi x2,x2,32
Register Write to Reg: 0x02 Val: 0x10010F88
[inst #1471] jalr x0,x1,0
Register Write to Reg: 0x00 Val: 0x00400634
[inst #1472] beq x7,x0,52
[inst #1473] lw x7,32(x8)
Register Write to Reg: 0x07 Val: 0x10010FC4
[inst #1474] addi x0,x0,0
Register Write to Reg: 0x00 Val: 0x00000000
[inst #1475] addi x0,x0,0
Register Write to Reg: 0x00 Val: 0x00000000
[inst #1476] lw x7,4(x7)
Register Write to Reg: 0x07 Val: 0x00000002
[inst #1477] addi x0,x0,0
Register Write to Reg: 0x00 Val: 0x00000000
[inst #1478] addi x0,x0,0
Register Write to Reg: 0x00 Val: 0x00000000
[inst #1479] addi x29,x7,1
Register Write to Reg: 0x1D Val: 0x00000003
[inst #1480] lw x28,32(x8)
Register Write to Reg: 0x1C Val: 0x10010FC4
[inst #1481] addi x0,x0,0
Register Write to Reg: 0x00 Val: 0x00000000
[inst #1482] addi x0,x0,0
Register Write to Reg: 0x00 Val: 0x00000000
[inst #1483] sw x29,4(x28)
Memory Write to Addr: 0x10010FC8 Val: 0x00000003
[inst #1484] jal x0,96
Register Write to Reg: 0x00 Val: 0x00400498
[inst #1485] add x2,x0,x8
Register Write to Reg: 0x02 Val: 0x10010F88
[inst #1486] addi x0,x0,0
Register Write to Reg: 0x00 Val: 0x00000000
[inst #1487] addi x0,x0,0
Register Write to Reg: 0x00 Val: 0x00000000
[inst #1488] lw x1,28(x2)
Register Write to Reg: 0x01 Val: 0x004001C0
[inst #1489] lw x8,24(x2)
Register Write to Reg: 0x08 Val: 0x10010FA8
[inst #1490] addi x2,x2,32
Register Write to Reg: 0x02 Val: 0x10010FA8
[inst #1491] jalr x0,x1,0
Register Write to Reg: 0x00 Val: 0x00400510
[inst #1492] sw x7,24(x8)
Memory Write to Addr: 0x10010FC0 Val: 0x00000002
[inst #1493] lw x28,24(x8)
Register Write to Reg: 0x1C Val: 0x00000002
[inst #1494] addi x7,x0,-1
Register Write to Reg: 0x07 Val: 0xFFFFFFFF
[inst #1495] addi x0,x0,0
Register Write to Reg: 0x00 Val: 0x00000000
[inst #1496] addi x0,x0,0
Register Write to Reg: 0x00 Val: 0x00000000
[inst #1497] beq x28,x7,8
[inst #1498] jal x0,-140
Register Write to Reg: 0x00 Val: 0x004001DC
[inst #1499] lw x29,24(x8)
Register Write to Reg: 0x1D Val: 0x00000002
[inst #1500] auipc x1,0
Register Write to Reg: 0x01 Val: 0x00400150
[inst #1501] sll x0,x0,x0
Register Write to Reg: 0x00 Val: 0x00000000
[inst #1502] sll x0,x0,x0
Register Write to Reg: 0x00 Val: 0x00000000
[inst #1503] sll x0,x0,x0
Register Write to Reg: 0x00 Val: 0x00000000
[inst #1504] addi x1,x1,24
Register Write to Reg: 0x01 Val: 0x00400168
[inst #1505] jal x0,1484
Register Write to Reg: 0x00 Val: 0x00400168
[inst #1506] addi x2,x2,-32
Register Write to Reg: 0x02 Val: 0x10010F88
[inst #1507] addi x0,x0,0
Register Write to Reg: 0x00 Val: 0x00000000
[inst #1508] addi x0,x0,0
Register Write to Reg: 0x00 Val: 0x00000000
[inst #1509] sw x8,28(x2)
Memory Write to Addr: 0x10010FA4 Val: 0x10010FA8
[inst #1510] add x8,x0,x2
Register Write to Reg: 0x08 Val: 0x10010F88
[inst #1511] addi x0,x0,0
Register Write to Reg: 0x00 Val: 0x00000000
[inst #1512] addi x0,x0,0
Register Write to Reg: 0x00 Val: 0x00000000
[inst #1513] sw x29,32(x8)
Memory Write to Addr: 0x10010FA8 Val: 0x00000002
[inst #1514] ori x7,x0,1
Register Write to Reg: 0x07 Val: 0x00000001
[inst #1515] addi x0,x0,0
Register Write to Reg: 0x00 Val: 0x00000000
[inst #1516] addi x0,x0,0
Register Write to Reg: 0x00 Val: 0x00000000
[inst #1517] sw x7,8(x8)
Memory Write to Addr: 0x10010F90 Val: 0x00000001
[inst #1518] sw x0,12(x8)
Memory Write to Addr: 0x10010F94 Val: 0x00000000
[inst #1519] jal x0,60
Register Write to Reg: 0x00 Val: 0x00400768
[inst #1520] lw x28,12(x8)
Register Write to Reg: 0x1C Val: 0x00000000
[inst #1521] lw x7,32(x8)
Register Write to Reg: 0x07 Val: 0x00000002
[inst #1522] addi x0,x0,0
Register Write to Reg: 0x00 Val: 0x00000000
[inst #1523] addi x0,x0,0
Register Write to Reg: 0x00 Val: 0x00000000
[inst #1524] slt x7,x28,x7
Register Write to Reg: 0x07 Val: 0x00000001
[inst #1525] addi x0,x0,0
Register Write to Reg: 0x00 Val: 0x00000000
[inst #1526] addi x0,x0,0
Register Write to Reg: 0x00 Val: 0x00000000
[inst #1527] beq x7,x0,8
[inst #1528] jal x0,-88
Register Write to Reg: 0x00 Val: 0x004007C4
[inst #1529] lw x7,8(x8)
Register Write to Reg: 0x07 Val: 0x00000001
[inst #1530] addi x0,x0,0
Register Write to Reg: 0x00 Val: 0x00000000
[inst #1531] addi x0,x0,0
Register Write to Reg: 0x00 Val: 0x00000000
[inst #1532] slli x7,x7,8
Register Write to Reg: 0x07 Val: 0x00000100
[inst #1533] addi x0,x0,0
Register Write to Reg: 0x00 Val: 0x00000000
[inst #1534] addi x0,x0,0
Register Write to Reg: 0x00 Val: 0x00000000
[inst #1535] sw x7,8(x8)
Memory Write to Addr: 0x10010F90 Val: 0x00000100
[inst #1536] lw x7,12(x8)
Register Write to Reg: 0x07 Val: 0x00000000
[inst #1537] addi x0,x0,0
Register Write to Reg: 0x00 Val: 0x00000000
[inst #1538] addi x0,x0,0
Register Write to Reg: 0x00 Val: 0x00000000
[inst #1539] addi x7,x7,1
Register Write to Reg: 0x07 Val: 0x00000001
[inst #1540] addi x0,x0,0
Register Write to Reg: 0x00 Val: 0x00000000
[inst #1541] addi x0,x0,0
Register Write to Reg: 0x00 Val: 0x00000000
[inst #1542] sw x7,12(x8)
Memory Write to Addr: 0x10010F94 Val: 0x00000001
[inst #1543] lw x28,12(x8)
Register Write to Reg: 0x1C Val: 0x00000001
[inst #1544] lw x7,32(x8)
Register Write to Reg: 0x07 Val: 0x00000002
[inst #1545] addi x0,x0,0
Register Write to Reg: 0x00 Val: 0x00000000
[inst #1546] addi x0,x0,0
Register Write to Reg: 0x00 Val: 0x00000000
[inst #1547] slt x7,x28,x7
Register Write to Reg: 0x07 Val: 0x00000001
[inst #1548] addi x0,x0,0
Register Write to Reg: 0x00 Val: 0x00000000
[inst #1549] addi x0,x0,0
Register Write to Reg: 0x00 Val: 0x00000000
[inst #1550] beq x7,x0,8
[inst #1551] jal x0,-88
Register Write to Reg: 0x00 Val: 0x004007C4
[inst #1552] lw x7,8(x8)
Register Write to Reg: 0x07 Val: 0x00000100
[inst #1553] addi x0,x0,0
Register Write to Reg: 0x00 Val: 0x00000000
[inst #1554] addi x0,x0,0
Register Write to Reg: 0x00 Val: 0x00000000
[inst #1555] slli x7,x7,8
Register Write to Reg: 0x07 Val: 0x00010000
[inst #1556] addi x0,x0,0
Register Write to Reg: 0x00 Val: 0x00000000
[inst #1557] addi x0,x0,0
Register Write to Reg: 0x00 Val: 0x00000000
[inst #1558] sw x7,8(x8)
Memory Write to Addr: 0x10010F90 Val: 0x00010000
[inst #1559] lw x7,12(x8)
Register Write to Reg: 0x07 Val: 0x00000001
[inst #1560] addi x0,x0,0
Register Write to Reg: 0x00 Val: 0x00000000
[inst #1561] addi x0,x0,0
Register Write to Reg: 0x00 Val: 0x00000000
[inst #1562] addi x7,x7,1
Register Write to Reg: 0x07 Val: 0x00000002
[inst #1563] addi x0,x0,0
Register Write to Reg: 0x00 Val: 0x00000000
[inst #1564] addi x0,x0,0
Register Write to Reg: 0x00 Val: 0x00000000
[inst #1565] sw x7,12(x8)
Memory Write to Addr: 0x10010F94 Val: 0x00000002
[inst #1566] lw x28,12(x8)
Register Write to Reg: 0x1C Val: 0x00000002
[inst #1567] lw x7,32(x8)
Register Write to Reg: 0x07 Val: 0x00000002
[inst #1568] addi x0,x0,0
Register Write to Reg: 0x00 Val: 0x00000000
[inst #1569] addi x0,x0,0
Register Write to Reg: 0x00 Val: 0x00000000
[inst #1570] slt x7,x28,x7
Register Write to Reg: 0x07 Val: 0x00000000
[inst #1571] addi x0,x0,0
Register Write to Reg: 0x00 Val: 0x00000000
[inst #1572] addi x0,x0,0
Register Write to Reg: 0x00 Val: 0x00000000
[inst #1573] beq x7,x0,8
[inst #1574] auipc x7,64528
Register Write to Reg: 0x07 Val: 0x100107C4
[inst #1575] sll x0,x0,x0
Register Write to Reg: 0x00 Val: 0x00000000
[inst #1576] sll x0,x0,x0
Register Write to Reg: 0x00 Val: 0x00000000
[inst #1577] sll x0,x0,x0
Register Write to Reg: 0x00 Val: 0x00000000
[inst #1578] addi x7,x7,-1952
Register Write to Reg: 0x07 Val: 0x10010024
[inst #1579] addi x0,x0,0
Register Write to Reg: 0x00 Val: 0x00000000
[inst #1580] addi x0,x0,0
Register Write to Reg: 0x00 Val: 0x00000000
[inst #1581] lw x7,0(x7)
Register Write to Reg: 0x07 Val: 0x00000101
[inst #1582] addi x0,x0,0
Register Write to Reg: 0x00 Val: 0x00000000
[inst #1583] addi x0,x0,0
Register Write to Reg: 0x00 Val: 0x00000000
[inst #1584] sw x7,16(x8)
Memory Write to Addr: 0x10010F98 Val: 0x00000101
[inst #1585] lw x28,16(x8)
Register Write to Reg: 0x1C Val: 0x00000101
[inst #1586] lw x7,8(x8)
Register Write to Reg: 0x07 Val: 0x00010000
[inst #1587] addi x0,x0,0
Register Write to Reg: 0x00 Val: 0x00000000
[inst #1588] addi x0,x0,0
Register Write to Reg: 0x00 Val: 0x00000000
[inst #1589] and x7,x28,x7
Register Write to Reg: 0x07 Val: 0x00000000
[inst #1590] addi x0,x0,0
Register Write to Reg: 0x00 Val: 0x00000000
[inst #1591] addi x0,x0,0
Register Write to Reg: 0x00 Val: 0x00000000
[inst #1592] slt x7,x0,x7
Register Write to Reg: 0x07 Val: 0x00000000
[inst #1593] addi x0,x0,0
Register Write to Reg: 0x00 Val: 0x00000000
[inst #1594] addi x0,x0,0
Register Write to Reg: 0x00 Val: 0x00000000
[inst #1595] andi x7,x7,255
Register Write to Reg: 0x07 Val: 0x00000000
[inst #1596] add x2,x0,x8
Register Write to Reg: 0x02 Val: 0x10010F88
[inst #1597] addi x0,x0,0
Register Write to Reg: 0x00 Val: 0x00000000
[inst #1598] addi x0,x0,0
Register Write to Reg: 0x00 Val: 0x00000000
[inst #1599] lw x8,28(x2)
Register Write to Reg: 0x08 Val: 0x10010FA8
[inst #1600] addi x2,x2,32
Register Write to Reg: 0x02 Val: 0x10010FA8
[inst #1601] jalr x0,x1,0
Register Write to Reg: 0x00 Val: 0x00400834
[inst #1602] xori x7,x7,1
Register Write to Reg: 0x07 Val: 0x00000001
[inst #1603] addi x0,x0,0
Register Write to Reg: 0x00 Val: 0x00000000
[inst #1604] addi x0,x0,0
Register Write to Reg: 0x00 Val: 0x00000000
[inst #1605] andi x7,x7,255
Register Write to Reg: 0x07 Val: 0x00000001
[inst #1606] beq x7,x0,32
[inst #1607] lw x29,24(x8)
Register Write to Reg: 0x1D Val: 0x00000002
[inst #1608] auipc x1,0
Register Write to Reg: 0x01 Val: 0x00400180
[inst #1609] sll x0,x0,x0
Register Write to Reg: 0x00 Val: 0x00000000
[inst #1610] sll x0,x0,x0
Register Write to Reg: 0x00 Val: 0x00000000
[inst #1611] sll x0,x0,x0
Register Write to Reg: 0x00 Val: 0x00000000
[inst #1612] addi x1,x1,24
Register Write to Reg: 0x01 Val: 0x00400198
[inst #1613] jal x0,344
Register Write to Reg: 0x00 Val: 0x00400198
[inst #1614] addi x2,x2,-48
Register Write to Reg: 0x02 Val: 0x10010F78
[inst #1615] addi x0,x0,0
Register Write to Reg: 0x00 Val: 0x00000000
[inst #1616] addi x0,x0,0
Register Write to Reg: 0x00 Val: 0x00000000
[inst #1617] sw x1,44(x2)
Memory Write to Addr: 0x10010FA4 Val: 0x00400198
[inst #1618] sw x8,40(x2)
Memory Write to Addr: 0x10010FA0 Val: 0x10010FA8
[inst #1619] add x8,x0,x2
Register Write to Reg: 0x08 Val: 0x10010F78
[inst #1620] addi x0,x0,0
Register Write to Reg: 0x00 Val: 0x00000000
[inst #1621] addi x0,x0,0
Register Write to Reg: 0x00 Val: 0x00000000
[inst #1622] sw x29,48(x8)
Memory Write to Addr: 0x10010FA8 Val: 0x00000002
[inst #1623] lw x29,48(x8)
Register Write to Reg: 0x1D Val: 0x00000002
[inst #1624] auipc x1,0
Register Write to Reg: 0x01 Val: 0x00400314
[inst #1625] sll x0,x0,x0
Register Write to Reg: 0x00 Val: 0x00000000
[inst #1626] sll x0,x0,x0
Register Write to Reg: 0x00 Val: 0x00000000
[inst #1627] sll x0,x0,x0
Register Write to Reg: 0x00 Val: 0x00000000
[inst #1628] addi x1,x1,24
Register Write to Reg: 0x01 Val: 0x0040032C
[inst #1629] jal x0,780
Register Write to Reg: 0x00 Val: 0x0040032C
[inst #1630] addi x2,x2,-32
Register Write to Reg: 0x02 Val: 0x10010F58
[inst #1631] addi x0,x0,0
Register Write to Reg: 0x00 Val: 0x00000000
[inst #1632] addi x0,x0,0
Register Write to Reg: 0x00 Val: 0x00000000
[inst #1633] sw x8,28(x2)
Memory Write to Addr: 0x10010F74 Val: 0x10010F78
[inst #1634] add x8,x0,x2
Register Write to Reg: 0x08 Val: 0x10010F58
[inst #1635] addi x0,x0,0
Register Write to Reg: 0x00 Val: 0x00000000
[inst #1636] addi x0,x0,0
Register Write to Reg: 0x00 Val: 0x00000000
[inst #1637] sw x29,32(x8)
Memory Write to Addr: 0x10010F78 Val: 0x00000002
[inst #1638] addi x7,x0,1
Register Write to Reg: 0x07 Val: 0x00000001
[inst #1639] addi x0,x0,0
Register Write to Reg: 0x00 Val: 0x00000000
[inst #1640] addi x0,x0,0
Register Write to Reg: 0x00 Val: 0x00000000
[inst #1641] sw x7,8(x8)
Memory Write to Addr: 0x10010F60 Val: 0x00000001
[inst #1642] sw x0,12(x8)
Memory Write to Addr: 0x10010F64 Val: 0x00000000
[inst #1643] jal x0,60
Register Write to Reg: 0x00 Val: 0x0040066C
[inst #1644] lw x28,12(x8)
Register Write to Reg: 0x1C Val: 0x00000000
[inst #1645] lw x7,32(x8)
Register Write to Reg: 0x07 Val: 0x00000002
[inst #1646] addi x0,x0,0
Register Write to Reg: 0x00 Val: 0x00000000
[inst #1647] addi x0,x0,0
Register Write to Reg: 0x00 Val: 0x00000000
[inst #1648] slt x7,x28,x7
Register Write to Reg: 0x07 Val: 0x00000001
[inst #1649] addi x0,x0,0
Register Write to Reg: 0x00 Val: 0x00000000
[inst #1650] addi x0,x0,0
Register Write to Reg: 0x00 Val: 0x00000000
[inst #1651] beq x7,x0,8
[inst #1652] jal x0,-88
Register Write to Reg: 0x00 Val: 0x004006C8
[inst #1653] lw x7,8(x8)
Register Write to Reg: 0x07 Val: 0x00000001
[inst #1654] addi x0,x0,0
Register Write to Reg: 0x00 Val: 0x00000000
[inst #1655] addi x0,x0,0
Register Write to Reg: 0x00 Val: 0x00000000
[inst #1656] slli x7,x7,8
Register Write to Reg: 0x07 Val: 0x00000100
[inst #1657] addi x0,x0,0
Register Write to Reg: 0x00 Val: 0x00000000
[inst #1658] addi x0,x0,0
Register Write to Reg: 0x00 Val: 0x00000000
[inst #1659] sw x7,8(x8)
Memory Write to Addr: 0x10010F60 Val: 0x00000100
[inst #1660] lw x7,12(x8)
Register Write to Reg: 0x07 Val: 0x00000000
[inst #1661] addi x0,x0,0
Register Write to Reg: 0x00 Val: 0x00000000
[inst #1662] addi x0,x0,0
Register Write to Reg: 0x00 Val: 0x00000000
[inst #1663] addi x7,x7,1
Register Write to Reg: 0x07 Val: 0x00000001
[inst #1664] addi x0,x0,0
Register Write to Reg: 0x00 Val: 0x00000000
[inst #1665] addi x0,x0,0
Register Write to Reg: 0x00 Val: 0x00000000
[inst #1666] sw x7,12(x8)
Memory Write to Addr: 0x10010F64 Val: 0x00000001
[inst #1667] lw x28,12(x8)
Register Write to Reg: 0x1C Val: 0x00000001
[inst #1668] lw x7,32(x8)
Register Write to Reg: 0x07 Val: 0x00000002
[inst #1669] addi x0,x0,0
Register Write to Reg: 0x00 Val: 0x00000000
[inst #1670] addi x0,x0,0
Register Write to Reg: 0x00 Val: 0x00000000
[inst #1671] slt x7,x28,x7
Register Write to Reg: 0x07 Val: 0x00000001
[inst #1672] addi x0,x0,0
Register Write to Reg: 0x00 Val: 0x00000000
[inst #1673] addi x0,x0,0
Register Write to Reg: 0x00 Val: 0x00000000
[inst #1674] beq x7,x0,8
[inst #1675] jal x0,-88
Register Write to Reg: 0x00 Val: 0x004006C8
[inst #1676] lw x7,8(x8)
Register Write to Reg: 0x07 Val: 0x00000100
[inst #1677] addi x0,x0,0
Register Write to Reg: 0x00 Val: 0x00000000
[inst #1678] addi x0,x0,0
Register Write to Reg: 0x00 Val: 0x00000000
[inst #1679] slli x7,x7,8
Register Write to Reg: 0x07 Val: 0x00010000
[inst #1680] addi x0,x0,0
Register Write to Reg: 0x00 Val: 0x00000000
[inst #1681] addi x0,x0,0
Register Write to Reg: 0x00 Val: 0x00000000
[inst #1682] sw x7,8(x8)
Memory Write to Addr: 0x10010F60 Val: 0x00010000
[inst #1683] lw x7,12(x8)
Register Write to Reg: 0x07 Val: 0x00000001
[inst #1684] addi x0,x0,0
Register Write to Reg: 0x00 Val: 0x00000000
[inst #1685] addi x0,x0,0
Register Write to Reg: 0x00 Val: 0x00000000
[inst #1686] addi x7,x7,1
Register Write to Reg: 0x07 Val: 0x00000002
[inst #1687] addi x0,x0,0
Register Write to Reg: 0x00 Val: 0x00000000
[inst #1688] addi x0,x0,0
Register Write to Reg: 0x00 Val: 0x00000000
[inst #1689] sw x7,12(x8)
Memory Write to Addr: 0x10010F64 Val: 0x00000002
[inst #1690] lw x28,12(x8)
Register Write to Reg: 0x1C Val: 0x00000002
[inst #1691] lw x7,32(x8)
Register Write to Reg: 0x07 Val: 0x00000002
[inst #1692] addi x0,x0,0
Register Write to Reg: 0x00 Val: 0x00000000
[inst #1693] addi x0,x0,0
Register Write to Reg: 0x00 Val: 0x00000000
[inst #1694] slt x7,x28,x7
Register Write to Reg: 0x07 Val: 0x00000000
[inst #1695] addi x0,x0,0
Register Write to Reg: 0x00 Val: 0x00000000
[inst #1696] addi x0,x0,0
Register Write to Reg: 0x00 Val: 0x00000000
[inst #1697] beq x7,x0,8
[inst #1698] auipc x7,64528
Register Write to Reg: 0x07 Val: 0x100106C8
[inst #1699] sll x0,x0,x0
Register Write to Reg: 0x00 Val: 0x00000000
[inst #1700] sll x0,x0,x0
Register Write to Reg: 0x00 Val: 0x00000000
[inst #1701] sll x0,x0,x0
Register Write to Reg: 0x00 Val: 0x00000000
[inst #1702] addi x7,x7,-1700
Register Write to Reg: 0x07 Val: 0x10010024
[inst #1703] addi x0,x0,0
Register Write to Reg: 0x00 Val: 0x00000000
[inst #1704] addi x0,x0,0
Register Write to Reg: 0x00 Val: 0x00000000
[inst #1705] sw x7,16(x8)
Memory Write to Addr: 0x10010F68 Val: 0x10010024
[inst #1706] lw x7,16(x8)
Register Write to Reg: 0x07 Val: 0x10010024
[inst #1707] addi x0,x0,0
Register Write to Reg: 0x00 Val: 0x00000000
[inst #1708] addi x0,x0,0
Register Write to Reg: 0x00 Val: 0x00000000
[inst #1709] lw x28,0(x7)
Register Write to Reg: 0x1C Val: 0x00000101
[inst #1710] lw x7,8(x8)
Register Write to Reg: 0x07 Val: 0x00010000
[inst #1711] addi x0,x0,0
Register Write to Reg: 0x00 Val: 0x00000000
[inst #1712] addi x0,x0,0
Register Write to Reg: 0x00 Val: 0x00000000
[inst #1713] or x28,x28,x7
Register Write to Reg: 0x1C Val: 0x00010101
[inst #1714] lw x7,16(x8)
Register Write to Reg: 0x07 Val: 0x10010024
[inst #1715] addi x0,x0,0
Register Write to Reg: 0x00 Val: 0x00000000
[inst #1716] addi x0,x0,0
Register Write to Reg: 0x00 Val: 0x00000000
[inst #1717] sw x28,0(x7)
Memory Write to Addr: 0x10010024 Val: 0x00010101
[inst #1718] add x2,x0,x8
Register Write to Reg: 0x02 Val: 0x10010F58
[inst #1719] addi x0,x0,0
Register Write to Reg: 0x00 Val: 0x00000000
[inst #1720] addi x0,x0,0
Register Write to Reg: 0x00 Val: 0x00000000
[inst #1721] lw x8,28(x2)
Register Write to Reg: 0x08 Val: 0x10010F78
[inst #1722] addi x2,x2,32
Register Write to Reg: 0x02 Val: 0x10010F78
[inst #1723] jalr x0,x1,0
Register Write to Reg: 0x00 Val: 0x00400730
[inst #1724] addi x7,x8,28
Register Write to Reg: 0x07 Val: 0x10010F94
[inst #1725] lw x30,48(x8)
Register Write to Reg: 0x1E Val: 0x00000002
[inst #1726] addi x0,x0,0
Register Write to Reg: 0x00 Val: 0x00000000
[inst #1727] add x29,x0,x7
Register Write to Reg: 0x1D Val: 0x10010F94
[inst #1728] auipc x1,0
Register Write to Reg: 0x01 Val: 0x0040033C
[inst #1729] sll x0,x0,x0
Register Write to Reg: 0x00 Val: 0x00000000
[inst #1730] sll x0,x0,x0
Register Write to Reg: 0x00 Val: 0x00000000
[inst #1731] sll x0,x0,x0
Register Write to Reg: 0x00 Val: 0x00000000
[inst #1732] addi x1,x1,24
Register Write to Reg: 0x01 Val: 0x00400354
[inst #1733] jal x0,52
Register Write to Reg: 0x00 Val: 0x00400354
[inst #1734] addi x2,x2,-24
Register Write to Reg: 0x02 Val: 0x10010F60
[inst #1735] addi x0,x0,0
Register Write to Reg: 0x00 Val: 0x00000000
[inst #1736] addi x0,x0,0
Register Write to Reg: 0x00 Val: 0x00000000
[inst #1737] sw x8,20(x2)
Memory Write to Addr: 0x10010F74 Val: 0x10010F78
[inst #1738] add x8,x0,x2
Register Write to Reg: 0x08 Val: 0x10010F60
[inst #1739] addi x0,x0,0
Register Write to Reg: 0x00 Val: 0x00000000
[inst #1740] addi x0,x0,0
Register Write to Reg: 0x00 Val: 0x00000000
[inst #1741] sub x31,x8,x2
Register Write to Reg: 0x1F Val: 0x00000000
[inst #1742] sw x29,24(x8)
Memory Write to Addr: 0x10010F78 Val: 0x10010F94
[inst #1743] sw x30,28(x8)
Memory Write to Addr: 0x10010F7C Val: 0x00000002
[inst #1744] lw x7,28(x8)
Register Write to Reg: 0x07 Val: 0x00000002
[inst #1745] addi x0,x0,0
Register Write to Reg: 0x00 Val: 0x00000000
[inst #1746] addi x0,x0,0
Register Write to Reg: 0x00 Val: 0x00000000
[inst #1747] sw x7,8(x8)
Memory Write to Addr: 0x10010F68 Val: 0x00000002
[inst #1748] sw x0,12(x8)
Memory Write to Addr: 0x10010F6C Val: 0x00000000
[inst #1749] lw x7,24(x8)
Register Write to Reg: 0x07 Val: 0x10010F94
[inst #1750] lw x29,8(x8)
Register Write to Reg: 0x1D Val: 0x00000002
[inst #1751] lw x28,12(x8)
Register Write to Reg: 0x1C Val: 0x00000000
[inst #1752] addi x0,x0,0
Register Write to Reg: 0x00 Val: 0x00000000
[inst #1753] sw x29,0(x7)
Memory Write to Addr: 0x10010F94 Val: 0x00000002
[inst #1754] sw x28,4(x7)
Memory Write to Addr: 0x10010F98 Val: 0x00000000
[inst #1755] lw x7,24(x8)
Register Write to Reg: 0x07 Val: 0x10010F94
[inst #1756] add x2,x0,x8
Register Write to Reg: 0x02 Val: 0x10010F60
[inst #1757] addi x0,x0,0
Register Write to Reg: 0x00 Val: 0x00000000
[inst #1758] addi x0,x0,0
Register Write to Reg: 0x00 Val: 0x00000000
[inst #1759] lw x8,20(x2)
Register Write to Reg: 0x08 Val: 0x10010F78
[inst #1760] addi x2,x2,24
Register Write to Reg: 0x02 Val: 0x10010F78
[inst #1761] jalr x0,x1,0
Register Write to Reg: 0x00 Val: 0x004003F4
[inst #1762] addi x7,x8,28
Register Write to Reg: 0x07 Val: 0x10010F94
[inst #1763] addi x0,x0,0
Register Write to Reg: 0x00 Val: 0x00000000
[inst #1764] addi x0,x0,0
Register Write to Reg: 0x00 Val: 0x00000000
[inst #1765] add x29,x0,x7
Register Write to Reg: 0x1D Val: 0x10010F94
[inst #1766] auipc x1,0
Register Write to Reg: 0x01 Val: 0x00400364
[inst #1767] sll x0,x0,x0
Register Write to Reg: 0x00 Val: 0x00000000
[inst #1768] sll x0,x0,x0
Register Write to Reg: 0x00 Val: 0x00000000
[inst #1769] sll x0,x0,x0
Register Write to Reg: 0x00 Val: 0x00000000
[inst #1770] addi x1,x1,24
Register Write to Reg: 0x01 Val: 0x0040037C
[inst #1771] jal x0,124
Register Write to Reg: 0x00 Val: 0x0040037C
[inst #1772] addi x2,x2,-32
Register Write to Reg: 0x02 Val: 0x10010F58
[inst #1773] addi x0,x0,0
Register Write to Reg: 0x00 Val: 0x00000000
[inst #1774] addi x0,x0,0
Register Write to Reg: 0x00 Val: 0x00000000
[inst #1775] sw x1,28(x2)
Memory Write to Addr: 0x10010F74 Val: 0x0040037C
[inst #1776] sw x8,24(x2)
Memory Write to Addr: 0x10010F70 Val: 0x10010F78
[inst #1777] add x8,x0,x2
Register Write to Reg: 0x08 Val: 0x10010F58
[inst #1778] addi x0,x0,0
Register Write to Reg: 0x00 Val: 0x00000000
[inst #1779] addi x0,x0,0
Register Write to Reg: 0x00 Val: 0x00000000
[inst #1780] sw x29,32(x8)
Memory Write to Addr: 0x10010F78 Val: 0x10010F94
[inst #1781] jal x0,172
Register Write to Reg: 0x00 Val: 0x0040041C
[inst #1782] lw x7,32(x8)
Register Write to Reg: 0x07 Val: 0x10010F94
[inst #1783] addi x0,x0,0
Register Write to Reg: 0x00 Val: 0x00000000
[inst #1784] addi x0,x0,0
Register Write to Reg: 0x00 Val: 0x00000000
[inst #1785] lw x7,4(x7)
Register Write to Reg: 0x07 Val: 0x00000000
[inst #1786] addi x0,x0,0
Register Write to Reg: 0x00 Val: 0x00000000
[inst #1787] addi x0,x0,0
Register Write to Reg: 0x00 Val: 0x00000000
[inst #1788] slti x7,x7,4
Register Write to Reg: 0x07 Val: 0x00000001
[inst #1789] addi x0,x0,0
Register Write to Reg: 0x00 Val: 0x00000000
[inst #1790] addi x0,x0,0
Register Write to Reg: 0x00 Val: 0x00000000
[inst #1791] beq x7,x0,8
[inst #1792] jal x0,-208
Register Write to Reg: 0x00 Val: 0x004004F0
[inst #1793] lw x7,32(x8)
Register Write to Reg: 0x07 Val: 0x10010F94
[inst #1794] addi x0,x0,0
Register Write to Reg: 0x00 Val: 0x00000000
[inst #1795] addi x0,x0,0
Register Write to Reg: 0x00 Val: 0x00000000
[inst #1796] lw x28,0(x7)
Register Write to Reg: 0x1C Val: 0x00000002
[inst #1797] lw x7,32(x8)
Register Write to Reg: 0x07 Val: 0x10010F94
[inst #1798] addi x0,x0,0
Register Write to Reg: 0x00 Val: 0x00000000
[inst #1799] addi x0,x0,0
Register Write to Reg: 0x00 Val: 0x00000000
[inst #1800] lw x7,4(x7)
Register Write to Reg: 0x07 Val: 0x00000000
[inst #1801] addi x0,x0,0
Register Write to Reg: 0x00 Val: 0x00000000
[inst #1802] addi x0,x0,0
Register Write to Reg: 0x00 Val: 0x00000000
[inst #1803] add x30,x0,x7
Register Write to Reg: 0x1E Val: 0x00000000
[inst #1804] add x29,x0,x28
Register Write to Reg: 0x1D Val: 0x00000002
[inst #1805] auipc x1,0
Register Write to Reg: 0x01 Val: 0x0040044C
[inst #1806] sll x0,x0,x0
Register Write to Reg: 0x00 Val: 0x00000000
[inst #1807] sll x0,x0,x0
Register Write to Reg: 0x00 Val: 0x00000000
[inst #1808] sll x0,x0,x0
Register Write to Reg: 0x00 Val: 0x00000000
[inst #1809] addi x1,x1,24
Register Write to Reg: 0x01 Val: 0x00400464
[inst #1810] jal x0,176
Register Write to Reg: 0x00 Val: 0x00400464
[inst #1811] addi x2,x2,-32
Register Write to Reg: 0x02 Val: 0x10010F38
[inst #1812] addi x0,x0,0
Register Write to Reg: 0x00 Val: 0x00000000
[inst #1813] addi x0,x0,0
Register Write to Reg: 0x00 Val: 0x00000000
[inst #1814] sw x8,28(x2)
Memory Write to Addr: 0x10010F54 Val: 0x10010F58
[inst #1815] add x8,x0,x2
Register Write to Reg: 0x08 Val: 0x10010F38
[inst #1816] addi x0,x0,0
Register Write to Reg: 0x00 Val: 0x00000000
[inst #1817] addi x0,x0,0
Register Write to Reg: 0x00 Val: 0x00000000
[inst #1818] sw x29,32(x8)
Memory Write to Addr: 0x10010F58 Val: 0x00000002
[inst #1819] sw x30,36(x8)
Memory Write to Addr: 0x10010F5C Val: 0x00000000
[inst #1820] auipc x7,64528
Register Write to Reg: 0x07 Val: 0x10010534
[inst #1821] sll x0,x0,x0
Register Write to Reg: 0x00 Val: 0x00000000
[inst #1822] sll x0,x0,x0
Register Write to Reg: 0x00 Val: 0x00000000
[inst #1823] sll x0,x0,x0
Register Write to Reg: 0x00 Val: 0x00000000
[inst #1824] addi x7,x7,-1312
Register Write to Reg: 0x07 Val: 0x10010014
[inst #1825] lw x28,32(x8)
Register Write to Reg: 0x1C Val: 0x00000002
[inst #1826] addi x0,x0,0
Register Write to Reg: 0x00 Val: 0x00000000
[inst #1827] addi x0,x0,0
Register Write to Reg: 0x00 Val: 0x00000000
[inst #1828] slli x28,x28,2
Register Write to Reg: 0x1C Val: 0x00000008
[inst #1829] addi x0,x0,0
Register Write to Reg: 0x00 Val: 0x00000000
[inst #1830] addi x0,x0,0
Register Write to Reg: 0x00 Val: 0x00000000
[inst #1831] add x7,x28,x7
Register Write to Reg: 0x07 Val: 0x1001001C
[inst #1832] addi x0,x0,0
Register Write to Reg: 0x00 Val: 0x00000000
[inst #1833] addi x0,x0,0
Register Write to Reg: 0x00 Val: 0x00000000
[inst #1834] lw x7,0(x7)
Register Write to Reg: 0x07 Val: 0x00000000
[inst #1835] addi x0,x0,0
Register Write to Reg: 0x00 Val: 0x00000000
[inst #1836] addi x0,x0,0
Register Write to Reg: 0x00 Val: 0x00000000
[inst #1837] sw x7,16(x8)
Memory Write to Addr: 0x10010F48 Val: 0x00000000
[inst #1838] addi x7,x0,1
Register Write to Reg: 0x07 Val: 0x00000001
[inst #1839] addi x0,x0,0
Register Write to Reg: 0x00 Val: 0x00000000
[inst #1840] addi x0,x0,0
Register Write to Reg: 0x00 Val: 0x00000000
[inst #1841] sw x7,8(x8)
Memory Write to Addr: 0x10010F40 Val: 0x00000001
[inst #1842] sw x0,12(x8)
Memory Write to Addr: 0x10010F44 Val: 0x00000000
[inst #1843] jal x0,60
Register Write to Reg: 0x00 Val: 0x00400594
[inst #1844] lw x28,12(x8)
Register Write to Reg: 0x1C Val: 0x00000000
[inst #1845] lw x7,36(x8)
Register Write to Reg: 0x07 Val: 0x00000000
[inst #1846] addi x0,x0,0
Register Write to Reg: 0x00 Val: 0x00000000
[inst #1847] addi x0,x0,0
Register Write to Reg: 0x00 Val: 0x00000000
[inst #1848] slt x7,x28,x7
Register Write to Reg: 0x07 Val: 0x00000000
[inst #1849] addi x0,x0,0
Register Write to Reg: 0x00 Val: 0x00000000
[inst #1850] addi x0,x0,0
Register Write to Reg: 0x00 Val: 0x00000000
[inst #1851] beq x7,x0,8
[inst #1852] lw x28,8(x8)
Register Write to Reg: 0x1C Val: 0x00000001
[inst #1853] lw x7,16(x8)
Register Write to Reg: 0x07 Val: 0x00000000
[inst #1854] addi x0,x0,0
Register Write to Reg: 0x00 Val: 0x00000000
[inst #1855] addi x0,x0,0
Register Write to Reg: 0x00 Val: 0x00000000
[inst #1856] and x7,x28,x7
Register Write to Reg: 0x07 Val: 0x00000000
[inst #1857] addi x0,x0,0
Register Write to Reg: 0x00 Val: 0x00000000
[inst #1858] addi x0,x0,0
Register Write to Reg: 0x00 Val: 0x00000000
[inst #1859] slt x7,x0,x7
Register Write to Reg: 0x07 Val: 0x00000000
[inst #1860] addi x0,x0,0
Register Write to Reg: 0x00 Val: 0x00000000
[inst #1861] addi x0,x0,0
Register Write to Reg: 0x00 Val: 0x00000000
[inst #1862] andi x7,x7,255
Register Write to Reg: 0x07 Val: 0x00000000
[inst #1863] add x2,x0,x8
Register Write to Reg: 0x02 Val: 0x10010F38
[inst #1864] addi x0,x0,0
Register Write to Reg: 0x00 Val: 0x00000000
[inst #1865] addi x0,x0,0
Register Write to Reg: 0x00 Val: 0x00000000
[inst #1866] lw x8,28(x2)
Register Write to Reg: 0x08 Val: 0x10010F58
[inst #1867] addi x2,x2,32
Register Write to Reg: 0x02 Val: 0x10010F58
[inst #1868] jalr x0,x1,0
Register Write to Reg: 0x00 Val: 0x00400634
[inst #1869] beq x7,x0,52
[inst #1870] lw x7,32(x8)
Register Write to Reg: 0x07 Val: 0x10010F94
[inst #1871] addi x0,x0,0
Register Write to Reg: 0x00 Val: 0x00000000
[inst #1872] addi x0,x0,0
Register Write to Reg: 0x00 Val: 0x00000000
[inst #1873] lw x7,4(x7)
Register Write to Reg: 0x07 Val: 0x00000000
[inst #1874] addi x0,x0,0
Register Write to Reg: 0x00 Val: 0x00000000
[inst #1875] addi x0,x0,0
Register Write to Reg: 0x00 Val: 0x00000000
[inst #1876] addi x28,x7,1
Register Write to Reg: 0x1C Val: 0x00000001
[inst #1877] lw x7,32(x8)
Register Write to Reg: 0x07 Val: 0x10010F94
[inst #1878] addi x0,x0,0
Register Write to Reg: 0x00 Val: 0x00000000
[inst #1879] addi x0,x0,0
Register Write to Reg: 0x00 Val: 0x00000000
[inst #1880] sw x28,4(x7)
Memory Write to Addr: 0x10010F98 Val: 0x00000001
[inst #1881] lw x7,32(x8)
Register Write to Reg: 0x07 Val: 0x10010F94
[inst #1882] addi x0,x0,0
Register Write to Reg: 0x00 Val: 0x00000000
[inst #1883] addi x0,x0,0
Register Write to Reg: 0x00 Val: 0x00000000
[inst #1884] lw x7,4(x7)
Register Write to Reg: 0x07 Val: 0x00000001
[inst #1885] addi x0,x0,0
Register Write to Reg: 0x00 Val: 0x00000000
[inst #1886] addi x0,x0,0
Register Write to Reg: 0x00 Val: 0x00000000
[inst #1887] slti x7,x7,4
Register Write to Reg: 0x07 Val: 0x00000001
[inst #1888] addi x0,x0,0
Register Write to Reg: 0x00 Val: 0x00000000
[inst #1889] addi x0,x0,0
Register Write to Reg: 0x00 Val: 0x00000000
[inst #1890] beq x7,x0,8
[inst #1891] jal x0,-208
Register Write to Reg: 0x00 Val: 0x004004F0
[inst #1892] lw x7,32(x8)
Register Write to Reg: 0x07 Val: 0x10010F94
[inst #1893] addi x0,x0,0
Register Write to Reg: 0x00 Val: 0x00000000
[inst #1894] addi x0,x0,0
Register Write to Reg: 0x00 Val: 0x00000000
[inst #1895] lw x28,0(x7)
Register Write to Reg: 0x1C Val: 0x00000002
[inst #1896] lw x7,32(x8)
Register Write to Reg: 0x07 Val: 0x10010F94
[inst #1897] addi x0,x0,0
Register Write to Reg: 0x00 Val: 0x00000000
[inst #1898] addi x0,x0,0
Register Write to Reg: 0x00 Val: 0x00000000
[inst #1899] lw x7,4(x7)
Register Write to Reg: 0x07 Val: 0x00000001
[inst #1900] addi x0,x0,0
Register Write to Reg: 0x00 Val: 0x00000000
[inst #1901] addi x0,x0,0
Register Write to Reg: 0x00 Val: 0x00000000
[inst #1902] add x30,x0,x7
Register Write to Reg: 0x1E Val: 0x00000001
[inst #1903] add x29,x0,x28
Register Write to Reg: 0x1D Val: 0x00000002
[inst #1904] auipc x1,0
Register Write to Reg: 0x01 Val: 0x0040044C
[inst #1905] sll x0,x0,x0
Register Write to Reg: 0x00 Val: 0x00000000
[inst #1906] sll x0,x0,x0
Register Write to Reg: 0x00 Val: 0x00000000
[inst #1907] sll x0,x0,x0
Register Write to Reg: 0x00 Val: 0x00000000
[inst #1908] addi x1,x1,24
Register Write to Reg: 0x01 Val: 0x00400464
[inst #1909] jal x0,176
Register Write to Reg: 0x00 Val: 0x00400464
[inst #1910] addi x2,x2,-32
Register Write to Reg: 0x02 Val: 0x10010F38
[inst #1911] addi x0,x0,0
Register Write to Reg: 0x00 Val: 0x00000000
[inst #1912] addi x0,x0,0
Register Write to Reg: 0x00 Val: 0x00000000
[inst #1913] sw x8,28(x2)
Memory Write to Addr: 0x10010F54 Val: 0x10010F58
[inst #1914] add x8,x0,x2
Register Write to Reg: 0x08 Val: 0x10010F38
[inst #1915] addi x0,x0,0
Register Write to Reg: 0x00 Val: 0x00000000
[inst #1916] addi x0,x0,0
Register Write to Reg: 0x00 Val: 0x00000000
[inst #1917] sw x29,32(x8)
Memory Write to Addr: 0x10010F58 Val: 0x00000002
[inst #1918] sw x30,36(x8)
Memory Write to Addr: 0x10010F5C Val: 0x00000001
[inst #1919] auipc x7,64528
Register Write to Reg: 0x07 Val: 0x10010534
[inst #1920] sll x0,x0,x0
Register Write to Reg: 0x00 Val: 0x00000000
[inst #1921] sll x0,x0,x0
Register Write to Reg: 0x00 Val: 0x00000000
[inst #1922] sll x0,x0,x0
Register Write to Reg: 0x00 Val: 0x00000000
[inst #1923] addi x7,x7,-1312
Register Write to Reg: 0x07 Val: 0x10010014
[inst #1924] lw x28,32(x8)
Register Write to Reg: 0x1C Val: 0x00000002
[inst #1925] addi x0,x0,0
Register Write to Reg: 0x00 Val: 0x00000000
[inst #1926] addi x0,x0,0
Register Write to Reg: 0x00 Val: 0x00000000
[inst #1927] slli x28,x28,2
Register Write to Reg: 0x1C Val: 0x00000008
[inst #1928] addi x0,x0,0
Register Write to Reg: 0x00 Val: 0x00000000
[inst #1929] addi x0,x0,0
Register Write to Reg: 0x00 Val: 0x00000000
[inst #1930] add x7,x28,x7
Register Write to Reg: 0x07 Val: 0x1001001C
[inst #1931] addi x0,x0,0
Register Write to Reg: 0x00 Val: 0x00000000
[inst #1932] addi x0,x0,0
Register Write to Reg: 0x00 Val: 0x00000000
[inst #1933] lw x7,0(x7)
Register Write to Reg: 0x07 Val: 0x00000000
[inst #1934] addi x0,x0,0
Register Write to Reg: 0x00 Val: 0x00000000
[inst #1935] addi x0,x0,0
Register Write to Reg: 0x00 Val: 0x00000000
[inst #1936] sw x7,16(x8)
Memory Write to Addr: 0x10010F48 Val: 0x00000000
[inst #1937] addi x7,x0,1
Register Write to Reg: 0x07 Val: 0x00000001
[inst #1938] addi x0,x0,0
Register Write to Reg: 0x00 Val: 0x00000000
[inst #1939] addi x0,x0,0
Register Write to Reg: 0x00 Val: 0x00000000
[inst #1940] sw x7,8(x8)
Memory Write to Addr: 0x10010F40 Val: 0x00000001
[inst #1941] sw x0,12(x8)
Memory Write to Addr: 0x10010F44 Val: 0x00000000
[inst #1942] jal x0,60
Register Write to Reg: 0x00 Val: 0x00400594
[inst #1943] lw x28,12(x8)
Register Write to Reg: 0x1C Val: 0x00000000
[inst #1944] lw x7,36(x8)
Register Write to Reg: 0x07 Val: 0x00000001
[inst #1945] addi x0,x0,0
Register Write to Reg: 0x00 Val: 0x00000000
[inst #1946] addi x0,x0,0
Register Write to Reg: 0x00 Val: 0x00000000
[inst #1947] slt x7,x28,x7
Register Write to Reg: 0x07 Val: 0x00000001
[inst #1948] addi x0,x0,0
Register Write to Reg: 0x00 Val: 0x00000000
[inst #1949] addi x0,x0,0
Register Write to Reg: 0x00 Val: 0x00000000
[inst #1950] beq x7,x0,8
[inst #1951] jal x0,-88
Register Write to Reg: 0x00 Val: 0x004005F0
[inst #1952] lw x7,8(x8)
Register Write to Reg: 0x07 Val: 0x00000001
[inst #1953] addi x0,x0,0
Register Write to Reg: 0x00 Val: 0x00000000
[inst #1954] addi x0,x0,0
Register Write to Reg: 0x00 Val: 0x00000000
[inst #1955] slli x7,x7,1
Register Write to Reg: 0x07 Val: 0x00000002
[inst #1956] addi x0,x0,0
Register Write to Reg: 0x00 Val: 0x00000000
[inst #1957] addi x0,x0,0
Register Write to Reg: 0x00 Val: 0x00000000
[inst #1958] sw x7,8(x8)
Memory Write to Addr: 0x10010F40 Val: 0x00000002
[inst #1959] lw x7,12(x8)
Register Write to Reg: 0x07 Val: 0x00000000
[inst #1960] addi x0,x0,0
Register Write to Reg: 0x00 Val: 0x00000000
[inst #1961] addi x0,x0,0
Register Write to Reg: 0x00 Val: 0x00000000
[inst #1962] addi x7,x7,1
Register Write to Reg: 0x07 Val: 0x00000001
[inst #1963] addi x0,x0,0
Register Write to Reg: 0x00 Val: 0x00000000
[inst #1964] addi x0,x0,0
Register Write to Reg: 0x00 Val: 0x00000000
[inst #1965] sw x7,12(x8)
Memory Write to Addr: 0x10010F44 Val: 0x00000001
[inst #1966] lw x28,12(x8)
Register Write to Reg: 0x1C Val: 0x00000001
[inst #1967] lw x7,36(x8)
Register Write to Reg: 0x07 Val: 0x00000001
[inst #1968] addi x0,x0,0
Register Write to Reg: 0x00 Val: 0x00000000
[inst #1969] addi x0,x0,0
Register Write to Reg: 0x00 Val: 0x00000000
[inst #1970] slt x7,x28,x7
Register Write to Reg: 0x07 Val: 0x00000000
[inst #1971] addi x0,x0,0
Register Write to Reg: 0x00 Val: 0x00000000
[inst #1972] addi x0,x0,0
Register Write to Reg: 0x00 Val: 0x00000000
[inst #1973] beq x7,x0,8
[inst #1974] lw x28,8(x8)
Register Write to Reg: 0x1C Val: 0x00000002
[inst #1975] lw x7,16(x8)
Register Write to Reg: 0x07 Val: 0x00000000
[inst #1976] addi x0,x0,0
Register Write to Reg: 0x00 Val: 0x00000000
[inst #1977] addi x0,x0,0
Register Write to Reg: 0x00 Val: 0x00000000
[inst #1978] and x7,x28,x7
Register Write to Reg: 0x07 Val: 0x00000000
[inst #1979] addi x0,x0,0
Register Write to Reg: 0x00 Val: 0x00000000
[inst #1980] addi x0,x0,0
Register Write to Reg: 0x00 Val: 0x00000000
[inst #1981] slt x7,x0,x7
Register Write to Reg: 0x07 Val: 0x00000000
[inst #1982] addi x0,x0,0
Register Write to Reg: 0x00 Val: 0x00000000
[inst #1983] addi x0,x0,0
Register Write to Reg: 0x00 Val: 0x00000000
[inst #1984] andi x7,x7,255
Register Write to Reg: 0x07 Val: 0x00000000
[inst #1985] add x2,x0,x8
Register Write to Reg: 0x02 Val: 0x10010F38
[inst #1986] addi x0,x0,0
Register Write to Reg: 0x00 Val: 0x00000000
[inst #1987] addi x0,x0,0
Register Write to Reg: 0x00 Val: 0x00000000
[inst #1988] lw x8,28(x2)
Register Write to Reg: 0x08 Val: 0x10010F58
[inst #1989] addi x2,x2,32
Register Write to Reg: 0x02 Val: 0x10010F58
[inst #1990] jalr x0,x1,0
Register Write to Reg: 0x00 Val: 0x00400634
[inst #1991] beq x7,x0,52
[inst #1992] lw x7,32(x8)
Register Write to Reg: 0x07 Val: 0x10010F94
[inst #1993] addi x0,x0,0
Register Write to Reg: 0x00 Val: 0x00000000
[inst #1994] addi x0,x0,0
Register Write to Reg: 0x00 Val: 0x00000000
[inst #1995] lw x7,4(x7)
Register Write to Reg: 0x07 Val: 0x00000001
[inst #1996] addi x0,x0,0
Register Write to Reg: 0x00 Val: 0x00000000
[inst #1997] addi x0,x0,0
Register Write to Reg: 0x00 Val: 0x00000000
[inst #1998] addi x28,x7,1
Register Write to Reg: 0x1C Val: 0x00000002
[inst #1999] lw x7,32(x8)
Register Write to Reg: 0x07 Val: 0x10010F94
[inst #2000] addi x0,x0,0
Register Write to Reg: 0x00 Val: 0x00000000
[inst #2001] addi x0,x0,0
Register Write to Reg: 0x00 Val: 0x00000000
[inst #2002] sw x28,4(x7)
Memory Write to Addr: 0x10010F98 Val: 0x00000002
[inst #2003] lw x7,32(x8)
Register Write to Reg: 0x07 Val: 0x10010F94
[inst #2004] addi x0,x0,0
Register Write to Reg: 0x00 Val: 0x00000000
[inst #2005] addi x0,x0,0
Register Write to Reg: 0x00 Val: 0x00000000
[inst #2006] lw x7,4(x7)
Register Write to Reg: 0x07 Val: 0x00000002
[inst #2007] addi x0,x0,0
Register Write to Reg: 0x00 Val: 0x00000000
[inst #2008] addi x0,x0,0
Register Write to Reg: 0x00 Val: 0x00000000
[inst #2009] slti x7,x7,4
Register Write to Reg: 0x07 Val: 0x00000001
[inst #2010] addi x0,x0,0
Register Write to Reg: 0x00 Val: 0x00000000
[inst #2011] addi x0,x0,0
Register Write to Reg: 0x00 Val: 0x00000000
[inst #2012] beq x7,x0,8
[inst #2013] jal x0,-208
Register Write to Reg: 0x00 Val: 0x004004F0
[inst #2014] lw x7,32(x8)
Register Write to Reg: 0x07 Val: 0x10010F94
[inst #2015] addi x0,x0,0
Register Write to Reg: 0x00 Val: 0x00000000
[inst #2016] addi x0,x0,0
Register Write to Reg: 0x00 Val: 0x00000000
[inst #2017] lw x28,0(x7)
Register Write to Reg: 0x1C Val: 0x00000002
[inst #2018] lw x7,32(x8)
Register Write to Reg: 0x07 Val: 0x10010F94
[inst #2019] addi x0,x0,0
Register Write to Reg: 0x00 Val: 0x00000000
[inst #2020] addi x0,x0,0
Register Write to Reg: 0x00 Val: 0x00000000
[inst #2021] lw x7,4(x7)
Register Write to Reg: 0x07 Val: 0x00000002
[inst #2022] addi x0,x0,0
Register Write to Reg: 0x00 Val: 0x00000000
[inst #2023] addi x0,x0,0
Register Write to Reg: 0x00 Val: 0x00000000
[inst #2024] add x30,x0,x7
Register Write to Reg: 0x1E Val: 0x00000002
[inst #2025] add x29,x0,x28
Register Write to Reg: 0x1D Val: 0x00000002
[inst #2026] auipc x1,0
Register Write to Reg: 0x01 Val: 0x0040044C
[inst #2027] sll x0,x0,x0
Register Write to Reg: 0x00 Val: 0x00000000
[inst #2028] sll x0,x0,x0
Register Write to Reg: 0x00 Val: 0x00000000
[inst #2029] sll x0,x0,x0
Register Write to Reg: 0x00 Val: 0x00000000
[inst #2030] addi x1,x1,24
Register Write to Reg: 0x01 Val: 0x00400464
[inst #2031] jal x0,176
Register Write to Reg: 0x00 Val: 0x00400464
[inst #2032] addi x2,x2,-32
Register Write to Reg: 0x02 Val: 0x10010F38
[inst #2033] addi x0,x0,0
Register Write to Reg: 0x00 Val: 0x00000000
[inst #2034] addi x0,x0,0
Register Write to Reg: 0x00 Val: 0x00000000
[inst #2035] sw x8,28(x2)
Memory Write to Addr: 0x10010F54 Val: 0x10010F58
[inst #2036] add x8,x0,x2
Register Write to Reg: 0x08 Val: 0x10010F38
[inst #2037] addi x0,x0,0
Register Write to Reg: 0x00 Val: 0x00000000
[inst #2038] addi x0,x0,0
Register Write to Reg: 0x00 Val: 0x00000000
[inst #2039] sw x29,32(x8)
Memory Write to Addr: 0x10010F58 Val: 0x00000002
[inst #2040] sw x30,36(x8)
Memory Write to Addr: 0x10010F5C Val: 0x00000002
[inst #2041] auipc x7,64528
Register Write to Reg: 0x07 Val: 0x10010534
[inst #2042] sll x0,x0,x0
Register Write to Reg: 0x00 Val: 0x00000000
[inst #2043] sll x0,x0,x0
Register Write to Reg: 0x00 Val: 0x00000000
[inst #2044] sll x0,x0,x0
Register Write to Reg: 0x00 Val: 0x00000000
[inst #2045] addi x7,x7,-1312
Register Write to Reg: 0x07 Val: 0x10010014
[inst #2046] lw x28,32(x8)
Register Write to Reg: 0x1C Val: 0x00000002
[inst #2047] addi x0,x0,0
Register Write to Reg: 0x00 Val: 0x00000000
[inst #2048] addi x0,x0,0
Register Write to Reg: 0x00 Val: 0x00000000
[inst #2049] slli x28,x28,2
Register Write to Reg: 0x1C Val: 0x00000008
[inst #2050] addi x0,x0,0
Register Write to Reg: 0x00 Val: 0x00000000
[inst #2051] addi x0,x0,0
Register Write to Reg: 0x00 Val: 0x00000000
[inst #2052] add x7,x28,x7
Register Write to Reg: 0x07 Val: 0x1001001C
[inst #2053] addi x0,x0,0
Register Write to Reg: 0x00 Val: 0x00000000
[inst #2054] addi x0,x0,0
Register Write to Reg: 0x00 Val: 0x00000000
[inst #2055] lw x7,0(x7)
Register Write to Reg: 0x07 Val: 0x00000000
[inst #2056] addi x0,x0,0
Register Write to Reg: 0x00 Val: 0x00000000
[inst #2057] addi x0,x0,0
Register Write to Reg: 0x00 Val: 0x00000000
[inst #2058] sw x7,16(x8)
Memory Write to Addr: 0x10010F48 Val: 0x00000000
[inst #2059] addi x7,x0,1
Register Write to Reg: 0x07 Val: 0x00000001
[inst #2060] addi x0,x0,0
Register Write to Reg: 0x00 Val: 0x00000000
[inst #2061] addi x0,x0,0
Register Write to Reg: 0x00 Val: 0x00000000
[inst #2062] sw x7,8(x8)
Memory Write to Addr: 0x10010F40 Val: 0x00000001
[inst #2063] sw x0,12(x8)
Memory Write to Addr: 0x10010F44 Val: 0x00000000
[inst #2064] jal x0,60
Register Write to Reg: 0x00 Val: 0x00400594
[inst #2065] lw x28,12(x8)
Register Write to Reg: 0x1C Val: 0x00000000
[inst #2066] lw x7,36(x8)
Register Write to Reg: 0x07 Val: 0x00000002
[inst #2067] addi x0,x0,0
Register Write to Reg: 0x00 Val: 0x00000000
[inst #2068] addi x0,x0,0
Register Write to Reg: 0x00 Val: 0x00000000
[inst #2069] slt x7,x28,x7
Register Write to Reg: 0x07 Val: 0x00000001
[inst #2070] addi x0,x0,0
Register Write to Reg: 0x00 Val: 0x00000000
[inst #2071] addi x0,x0,0
Register Write to Reg: 0x00 Val: 0x00000000
[inst #2072] beq x7,x0,8
[inst #2073] jal x0,-88
Register Write to Reg: 0x00 Val: 0x004005F0
[inst #2074] lw x7,8(x8)
Register Write to Reg: 0x07 Val: 0x00000001
[inst #2075] addi x0,x0,0
Register Write to Reg: 0x00 Val: 0x00000000
[inst #2076] addi x0,x0,0
Register Write to Reg: 0x00 Val: 0x00000000
[inst #2077] slli x7,x7,1
Register Write to Reg: 0x07 Val: 0x00000002
[inst #2078] addi x0,x0,0
Register Write to Reg: 0x00 Val: 0x00000000
[inst #2079] addi x0,x0,0
Register Write to Reg: 0x00 Val: 0x00000000
[inst #2080] sw x7,8(x8)
Memory Write to Addr: 0x10010F40 Val: 0x00000002
[inst #2081] lw x7,12(x8)
Register Write to Reg: 0x07 Val: 0x00000000
[inst #2082] addi x0,x0,0
Register Write to Reg: 0x00 Val: 0x00000000
[inst #2083] addi x0,x0,0
Register Write to Reg: 0x00 Val: 0x00000000
[inst #2084] addi x7,x7,1
Register Write to Reg: 0x07 Val: 0x00000001
[inst #2085] addi x0,x0,0
Register Write to Reg: 0x00 Val: 0x00000000
[inst #2086] addi x0,x0,0
Register Write to Reg: 0x00 Val: 0x00000000
[inst #2087] sw x7,12(x8)
Memory Write to Addr: 0x10010F44 Val: 0x00000001
[inst #2088] lw x28,12(x8)
Register Write to Reg: 0x1C Val: 0x00000001
[inst #2089] lw x7,36(x8)
Register Write to Reg: 0x07 Val: 0x00000002
[inst #2090] addi x0,x0,0
Register Write to Reg: 0x00 Val: 0x00000000
[inst #2091] addi x0,x0,0
Register Write to Reg: 0x00 Val: 0x00000000
[inst #2092] slt x7,x28,x7
Register Write to Reg: 0x07 Val: 0x00000001
[inst #2093] addi x0,x0,0
Register Write to Reg: 0x00 Val: 0x00000000
[inst #2094] addi x0,x0,0
Register Write to Reg: 0x00 Val: 0x00000000
[inst #2095] beq x7,x0,8
[inst #2096] jal x0,-88
Register Write to Reg: 0x00 Val: 0x004005F0
[inst #2097] lw x7,8(x8)
Register Write to Reg: 0x07 Val: 0x00000002
[inst #2098] addi x0,x0,0
Register Write to Reg: 0x00 Val: 0x00000000
[inst #2099] addi x0,x0,0
Register Write to Reg: 0x00 Val: 0x00000000
[inst #2100] slli x7,x7,1
Register Write to Reg: 0x07 Val: 0x00000004
[inst #2101] addi x0,x0,0
Register Write to Reg: 0x00 Val: 0x00000000
[inst #2102] addi x0,x0,0
Register Write to Reg: 0x00 Val: 0x00000000
[inst #2103] sw x7,8(x8)
Memory Write to Addr: 0x10010F40 Val: 0x00000004
[inst #2104] lw x7,12(x8)
Register Write to Reg: 0x07 Val: 0x00000001
[inst #2105] addi x0,x0,0
Register Write to Reg: 0x00 Val: 0x00000000
[inst #2106] addi x0,x0,0
Register Write to Reg: 0x00 Val: 0x00000000
[inst #2107] addi x7,x7,1
Register Write to Reg: 0x07 Val: 0x00000002
[inst #2108] addi x0,x0,0
Register Write to Reg: 0x00 Val: 0x00000000
[inst #2109] addi x0,x0,0
Register Write to Reg: 0x00 Val: 0x00000000
[inst #2110] sw x7,12(x8)
Memory Write to Addr: 0x10010F44 Val: 0x00000002
[inst #2111] lw x28,12(x8)
Register Write to Reg: 0x1C Val: 0x00000002
[inst #2112] lw x7,36(x8)
Register Write to Reg: 0x07 Val: 0x00000002
[inst #2113] addi x0,x0,0
Register Write to Reg: 0x00 Val: 0x00000000
[inst #2114] addi x0,x0,0
Register Write to Reg: 0x00 Val: 0x00000000
[inst #2115] slt x7,x28,x7
Register Write to Reg: 0x07 Val: 0x00000000
[inst #2116] addi x0,x0,0
Register Write to Reg: 0x00 Val: 0x00000000
[inst #2117] addi x0,x0,0
Register Write to Reg: 0x00 Val: 0x00000000
[inst #2118] beq x7,x0,8
[inst #2119] lw x28,8(x8)
Register Write to Reg: 0x1C Val: 0x00000004
[inst #2120] lw x7,16(x8)
Register Write to Reg: 0x07 Val: 0x00000000
[inst #2121] addi x0,x0,0
Register Write to Reg: 0x00 Val: 0x00000000
[inst #2122] addi x0,x0,0
Register Write to Reg: 0x00 Val: 0x00000000
[inst #2123] and x7,x28,x7
Register Write to Reg: 0x07 Val: 0x00000000
[inst #2124] addi x0,x0,0
Register Write to Reg: 0x00 Val: 0x00000000
[inst #2125] addi x0,x0,0
Register Write to Reg: 0x00 Val: 0x00000000
[inst #2126] slt x7,x0,x7
Register Write to Reg: 0x07 Val: 0x00000000
[inst #2127] addi x0,x0,0
Register Write to Reg: 0x00 Val: 0x00000000
[inst #2128] addi x0,x0,0
Register Write to Reg: 0x00 Val: 0x00000000
[inst #2129] andi x7,x7,255
Register Write to Reg: 0x07 Val: 0x00000000
[inst #2130] add x2,x0,x8
Register Write to Reg: 0x02 Val: 0x10010F38
[inst #2131] addi x0,x0,0
Register Write to Reg: 0x00 Val: 0x00000000
[inst #2132] addi x0,x0,0
Register Write to Reg: 0x00 Val: 0x00000000
[inst #2133] lw x8,28(x2)
Register Write to Reg: 0x08 Val: 0x10010F58
[inst #2134] addi x2,x2,32
Register Write to Reg: 0x02 Val: 0x10010F58
[inst #2135] jalr x0,x1,0
Register Write to Reg: 0x00 Val: 0x00400634
[inst #2136] beq x7,x0,52
[inst #2137] lw x7,32(x8)
Register Write to Reg: 0x07 Val: 0x10010F94
[inst #2138] addi x0,x0,0
Register Write to Reg: 0x00 Val: 0x00000000
[inst #2139] addi x0,x0,0
Register Write to Reg: 0x00 Val: 0x00000000
[inst #2140] lw x7,4(x7)
Register Write to Reg: 0x07 Val: 0x00000002
[inst #2141] addi x0,x0,0
Register Write to Reg: 0x00 Val: 0x00000000
[inst #2142] addi x0,x0,0
Register Write to Reg: 0x00 Val: 0x00000000
[inst #2143] addi x28,x7,1
Register Write to Reg: 0x1C Val: 0x00000003
[inst #2144] lw x7,32(x8)
Register Write to Reg: 0x07 Val: 0x10010F94
[inst #2145] addi x0,x0,0
Register Write to Reg: 0x00 Val: 0x00000000
[inst #2146] addi x0,x0,0
Register Write to Reg: 0x00 Val: 0x00000000
[inst #2147] sw x28,4(x7)
Memory Write to Addr: 0x10010F98 Val: 0x00000003
[inst #2148] lw x7,32(x8)
Register Write to Reg: 0x07 Val: 0x10010F94
[inst #2149] addi x0,x0,0
Register Write to Reg: 0x00 Val: 0x00000000
[inst #2150] addi x0,x0,0
Register Write to Reg: 0x00 Val: 0x00000000
[inst #2151] lw x7,4(x7)
Register Write to Reg: 0x07 Val: 0x00000003
[inst #2152] addi x0,x0,0
Register Write to Reg: 0x00 Val: 0x00000000
[inst #2153] addi x0,x0,0
Register Write to Reg: 0x00 Val: 0x00000000
[inst #2154] slti x7,x7,4
Register Write to Reg: 0x07 Val: 0x00000001
[inst #2155] addi x0,x0,0
Register Write to Reg: 0x00 Val: 0x00000000
[inst #2156] addi x0,x0,0
Register Write to Reg: 0x00 Val: 0x00000000
[inst #2157] beq x7,x0,8
[inst #2158] jal x0,-208
Register Write to Reg: 0x00 Val: 0x004004F0
[inst #2159] lw x7,32(x8)
Register Write to Reg: 0x07 Val: 0x10010F94
[inst #2160] addi x0,x0,0
Register Write to Reg: 0x00 Val: 0x00000000
[inst #2161] addi x0,x0,0
Register Write to Reg: 0x00 Val: 0x00000000
[inst #2162] lw x28,0(x7)
Register Write to Reg: 0x1C Val: 0x00000002
[inst #2163] lw x7,32(x8)
Register Write to Reg: 0x07 Val: 0x10010F94
[inst #2164] addi x0,x0,0
Register Write to Reg: 0x00 Val: 0x00000000
[inst #2165] addi x0,x0,0
Register Write to Reg: 0x00 Val: 0x00000000
[inst #2166] lw x7,4(x7)
Register Write to Reg: 0x07 Val: 0x00000003
[inst #2167] addi x0,x0,0
Register Write to Reg: 0x00 Val: 0x00000000
[inst #2168] addi x0,x0,0
Register Write to Reg: 0x00 Val: 0x00000000
[inst #2169] add x30,x0,x7
Register Write to Reg: 0x1E Val: 0x00000003
[inst #2170] add x29,x0,x28
Register Write to Reg: 0x1D Val: 0x00000002
[inst #2171] auipc x1,0
Register Write to Reg: 0x01 Val: 0x0040044C
[inst #2172] sll x0,x0,x0
Register Write to Reg: 0x00 Val: 0x00000000
[inst #2173] sll x0,x0,x0
Register Write to Reg: 0x00 Val: 0x00000000
[inst #2174] sll x0,x0,x0
Register Write to Reg: 0x00 Val: 0x00000000
[inst #2175] addi x1,x1,24
Register Write to Reg: 0x01 Val: 0x00400464
[inst #2176] jal x0,176
Register Write to Reg: 0x00 Val: 0x00400464
[inst #2177] addi x2,x2,-32
Register Write to Reg: 0x02 Val: 0x10010F38
[inst #2178] addi x0,x0,0
Register Write to Reg: 0x00 Val: 0x00000000
[inst #2179] addi x0,x0,0
Register Write to Reg: 0x00 Val: 0x00000000
[inst #2180] sw x8,28(x2)
Memory Write to Addr: 0x10010F54 Val: 0x10010F58
[inst #2181] add x8,x0,x2
Register Write to Reg: 0x08 Val: 0x10010F38
[inst #2182] addi x0,x0,0
Register Write to Reg: 0x00 Val: 0x00000000
[inst #2183] addi x0,x0,0
Register Write to Reg: 0x00 Val: 0x00000000
[inst #2184] sw x29,32(x8)
Memory Write to Addr: 0x10010F58 Val: 0x00000002
[inst #2185] sw x30,36(x8)
Memory Write to Addr: 0x10010F5C Val: 0x00000003
[inst #2186] auipc x7,64528
Register Write to Reg: 0x07 Val: 0x10010534
[inst #2187] sll x0,x0,x0
Register Write to Reg: 0x00 Val: 0x00000000
[inst #2188] sll x0,x0,x0
Register Write to Reg: 0x00 Val: 0x00000000
[inst #2189] sll x0,x0,x0
Register Write to Reg: 0x00 Val: 0x00000000
[inst #2190] addi x7,x7,-1312
Register Write to Reg: 0x07 Val: 0x10010014
[inst #2191] lw x28,32(x8)
Register Write to Reg: 0x1C Val: 0x00000002
[inst #2192] addi x0,x0,0
Register Write to Reg: 0x00 Val: 0x00000000
[inst #2193] addi x0,x0,0
Register Write to Reg: 0x00 Val: 0x00000000
[inst #2194] slli x28,x28,2
Register Write to Reg: 0x1C Val: 0x00000008
[inst #2195] addi x0,x0,0
Register Write to Reg: 0x00 Val: 0x00000000
[inst #2196] addi x0,x0,0
Register Write to Reg: 0x00 Val: 0x00000000
[inst #2197] add x7,x28,x7
Register Write to Reg: 0x07 Val: 0x1001001C
[inst #2198] addi x0,x0,0
Register Write to Reg: 0x00 Val: 0x00000000
[inst #2199] addi x0,x0,0
Register Write to Reg: 0x00 Val: 0x00000000
[inst #2200] lw x7,0(x7)
Register Write to Reg: 0x07 Val: 0x00000000
[inst #2201] addi x0,x0,0
Register Write to Reg: 0x00 Val: 0x00000000
[inst #2202] addi x0,x0,0
Register Write to Reg: 0x00 Val: 0x00000000
[inst #2203] sw x7,16(x8)
Memory Write to Addr: 0x10010F48 Val: 0x00000000
[inst #2204] addi x7,x0,1
Register Write to Reg: 0x07 Val: 0x00000001
[inst #2205] addi x0,x0,0
Register Write to Reg: 0x00 Val: 0x00000000
[inst #2206] addi x0,x0,0
Register Write to Reg: 0x00 Val: 0x00000000
[inst #2207] sw x7,8(x8)
Memory Write to Addr: 0x10010F40 Val: 0x00000001
[inst #2208] sw x0,12(x8)
Memory Write to Addr: 0x10010F44 Val: 0x00000000
[inst #2209] jal x0,60
Register Write to Reg: 0x00 Val: 0x00400594
[inst #2210] lw x28,12(x8)
Register Write to Reg: 0x1C Val: 0x00000000
[inst #2211] lw x7,36(x8)
Register Write to Reg: 0x07 Val: 0x00000003
[inst #2212] addi x0,x0,0
Register Write to Reg: 0x00 Val: 0x00000000
[inst #2213] addi x0,x0,0
Register Write to Reg: 0x00 Val: 0x00000000
[inst #2214] slt x7,x28,x7
Register Write to Reg: 0x07 Val: 0x00000001
[inst #2215] addi x0,x0,0
Register Write to Reg: 0x00 Val: 0x00000000
[inst #2216] addi x0,x0,0
Register Write to Reg: 0x00 Val: 0x00000000
[inst #2217] beq x7,x0,8
[inst #2218] jal x0,-88
Register Write to Reg: 0x00 Val: 0x004005F0
[inst #2219] lw x7,8(x8)
Register Write to Reg: 0x07 Val: 0x00000001
[inst #2220] addi x0,x0,0
Register Write to Reg: 0x00 Val: 0x00000000
[inst #2221] addi x0,x0,0
Register Write to Reg: 0x00 Val: 0x00000000
[inst #2222] slli x7,x7,1
Register Write to Reg: 0x07 Val: 0x00000002
[inst #2223] addi x0,x0,0
Register Write to Reg: 0x00 Val: 0x00000000
[inst #2224] addi x0,x0,0
Register Write to Reg: 0x00 Val: 0x00000000
[inst #2225] sw x7,8(x8)
Memory Write to Addr: 0x10010F40 Val: 0x00000002
[inst #2226] lw x7,12(x8)
Register Write to Reg: 0x07 Val: 0x00000000
[inst #2227] addi x0,x0,0
Register Write to Reg: 0x00 Val: 0x00000000
[inst #2228] addi x0,x0,0
Register Write to Reg: 0x00 Val: 0x00000000
[inst #2229] addi x7,x7,1
Register Write to Reg: 0x07 Val: 0x00000001
[inst #2230] addi x0,x0,0
Register Write to Reg: 0x00 Val: 0x00000000
[inst #2231] addi x0,x0,0
Register Write to Reg: 0x00 Val: 0x00000000
[inst #2232] sw x7,12(x8)
Memory Write to Addr: 0x10010F44 Val: 0x00000001
[inst #2233] lw x28,12(x8)
Register Write to Reg: 0x1C Val: 0x00000001
[inst #2234] lw x7,36(x8)
Register Write to Reg: 0x07 Val: 0x00000003
[inst #2235] addi x0,x0,0
Register Write to Reg: 0x00 Val: 0x00000000
[inst #2236] addi x0,x0,0
Register Write to Reg: 0x00 Val: 0x00000000
[inst #2237] slt x7,x28,x7
Register Write to Reg: 0x07 Val: 0x00000001
[inst #2238] addi x0,x0,0
Register Write to Reg: 0x00 Val: 0x00000000
[inst #2239] addi x0,x0,0
Register Write to Reg: 0x00 Val: 0x00000000
[inst #2240] beq x7,x0,8
[inst #2241] jal x0,-88
Register Write to Reg: 0x00 Val: 0x004005F0
[inst #2242] lw x7,8(x8)
Register Write to Reg: 0x07 Val: 0x00000002
[inst #2243] addi x0,x0,0
Register Write to Reg: 0x00 Val: 0x00000000
[inst #2244] addi x0,x0,0
Register Write to Reg: 0x00 Val: 0x00000000
[inst #2245] slli x7,x7,1
Register Write to Reg: 0x07 Val: 0x00000004
[inst #2246] addi x0,x0,0
Register Write to Reg: 0x00 Val: 0x00000000
[inst #2247] addi x0,x0,0
Register Write to Reg: 0x00 Val: 0x00000000
[inst #2248] sw x7,8(x8)
Memory Write to Addr: 0x10010F40 Val: 0x00000004
[inst #2249] lw x7,12(x8)
Register Write to Reg: 0x07 Val: 0x00000001
[inst #2250] addi x0,x0,0
Register Write to Reg: 0x00 Val: 0x00000000
[inst #2251] addi x0,x0,0
Register Write to Reg: 0x00 Val: 0x00000000
[inst #2252] addi x7,x7,1
Register Write to Reg: 0x07 Val: 0x00000002
[inst #2253] addi x0,x0,0
Register Write to Reg: 0x00 Val: 0x00000000
[inst #2254] addi x0,x0,0
Register Write to Reg: 0x00 Val: 0x00000000
[inst #2255] sw x7,12(x8)
Memory Write to Addr: 0x10010F44 Val: 0x00000002
[inst #2256] lw x28,12(x8)
Register Write to Reg: 0x1C Val: 0x00000002
[inst #2257] lw x7,36(x8)
Register Write to Reg: 0x07 Val: 0x00000003
[inst #2258] addi x0,x0,0
Register Write to Reg: 0x00 Val: 0x00000000
[inst #2259] addi x0,x0,0
Register Write to Reg: 0x00 Val: 0x00000000
[inst #2260] slt x7,x28,x7
Register Write to Reg: 0x07 Val: 0x00000001
[inst #2261] addi x0,x0,0
Register Write to Reg: 0x00 Val: 0x00000000
[inst #2262] addi x0,x0,0
Register Write to Reg: 0x00 Val: 0x00000000
[inst #2263] beq x7,x0,8
[inst #2264] jal x0,-88
Register Write to Reg: 0x00 Val: 0x004005F0
[inst #2265] lw x7,8(x8)
Register Write to Reg: 0x07 Val: 0x00000004
[inst #2266] addi x0,x0,0
Register Write to Reg: 0x00 Val: 0x00000000
[inst #2267] addi x0,x0,0
Register Write to Reg: 0x00 Val: 0x00000000
[inst #2268] slli x7,x7,1
Register Write to Reg: 0x07 Val: 0x00000008
[inst #2269] addi x0,x0,0
Register Write to Reg: 0x00 Val: 0x00000000
[inst #2270] addi x0,x0,0
Register Write to Reg: 0x00 Val: 0x00000000
[inst #2271] sw x7,8(x8)
Memory Write to Addr: 0x10010F40 Val: 0x00000008
[inst #2272] lw x7,12(x8)
Register Write to Reg: 0x07 Val: 0x00000002
[inst #2273] addi x0,x0,0
Register Write to Reg: 0x00 Val: 0x00000000
[inst #2274] addi x0,x0,0
Register Write to Reg: 0x00 Val: 0x00000000
[inst #2275] addi x7,x7,1
Register Write to Reg: 0x07 Val: 0x00000003
[inst #2276] addi x0,x0,0
Register Write to Reg: 0x00 Val: 0x00000000
[inst #2277] addi x0,x0,0
Register Write to Reg: 0x00 Val: 0x00000000
[inst #2278] sw x7,12(x8)
Memory Write to Addr: 0x10010F44 Val: 0x00000003
[inst #2279] lw x28,12(x8)
Register Write to Reg: 0x1C Val: 0x00000003
[inst #2280] lw x7,36(x8)
Register Write to Reg: 0x07 Val: 0x00000003
[inst #2281] addi x0,x0,0
Register Write to Reg: 0x00 Val: 0x00000000
[inst #2282] addi x0,x0,0
Register Write to Reg: 0x00 Val: 0x00000000
[inst #2283] slt x7,x28,x7
Register Write to Reg: 0x07 Val: 0x00000000
[inst #2284] addi x0,x0,0
Register Write to Reg: 0x00 Val: 0x00000000
[inst #2285] addi x0,x0,0
Register Write to Reg: 0x00 Val: 0x00000000
[inst #2286] beq x7,x0,8
[inst #2287] lw x28,8(x8)
Register Write to Reg: 0x1C Val: 0x00000008
[inst #2288] lw x7,16(x8)
Register Write to Reg: 0x07 Val: 0x00000000
[inst #2289] addi x0,x0,0
Register Write to Reg: 0x00 Val: 0x00000000
[inst #2290] addi x0,x0,0
Register Write to Reg: 0x00 Val: 0x00000000
[inst #2291] and x7,x28,x7
Register Write to Reg: 0x07 Val: 0x00000000
[inst #2292] addi x0,x0,0
Register Write to Reg: 0x00 Val: 0x00000000
[inst #2293] addi x0,x0,0
Register Write to Reg: 0x00 Val: 0x00000000
[inst #2294] slt x7,x0,x7
Register Write to Reg: 0x07 Val: 0x00000000
[inst #2295] addi x0,x0,0
Register Write to Reg: 0x00 Val: 0x00000000
[inst #2296] addi x0,x0,0
Register Write to Reg: 0x00 Val: 0x00000000
[inst #2297] andi x7,x7,255
Register Write to Reg: 0x07 Val: 0x00000000
[inst #2298] add x2,x0,x8
Register Write to Reg: 0x02 Val: 0x10010F38
[inst #2299] addi x0,x0,0
Register Write to Reg: 0x00 Val: 0x00000000
[inst #2300] addi x0,x0,0
Register Write to Reg: 0x00 Val: 0x00000000
[inst #2301] lw x8,28(x2)
Register Write to Reg: 0x08 Val: 0x10010F58
[inst #2302] addi x2,x2,32
Register Write to Reg: 0x02 Val: 0x10010F58
[inst #2303] jalr x0,x1,0
Register Write to Reg: 0x00 Val: 0x00400634
[inst #2304] beq x7,x0,52
[inst #2305] lw x7,32(x8)
Register Write to Reg: 0x07 Val: 0x10010F94
[inst #2306] addi x0,x0,0
Register Write to Reg: 0x00 Val: 0x00000000
[inst #2307] addi x0,x0,0
Register Write to Reg: 0x00 Val: 0x00000000
[inst #2308] lw x7,4(x7)
Register Write to Reg: 0x07 Val: 0x00000003
[inst #2309] addi x0,x0,0
Register Write to Reg: 0x00 Val: 0x00000000
[inst #2310] addi x0,x0,0
Register Write to Reg: 0x00 Val: 0x00000000
[inst #2311] addi x28,x7,1
Register Write to Reg: 0x1C Val: 0x00000004
[inst #2312] lw x7,32(x8)
Register Write to Reg: 0x07 Val: 0x10010F94
[inst #2313] addi x0,x0,0
Register Write to Reg: 0x00 Val: 0x00000000
[inst #2314] addi x0,x0,0
Register Write to Reg: 0x00 Val: 0x00000000
[inst #2315] sw x28,4(x7)
Memory Write to Addr: 0x10010F98 Val: 0x00000004
[inst #2316] lw x7,32(x8)
Register Write to Reg: 0x07 Val: 0x10010F94
[inst #2317] addi x0,x0,0
Register Write to Reg: 0x00 Val: 0x00000000
[inst #2318] addi x0,x0,0
Register Write to Reg: 0x00 Val: 0x00000000
[inst #2319] lw x7,4(x7)
Register Write to Reg: 0x07 Val: 0x00000004
[inst #2320] addi x0,x0,0
Register Write to Reg: 0x00 Val: 0x00000000
[inst #2321] addi x0,x0,0
Register Write to Reg: 0x00 Val: 0x00000000
[inst #2322] slti x7,x7,4
Register Write to Reg: 0x07 Val: 0x00000000
[inst #2323] addi x0,x0,0
Register Write to Reg: 0x00 Val: 0x00000000
[inst #2324] addi x0,x0,0
Register Write to Reg: 0x00 Val: 0x00000000
[inst #2325] beq x7,x0,8
[inst #2326] addi x7,x0,-1
Register Write to Reg: 0x07 Val: 0xFFFFFFFF
[inst #2327] add x2,x0,x8
Register Write to Reg: 0x02 Val: 0x10010F58
[inst #2328] addi x0,x0,0
Register Write to Reg: 0x00 Val: 0x00000000
[inst #2329] addi x0,x0,0
Register Write to Reg: 0x00 Val: 0x00000000
[inst #2330] lw x1,28(x2)
Register Write to Reg: 0x01 Val: 0x0040037C
[inst #2331] lw x8,24(x2)
Register Write to Reg: 0x08 Val: 0x10010F78
[inst #2332] addi x2,x2,32
Register Write to Reg: 0x02 Val: 0x10010F78
[inst #2333] jalr x0,x1,0
Register Write to Reg: 0x00 Val: 0x00400510
[inst #2334] sw x7,24(x8)
Memory Write to Addr: 0x10010F90 Val: 0xFFFFFFFF
[inst #2335] jal x0,-444
Register Write to Reg: 0x00 Val: 0x00400384
[inst #2336] lw x28,24(x8)
Register Write to Reg: 0x1C Val: 0xFFFFFFFF
[inst #2337] addi x7,x0,-1
Register Write to Reg: 0x07 Val: 0xFFFFFFFF
[inst #2338] addi x0,x0,0
Register Write to Reg: 0x00 Val: 0x00000000
[inst #2339] addi x0,x0,0
Register Write to Reg: 0x00 Val: 0x00000000
[inst #2340] beq x28,x7,8
[inst #2341] auipc x7,64528
Register Write to Reg: 0x07 Val: 0x100101DC
[inst #2342] sll x0,x0,x0
Register Write to Reg: 0x00 Val: 0x00000000
[inst #2343] sll x0,x0,x0
Register Write to Reg: 0x00 Val: 0x00000000
[inst #2344] sll x0,x0,x0
Register Write to Reg: 0x00 Val: 0x00000000
[inst #2345] addi x7,x7,-436
Register Write to Reg: 0x07 Val: 0x10010028
[inst #2346] addi x0,x0,0
Register Write to Reg: 0x00 Val: 0x00000000
[inst #2347] addi x0,x0,0
Register Write to Reg: 0x00 Val: 0x00000000
[inst #2348] lw x7,0(x7)
Register Write to Reg: 0x07 Val: 0x00000002
[inst #2349] addi x0,x0,0
Register Write to Reg: 0x00 Val: 0x00000000
[inst #2350] addi x0,x0,0
Register Write to Reg: 0x00 Val: 0x00000000
[inst #2351] addi x29,x7,-1
Register Write to Reg: 0x1D Val: 0x00000001
[inst #2352] auipc x28,64528
Register Write to Reg: 0x1C Val: 0x10010208
[inst #2353] sll x0,x0,x0
Register Write to Reg: 0x00 Val: 0x00000000
[inst #2354] sll x0,x0,x0
Register Write to Reg: 0x00 Val: 0x00000000
[inst #2355] sll x0,x0,x0
Register Write to Reg: 0x00 Val: 0x00000000
[inst #2356] addi x28,x28,-480
Register Write to Reg: 0x1C Val: 0x10010028
[inst #2357] addi x0,x0,0
Register Write to Reg: 0x00 Val: 0x00000000
[inst #2358] addi x0,x0,0
Register Write to Reg: 0x00 Val: 0x00000000
[inst #2359] sw x29,0(x28)
Memory Write to Addr: 0x10010028 Val: 0x00000001
[inst #2360] auipc x29,64528
Register Write to Reg: 0x1D Val: 0x10010228
[inst #2361] sll x0,x0,x0
Register Write to Reg: 0x00 Val: 0x00000000
[inst #2362] sll x0,x0,x0
Register Write to Reg: 0x00 Val: 0x00000000
[inst #2363] sll x0,x0,x0
Register Write to Reg: 0x00 Val: 0x00000000
[inst #2364] addi x29,x29,-552
Register Write to Reg: 0x1D Val: 0x10010000
[inst #2365] slli x28,x7,2
Register Write to Reg: 0x1C Val: 0x00000008
[inst #2366] addi x0,x0,0
Register Write to Reg: 0x00 Val: 0x00000000
[inst #2367] addi x0,x0,0
Register Write to Reg: 0x00 Val: 0x00000000
[inst #2368] srli x28,x28,1
Register Write to Reg: 0x1C Val: 0x00000004
[inst #2369] addi x0,x0,0
Register Write to Reg: 0x00 Val: 0x00000000
[inst #2370] addi x0,x0,0
Register Write to Reg: 0x00 Val: 0x00000000
[inst #2371] srai x28,x28,1
Register Write to Reg: 0x1C Val: 0x00000002
[inst #2372] addi x0,x0,0
Register Write to Reg: 0x00 Val: 0x00000000
[inst #2373] addi x0,x0,0
Register Write to Reg: 0x00 Val: 0x00000000
[inst #2374] slli x28,x28,2
Register Write to Reg: 0x1C Val: 0x00000008
[inst #2375] xor x31,x1,x7
Register Write to Reg: 0x1F Val: 0x0040037E
[inst #2376] or x31,x1,x7
Register Write to Reg: 0x1F Val: 0x0040037E
[inst #2377] addi x0,x0,0
Register Write to Reg: 0x00 Val: 0x00000000
[inst #2378] addi x0,x0,0
Register Write to Reg: 0x00 Val: 0x00000000
[inst #2379] sub x31,x0,x31
Register Write to Reg: 0x1F Val: 0xFFBFFC82
[inst #2380] auipc x7,64528
Register Write to Reg: 0x07 Val: 0x10010278
[inst #2381] sll x0,x0,x0
Register Write to Reg: 0x00 Val: 0x00000000
[inst #2382] sll x0,x0,x0
Register Write to Reg: 0x00 Val: 0x00000000
[inst #2383] sll x0,x0,x0
Register Write to Reg: 0x00 Val: 0x00000000
[inst #2384] addi x7,x7,-632
Register Write to Reg: 0x07 Val: 0x10010000
[inst #2385] lui x11,15
Register Write to Reg: 0x0B Val: 0x0000F000
[inst #2386] addi x0,x0,0
Register Write to Reg: 0x00 Val: 0x00000000
[inst #2387] addi x0,x0,0
Register Write to Reg: 0x00 Val: 0x00000000
[inst #2388] addi x11,x11,-1
Register Write to Reg: 0x0B Val: 0x0000EFFF
[inst #2389] addi x0,x0,0
Register Write to Reg: 0x00 Val: 0x00000000
[inst #2390] addi x0,x0,0
Register Write to Reg: 0x00 Val: 0x00000000
[inst #2391] and x31,x7,x11
Register Write to Reg: 0x1F Val: 0x00000000
[inst #2392] addi x0,x0,0
Register Write to Reg: 0x00 Val: 0x00000000
[inst #2393] addi x0,x0,0
Register Write to Reg: 0x00 Val: 0x00000000
[inst #2394] add x7,x29,x31
Register Write to Reg: 0x07 Val: 0x10010000
[inst #2395] addi x0,x0,0
Register Write to Reg: 0x00 Val: 0x00000000
[inst #2396] addi x0,x0,0
Register Write to Reg: 0x00 Val: 0x00000000
[inst #2397] add x7,x28,x7
Register Write to Reg: 0x07 Val: 0x10010008
[inst #2398] lw x28,48(x8)
Register Write to Reg: 0x1C Val: 0x00000002
[inst #2399] addi x0,x0,0
Register Write to Reg: 0x00 Val: 0x00000000
[inst #2400] addi x0,x0,0
Register Write to Reg: 0x00 Val: 0x00000000
[inst #2401] sw x28,0(x7)
Memory Write to Addr: 0x10010008 Val: 0x00000002
[inst #2402] add x2,x0,x8
Register Write to Reg: 0x02 Val: 0x10010F78
[inst #2403] addi x0,x0,0
Register Write to Reg: 0x00 Val: 0x00000000
[inst #2404] addi x0,x0,0
Register Write to Reg: 0x00 Val: 0x00000000
[inst #2405] lw x1,44(x2)
Register Write to Reg: 0x01 Val: 0x00400198
[inst #2406] lw x8,40(x2)
Register Write to Reg: 0x08 Val: 0x10010FA8
[inst #2407] addi x2,x2,48
Register Write to Reg: 0x02 Val: 0x10010FA8
[inst #2408] jalr x0,x1,0
Register Write to Reg: 0x00 Val: 0x004002EC
[inst #2409] addi x7,x8,28
Register Write to Reg: 0x07 Val: 0x10010FC4
[inst #2410] addi x0,x0,0
Register Write to Reg: 0x00 Val: 0x00000000
[inst #2411] addi x0,x0,0
Register Write to Reg: 0x00 Val: 0x00000000
[inst #2412] add x29,x0,x7
Register Write to Reg: 0x1D Val: 0x10010FC4
[inst #2413] auipc x1,0
Register Write to Reg: 0x01 Val: 0x004001A8
[inst #2414] sll x0,x0,x0
Register Write to Reg: 0x00 Val: 0x00000000
[inst #2415] sll x0,x0,x0
Register Write to Reg: 0x00 Val: 0x00000000
[inst #2416] sll x0,x0,x0
Register Write to Reg: 0x00 Val: 0x00000000
[inst #2417] addi x1,x1,24
Register Write to Reg: 0x01 Val: 0x004001C0
[inst #2418] jal x0,568
Register Write to Reg: 0x00 Val: 0x004001C0
[inst #2419] addi x2,x2,-32
Register Write to Reg: 0x02 Val: 0x10010F88
[inst #2420] addi x0,x0,0
Register Write to Reg: 0x00 Val: 0x00000000
[inst #2421] addi x0,x0,0
Register Write to Reg: 0x00 Val: 0x00000000
[inst #2422] sw x1,28(x2)
Memory Write to Addr: 0x10010FA4 Val: 0x004001C0
[inst #2423] sw x8,24(x2)
Memory Write to Addr: 0x10010FA0 Val: 0x10010FA8
[inst #2424] add x8,x0,x2
Register Write to Reg: 0x08 Val: 0x10010F88
[inst #2425] addi x0,x0,0
Register Write to Reg: 0x00 Val: 0x00000000
[inst #2426] addi x0,x0,0
Register Write to Reg: 0x00 Val: 0x00000000
[inst #2427] sw x29,32(x8)
Memory Write to Addr: 0x10010FA8 Val: 0x10010FC4
[inst #2428] jal x0,172
Register Write to Reg: 0x00 Val: 0x0040041C
[inst #2429] lw x7,32(x8)
Register Write to Reg: 0x07 Val: 0x10010FC4
[inst #2430] addi x0,x0,0
Register Write to Reg: 0x00 Val: 0x00000000
[inst #2431] addi x0,x0,0
Register Write to Reg: 0x00 Val: 0x00000000
[inst #2432] lw x7,4(x7)
Register Write to Reg: 0x07 Val: 0x00000003
[inst #2433] addi x0,x0,0
Register Write to Reg: 0x00 Val: 0x00000000
[inst #2434] addi x0,x0,0
Register Write to Reg: 0x00 Val: 0x00000000
[inst #2435] slti x7,x7,4
Register Write to Reg: 0x07 Val: 0x00000001
[inst #2436] addi x0,x0,0
Register Write to Reg: 0x00 Val: 0x00000000
[inst #2437] addi x0,x0,0
Register Write to Reg: 0x00 Val: 0x00000000
[inst #2438] beq x7,x0,8
[inst #2439] jal x0,-208
Register Write to Reg: 0x00 Val: 0x004004F0
[inst #2440] lw x7,32(x8)
Register Write to Reg: 0x07 Val: 0x10010FC4
[inst #2441] addi x0,x0,0
Register Write to Reg: 0x00 Val: 0x00000000
[inst #2442] addi x0,x0,0
Register Write to Reg: 0x00 Val: 0x00000000
[inst #2443] lw x28,0(x7)
Register Write to Reg: 0x1C Val: 0x00000000
[inst #2444] lw x7,32(x8)
Register Write to Reg: 0x07 Val: 0x10010FC4
[inst #2445] addi x0,x0,0
Register Write to Reg: 0x00 Val: 0x00000000
[inst #2446] addi x0,x0,0
Register Write to Reg: 0x00 Val: 0x00000000
[inst #2447] lw x7,4(x7)
Register Write to Reg: 0x07 Val: 0x00000003
[inst #2448] addi x0,x0,0
Register Write to Reg: 0x00 Val: 0x00000000
[inst #2449] addi x0,x0,0
Register Write to Reg: 0x00 Val: 0x00000000
[inst #2450] add x30,x0,x7
Register Write to Reg: 0x1E Val: 0x00000003
[inst #2451] add x29,x0,x28
Register Write to Reg: 0x1D Val: 0x00000000
[inst #2452] auipc x1,0
Register Write to Reg: 0x01 Val: 0x0040044C
[inst #2453] sll x0,x0,x0
Register Write to Reg: 0x00 Val: 0x00000000
[inst #2454] sll x0,x0,x0
Register Write to Reg: 0x00 Val: 0x00000000
[inst #2455] sll x0,x0,x0
Register Write to Reg: 0x00 Val: 0x00000000
[inst #2456] addi x1,x1,24
Register Write to Reg: 0x01 Val: 0x00400464
[inst #2457] jal x0,176
Register Write to Reg: 0x00 Val: 0x00400464
[inst #2458] addi x2,x2,-32
Register Write to Reg: 0x02 Val: 0x10010F68
[inst #2459] addi x0,x0,0
Register Write to Reg: 0x00 Val: 0x00000000
[inst #2460] addi x0,x0,0
Register Write to Reg: 0x00 Val: 0x00000000
[inst #2461] sw x8,28(x2)
Memory Write to Addr: 0x10010F84 Val: 0x10010F88
[inst #2462] add x8,x0,x2
Register Write to Reg: 0x08 Val: 0x10010F68
[inst #2463] addi x0,x0,0
Register Write to Reg: 0x00 Val: 0x00000000
[inst #2464] addi x0,x0,0
Register Write to Reg: 0x00 Val: 0x00000000
[inst #2465] sw x29,32(x8)
Memory Write to Addr: 0x10010F88 Val: 0x00000000
[inst #2466] sw x30,36(x8)
Memory Write to Addr: 0x10010F8C Val: 0x00000003
[inst #2467] auipc x7,64528
Register Write to Reg: 0x07 Val: 0x10010534
[inst #2468] sll x0,x0,x0
Register Write to Reg: 0x00 Val: 0x00000000
[inst #2469] sll x0,x0,x0
Register Write to Reg: 0x00 Val: 0x00000000
[inst #2470] sll x0,x0,x0
Register Write to Reg: 0x00 Val: 0x00000000
[inst #2471] addi x7,x7,-1312
Register Write to Reg: 0x07 Val: 0x10010014
[inst #2472] lw x28,32(x8)
Register Write to Reg: 0x1C Val: 0x00000000
[inst #2473] addi x0,x0,0
Register Write to Reg: 0x00 Val: 0x00000000
[inst #2474] addi x0,x0,0
Register Write to Reg: 0x00 Val: 0x00000000
[inst #2475] slli x28,x28,2
Register Write to Reg: 0x1C Val: 0x00000000
[inst #2476] addi x0,x0,0
Register Write to Reg: 0x00 Val: 0x00000000
[inst #2477] addi x0,x0,0
Register Write to Reg: 0x00 Val: 0x00000000
[inst #2478] add x7,x28,x7
Register Write to Reg: 0x07 Val: 0x10010014
[inst #2479] addi x0,x0,0
Register Write to Reg: 0x00 Val: 0x00000000
[inst #2480] addi x0,x0,0
Register Write to Reg: 0x00 Val: 0x00000000
[inst #2481] lw x7,0(x7)
Register Write to Reg: 0x07 Val: 0x00000006
[inst #2482] addi x0,x0,0
Register Write to Reg: 0x00 Val: 0x00000000
[inst #2483] addi x0,x0,0
Register Write to Reg: 0x00 Val: 0x00000000
[inst #2484] sw x7,16(x8)
Memory Write to Addr: 0x10010F78 Val: 0x00000006
[inst #2485] addi x7,x0,1
Register Write to Reg: 0x07 Val: 0x00000001
[inst #2486] addi x0,x0,0
Register Write to Reg: 0x00 Val: 0x00000000
[inst #2487] addi x0,x0,0
Register Write to Reg: 0x00 Val: 0x00000000
[inst #2488] sw x7,8(x8)
Memory Write to Addr: 0x10010F70 Val: 0x00000001
[inst #2489] sw x0,12(x8)
Memory Write to Addr: 0x10010F74 Val: 0x00000000
[inst #2490] jal x0,60
Register Write to Reg: 0x00 Val: 0x00400594
[inst #2491] lw x28,12(x8)
Register Write to Reg: 0x1C Val: 0x00000000
[inst #2492] lw x7,36(x8)
Register Write to Reg: 0x07 Val: 0x00000003
[inst #2493] addi x0,x0,0
Register Write to Reg: 0x00 Val: 0x00000000
[inst #2494] addi x0,x0,0
Register Write to Reg: 0x00 Val: 0x00000000
[inst #2495] slt x7,x28,x7
Register Write to Reg: 0x07 Val: 0x00000001
[inst #2496] addi x0,x0,0
Register Write to Reg: 0x00 Val: 0x00000000
[inst #2497] addi x0,x0,0
Register Write to Reg: 0x00 Val: 0x00000000
[inst #2498] beq x7,x0,8
[inst #2499] jal x0,-88
Register Write to Reg: 0x00 Val: 0x004005F0
[inst #2500] lw x7,8(x8)
Register Write to Reg: 0x07 Val: 0x00000001
[inst #2501] addi x0,x0,0
Register Write to Reg: 0x00 Val: 0x00000000
[inst #2502] addi x0,x0,0
Register Write to Reg: 0x00 Val: 0x00000000
[inst #2503] slli x7,x7,1
Register Write to Reg: 0x07 Val: 0x00000002
[inst #2504] addi x0,x0,0
Register Write to Reg: 0x00 Val: 0x00000000
[inst #2505] addi x0,x0,0
Register Write to Reg: 0x00 Val: 0x00000000
[inst #2506] sw x7,8(x8)
Memory Write to Addr: 0x10010F70 Val: 0x00000002
[inst #2507] lw x7,12(x8)
Register Write to Reg: 0x07 Val: 0x00000000
[inst #2508] addi x0,x0,0
Register Write to Reg: 0x00 Val: 0x00000000
[inst #2509] addi x0,x0,0
Register Write to Reg: 0x00 Val: 0x00000000
[inst #2510] addi x7,x7,1
Register Write to Reg: 0x07 Val: 0x00000001
[inst #2511] addi x0,x0,0
Register Write to Reg: 0x00 Val: 0x00000000
[inst #2512] addi x0,x0,0
Register Write to Reg: 0x00 Val: 0x00000000
[inst #2513] sw x7,12(x8)
Memory Write to Addr: 0x10010F74 Val: 0x00000001
[inst #2514] lw x28,12(x8)
Register Write to Reg: 0x1C Val: 0x00000001
[inst #2515] lw x7,36(x8)
Register Write to Reg: 0x07 Val: 0x00000003
[inst #2516] addi x0,x0,0
Register Write to Reg: 0x00 Val: 0x00000000
[inst #2517] addi x0,x0,0
Register Write to Reg: 0x00 Val: 0x00000000
[inst #2518] slt x7,x28,x7
Register Write to Reg: 0x07 Val: 0x00000001
[inst #2519] addi x0,x0,0
Register Write to Reg: 0x00 Val: 0x00000000
[inst #2520] addi x0,x0,0
Register Write to Reg: 0x00 Val: 0x00000000
[inst #2521] beq x7,x0,8
[inst #2522] jal x0,-88
Register Write to Reg: 0x00 Val: 0x004005F0
[inst #2523] lw x7,8(x8)
Register Write to Reg: 0x07 Val: 0x00000002
[inst #2524] addi x0,x0,0
Register Write to Reg: 0x00 Val: 0x00000000
[inst #2525] addi x0,x0,0
Register Write to Reg: 0x00 Val: 0x00000000
[inst #2526] slli x7,x7,1
Register Write to Reg: 0x07 Val: 0x00000004
[inst #2527] addi x0,x0,0
Register Write to Reg: 0x00 Val: 0x00000000
[inst #2528] addi x0,x0,0
Register Write to Reg: 0x00 Val: 0x00000000
[inst #2529] sw x7,8(x8)
Memory Write to Addr: 0x10010F70 Val: 0x00000004
[inst #2530] lw x7,12(x8)
Register Write to Reg: 0x07 Val: 0x00000001
[inst #2531] addi x0,x0,0
Register Write to Reg: 0x00 Val: 0x00000000
[inst #2532] addi x0,x0,0
Register Write to Reg: 0x00 Val: 0x00000000
[inst #2533] addi x7,x7,1
Register Write to Reg: 0x07 Val: 0x00000002
[inst #2534] addi x0,x0,0
Register Write to Reg: 0x00 Val: 0x00000000
[inst #2535] addi x0,x0,0
Register Write to Reg: 0x00 Val: 0x00000000
[inst #2536] sw x7,12(x8)
Memory Write to Addr: 0x10010F74 Val: 0x00000002
[inst #2537] lw x28,12(x8)
Register Write to Reg: 0x1C Val: 0x00000002
[inst #2538] lw x7,36(x8)
Register Write to Reg: 0x07 Val: 0x00000003
[inst #2539] addi x0,x0,0
Register Write to Reg: 0x00 Val: 0x00000000
[inst #2540] addi x0,x0,0
Register Write to Reg: 0x00 Val: 0x00000000
[inst #2541] slt x7,x28,x7
Register Write to Reg: 0x07 Val: 0x00000001
[inst #2542] addi x0,x0,0
Register Write to Reg: 0x00 Val: 0x00000000
[inst #2543] addi x0,x0,0
Register Write to Reg: 0x00 Val: 0x00000000
[inst #2544] beq x7,x0,8
[inst #2545] jal x0,-88
Register Write to Reg: 0x00 Val: 0x004005F0
[inst #2546] lw x7,8(x8)
Register Write to Reg: 0x07 Val: 0x00000004
[inst #2547] addi x0,x0,0
Register Write to Reg: 0x00 Val: 0x00000000
[inst #2548] addi x0,x0,0
Register Write to Reg: 0x00 Val: 0x00000000
[inst #2549] slli x7,x7,1
Register Write to Reg: 0x07 Val: 0x00000008
[inst #2550] addi x0,x0,0
Register Write to Reg: 0x00 Val: 0x00000000
[inst #2551] addi x0,x0,0
Register Write to Reg: 0x00 Val: 0x00000000
[inst #2552] sw x7,8(x8)
Memory Write to Addr: 0x10010F70 Val: 0x00000008
[inst #2553] lw x7,12(x8)
Register Write to Reg: 0x07 Val: 0x00000002
[inst #2554] addi x0,x0,0
Register Write to Reg: 0x00 Val: 0x00000000
[inst #2555] addi x0,x0,0
Register Write to Reg: 0x00 Val: 0x00000000
[inst #2556] addi x7,x7,1
Register Write to Reg: 0x07 Val: 0x00000003
[inst #2557] addi x0,x0,0
Register Write to Reg: 0x00 Val: 0x00000000
[inst #2558] addi x0,x0,0
Register Write to Reg: 0x00 Val: 0x00000000
[inst #2559] sw x7,12(x8)
Memory Write to Addr: 0x10010F74 Val: 0x00000003
[inst #2560] lw x28,12(x8)
Register Write to Reg: 0x1C Val: 0x00000003
[inst #2561] lw x7,36(x8)
Register Write to Reg: 0x07 Val: 0x00000003
[inst #2562] addi x0,x0,0
Register Write to Reg: 0x00 Val: 0x00000000
[inst #2563] addi x0,x0,0
Register Write to Reg: 0x00 Val: 0x00000000
[inst #2564] slt x7,x28,x7
Register Write to Reg: 0x07 Val: 0x00000000
[inst #2565] addi x0,x0,0
Register Write to Reg: 0x00 Val: 0x00000000
[inst #2566] addi x0,x0,0
Register Write to Reg: 0x00 Val: 0x00000000
[inst #2567] beq x7,x0,8
[inst #2568] lw x28,8(x8)
Register Write to Reg: 0x1C Val: 0x00000008
[inst #2569] lw x7,16(x8)
Register Write to Reg: 0x07 Val: 0x00000006
[inst #2570] addi x0,x0,0
Register Write to Reg: 0x00 Val: 0x00000000
[inst #2571] addi x0,x0,0
Register Write to Reg: 0x00 Val: 0x00000000
[inst #2572] and x7,x28,x7
Register Write to Reg: 0x07 Val: 0x00000000
[inst #2573] addi x0,x0,0
Register Write to Reg: 0x00 Val: 0x00000000
[inst #2574] addi x0,x0,0
Register Write to Reg: 0x00 Val: 0x00000000
[inst #2575] slt x7,x0,x7
Register Write to Reg: 0x07 Val: 0x00000000
[inst #2576] addi x0,x0,0
Register Write to Reg: 0x00 Val: 0x00000000
[inst #2577] addi x0,x0,0
Register Write to Reg: 0x00 Val: 0x00000000
[inst #2578] andi x7,x7,255
Register Write to Reg: 0x07 Val: 0x00000000
[inst #2579] add x2,x0,x8
Register Write to Reg: 0x02 Val: 0x10010F68
[inst #2580] addi x0,x0,0
Register Write to Reg: 0x00 Val: 0x00000000
[inst #2581] addi x0,x0,0
Register Write to Reg: 0x00 Val: 0x00000000
[inst #2582] lw x8,28(x2)
Register Write to Reg: 0x08 Val: 0x10010F88
[inst #2583] addi x2,x2,32
Register Write to Reg: 0x02 Val: 0x10010F88
[inst #2584] jalr x0,x1,0
Register Write to Reg: 0x00 Val: 0x00400634
[inst #2585] beq x7,x0,52
[inst #2586] lw x7,32(x8)
Register Write to Reg: 0x07 Val: 0x10010FC4
[inst #2587] addi x0,x0,0
Register Write to Reg: 0x00 Val: 0x00000000
[inst #2588] addi x0,x0,0
Register Write to Reg: 0x00 Val: 0x00000000
[inst #2589] lw x7,4(x7)
Register Write to Reg: 0x07 Val: 0x00000003
[inst #2590] addi x0,x0,0
Register Write to Reg: 0x00 Val: 0x00000000
[inst #2591] addi x0,x0,0
Register Write to Reg: 0x00 Val: 0x00000000
[inst #2592] addi x28,x7,1
Register Write to Reg: 0x1C Val: 0x00000004
[inst #2593] lw x7,32(x8)
Register Write to Reg: 0x07 Val: 0x10010FC4
[inst #2594] addi x0,x0,0
Register Write to Reg: 0x00 Val: 0x00000000
[inst #2595] addi x0,x0,0
Register Write to Reg: 0x00 Val: 0x00000000
[inst #2596] sw x28,4(x7)
Memory Write to Addr: 0x10010FC8 Val: 0x00000004
[inst #2597] lw x7,32(x8)
Register Write to Reg: 0x07 Val: 0x10010FC4
[inst #2598] addi x0,x0,0
Register Write to Reg: 0x00 Val: 0x00000000
[inst #2599] addi x0,x0,0
Register Write to Reg: 0x00 Val: 0x00000000
[inst #2600] lw x7,4(x7)
Register Write to Reg: 0x07 Val: 0x00000004
[inst #2601] addi x0,x0,0
Register Write to Reg: 0x00 Val: 0x00000000
[inst #2602] addi x0,x0,0
Register Write to Reg: 0x00 Val: 0x00000000
[inst #2603] slti x7,x7,4
Register Write to Reg: 0x07 Val: 0x00000000
[inst #2604] addi x0,x0,0
Register Write to Reg: 0x00 Val: 0x00000000
[inst #2605] addi x0,x0,0
Register Write to Reg: 0x00 Val: 0x00000000
[inst #2606] beq x7,x0,8
[inst #2607] addi x7,x0,-1
Register Write to Reg: 0x07 Val: 0xFFFFFFFF
[inst #2608] add x2,x0,x8
Register Write to Reg: 0x02 Val: 0x10010F88
[inst #2609] addi x0,x0,0
Register Write to Reg: 0x00 Val: 0x00000000
[inst #2610] addi x0,x0,0
Register Write to Reg: 0x00 Val: 0x00000000
[inst #2611] lw x1,28(x2)
Register Write to Reg: 0x01 Val: 0x004001C0
[inst #2612] lw x8,24(x2)
Register Write to Reg: 0x08 Val: 0x10010FA8
[inst #2613] addi x2,x2,32
Register Write to Reg: 0x02 Val: 0x10010FA8
[inst #2614] jalr x0,x1,0
Register Write to Reg: 0x00 Val: 0x00400510
[inst #2615] sw x7,24(x8)
Memory Write to Addr: 0x10010FC0 Val: 0xFFFFFFFF
[inst #2616] lw x28,24(x8)
Register Write to Reg: 0x1C Val: 0xFFFFFFFF
[inst #2617] addi x7,x0,-1
Register Write to Reg: 0x07 Val: 0xFFFFFFFF
[inst #2618] addi x0,x0,0
Register Write to Reg: 0x00 Val: 0x00000000
[inst #2619] addi x0,x0,0
Register Write to Reg: 0x00 Val: 0x00000000
[inst #2620] beq x28,x7,8
[inst #2621] auipc x7,64528
Register Write to Reg: 0x07 Val: 0x100101DC
[inst #2622] sll x0,x0,x0
Register Write to Reg: 0x00 Val: 0x00000000
[inst #2623] sll x0,x0,x0
Register Write to Reg: 0x00 Val: 0x00000000
[inst #2624] sll x0,x0,x0
Register Write to Reg: 0x00 Val: 0x00000000
[inst #2625] addi x7,x7,-436
Register Write to Reg: 0x07 Val: 0x10010028
[inst #2626] addi x0,x0,0
Register Write to Reg: 0x00 Val: 0x00000000
[inst #2627] addi x0,x0,0
Register Write to Reg: 0x00 Val: 0x00000000
[inst #2628] lw x7,0(x7)
Register Write to Reg: 0x07 Val: 0x00000001
[inst #2629] addi x0,x0,0
Register Write to Reg: 0x00 Val: 0x00000000
[inst #2630] addi x0,x0,0
Register Write to Reg: 0x00 Val: 0x00000000
[inst #2631] addi x29,x7,-1
Register Write to Reg: 0x1D Val: 0x00000000
[inst #2632] auipc x28,64528
Register Write to Reg: 0x1C Val: 0x10010208
[inst #2633] sll x0,x0,x0
Register Write to Reg: 0x00 Val: 0x00000000
[inst #2634] sll x0,x0,x0
Register Write to Reg: 0x00 Val: 0x00000000
[inst #2635] sll x0,x0,x0
Register Write to Reg: 0x00 Val: 0x00000000
[inst #2636] addi x28,x28,-480
Register Write to Reg: 0x1C Val: 0x10010028
[inst #2637] addi x0,x0,0
Register Write to Reg: 0x00 Val: 0x00000000
[inst #2638] addi x0,x0,0
Register Write to Reg: 0x00 Val: 0x00000000
[inst #2639] sw x29,0(x28)
Memory Write to Addr: 0x10010028 Val: 0x00000000
[inst #2640] auipc x29,64528
Register Write to Reg: 0x1D Val: 0x10010228
[inst #2641] sll x0,x0,x0
Register Write to Reg: 0x00 Val: 0x00000000
[inst #2642] sll x0,x0,x0
Register Write to Reg: 0x00 Val: 0x00000000
[inst #2643] sll x0,x0,x0
Register Write to Reg: 0x00 Val: 0x00000000
[inst #2644] addi x29,x29,-552
Register Write to Reg: 0x1D Val: 0x10010000
[inst #2645] slli x28,x7,2
Register Write to Reg: 0x1C Val: 0x00000004
[inst #2646] addi x0,x0,0
Register Write to Reg: 0x00 Val: 0x00000000
[inst #2647] addi x0,x0,0
Register Write to Reg: 0x00 Val: 0x00000000
[inst #2648] srli x28,x28,1
Register Write to Reg: 0x1C Val: 0x00000002
[inst #2649] addi x0,x0,0
Register Write to Reg: 0x00 Val: 0x00000000
[inst #2650] addi x0,x0,0
Register Write to Reg: 0x00 Val: 0x00000000
[inst #2651] srai x28,x28,1
Register Write to Reg: 0x1C Val: 0x00000001
[inst #2652] addi x0,x0,0
Register Write to Reg: 0x00 Val: 0x00000000
[inst #2653] addi x0,x0,0
Register Write to Reg: 0x00 Val: 0x00000000
[inst #2654] slli x28,x28,2
Register Write to Reg: 0x1C Val: 0x00000004
[inst #2655] xor x31,x1,x7
Register Write to Reg: 0x1F Val: 0x004001C1
[inst #2656] or x31,x1,x7
Register Write to Reg: 0x1F Val: 0x004001C1
[inst #2657] addi x0,x0,0
Register Write to Reg: 0x00 Val: 0x00000000
[inst #2658] addi x0,x0,0
Register Write to Reg: 0x00 Val: 0x00000000
[inst #2659] sub x31,x0,x31
Register Write to Reg: 0x1F Val: 0xFFBFFE3F
[inst #2660] auipc x7,64528
Register Write to Reg: 0x07 Val: 0x10010278
[inst #2661] sll x0,x0,x0
Register Write to Reg: 0x00 Val: 0x00000000
[inst #2662] sll x0,x0,x0
Register Write to Reg: 0x00 Val: 0x00000000
[inst #2663] sll x0,x0,x0
Register Write to Reg: 0x00 Val: 0x00000000
[inst #2664] addi x7,x7,-632
Register Write to Reg: 0x07 Val: 0x10010000
[inst #2665] lui x11,15
Register Write to Reg: 0x0B Val: 0x0000F000
[inst #2666] addi x0,x0,0
Register Write to Reg: 0x00 Val: 0x00000000
[inst #2667] addi x0,x0,0
Register Write to Reg: 0x00 Val: 0x00000000
[inst #2668] addi x11,x11,-1
Register Write to Reg: 0x0B Val: 0x0000EFFF
[inst #2669] addi x0,x0,0
Register Write to Reg: 0x00 Val: 0x00000000
[inst #2670] addi x0,x0,0
Register Write to Reg: 0x00 Val: 0x00000000
[inst #2671] and x31,x7,x11
Register Write to Reg: 0x1F Val: 0x00000000
[inst #2672] addi x0,x0,0
Register Write to Reg: 0x00 Val: 0x00000000
[inst #2673] addi x0,x0,0
Register Write to Reg: 0x00 Val: 0x00000000
[inst #2674] add x7,x29,x31
Register Write to Reg: 0x07 Val: 0x10010000
[inst #2675] addi x0,x0,0
Register Write to Reg: 0x00 Val: 0x00000000
[inst #2676] addi x0,x0,0
Register Write to Reg: 0x00 Val: 0x00000000
[inst #2677] add x7,x28,x7
Register Write to Reg: 0x07 Val: 0x10010004
[inst #2678] lw x28,48(x8)
Register Write to Reg: 0x1C Val: 0x00000000
[inst #2679] addi x0,x0,0
Register Write to Reg: 0x00 Val: 0x00000000
[inst #2680] addi x0,x0,0
Register Write to Reg: 0x00 Val: 0x00000000
[inst #2681] sw x28,0(x7)
Memory Write to Addr: 0x10010004 Val: 0x00000000
[inst #2682] add x2,x0,x8
Register Write to Reg: 0x02 Val: 0x10010FA8
[inst #2683] addi x0,x0,0
Register Write to Reg: 0x00 Val: 0x00000000
[inst #2684] addi x0,x0,0
Register Write to Reg: 0x00 Val: 0x00000000
[inst #2685] lw x1,44(x2)
Register Write to Reg: 0x01 Val: 0x0040009C
[inst #2686] lw x8,40(x2)
Register Write to Reg: 0x08 Val: 0x10010FD8
[inst #2687] addi x2,x2,48
Register Write to Reg: 0x02 Val: 0x10010FD8
[inst #2688] jalr x0,x1,0
Register Write to Reg: 0x00 Val: 0x004002EC
[inst #2689] lw x7,24(x8)
Register Write to Reg: 0x07 Val: 0x00000000
[inst #2690] addi x0,x0,0
Register Write to Reg: 0x00 Val: 0x00000000
[inst #2691] addi x0,x0,0
Register Write to Reg: 0x00 Val: 0x00000000
[inst #2692] addi x7,x7,1
Register Write to Reg: 0x07 Val: 0x00000001
[inst #2693] addi x0,x0,0
Register Write to Reg: 0x00 Val: 0x00000000
[inst #2694] addi x0,x0,0
Register Write to Reg: 0x00 Val: 0x00000000
[inst #2695] sw x7,24(x8)
Memory Write to Addr: 0x10010FF0 Val: 0x00000001
[inst #2696] addi x0,x0,0
Register Write to Reg: 0x00 Val: 0x00000000
[inst #2697] addi x0,x0,0
Register Write to Reg: 0x00 Val: 0x00000000
[inst #2698] lw x7,24(x8)
Register Write to Reg: 0x07 Val: 0x00000001
[inst #2699] addi x0,x0,0
Register Write to Reg: 0x00 Val: 0x00000000
[inst #2700] addi x0,x0,0
Register Write to Reg: 0x00 Val: 0x00000000
[inst #2701] slti x7,x7,4
Register Write to Reg: 0x07 Val: 0x00000001
[inst #2702] addi x0,x0,0
Register Write to Reg: 0x00 Val: 0x00000000
[inst #2703] addi x0,x0,0
Register Write to Reg: 0x00 Val: 0x00000000
[inst #2704] beq x7,x0,8
[inst #2705] jal x0,-148
Register Write to Reg: 0x00 Val: 0x004000E0
[inst #2706] lw x29,24(x8)
Register Write to Reg: 0x1D Val: 0x00000001
[inst #2707] auipc x1,0
Register Write to Reg: 0x01 Val: 0x0040004C
[inst #2708] sll x0,x0,x0
Register Write to Reg: 0x00 Val: 0x00000000
[inst #2709] sll x0,x0,x0
Register Write to Reg: 0x00 Val: 0x00000000
[inst #2710] sll x0,x0,x0
Register Write to Reg: 0x00 Val: 0x00000000
[inst #2711] addi x1,x1,24
Register Write to Reg: 0x01 Val: 0x00400064
[inst #2712] jal x0,1744
Register Write to Reg: 0x00 Val: 0x00400064
[inst #2713] addi x2,x2,-32
Register Write to Reg: 0x02 Val: 0x10010FB8
[inst #2714] addi x0,x0,0
Register Write to Reg: 0x00 Val: 0x00000000
[inst #2715] addi x0,x0,0
Register Write to Reg: 0x00 Val: 0x00000000
[inst #2716] sw x8,28(x2)
Memory Write to Addr: 0x10010FD4 Val: 0x10010FD8
[inst #2717] add x8,x0,x2
Register Write to Reg: 0x08 Val: 0x10010FB8
[inst #2718] addi x0,x0,0
Register Write to Reg: 0x00 Val: 0x00000000
[inst #2719] addi x0,x0,0
Register Write to Reg: 0x00 Val: 0x00000000
[inst #2720] sw x29,32(x8)
Memory Write to Addr: 0x10010FD8 Val: 0x00000001
[inst #2721] ori x7,x0,1
Register Write to Reg: 0x07 Val: 0x00000001
[inst #2722] addi x0,x0,0
Register Write to Reg: 0x00 Val: 0x00000000
[inst #2723] addi x0,x0,0
Register Write to Reg: 0x00 Val: 0x00000000
[inst #2724] sw x7,8(x8)
Memory Write to Addr: 0x10010FC0 Val: 0x00000001
[inst #2725] sw x0,12(x8)
Memory Write to Addr: 0x10010FC4 Val: 0x00000000
[inst #2726] jal x0,60
Register Write to Reg: 0x00 Val: 0x00400768
[inst #2727] lw x28,12(x8)
Register Write to Reg: 0x1C Val: 0x00000000
[inst #2728] lw x7,32(x8)
Register Write to Reg: 0x07 Val: 0x00000001
[inst #2729] addi x0,x0,0
Register Write to Reg: 0x00 Val: 0x00000000
[inst #2730] addi x0,x0,0
Register Write to Reg: 0x00 Val: 0x00000000
[inst #2731] slt x7,x28,x7
Register Write to Reg: 0x07 Val: 0x00000001
[inst #2732] addi x0,x0,0
Register Write to Reg: 0x00 Val: 0x00000000
[inst #2733] addi x0,x0,0
Register Write to Reg: 0x00 Val: 0x00000000
[inst #2734] beq x7,x0,8
[inst #2735] jal x0,-88
Register Write to Reg: 0x00 Val: 0x004007C4
[inst #2736] lw x7,8(x8)
Register Write to Reg: 0x07 Val: 0x00000001
[inst #2737] addi x0,x0,0
Register Write to Reg: 0x00 Val: 0x00000000
[inst #2738] addi x0,x0,0
Register Write to Reg: 0x00 Val: 0x00000000
[inst #2739] slli x7,x7,8
Register Write to Reg: 0x07 Val: 0x00000100
[inst #2740] addi x0,x0,0
Register Write to Reg: 0x00 Val: 0x00000000
[inst #2741] addi x0,x0,0
Register Write to Reg: 0x00 Val: 0x00000000
[inst #2742] sw x7,8(x8)
Memory Write to Addr: 0x10010FC0 Val: 0x00000100
[inst #2743] lw x7,12(x8)
Register Write to Reg: 0x07 Val: 0x00000000
[inst #2744] addi x0,x0,0
Register Write to Reg: 0x00 Val: 0x00000000
[inst #2745] addi x0,x0,0
Register Write to Reg: 0x00 Val: 0x00000000
[inst #2746] addi x7,x7,1
Register Write to Reg: 0x07 Val: 0x00000001
[inst #2747] addi x0,x0,0
Register Write to Reg: 0x00 Val: 0x00000000
[inst #2748] addi x0,x0,0
Register Write to Reg: 0x00 Val: 0x00000000
[inst #2749] sw x7,12(x8)
Memory Write to Addr: 0x10010FC4 Val: 0x00000001
[inst #2750] lw x28,12(x8)
Register Write to Reg: 0x1C Val: 0x00000001
[inst #2751] lw x7,32(x8)
Register Write to Reg: 0x07 Val: 0x00000001
[inst #2752] addi x0,x0,0
Register Write to Reg: 0x00 Val: 0x00000000
[inst #2753] addi x0,x0,0
Register Write to Reg: 0x00 Val: 0x00000000
[inst #2754] slt x7,x28,x7
Register Write to Reg: 0x07 Val: 0x00000000
[inst #2755] addi x0,x0,0
Register Write to Reg: 0x00 Val: 0x00000000
[inst #2756] addi x0,x0,0
Register Write to Reg: 0x00 Val: 0x00000000
[inst #2757] beq x7,x0,8
[inst #2758] auipc x7,64528
Register Write to Reg: 0x07 Val: 0x100107C4
[inst #2759] sll x0,x0,x0
Register Write to Reg: 0x00 Val: 0x00000000
[inst #2760] sll x0,x0,x0
Register Write to Reg: 0x00 Val: 0x00000000
[inst #2761] sll x0,x0,x0
Register Write to Reg: 0x00 Val: 0x00000000
[inst #2762] addi x7,x7,-1952
Register Write to Reg: 0x07 Val: 0x10010024
[inst #2763] addi x0,x0,0
Register Write to Reg: 0x00 Val: 0x00000000
[inst #2764] addi x0,x0,0
Register Write to Reg: 0x00 Val: 0x00000000
[inst #2765] lw x7,0(x7)
Register Write to Reg: 0x07 Val: 0x00010101
[inst #2766] addi x0,x0,0
Register Write to Reg: 0x00 Val: 0x00000000
[inst #2767] addi x0,x0,0
Register Write to Reg: 0x00 Val: 0x00000000
[inst #2768] sw x7,16(x8)
Memory Write to Addr: 0x10010FC8 Val: 0x00010101
[inst #2769] lw x28,16(x8)
Register Write to Reg: 0x1C Val: 0x00010101
[inst #2770] lw x7,8(x8)
Register Write to Reg: 0x07 Val: 0x00000100
[inst #2771] addi x0,x0,0
Register Write to Reg: 0x00 Val: 0x00000000
[inst #2772] addi x0,x0,0
Register Write to Reg: 0x00 Val: 0x00000000
[inst #2773] and x7,x28,x7
Register Write to Reg: 0x07 Val: 0x00000100
[inst #2774] addi x0,x0,0
Register Write to Reg: 0x00 Val: 0x00000000
[inst #2775] addi x0,x0,0
Register Write to Reg: 0x00 Val: 0x00000000
[inst #2776] slt x7,x0,x7
Register Write to Reg: 0x07 Val: 0x00000001
[inst #2777] addi x0,x0,0
Register Write to Reg: 0x00 Val: 0x00000000
[inst #2778] addi x0,x0,0
Register Write to Reg: 0x00 Val: 0x00000000
[inst #2779] andi x7,x7,255
Register Write to Reg: 0x07 Val: 0x00000001
[inst #2780] add x2,x0,x8
Register Write to Reg: 0x02 Val: 0x10010FB8
[inst #2781] addi x0,x0,0
Register Write to Reg: 0x00 Val: 0x00000000
[inst #2782] addi x0,x0,0
Register Write to Reg: 0x00 Val: 0x00000000
[inst #2783] lw x8,28(x2)
Register Write to Reg: 0x08 Val: 0x10010FD8
[inst #2784] addi x2,x2,32
Register Write to Reg: 0x02 Val: 0x10010FD8
[inst #2785] jalr x0,x1,0
Register Write to Reg: 0x00 Val: 0x00400834
[inst #2786] xori x7,x7,1
Register Write to Reg: 0x07 Val: 0x00000000
[inst #2787] addi x0,x0,0
Register Write to Reg: 0x00 Val: 0x00000000
[inst #2788] addi x0,x0,0
Register Write to Reg: 0x00 Val: 0x00000000
[inst #2789] andi x7,x7,255
Register Write to Reg: 0x07 Val: 0x00000000
[inst #2790] addi x0,x0,0
Register Write to Reg: 0x00 Val: 0x00000000
[inst #2791] addi x0,x0,0
Register Write to Reg: 0x00 Val: 0x00000000
[inst #2792] beq x7,x0,32
[inst #2793] lw x7,24(x8)
Register Write to Reg: 0x07 Val: 0x00000001
[inst #2794] addi x0,x0,0
Register Write to Reg: 0x00 Val: 0x00000000
[inst #2795] addi x0,x0,0
Register Write to Reg: 0x00 Val: 0x00000000
[inst #2796] addi x7,x7,1
Register Write to Reg: 0x07 Val: 0x00000002
[inst #2797] addi x0,x0,0
Register Write to Reg: 0x00 Val: 0x00000000
[inst #2798] addi x0,x0,0
Register Write to Reg: 0x00 Val: 0x00000000
[inst #2799] sw x7,24(x8)
Memory Write to Addr: 0x10010FF0 Val: 0x00000002
[inst #2800] addi x0,x0,0
Register Write to Reg: 0x00 Val: 0x00000000
[inst #2801] addi x0,x0,0
Register Write to Reg: 0x00 Val: 0x00000000
[inst #2802] lw x7,24(x8)
Register Write to Reg: 0x07 Val: 0x00000002
[inst #2803] addi x0,x0,0
Register Write to Reg: 0x00 Val: 0x00000000
[inst #2804] addi x0,x0,0
Register Write to Reg: 0x00 Val: 0x00000000
[inst #2805] slti x7,x7,4
Register Write to Reg: 0x07 Val: 0x00000001
[inst #2806] addi x0,x0,0
Register Write to Reg: 0x00 Val: 0x00000000
[inst #2807] addi x0,x0,0
Register Write to Reg: 0x00 Val: 0x00000000
[inst #2808] beq x7,x0,8
[inst #2809] jal x0,-148
Register Write to Reg: 0x00 Val: 0x004000E0
[inst #2810] lw x29,24(x8)
Register Write to Reg: 0x1D Val: 0x00000002
[inst #2811] auipc x1,0
Register Write to Reg: 0x01 Val: 0x0040004C
[inst #2812] sll x0,x0,x0
Register Write to Reg: 0x00 Val: 0x00000000
[inst #2813] sll x0,x0,x0
Register Write to Reg: 0x00 Val: 0x00000000
[inst #2814] sll x0,x0,x0
Register Write to Reg: 0x00 Val: 0x00000000
[inst #2815] addi x1,x1,24
Register Write to Reg: 0x01 Val: 0x00400064
[inst #2816] jal x0,1744
Register Write to Reg: 0x00 Val: 0x00400064
[inst #2817] addi x2,x2,-32
Register Write to Reg: 0x02 Val: 0x10010FB8
[inst #2818] addi x0,x0,0
Register Write to Reg: 0x00 Val: 0x00000000
[inst #2819] addi x0,x0,0
Register Write to Reg: 0x00 Val: 0x00000000
[inst #2820] sw x8,28(x2)
Memory Write to Addr: 0x10010FD4 Val: 0x10010FD8
[inst #2821] add x8,x0,x2
Register Write to Reg: 0x08 Val: 0x10010FB8
[inst #2822] addi x0,x0,0
Register Write to Reg: 0x00 Val: 0x00000000
[inst #2823] addi x0,x0,0
Register Write to Reg: 0x00 Val: 0x00000000
[inst #2824] sw x29,32(x8)
Memory Write to Addr: 0x10010FD8 Val: 0x00000002
[inst #2825] ori x7,x0,1
Register Write to Reg: 0x07 Val: 0x00000001
[inst #2826] addi x0,x0,0
Register Write to Reg: 0x00 Val: 0x00000000
[inst #2827] addi x0,x0,0
Register Write to Reg: 0x00 Val: 0x00000000
[inst #2828] sw x7,8(x8)
Memory Write to Addr: 0x10010FC0 Val: 0x00000001
[inst #2829] sw x0,12(x8)
Memory Write to Addr: 0x10010FC4 Val: 0x00000000
[inst #2830] jal x0,60
Register Write to Reg: 0x00 Val: 0x00400768
[inst #2831] lw x28,12(x8)
Register Write to Reg: 0x1C Val: 0x00000000
[inst #2832] lw x7,32(x8)
Register Write to Reg: 0x07 Val: 0x00000002
[inst #2833] addi x0,x0,0
Register Write to Reg: 0x00 Val: 0x00000000
[inst #2834] addi x0,x0,0
Register Write to Reg: 0x00 Val: 0x00000000
[inst #2835] slt x7,x28,x7
Register Write to Reg: 0x07 Val: 0x00000001
[inst #2836] addi x0,x0,0
Register Write to Reg: 0x00 Val: 0x00000000
[inst #2837] addi x0,x0,0
Register Write to Reg: 0x00 Val: 0x00000000
[inst #2838] beq x7,x0,8
[inst #2839] jal x0,-88
Register Write to Reg: 0x00 Val: 0x004007C4
[inst #2840] lw x7,8(x8)
Register Write to Reg: 0x07 Val: 0x00000001
[inst #2841] addi x0,x0,0
Register Write to Reg: 0x00 Val: 0x00000000
[inst #2842] addi x0,x0,0
Register Write to Reg: 0x00 Val: 0x00000000
[inst #2843] slli x7,x7,8
Register Write to Reg: 0x07 Val: 0x00000100
[inst #2844] addi x0,x0,0
Register Write to Reg: 0x00 Val: 0x00000000
[inst #2845] addi x0,x0,0
Register Write to Reg: 0x00 Val: 0x00000000
[inst #2846] sw x7,8(x8)
Memory Write to Addr: 0x10010FC0 Val: 0x00000100
[inst #2847] lw x7,12(x8)
Register Write to Reg: 0x07 Val: 0x00000000
[inst #2848] addi x0,x0,0
Register Write to Reg: 0x00 Val: 0x00000000
[inst #2849] addi x0,x0,0
Register Write to Reg: 0x00 Val: 0x00000000
[inst #2850] addi x7,x7,1
Register Write to Reg: 0x07 Val: 0x00000001
[inst #2851] addi x0,x0,0
Register Write to Reg: 0x00 Val: 0x00000000
[inst #2852] addi x0,x0,0
Register Write to Reg: 0x00 Val: 0x00000000
[inst #2853] sw x7,12(x8)
Memory Write to Addr: 0x10010FC4 Val: 0x00000001
[inst #2854] lw x28,12(x8)
Register Write to Reg: 0x1C Val: 0x00000001
[inst #2855] lw x7,32(x8)
Register Write to Reg: 0x07 Val: 0x00000002
[inst #2856] addi x0,x0,0
Register Write to Reg: 0x00 Val: 0x00000000
[inst #2857] addi x0,x0,0
Register Write to Reg: 0x00 Val: 0x00000000
[inst #2858] slt x7,x28,x7
Register Write to Reg: 0x07 Val: 0x00000001
[inst #2859] addi x0,x0,0
Register Write to Reg: 0x00 Val: 0x00000000
[inst #2860] addi x0,x0,0
Register Write to Reg: 0x00 Val: 0x00000000
[inst #2861] beq x7,x0,8
[inst #2862] jal x0,-88
Register Write to Reg: 0x00 Val: 0x004007C4
[inst #2863] lw x7,8(x8)
Register Write to Reg: 0x07 Val: 0x00000100
[inst #2864] addi x0,x0,0
Register Write to Reg: 0x00 Val: 0x00000000
[inst #2865] addi x0,x0,0
Register Write to Reg: 0x00 Val: 0x00000000
[inst #2866] slli x7,x7,8
Register Write to Reg: 0x07 Val: 0x00010000
[inst #2867] addi x0,x0,0
Register Write to Reg: 0x00 Val: 0x00000000
[inst #2868] addi x0,x0,0
Register Write to Reg: 0x00 Val: 0x00000000
[inst #2869] sw x7,8(x8)
Memory Write to Addr: 0x10010FC0 Val: 0x00010000
[inst #2870] lw x7,12(x8)
Register Write to Reg: 0x07 Val: 0x00000001
[inst #2871] addi x0,x0,0
Register Write to Reg: 0x00 Val: 0x00000000
[inst #2872] addi x0,x0,0
Register Write to Reg: 0x00 Val: 0x00000000
[inst #2873] addi x7,x7,1
Register Write to Reg: 0x07 Val: 0x00000002
[inst #2874] addi x0,x0,0
Register Write to Reg: 0x00 Val: 0x00000000
[inst #2875] addi x0,x0,0
Register Write to Reg: 0x00 Val: 0x00000000
[inst #2876] sw x7,12(x8)
Memory Write to Addr: 0x10010FC4 Val: 0x00000002
[inst #2877] lw x28,12(x8)
Register Write to Reg: 0x1C Val: 0x00000002
[inst #2878] lw x7,32(x8)
Register Write to Reg: 0x07 Val: 0x00000002
[inst #2879] addi x0,x0,0
Register Write to Reg: 0x00 Val: 0x00000000
[inst #2880] addi x0,x0,0
Register Write to Reg: 0x00 Val: 0x00000000
[inst #2881] slt x7,x28,x7
Register Write to Reg: 0x07 Val: 0x00000000
[inst #2882] addi x0,x0,0
Register Write to Reg: 0x00 Val: 0x00000000
[inst #2883] addi x0,x0,0
Register Write to Reg: 0x00 Val: 0x00000000
[inst #2884] beq x7,x0,8
[inst #2885] auipc x7,64528
Register Write to Reg: 0x07 Val: 0x100107C4
[inst #2886] sll x0,x0,x0
Register Write to Reg: 0x00 Val: 0x00000000
[inst #2887] sll x0,x0,x0
Register Write to Reg: 0x00 Val: 0x00000000
[inst #2888] sll x0,x0,x0
Register Write to Reg: 0x00 Val: 0x00000000
[inst #2889] addi x7,x7,-1952
Register Write to Reg: 0x07 Val: 0x10010024
[inst #2890] addi x0,x0,0
Register Write to Reg: 0x00 Val: 0x00000000
[inst #2891] addi x0,x0,0
Register Write to Reg: 0x00 Val: 0x00000000
[inst #2892] lw x7,0(x7)
Register Write to Reg: 0x07 Val: 0x00010101
[inst #2893] addi x0,x0,0
Register Write to Reg: 0x00 Val: 0x00000000
[inst #2894] addi x0,x0,0
Register Write to Reg: 0x00 Val: 0x00000000
[inst #2895] sw x7,16(x8)
Memory Write to Addr: 0x10010FC8 Val: 0x00010101
[inst #2896] lw x28,16(x8)
Register Write to Reg: 0x1C Val: 0x00010101
[inst #2897] lw x7,8(x8)
Register Write to Reg: 0x07 Val: 0x00010000
[inst #2898] addi x0,x0,0
Register Write to Reg: 0x00 Val: 0x00000000
[inst #2899] addi x0,x0,0
Register Write to Reg: 0x00 Val: 0x00000000
[inst #2900] and x7,x28,x7
Register Write to Reg: 0x07 Val: 0x00010000
[inst #2901] addi x0,x0,0
Register Write to Reg: 0x00 Val: 0x00000000
[inst #2902] addi x0,x0,0
Register Write to Reg: 0x00 Val: 0x00000000
[inst #2903] slt x7,x0,x7
Register Write to Reg: 0x07 Val: 0x00000001
[inst #2904] addi x0,x0,0
Register Write to Reg: 0x00 Val: 0x00000000
[inst #2905] addi x0,x0,0
Register Write to Reg: 0x00 Val: 0x00000000
[inst #2906] andi x7,x7,255
Register Write to Reg: 0x07 Val: 0x00000001
[inst #2907] add x2,x0,x8
Register Write to Reg: 0x02 Val: 0x10010FB8
[inst #2908] addi x0,x0,0
Register Write to Reg: 0x00 Val: 0x00000000
[inst #2909] addi x0,x0,0
Register Write to Reg: 0x00 Val: 0x00000000
[inst #2910] lw x8,28(x2)
Register Write to Reg: 0x08 Val: 0x10010FD8
[inst #2911] addi x2,x2,32
Register Write to Reg: 0x02 Val: 0x10010FD8
[inst #2912] jalr x0,x1,0
Register Write to Reg: 0x00 Val: 0x00400834
[inst #2913] xori x7,x7,1
Register Write to Reg: 0x07 Val: 0x00000000
[inst #2914] addi x0,x0,0
Register Write to Reg: 0x00 Val: 0x00000000
[inst #2915] addi x0,x0,0
Register Write to Reg: 0x00 Val: 0x00000000
[inst #2916] andi x7,x7,255
Register Write to Reg: 0x07 Val: 0x00000000
[inst #2917] addi x0,x0,0
Register Write to Reg: 0x00 Val: 0x00000000
[inst #2918] addi x0,x0,0
Register Write to Reg: 0x00 Val: 0x00000000
[inst #2919] beq x7,x0,32
[inst #2920] lw x7,24(x8)
Register Write to Reg: 0x07 Val: 0x00000002
[inst #2921] addi x0,x0,0
Register Write to Reg: 0x00 Val: 0x00000000
[inst #2922] addi x0,x0,0
Register Write to Reg: 0x00 Val: 0x00000000
[inst #2923] addi x7,x7,1
Register Write to Reg: 0x07 Val: 0x00000003
[inst #2924] addi x0,x0,0
Register Write to Reg: 0x00 Val: 0x00000000
[inst #2925] addi x0,x0,0
Register Write to Reg: 0x00 Val: 0x00000000
[inst #2926] sw x7,24(x8)
Memory Write to Addr: 0x10010FF0 Val: 0x00000003
[inst #2927] addi x0,x0,0
Register Write to Reg: 0x00 Val: 0x00000000
[inst #2928] addi x0,x0,0
Register Write to Reg: 0x00 Val: 0x00000000
[inst #2929] lw x7,24(x8)
Register Write to Reg: 0x07 Val: 0x00000003
[inst #2930] addi x0,x0,0
Register Write to Reg: 0x00 Val: 0x00000000
[inst #2931] addi x0,x0,0
Register Write to Reg: 0x00 Val: 0x00000000
[inst #2932] slti x7,x7,4
Register Write to Reg: 0x07 Val: 0x00000001
[inst #2933] addi x0,x0,0
Register Write to Reg: 0x00 Val: 0x00000000
[inst #2934] addi x0,x0,0
Register Write to Reg: 0x00 Val: 0x00000000
[inst #2935] beq x7,x0,8
[inst #2936] jal x0,-148
Register Write to Reg: 0x00 Val: 0x004000E0
[inst #2937] lw x29,24(x8)
Register Write to Reg: 0x1D Val: 0x00000003
[inst #2938] auipc x1,0
Register Write to Reg: 0x01 Val: 0x0040004C
[inst #2939] sll x0,x0,x0
Register Write to Reg: 0x00 Val: 0x00000000
[inst #2940] sll x0,x0,x0
Register Write to Reg: 0x00 Val: 0x00000000
[inst #2941] sll x0,x0,x0
Register Write to Reg: 0x00 Val: 0x00000000
[inst #2942] addi x1,x1,24
Register Write to Reg: 0x01 Val: 0x00400064
[inst #2943] jal x0,1744
Register Write to Reg: 0x00 Val: 0x00400064
[inst #2944] addi x2,x2,-32
Register Write to Reg: 0x02 Val: 0x10010FB8
[inst #2945] addi x0,x0,0
Register Write to Reg: 0x00 Val: 0x00000000
[inst #2946] addi x0,x0,0
Register Write to Reg: 0x00 Val: 0x00000000
[inst #2947] sw x8,28(x2)
Memory Write to Addr: 0x10010FD4 Val: 0x10010FD8
[inst #2948] add x8,x0,x2
Register Write to Reg: 0x08 Val: 0x10010FB8
[inst #2949] addi x0,x0,0
Register Write to Reg: 0x00 Val: 0x00000000
[inst #2950] addi x0,x0,0
Register Write to Reg: 0x00 Val: 0x00000000
[inst #2951] sw x29,32(x8)
Memory Write to Addr: 0x10010FD8 Val: 0x00000003
[inst #2952] ori x7,x0,1
Register Write to Reg: 0x07 Val: 0x00000001
[inst #2953] addi x0,x0,0
Register Write to Reg: 0x00 Val: 0x00000000
[inst #2954] addi x0,x0,0
Register Write to Reg: 0x00 Val: 0x00000000
[inst #2955] sw x7,8(x8)
Memory Write to Addr: 0x10010FC0 Val: 0x00000001
[inst #2956] sw x0,12(x8)
Memory Write to Addr: 0x10010FC4 Val: 0x00000000
[inst #2957] jal x0,60
Register Write to Reg: 0x00 Val: 0x00400768
[inst #2958] lw x28,12(x8)
Register Write to Reg: 0x1C Val: 0x00000000
[inst #2959] lw x7,32(x8)
Register Write to Reg: 0x07 Val: 0x00000003
[inst #2960] addi x0,x0,0
Register Write to Reg: 0x00 Val: 0x00000000
[inst #2961] addi x0,x0,0
Register Write to Reg: 0x00 Val: 0x00000000
[inst #2962] slt x7,x28,x7
Register Write to Reg: 0x07 Val: 0x00000001
[inst #2963] addi x0,x0,0
Register Write to Reg: 0x00 Val: 0x00000000
[inst #2964] addi x0,x0,0
Register Write to Reg: 0x00 Val: 0x00000000
[inst #2965] beq x7,x0,8
[inst #2966] jal x0,-88
Register Write to Reg: 0x00 Val: 0x004007C4
[inst #2967] lw x7,8(x8)
Register Write to Reg: 0x07 Val: 0x00000001
[inst #2968] addi x0,x0,0
Register Write to Reg: 0x00 Val: 0x00000000
[inst #2969] addi x0,x0,0
Register Write to Reg: 0x00 Val: 0x00000000
[inst #2970] slli x7,x7,8
Register Write to Reg: 0x07 Val: 0x00000100
[inst #2971] addi x0,x0,0
Register Write to Reg: 0x00 Val: 0x00000000
[inst #2972] addi x0,x0,0
Register Write to Reg: 0x00 Val: 0x00000000
[inst #2973] sw x7,8(x8)
Memory Write to Addr: 0x10010FC0 Val: 0x00000100
[inst #2974] lw x7,12(x8)
Register Write to Reg: 0x07 Val: 0x00000000
[inst #2975] addi x0,x0,0
Register Write to Reg: 0x00 Val: 0x00000000
[inst #2976] addi x0,x0,0
Register Write to Reg: 0x00 Val: 0x00000000
[inst #2977] addi x7,x7,1
Register Write to Reg: 0x07 Val: 0x00000001
[inst #2978] addi x0,x0,0
Register Write to Reg: 0x00 Val: 0x00000000
[inst #2979] addi x0,x0,0
Register Write to Reg: 0x00 Val: 0x00000000
[inst #2980] sw x7,12(x8)
Memory Write to Addr: 0x10010FC4 Val: 0x00000001
[inst #2981] lw x28,12(x8)
Register Write to Reg: 0x1C Val: 0x00000001
[inst #2982] lw x7,32(x8)
Register Write to Reg: 0x07 Val: 0x00000003
[inst #2983] addi x0,x0,0
Register Write to Reg: 0x00 Val: 0x00000000
[inst #2984] addi x0,x0,0
Register Write to Reg: 0x00 Val: 0x00000000
[inst #2985] slt x7,x28,x7
Register Write to Reg: 0x07 Val: 0x00000001
[inst #2986] addi x0,x0,0
Register Write to Reg: 0x00 Val: 0x00000000
[inst #2987] addi x0,x0,0
Register Write to Reg: 0x00 Val: 0x00000000
[inst #2988] beq x7,x0,8
[inst #2989] jal x0,-88
Register Write to Reg: 0x00 Val: 0x004007C4
[inst #2990] lw x7,8(x8)
Register Write to Reg: 0x07 Val: 0x00000100
[inst #2991] addi x0,x0,0
Register Write to Reg: 0x00 Val: 0x00000000
[inst #2992] addi x0,x0,0
Register Write to Reg: 0x00 Val: 0x00000000
[inst #2993] slli x7,x7,8
Register Write to Reg: 0x07 Val: 0x00010000
[inst #2994] addi x0,x0,0
Register Write to Reg: 0x00 Val: 0x00000000
[inst #2995] addi x0,x0,0
Register Write to Reg: 0x00 Val: 0x00000000
[inst #2996] sw x7,8(x8)
Memory Write to Addr: 0x10010FC0 Val: 0x00010000
[inst #2997] lw x7,12(x8)
Register Write to Reg: 0x07 Val: 0x00000001
[inst #2998] addi x0,x0,0
Register Write to Reg: 0x00 Val: 0x00000000
[inst #2999] addi x0,x0,0
Register Write to Reg: 0x00 Val: 0x00000000
[inst #3000] addi x7,x7,1
Register Write to Reg: 0x07 Val: 0x00000002
[inst #3001] addi x0,x0,0
Register Write to Reg: 0x00 Val: 0x00000000
[inst #3002] addi x0,x0,0
Register Write to Reg: 0x00 Val: 0x00000000
[inst #3003] sw x7,12(x8)
Memory Write to Addr: 0x10010FC4 Val: 0x00000002
[inst #3004] lw x28,12(x8)
Register Write to Reg: 0x1C Val: 0x00000002
[inst #3005] lw x7,32(x8)
Register Write to Reg: 0x07 Val: 0x00000003
[inst #3006] addi x0,x0,0
Register Write to Reg: 0x00 Val: 0x00000000
[inst #3007] addi x0,x0,0
Register Write to Reg: 0x00 Val: 0x00000000
[inst #3008] slt x7,x28,x7
Register Write to Reg: 0x07 Val: 0x00000001
[inst #3009] addi x0,x0,0
Register Write to Reg: 0x00 Val: 0x00000000
[inst #3010] addi x0,x0,0
Register Write to Reg: 0x00 Val: 0x00000000
[inst #3011] beq x7,x0,8
[inst #3012] jal x0,-88
Register Write to Reg: 0x00 Val: 0x004007C4
[inst #3013] lw x7,8(x8)
Register Write to Reg: 0x07 Val: 0x00010000
[inst #3014] addi x0,x0,0
Register Write to Reg: 0x00 Val: 0x00000000
[inst #3015] addi x0,x0,0
Register Write to Reg: 0x00 Val: 0x00000000
[inst #3016] slli x7,x7,8
Register Write to Reg: 0x07 Val: 0x01000000
[inst #3017] addi x0,x0,0
Register Write to Reg: 0x00 Val: 0x00000000
[inst #3018] addi x0,x0,0
Register Write to Reg: 0x00 Val: 0x00000000
[inst #3019] sw x7,8(x8)
Memory Write to Addr: 0x10010FC0 Val: 0x01000000
[inst #3020] lw x7,12(x8)
Register Write to Reg: 0x07 Val: 0x00000002
[inst #3021] addi x0,x0,0
Register Write to Reg: 0x00 Val: 0x00000000
[inst #3022] addi x0,x0,0
Register Write to Reg: 0x00 Val: 0x00000000
[inst #3023] addi x7,x7,1
Register Write to Reg: 0x07 Val: 0x00000003
[inst #3024] addi x0,x0,0
Register Write to Reg: 0x00 Val: 0x00000000
[inst #3025] addi x0,x0,0
Register Write to Reg: 0x00 Val: 0x00000000
[inst #3026] sw x7,12(x8)
Memory Write to Addr: 0x10010FC4 Val: 0x00000003
[inst #3027] lw x28,12(x8)
Register Write to Reg: 0x1C Val: 0x00000003
[inst #3028] lw x7,32(x8)
Register Write to Reg: 0x07 Val: 0x00000003
[inst #3029] addi x0,x0,0
Register Write to Reg: 0x00 Val: 0x00000000
[inst #3030] addi x0,x0,0
Register Write to Reg: 0x00 Val: 0x00000000
[inst #3031] slt x7,x28,x7
Register Write to Reg: 0x07 Val: 0x00000000
[inst #3032] addi x0,x0,0
Register Write to Reg: 0x00 Val: 0x00000000
[inst #3033] addi x0,x0,0
Register Write to Reg: 0x00 Val: 0x00000000
[inst #3034] beq x7,x0,8
[inst #3035] auipc x7,64528
Register Write to Reg: 0x07 Val: 0x100107C4
[inst #3036] sll x0,x0,x0
Register Write to Reg: 0x00 Val: 0x00000000
[inst #3037] sll x0,x0,x0
Register Write to Reg: 0x00 Val: 0x00000000
[inst #3038] sll x0,x0,x0
Register Write to Reg: 0x00 Val: 0x00000000
[inst #3039] addi x7,x7,-1952
Register Write to Reg: 0x07 Val: 0x10010024
[inst #3040] addi x0,x0,0
Register Write to Reg: 0x00 Val: 0x00000000
[inst #3041] addi x0,x0,0
Register Write to Reg: 0x00 Val: 0x00000000
[inst #3042] lw x7,0(x7)
Register Write to Reg: 0x07 Val: 0x00010101
[inst #3043] addi x0,x0,0
Register Write to Reg: 0x00 Val: 0x00000000
[inst #3044] addi x0,x0,0
Register Write to Reg: 0x00 Val: 0x00000000
[inst #3045] sw x7,16(x8)
Memory Write to Addr: 0x10010FC8 Val: 0x00010101
[inst #3046] lw x28,16(x8)
Register Write to Reg: 0x1C Val: 0x00010101
[inst #3047] lw x7,8(x8)
Register Write to Reg: 0x07 Val: 0x01000000
[inst #3048] addi x0,x0,0
Register Write to Reg: 0x00 Val: 0x00000000
[inst #3049] addi x0,x0,0
Register Write to Reg: 0x00 Val: 0x00000000
[inst #3050] and x7,x28,x7
Register Write to Reg: 0x07 Val: 0x00000000
[inst #3051] addi x0,x0,0
Register Write to Reg: 0x00 Val: 0x00000000
[inst #3052] addi x0,x0,0
Register Write to Reg: 0x00 Val: 0x00000000
[inst #3053] slt x7,x0,x7
Register Write to Reg: 0x07 Val: 0x00000000
[inst #3054] addi x0,x0,0
Register Write to Reg: 0x00 Val: 0x00000000
[inst #3055] addi x0,x0,0
Register Write to Reg: 0x00 Val: 0x00000000
[inst #3056] andi x7,x7,255
Register Write to Reg: 0x07 Val: 0x00000000
[inst #3057] add x2,x0,x8
Register Write to Reg: 0x02 Val: 0x10010FB8
[inst #3058] addi x0,x0,0
Register Write to Reg: 0x00 Val: 0x00000000
[inst #3059] addi x0,x0,0
Register Write to Reg: 0x00 Val: 0x00000000
[inst #3060] lw x8,28(x2)
Register Write to Reg: 0x08 Val: 0x10010FD8
[inst #3061] addi x2,x2,32
Register Write to Reg: 0x02 Val: 0x10010FD8
[inst #3062] jalr x0,x1,0
Register Write to Reg: 0x00 Val: 0x00400834
[inst #3063] xori x7,x7,1
Register Write to Reg: 0x07 Val: 0x00000001
[inst #3064] addi x0,x0,0
Register Write to Reg: 0x00 Val: 0x00000000
[inst #3065] addi x0,x0,0
Register Write to Reg: 0x00 Val: 0x00000000
[inst #3066] andi x7,x7,255
Register Write to Reg: 0x07 Val: 0x00000001
[inst #3067] addi x0,x0,0
Register Write to Reg: 0x00 Val: 0x00000000
[inst #3068] addi x0,x0,0
Register Write to Reg: 0x00 Val: 0x00000000
[inst #3069] beq x7,x0,32
[inst #3070] lw x29,24(x8)
Register Write to Reg: 0x1D Val: 0x00000003
[inst #3071] auipc x1,0
Register Write to Reg: 0x01 Val: 0x00400084
[inst #3072] sll x0,x0,x0
Register Write to Reg: 0x00 Val: 0x00000000
[inst #3073] sll x0,x0,x0
Register Write to Reg: 0x00 Val: 0x00000000
[inst #3074] sll x0,x0,x0
Register Write to Reg: 0x00 Val: 0x00000000
[inst #3075] addi x1,x1,24
Register Write to Reg: 0x01 Val: 0x0040009C
[inst #3076] jal x0,596
Register Write to Reg: 0x00 Val: 0x0040009C
[inst #3077] addi x2,x2,-48
Register Write to Reg: 0x02 Val: 0x10010FA8
[inst #3078] addi x0,x0,0
Register Write to Reg: 0x00 Val: 0x00000000
[inst #3079] addi x0,x0,0
Register Write to Reg: 0x00 Val: 0x00000000
[inst #3080] sw x1,44(x2)
Memory Write to Addr: 0x10010FD4 Val: 0x0040009C
[inst #3081] sw x8,40(x2)
Memory Write to Addr: 0x10010FD0 Val: 0x10010FD8
[inst #3082] add x8,x0,x2
Register Write to Reg: 0x08 Val: 0x10010FA8
[inst #3083] addi x0,x0,0
Register Write to Reg: 0x00 Val: 0x00000000
[inst #3084] addi x0,x0,0
Register Write to Reg: 0x00 Val: 0x00000000
[inst #3085] sw x29,48(x8)
Memory Write to Addr: 0x10010FD8 Val: 0x00000003
[inst #3086] lw x29,48(x8)
Register Write to Reg: 0x1D Val: 0x00000003
[inst #3087] auipc x1,0
Register Write to Reg: 0x01 Val: 0x00400314
[inst #3088] sll x0,x0,x0
Register Write to Reg: 0x00 Val: 0x00000000
[inst #3089] sll x0,x0,x0
Register Write to Reg: 0x00 Val: 0x00000000
[inst #3090] sll x0,x0,x0
Register Write to Reg: 0x00 Val: 0x00000000
[inst #3091] addi x1,x1,24
Register Write to Reg: 0x01 Val: 0x0040032C
[inst #3092] jal x0,780
Register Write to Reg: 0x00 Val: 0x0040032C
[inst #3093] addi x2,x2,-32
Register Write to Reg: 0x02 Val: 0x10010F88
[inst #3094] addi x0,x0,0
Register Write to Reg: 0x00 Val: 0x00000000
[inst #3095] addi x0,x0,0
Register Write to Reg: 0x00 Val: 0x00000000
[inst #3096] sw x8,28(x2)
Memory Write to Addr: 0x10010FA4 Val: 0x10010FA8
[inst #3097] add x8,x0,x2
Register Write to Reg: 0x08 Val: 0x10010F88
[inst #3098] addi x0,x0,0
Register Write to Reg: 0x00 Val: 0x00000000
[inst #3099] addi x0,x0,0
Register Write to Reg: 0x00 Val: 0x00000000
[inst #3100] sw x29,32(x8)
Memory Write to Addr: 0x10010FA8 Val: 0x00000003
[inst #3101] addi x7,x0,1
Register Write to Reg: 0x07 Val: 0x00000001
[inst #3102] addi x0,x0,0
Register Write to Reg: 0x00 Val: 0x00000000
[inst #3103] addi x0,x0,0
Register Write to Reg: 0x00 Val: 0x00000000
[inst #3104] sw x7,8(x8)
Memory Write to Addr: 0x10010F90 Val: 0x00000001
[inst #3105] sw x0,12(x8)
Memory Write to Addr: 0x10010F94 Val: 0x00000000
[inst #3106] jal x0,60
Register Write to Reg: 0x00 Val: 0x0040066C
[inst #3107] lw x28,12(x8)
Register Write to Reg: 0x1C Val: 0x00000000
[inst #3108] lw x7,32(x8)
Register Write to Reg: 0x07 Val: 0x00000003
[inst #3109] addi x0,x0,0
Register Write to Reg: 0x00 Val: 0x00000000
[inst #3110] addi x0,x0,0
Register Write to Reg: 0x00 Val: 0x00000000
[inst #3111] slt x7,x28,x7
Register Write to Reg: 0x07 Val: 0x00000001
[inst #3112] addi x0,x0,0
Register Write to Reg: 0x00 Val: 0x00000000
[inst #3113] addi x0,x0,0
Register Write to Reg: 0x00 Val: 0x00000000
[inst #3114] beq x7,x0,8
[inst #3115] jal x0,-88
Register Write to Reg: 0x00 Val: 0x004006C8
[inst #3116] lw x7,8(x8)
Register Write to Reg: 0x07 Val: 0x00000001
[inst #3117] addi x0,x0,0
Register Write to Reg: 0x00 Val: 0x00000000
[inst #3118] addi x0,x0,0
Register Write to Reg: 0x00 Val: 0x00000000
[inst #3119] slli x7,x7,8
Register Write to Reg: 0x07 Val: 0x00000100
[inst #3120] addi x0,x0,0
Register Write to Reg: 0x00 Val: 0x00000000
[inst #3121] addi x0,x0,0
Register Write to Reg: 0x00 Val: 0x00000000
[inst #3122] sw x7,8(x8)
Memory Write to Addr: 0x10010F90 Val: 0x00000100
[inst #3123] lw x7,12(x8)
Register Write to Reg: 0x07 Val: 0x00000000
[inst #3124] addi x0,x0,0
Register Write to Reg: 0x00 Val: 0x00000000
[inst #3125] addi x0,x0,0
Register Write to Reg: 0x00 Val: 0x00000000
[inst #3126] addi x7,x7,1
Register Write to Reg: 0x07 Val: 0x00000001
[inst #3127] addi x0,x0,0
Register Write to Reg: 0x00 Val: 0x00000000
[inst #3128] addi x0,x0,0
Register Write to Reg: 0x00 Val: 0x00000000
[inst #3129] sw x7,12(x8)
Memory Write to Addr: 0x10010F94 Val: 0x00000001
[inst #3130] lw x28,12(x8)
Register Write to Reg: 0x1C Val: 0x00000001
[inst #3131] lw x7,32(x8)
Register Write to Reg: 0x07 Val: 0x00000003
[inst #3132] addi x0,x0,0
Register Write to Reg: 0x00 Val: 0x00000000
[inst #3133] addi x0,x0,0
Register Write to Reg: 0x00 Val: 0x00000000
[inst #3134] slt x7,x28,x7
Register Write to Reg: 0x07 Val: 0x00000001
[inst #3135] addi x0,x0,0
Register Write to Reg: 0x00 Val: 0x00000000
[inst #3136] addi x0,x0,0
Register Write to Reg: 0x00 Val: 0x00000000
[inst #3137] beq x7,x0,8
[inst #3138] jal x0,-88
Register Write to Reg: 0x00 Val: 0x004006C8
[inst #3139] lw x7,8(x8)
Register Write to Reg: 0x07 Val: 0x00000100
[inst #3140] addi x0,x0,0
Register Write to Reg: 0x00 Val: 0x00000000
[inst #3141] addi x0,x0,0
Register Write to Reg: 0x00 Val: 0x00000000
[inst #3142] slli x7,x7,8
Register Write to Reg: 0x07 Val: 0x00010000
[inst #3143] addi x0,x0,0
Register Write to Reg: 0x00 Val: 0x00000000
[inst #3144] addi x0,x0,0
Register Write to Reg: 0x00 Val: 0x00000000
[inst #3145] sw x7,8(x8)
Memory Write to Addr: 0x10010F90 Val: 0x00010000
[inst #3146] lw x7,12(x8)
Register Write to Reg: 0x07 Val: 0x00000001
[inst #3147] addi x0,x0,0
Register Write to Reg: 0x00 Val: 0x00000000
[inst #3148] addi x0,x0,0
Register Write to Reg: 0x00 Val: 0x00000000
[inst #3149] addi x7,x7,1
Register Write to Reg: 0x07 Val: 0x00000002
[inst #3150] addi x0,x0,0
Register Write to Reg: 0x00 Val: 0x00000000
[inst #3151] addi x0,x0,0
Register Write to Reg: 0x00 Val: 0x00000000
[inst #3152] sw x7,12(x8)
Memory Write to Addr: 0x10010F94 Val: 0x00000002
[inst #3153] lw x28,12(x8)
Register Write to Reg: 0x1C Val: 0x00000002
[inst #3154] lw x7,32(x8)
Register Write to Reg: 0x07 Val: 0x00000003
[inst #3155] addi x0,x0,0
Register Write to Reg: 0x00 Val: 0x00000000
[inst #3156] addi x0,x0,0
Register Write to Reg: 0x00 Val: 0x00000000
[inst #3157] slt x7,x28,x7
Register Write to Reg: 0x07 Val: 0x00000001
[inst #3158] addi x0,x0,0
Register Write to Reg: 0x00 Val: 0x00000000
[inst #3159] addi x0,x0,0
Register Write to Reg: 0x00 Val: 0x00000000
[inst #3160] beq x7,x0,8
[inst #3161] jal x0,-88
Register Write to Reg: 0x00 Val: 0x004006C8
[inst #3162] lw x7,8(x8)
Register Write to Reg: 0x07 Val: 0x00010000
[inst #3163] addi x0,x0,0
Register Write to Reg: 0x00 Val: 0x00000000
[inst #3164] addi x0,x0,0
Register Write to Reg: 0x00 Val: 0x00000000
[inst #3165] slli x7,x7,8
Register Write to Reg: 0x07 Val: 0x01000000
[inst #3166] addi x0,x0,0
Register Write to Reg: 0x00 Val: 0x00000000
[inst #3167] addi x0,x0,0
Register Write to Reg: 0x00 Val: 0x00000000
[inst #3168] sw x7,8(x8)
Memory Write to Addr: 0x10010F90 Val: 0x01000000
[inst #3169] lw x7,12(x8)
Register Write to Reg: 0x07 Val: 0x00000002
[inst #3170] addi x0,x0,0
Register Write to Reg: 0x00 Val: 0x00000000
[inst #3171] addi x0,x0,0
Register Write to Reg: 0x00 Val: 0x00000000
[inst #3172] addi x7,x7,1
Register Write to Reg: 0x07 Val: 0x00000003
[inst #3173] addi x0,x0,0
Register Write to Reg: 0x00 Val: 0x00000000
[inst #3174] addi x0,x0,0
Register Write to Reg: 0x00 Val: 0x00000000
[inst #3175] sw x7,12(x8)
Memory Write to Addr: 0x10010F94 Val: 0x00000003
[inst #3176] lw x28,12(x8)
Register Write to Reg: 0x1C Val: 0x00000003
[inst #3177] lw x7,32(x8)
Register Write to Reg: 0x07 Val: 0x00000003
[inst #3178] addi x0,x0,0
Register Write to Reg: 0x00 Val: 0x00000000
[inst #3179] addi x0,x0,0
Register Write to Reg: 0x00 Val: 0x00000000
[inst #3180] slt x7,x28,x7
Register Write to Reg: 0x07 Val: 0x00000000
[inst #3181] addi x0,x0,0
Register Write to Reg: 0x00 Val: 0x00000000
[inst #3182] addi x0,x0,0
Register Write to Reg: 0x00 Val: 0x00000000
[inst #3183] beq x7,x0,8
[inst #3184] auipc x7,64528
Register Write to Reg: 0x07 Val: 0x100106C8
[inst #3185] sll x0,x0,x0
Register Write to Reg: 0x00 Val: 0x00000000
[inst #3186] sll x0,x0,x0
Register Write to Reg: 0x00 Val: 0x00000000
[inst #3187] sll x0,x0,x0
Register Write to Reg: 0x00 Val: 0x00000000
[inst #3188] addi x7,x7,-1700
Register Write to Reg: 0x07 Val: 0x10010024
[inst #3189] addi x0,x0,0
Register Write to Reg: 0x00 Val: 0x00000000
[inst #3190] addi x0,x0,0
Register Write to Reg: 0x00 Val: 0x00000000
[inst #3191] sw x7,16(x8)
Memory Write to Addr: 0x10010F98 Val: 0x10010024
[inst #3192] lw x7,16(x8)
Register Write to Reg: 0x07 Val: 0x10010024
[inst #3193] addi x0,x0,0
Register Write to Reg: 0x00 Val: 0x00000000
[inst #3194] addi x0,x0,0
Register Write to Reg: 0x00 Val: 0x00000000
[inst #3195] lw x28,0(x7)
Register Write to Reg: 0x1C Val: 0x00010101
[inst #3196] lw x7,8(x8)
Register Write to Reg: 0x07 Val: 0x01000000
[inst #3197] addi x0,x0,0
Register Write to Reg: 0x00 Val: 0x00000000
[inst #3198] addi x0,x0,0
Register Write to Reg: 0x00 Val: 0x00000000
[inst #3199] or x28,x28,x7
Register Write to Reg: 0x1C Val: 0x01010101
[inst #3200] lw x7,16(x8)
Register Write to Reg: 0x07 Val: 0x10010024
[inst #3201] addi x0,x0,0
Register Write to Reg: 0x00 Val: 0x00000000
[inst #3202] addi x0,x0,0
Register Write to Reg: 0x00 Val: 0x00000000
[inst #3203] sw x28,0(x7)
Memory Write to Addr: 0x10010024 Val: 0x01010101
[inst #3204] add x2,x0,x8
Register Write to Reg: 0x02 Val: 0x10010F88
[inst #3205] addi x0,x0,0
Register Write to Reg: 0x00 Val: 0x00000000
[inst #3206] addi x0,x0,0
Register Write to Reg: 0x00 Val: 0x00000000
[inst #3207] lw x8,28(x2)
Register Write to Reg: 0x08 Val: 0x10010FA8
[inst #3208] addi x2,x2,32
Register Write to Reg: 0x02 Val: 0x10010FA8
[inst #3209] jalr x0,x1,0
Register Write to Reg: 0x00 Val: 0x00400730
[inst #3210] addi x7,x8,28
Register Write to Reg: 0x07 Val: 0x10010FC4
[inst #3211] lw x30,48(x8)
Register Write to Reg: 0x1E Val: 0x00000003
[inst #3212] addi x0,x0,0
Register Write to Reg: 0x00 Val: 0x00000000
[inst #3213] add x29,x0,x7
Register Write to Reg: 0x1D Val: 0x10010FC4
[inst #3214] auipc x1,0
Register Write to Reg: 0x01 Val: 0x0040033C
[inst #3215] sll x0,x0,x0
Register Write to Reg: 0x00 Val: 0x00000000
[inst #3216] sll x0,x0,x0
Register Write to Reg: 0x00 Val: 0x00000000
[inst #3217] sll x0,x0,x0
Register Write to Reg: 0x00 Val: 0x00000000
[inst #3218] addi x1,x1,24
Register Write to Reg: 0x01 Val: 0x00400354
[inst #3219] jal x0,52
Register Write to Reg: 0x00 Val: 0x00400354
[inst #3220] addi x2,x2,-24
Register Write to Reg: 0x02 Val: 0x10010F90
[inst #3221] addi x0,x0,0
Register Write to Reg: 0x00 Val: 0x00000000
[inst #3222] addi x0,x0,0
Register Write to Reg: 0x00 Val: 0x00000000
[inst #3223] sw x8,20(x2)
Memory Write to Addr: 0x10010FA4 Val: 0x10010FA8
[inst #3224] add x8,x0,x2
Register Write to Reg: 0x08 Val: 0x10010F90
[inst #3225] addi x0,x0,0
Register Write to Reg: 0x00 Val: 0x00000000
[inst #3226] addi x0,x0,0
Register Write to Reg: 0x00 Val: 0x00000000
[inst #3227] sub x31,x8,x2
Register Write to Reg: 0x1F Val: 0x00000000
[inst #3228] sw x29,24(x8)
Memory Write to Addr: 0x10010FA8 Val: 0x10010FC4
[inst #3229] sw x30,28(x8)
Memory Write to Addr: 0x10010FAC Val: 0x00000003
[inst #3230] lw x7,28(x8)
Register Write to Reg: 0x07 Val: 0x00000003
[inst #3231] addi x0,x0,0
Register Write to Reg: 0x00 Val: 0x00000000
[inst #3232] addi x0,x0,0
Register Write to Reg: 0x00 Val: 0x00000000
[inst #3233] sw x7,8(x8)
Memory Write to Addr: 0x10010F98 Val: 0x00000003
[inst #3234] sw x0,12(x8)
Memory Write to Addr: 0x10010F9C Val: 0x00000000
[inst #3235] lw x7,24(x8)
Register Write to Reg: 0x07 Val: 0x10010FC4
[inst #3236] lw x29,8(x8)
Register Write to Reg: 0x1D Val: 0x00000003
[inst #3237] lw x28,12(x8)
Register Write to Reg: 0x1C Val: 0x00000000
[inst #3238] addi x0,x0,0
Register Write to Reg: 0x00 Val: 0x00000000
[inst #3239] sw x29,0(x7)
Memory Write to Addr: 0x10010FC4 Val: 0x00000003
[inst #3240] sw x28,4(x7)
Memory Write to Addr: 0x10010FC8 Val: 0x00000000
[inst #3241] lw x7,24(x8)
Register Write to Reg: 0x07 Val: 0x10010FC4
[inst #3242] add x2,x0,x8
Register Write to Reg: 0x02 Val: 0x10010F90
[inst #3243] addi x0,x0,0
Register Write to Reg: 0x00 Val: 0x00000000
[inst #3244] addi x0,x0,0
Register Write to Reg: 0x00 Val: 0x00000000
[inst #3245] lw x8,20(x2)
Register Write to Reg: 0x08 Val: 0x10010FA8
[inst #3246] addi x2,x2,24
Register Write to Reg: 0x02 Val: 0x10010FA8
[inst #3247] jalr x0,x1,0
Register Write to Reg: 0x00 Val: 0x004003F4
[inst #3248] addi x7,x8,28
Register Write to Reg: 0x07 Val: 0x10010FC4
[inst #3249] addi x0,x0,0
Register Write to Reg: 0x00 Val: 0x00000000
[inst #3250] addi x0,x0,0
Register Write to Reg: 0x00 Val: 0x00000000
[inst #3251] add x29,x0,x7
Register Write to Reg: 0x1D Val: 0x10010FC4
[inst #3252] auipc x1,0
Register Write to Reg: 0x01 Val: 0x00400364
[inst #3253] sll x0,x0,x0
Register Write to Reg: 0x00 Val: 0x00000000
[inst #3254] sll x0,x0,x0
Register Write to Reg: 0x00 Val: 0x00000000
[inst #3255] sll x0,x0,x0
Register Write to Reg: 0x00 Val: 0x00000000
[inst #3256] addi x1,x1,24
Register Write to Reg: 0x01 Val: 0x0040037C
[inst #3257] jal x0,124
Register Write to Reg: 0x00 Val: 0x0040037C
[inst #3258] addi x2,x2,-32
Register Write to Reg: 0x02 Val: 0x10010F88
[inst #3259] addi x0,x0,0
Register Write to Reg: 0x00 Val: 0x00000000
[inst #3260] addi x0,x0,0
Register Write to Reg: 0x00 Val: 0x00000000
[inst #3261] sw x1,28(x2)
Memory Write to Addr: 0x10010FA4 Val: 0x0040037C
[inst #3262] sw x8,24(x2)
Memory Write to Addr: 0x10010FA0 Val: 0x10010FA8
[inst #3263] add x8,x0,x2
Register Write to Reg: 0x08 Val: 0x10010F88
[inst #3264] addi x0,x0,0
Register Write to Reg: 0x00 Val: 0x00000000
[inst #3265] addi x0,x0,0
Register Write to Reg: 0x00 Val: 0x00000000
[inst #3266] sw x29,32(x8)
Memory Write to Addr: 0x10010FA8 Val: 0x10010FC4
[inst #3267] jal x0,172
Register Write to Reg: 0x00 Val: 0x0040041C
[inst #3268] lw x7,32(x8)
Register Write to Reg: 0x07 Val: 0x10010FC4
[inst #3269] addi x0,x0,0
Register Write to Reg: 0x00 Val: 0x00000000
[inst #3270] addi x0,x0,0
Register Write to Reg: 0x00 Val: 0x00000000
[inst #3271] lw x7,4(x7)
Register Write to Reg: 0x07 Val: 0x00000000
[inst #3272] addi x0,x0,0
Register Write to Reg: 0x00 Val: 0x00000000
[inst #3273] addi x0,x0,0
Register Write to Reg: 0x00 Val: 0x00000000
[inst #3274] slti x7,x7,4
Register Write to Reg: 0x07 Val: 0x00000001
[inst #3275] addi x0,x0,0
Register Write to Reg: 0x00 Val: 0x00000000
[inst #3276] addi x0,x0,0
Register Write to Reg: 0x00 Val: 0x00000000
[inst #3277] beq x7,x0,8
[inst #3278] jal x0,-208
Register Write to Reg: 0x00 Val: 0x004004F0
[inst #3279] lw x7,32(x8)
Register Write to Reg: 0x07 Val: 0x10010FC4
[inst #3280] addi x0,x0,0
Register Write to Reg: 0x00 Val: 0x00000000
[inst #3281] addi x0,x0,0
Register Write to Reg: 0x00 Val: 0x00000000
[inst #3282] lw x28,0(x7)
Register Write to Reg: 0x1C Val: 0x00000003
[inst #3283] lw x7,32(x8)
Register Write to Reg: 0x07 Val: 0x10010FC4
[inst #3284] addi x0,x0,0
Register Write to Reg: 0x00 Val: 0x00000000
[inst #3285] addi x0,x0,0
Register Write to Reg: 0x00 Val: 0x00000000
[inst #3286] lw x7,4(x7)
Register Write to Reg: 0x07 Val: 0x00000000
[inst #3287] addi x0,x0,0
Register Write to Reg: 0x00 Val: 0x00000000
[inst #3288] addi x0,x0,0
Register Write to Reg: 0x00 Val: 0x00000000
[inst #3289] add x30,x0,x7
Register Write to Reg: 0x1E Val: 0x00000000
[inst #3290] add x29,x0,x28
Register Write to Reg: 0x1D Val: 0x00000003
[inst #3291] auipc x1,0
Register Write to Reg: 0x01 Val: 0x0040044C
[inst #3292] sll x0,x0,x0
Register Write to Reg: 0x00 Val: 0x00000000
[inst #3293] sll x0,x0,x0
Register Write to Reg: 0x00 Val: 0x00000000
[inst #3294] sll x0,x0,x0
Register Write to Reg: 0x00 Val: 0x00000000
[inst #3295] addi x1,x1,24
Register Write to Reg: 0x01 Val: 0x00400464
[inst #3296] jal x0,176
Register Write to Reg: 0x00 Val: 0x00400464
[inst #3297] addi x2,x2,-32
Register Write to Reg: 0x02 Val: 0x10010F68
[inst #3298] addi x0,x0,0
Register Write to Reg: 0x00 Val: 0x00000000
[inst #3299] addi x0,x0,0
Register Write to Reg: 0x00 Val: 0x00000000
[inst #3300] sw x8,28(x2)
Memory Write to Addr: 0x10010F84 Val: 0x10010F88
[inst #3301] add x8,x0,x2
Register Write to Reg: 0x08 Val: 0x10010F68
[inst #3302] addi x0,x0,0
Register Write to Reg: 0x00 Val: 0x00000000
[inst #3303] addi x0,x0,0
Register Write to Reg: 0x00 Val: 0x00000000
[inst #3304] sw x29,32(x8)
Memory Write to Addr: 0x10010F88 Val: 0x00000003
[inst #3305] sw x30,36(x8)
Memory Write to Addr: 0x10010F8C Val: 0x00000000
[inst #3306] auipc x7,64528
Register Write to Reg: 0x07 Val: 0x10010534
[inst #3307] sll x0,x0,x0
Register Write to Reg: 0x00 Val: 0x00000000
[inst #3308] sll x0,x0,x0
Register Write to Reg: 0x00 Val: 0x00000000
[inst #3309] sll x0,x0,x0
Register Write to Reg: 0x00 Val: 0x00000000
[inst #3310] addi x7,x7,-1312
Register Write to Reg: 0x07 Val: 0x10010014
[inst #3311] lw x28,32(x8)
Register Write to Reg: 0x1C Val: 0x00000003
[inst #3312] addi x0,x0,0
Register Write to Reg: 0x00 Val: 0x00000000
[inst #3313] addi x0,x0,0
Register Write to Reg: 0x00 Val: 0x00000000
[inst #3314] slli x28,x28,2
Register Write to Reg: 0x1C Val: 0x0000000C
[inst #3315] addi x0,x0,0
Register Write to Reg: 0x00 Val: 0x00000000
[inst #3316] addi x0,x0,0
Register Write to Reg: 0x00 Val: 0x00000000
[inst #3317] add x7,x28,x7
Register Write to Reg: 0x07 Val: 0x10010020
[inst #3318] addi x0,x0,0
Register Write to Reg: 0x00 Val: 0x00000000
[inst #3319] addi x0,x0,0
Register Write to Reg: 0x00 Val: 0x00000000
[inst #3320] lw x7,0(x7)
Register Write to Reg: 0x07 Val: 0x00000003
[inst #3321] addi x0,x0,0
Register Write to Reg: 0x00 Val: 0x00000000
[inst #3322] addi x0,x0,0
Register Write to Reg: 0x00 Val: 0x00000000
[inst #3323] sw x7,16(x8)
Memory Write to Addr: 0x10010F78 Val: 0x00000003
[inst #3324] addi x7,x0,1
Register Write to Reg: 0x07 Val: 0x00000001
[inst #3325] addi x0,x0,0
Register Write to Reg: 0x00 Val: 0x00000000
[inst #3326] addi x0,x0,0
Register Write to Reg: 0x00 Val: 0x00000000
[inst #3327] sw x7,8(x8)
Memory Write to Addr: 0x10010F70 Val: 0x00000001
[inst #3328] sw x0,12(x8)
Memory Write to Addr: 0x10010F74 Val: 0x00000000
[inst #3329] jal x0,60
Register Write to Reg: 0x00 Val: 0x00400594
[inst #3330] lw x28,12(x8)
Register Write to Reg: 0x1C Val: 0x00000000
[inst #3331] lw x7,36(x8)
Register Write to Reg: 0x07 Val: 0x00000000
[inst #3332] addi x0,x0,0
Register Write to Reg: 0x00 Val: 0x00000000
[inst #3333] addi x0,x0,0
Register Write to Reg: 0x00 Val: 0x00000000
[inst #3334] slt x7,x28,x7
Register Write to Reg: 0x07 Val: 0x00000000
[inst #3335] addi x0,x0,0
Register Write to Reg: 0x00 Val: 0x00000000
[inst #3336] addi x0,x0,0
Register Write to Reg: 0x00 Val: 0x00000000
[inst #3337] beq x7,x0,8
[inst #3338] lw x28,8(x8)
Register Write to Reg: 0x1C Val: 0x00000001
[inst #3339] lw x7,16(x8)
Register Write to Reg: 0x07 Val: 0x00000003
[inst #3340] addi x0,x0,0
Register Write to Reg: 0x00 Val: 0x00000000
[inst #3341] addi x0,x0,0
Register Write to Reg: 0x00 Val: 0x00000000
[inst #3342] and x7,x28,x7
Register Write to Reg: 0x07 Val: 0x00000001
[inst #3343] addi x0,x0,0
Register Write to Reg: 0x00 Val: 0x00000000
[inst #3344] addi x0,x0,0
Register Write to Reg: 0x00 Val: 0x00000000
[inst #3345] slt x7,x0,x7
Register Write to Reg: 0x07 Val: 0x00000001
[inst #3346] addi x0,x0,0
Register Write to Reg: 0x00 Val: 0x00000000
[inst #3347] addi x0,x0,0
Register Write to Reg: 0x00 Val: 0x00000000
[inst #3348] andi x7,x7,255
Register Write to Reg: 0x07 Val: 0x00000001
[inst #3349] add x2,x0,x8
Register Write to Reg: 0x02 Val: 0x10010F68
[inst #3350] addi x0,x0,0
Register Write to Reg: 0x00 Val: 0x00000000
[inst #3351] addi x0,x0,0
Register Write to Reg: 0x00 Val: 0x00000000
[inst #3352] lw x8,28(x2)
Register Write to Reg: 0x08 Val: 0x10010F88
[inst #3353] addi x2,x2,32
Register Write to Reg: 0x02 Val: 0x10010F88
[inst #3354] jalr x0,x1,0
Register Write to Reg: 0x00 Val: 0x00400634
[inst #3355] beq x7,x0,52
[inst #3356] lw x7,32(x8)
Register Write to Reg: 0x07 Val: 0x10010FC4
[inst #3357] addi x0,x0,0
Register Write to Reg: 0x00 Val: 0x00000000
[inst #3358] addi x0,x0,0
Register Write to Reg: 0x00 Val: 0x00000000
[inst #3359] lw x7,4(x7)
Register Write to Reg: 0x07 Val: 0x00000000
[inst #3360] addi x0,x0,0
Register Write to Reg: 0x00 Val: 0x00000000
[inst #3361] addi x0,x0,0
Register Write to Reg: 0x00 Val: 0x00000000
[inst #3362] addi x29,x7,1
Register Write to Reg: 0x1D Val: 0x00000001
[inst #3363] lw x28,32(x8)
Register Write to Reg: 0x1C Val: 0x10010FC4
[inst #3364] addi x0,x0,0
Register Write to Reg: 0x00 Val: 0x00000000
[inst #3365] addi x0,x0,0
Register Write to Reg: 0x00 Val: 0x00000000
[inst #3366] sw x29,4(x28)
Memory Write to Addr: 0x10010FC8 Val: 0x00000001
[inst #3367] jal x0,96
Register Write to Reg: 0x00 Val: 0x00400498
[inst #3368] add x2,x0,x8
Register Write to Reg: 0x02 Val: 0x10010F88
[inst #3369] addi x0,x0,0
Register Write to Reg: 0x00 Val: 0x00000000
[inst #3370] addi x0,x0,0
Register Write to Reg: 0x00 Val: 0x00000000
[inst #3371] lw x1,28(x2)
Register Write to Reg: 0x01 Val: 0x0040037C
[inst #3372] lw x8,24(x2)
Register Write to Reg: 0x08 Val: 0x10010FA8
[inst #3373] addi x2,x2,32
Register Write to Reg: 0x02 Val: 0x10010FA8
[inst #3374] jalr x0,x1,0
Register Write to Reg: 0x00 Val: 0x00400510
[inst #3375] sw x7,24(x8)
Memory Write to Addr: 0x10010FC0 Val: 0x00000000
[inst #3376] jal x0,-444
Register Write to Reg: 0x00 Val: 0x00400384
[inst #3377] lw x28,24(x8)
Register Write to Reg: 0x1C Val: 0x00000000
[inst #3378] addi x7,x0,-1
Register Write to Reg: 0x07 Val: 0xFFFFFFFF
[inst #3379] addi x0,x0,0
Register Write to Reg: 0x00 Val: 0x00000000
[inst #3380] addi x0,x0,0
Register Write to Reg: 0x00 Val: 0x00000000
[inst #3381] beq x28,x7,8
[inst #3382] jal x0,-140
Register Write to Reg: 0x00 Val: 0x004001DC
[inst #3383] lw x29,24(x8)
Register Write to Reg: 0x1D Val: 0x00000000
[inst #3384] auipc x1,0
Register Write to Reg: 0x01 Val: 0x00400150
[inst #3385] sll x0,x0,x0
Register Write to Reg: 0x00 Val: 0x00000000
[inst #3386] sll x0,x0,x0
Register Write to Reg: 0x00 Val: 0x00000000
[inst #3387] sll x0,x0,x0
Register Write to Reg: 0x00 Val: 0x00000000
[inst #3388] addi x1,x1,24
Register Write to Reg: 0x01 Val: 0x00400168
[inst #3389] jal x0,1484
Register Write to Reg: 0x00 Val: 0x00400168
[inst #3390] addi x2,x2,-32
Register Write to Reg: 0x02 Val: 0x10010F88
[inst #3391] addi x0,x0,0
Register Write to Reg: 0x00 Val: 0x00000000
[inst #3392] addi x0,x0,0
Register Write to Reg: 0x00 Val: 0x00000000
[inst #3393] sw x8,28(x2)
Memory Write to Addr: 0x10010FA4 Val: 0x10010FA8
[inst #3394] add x8,x0,x2
Register Write to Reg: 0x08 Val: 0x10010F88
[inst #3395] addi x0,x0,0
Register Write to Reg: 0x00 Val: 0x00000000
[inst #3396] addi x0,x0,0
Register Write to Reg: 0x00 Val: 0x00000000
[inst #3397] sw x29,32(x8)
Memory Write to Addr: 0x10010FA8 Val: 0x00000000
[inst #3398] ori x7,x0,1
Register Write to Reg: 0x07 Val: 0x00000001
[inst #3399] addi x0,x0,0
Register Write to Reg: 0x00 Val: 0x00000000
[inst #3400] addi x0,x0,0
Register Write to Reg: 0x00 Val: 0x00000000
[inst #3401] sw x7,8(x8)
Memory Write to Addr: 0x10010F90 Val: 0x00000001
[inst #3402] sw x0,12(x8)
Memory Write to Addr: 0x10010F94 Val: 0x00000000
[inst #3403] jal x0,60
Register Write to Reg: 0x00 Val: 0x00400768
[inst #3404] lw x28,12(x8)
Register Write to Reg: 0x1C Val: 0x00000000
[inst #3405] lw x7,32(x8)
Register Write to Reg: 0x07 Val: 0x00000000
[inst #3406] addi x0,x0,0
Register Write to Reg: 0x00 Val: 0x00000000
[inst #3407] addi x0,x0,0
Register Write to Reg: 0x00 Val: 0x00000000
[inst #3408] slt x7,x28,x7
Register Write to Reg: 0x07 Val: 0x00000000
[inst #3409] addi x0,x0,0
Register Write to Reg: 0x00 Val: 0x00000000
[inst #3410] addi x0,x0,0
Register Write to Reg: 0x00 Val: 0x00000000
[inst #3411] beq x7,x0,8
[inst #3412] auipc x7,64528
Register Write to Reg: 0x07 Val: 0x100107C4
[inst #3413] sll x0,x0,x0
Register Write to Reg: 0x00 Val: 0x00000000
[inst #3414] sll x0,x0,x0
Register Write to Reg: 0x00 Val: 0x00000000
[inst #3415] sll x0,x0,x0
Register Write to Reg: 0x00 Val: 0x00000000
[inst #3416] addi x7,x7,-1952
Register Write to Reg: 0x07 Val: 0x10010024
[inst #3417] addi x0,x0,0
Register Write to Reg: 0x00 Val: 0x00000000
[inst #3418] addi x0,x0,0
Register Write to Reg: 0x00 Val: 0x00000000
[inst #3419] lw x7,0(x7)
Register Write to Reg: 0x07 Val: 0x01010101
[inst #3420] addi x0,x0,0
Register Write to Reg: 0x00 Val: 0x00000000
[inst #3421] addi x0,x0,0
Register Write to Reg: 0x00 Val: 0x00000000
[inst #3422] sw x7,16(x8)
Memory Write to Addr: 0x10010F98 Val: 0x01010101
[inst #3423] lw x28,16(x8)
Register Write to Reg: 0x1C Val: 0x01010101
[inst #3424] lw x7,8(x8)
Register Write to Reg: 0x07 Val: 0x00000001
[inst #3425] addi x0,x0,0
Register Write to Reg: 0x00 Val: 0x00000000
[inst #3426] addi x0,x0,0
Register Write to Reg: 0x00 Val: 0x00000000
[inst #3427] and x7,x28,x7
Register Write to Reg: 0x07 Val: 0x00000001
[inst #3428] addi x0,x0,0
Register Write to Reg: 0x00 Val: 0x00000000
[inst #3429] addi x0,x0,0
Register Write to Reg: 0x00 Val: 0x00000000
[inst #3430] slt x7,x0,x7
Register Write to Reg: 0x07 Val: 0x00000001
[inst #3431] addi x0,x0,0
Register Write to Reg: 0x00 Val: 0x00000000
[inst #3432] addi x0,x0,0
Register Write to Reg: 0x00 Val: 0x00000000
[inst #3433] andi x7,x7,255
Register Write to Reg: 0x07 Val: 0x00000001
[inst #3434] add x2,x0,x8
Register Write to Reg: 0x02 Val: 0x10010F88
[inst #3435] addi x0,x0,0
Register Write to Reg: 0x00 Val: 0x00000000
[inst #3436] addi x0,x0,0
Register Write to Reg: 0x00 Val: 0x00000000
[inst #3437] lw x8,28(x2)
Register Write to Reg: 0x08 Val: 0x10010FA8
[inst #3438] addi x2,x2,32
Register Write to Reg: 0x02 Val: 0x10010FA8
[inst #3439] jalr x0,x1,0
Register Write to Reg: 0x00 Val: 0x00400834
[inst #3440] xori x7,x7,1
Register Write to Reg: 0x07 Val: 0x00000000
[inst #3441] addi x0,x0,0
Register Write to Reg: 0x00 Val: 0x00000000
[inst #3442] addi x0,x0,0
Register Write to Reg: 0x00 Val: 0x00000000
[inst #3443] andi x7,x7,255
Register Write to Reg: 0x07 Val: 0x00000000
[inst #3444] beq x7,x0,32
[inst #3445] addi x7,x8,28
Register Write to Reg: 0x07 Val: 0x10010FC4
[inst #3446] addi x0,x0,0
Register Write to Reg: 0x00 Val: 0x00000000
[inst #3447] addi x0,x0,0
Register Write to Reg: 0x00 Val: 0x00000000
[inst #3448] add x29,x0,x7
Register Write to Reg: 0x1D Val: 0x10010FC4
[inst #3449] auipc x1,0
Register Write to Reg: 0x01 Val: 0x004001A8
[inst #3450] sll x0,x0,x0
Register Write to Reg: 0x00 Val: 0x00000000
[inst #3451] sll x0,x0,x0
Register Write to Reg: 0x00 Val: 0x00000000
[inst #3452] sll x0,x0,x0
Register Write to Reg: 0x00 Val: 0x00000000
[inst #3453] addi x1,x1,24
Register Write to Reg: 0x01 Val: 0x004001C0
[inst #3454] jal x0,568
Register Write to Reg: 0x00 Val: 0x004001C0
[inst #3455] addi x2,x2,-32
Register Write to Reg: 0x02 Val: 0x10010F88
[inst #3456] addi x0,x0,0
Register Write to Reg: 0x00 Val: 0x00000000
[inst #3457] addi x0,x0,0
Register Write to Reg: 0x00 Val: 0x00000000
[inst #3458] sw x1,28(x2)
Memory Write to Addr: 0x10010FA4 Val: 0x004001C0
[inst #3459] sw x8,24(x2)
Memory Write to Addr: 0x10010FA0 Val: 0x10010FA8
[inst #3460] add x8,x0,x2
Register Write to Reg: 0x08 Val: 0x10010F88
[inst #3461] addi x0,x0,0
Register Write to Reg: 0x00 Val: 0x00000000
[inst #3462] addi x0,x0,0
Register Write to Reg: 0x00 Val: 0x00000000
[inst #3463] sw x29,32(x8)
Memory Write to Addr: 0x10010FA8 Val: 0x10010FC4
[inst #3464] jal x0,172
Register Write to Reg: 0x00 Val: 0x0040041C
[inst #3465] lw x7,32(x8)
Register Write to Reg: 0x07 Val: 0x10010FC4
[inst #3466] addi x0,x0,0
Register Write to Reg: 0x00 Val: 0x00000000
[inst #3467] addi x0,x0,0
Register Write to Reg: 0x00 Val: 0x00000000
[inst #3468] lw x7,4(x7)
Register Write to Reg: 0x07 Val: 0x00000001
[inst #3469] addi x0,x0,0
Register Write to Reg: 0x00 Val: 0x00000000
[inst #3470] addi x0,x0,0
Register Write to Reg: 0x00 Val: 0x00000000
[inst #3471] slti x7,x7,4
Register Write to Reg: 0x07 Val: 0x00000001
[inst #3472] addi x0,x0,0
Register Write to Reg: 0x00 Val: 0x00000000
[inst #3473] addi x0,x0,0
Register Write to Reg: 0x00 Val: 0x00000000
[inst #3474] beq x7,x0,8
[inst #3475] jal x0,-208
Register Write to Reg: 0x00 Val: 0x004004F0
[inst #3476] lw x7,32(x8)
Register Write to Reg: 0x07 Val: 0x10010FC4
[inst #3477] addi x0,x0,0
Register Write to Reg: 0x00 Val: 0x00000000
[inst #3478] addi x0,x0,0
Register Write to Reg: 0x00 Val: 0x00000000
[inst #3479] lw x28,0(x7)
Register Write to Reg: 0x1C Val: 0x00000003
[inst #3480] lw x7,32(x8)
Register Write to Reg: 0x07 Val: 0x10010FC4
[inst #3481] addi x0,x0,0
Register Write to Reg: 0x00 Val: 0x00000000
[inst #3482] addi x0,x0,0
Register Write to Reg: 0x00 Val: 0x00000000
[inst #3483] lw x7,4(x7)
Register Write to Reg: 0x07 Val: 0x00000001
[inst #3484] addi x0,x0,0
Register Write to Reg: 0x00 Val: 0x00000000
[inst #3485] addi x0,x0,0
Register Write to Reg: 0x00 Val: 0x00000000
[inst #3486] add x30,x0,x7
Register Write to Reg: 0x1E Val: 0x00000001
[inst #3487] add x29,x0,x28
Register Write to Reg: 0x1D Val: 0x00000003
[inst #3488] auipc x1,0
Register Write to Reg: 0x01 Val: 0x0040044C
[inst #3489] sll x0,x0,x0
Register Write to Reg: 0x00 Val: 0x00000000
[inst #3490] sll x0,x0,x0
Register Write to Reg: 0x00 Val: 0x00000000
[inst #3491] sll x0,x0,x0
Register Write to Reg: 0x00 Val: 0x00000000
[inst #3492] addi x1,x1,24
Register Write to Reg: 0x01 Val: 0x00400464
[inst #3493] jal x0,176
Register Write to Reg: 0x00 Val: 0x00400464
[inst #3494] addi x2,x2,-32
Register Write to Reg: 0x02 Val: 0x10010F68
[inst #3495] addi x0,x0,0
Register Write to Reg: 0x00 Val: 0x00000000
[inst #3496] addi x0,x0,0
Register Write to Reg: 0x00 Val: 0x00000000
[inst #3497] sw x8,28(x2)
Memory Write to Addr: 0x10010F84 Val: 0x10010F88
[inst #3498] add x8,x0,x2
Register Write to Reg: 0x08 Val: 0x10010F68
[inst #3499] addi x0,x0,0
Register Write to Reg: 0x00 Val: 0x00000000
[inst #3500] addi x0,x0,0
Register Write to Reg: 0x00 Val: 0x00000000
[inst #3501] sw x29,32(x8)
Memory Write to Addr: 0x10010F88 Val: 0x00000003
[inst #3502] sw x30,36(x8)
Memory Write to Addr: 0x10010F8C Val: 0x00000001
[inst #3503] auipc x7,64528
Register Write to Reg: 0x07 Val: 0x10010534
[inst #3504] sll x0,x0,x0
Register Write to Reg: 0x00 Val: 0x00000000
[inst #3505] sll x0,x0,x0
Register Write to Reg: 0x00 Val: 0x00000000
[inst #3506] sll x0,x0,x0
Register Write to Reg: 0x00 Val: 0x00000000
[inst #3507] addi x7,x7,-1312
Register Write to Reg: 0x07 Val: 0x10010014
[inst #3508] lw x28,32(x8)
Register Write to Reg: 0x1C Val: 0x00000003
[inst #3509] addi x0,x0,0
Register Write to Reg: 0x00 Val: 0x00000000
[inst #3510] addi x0,x0,0
Register Write to Reg: 0x00 Val: 0x00000000
[inst #3511] slli x28,x28,2
Register Write to Reg: 0x1C Val: 0x0000000C
[inst #3512] addi x0,x0,0
Register Write to Reg: 0x00 Val: 0x00000000
[inst #3513] addi x0,x0,0
Register Write to Reg: 0x00 Val: 0x00000000
[inst #3514] add x7,x28,x7
Register Write to Reg: 0x07 Val: 0x10010020
[inst #3515] addi x0,x0,0
Register Write to Reg: 0x00 Val: 0x00000000
[inst #3516] addi x0,x0,0
Register Write to Reg: 0x00 Val: 0x00000000
[inst #3517] lw x7,0(x7)
Register Write to Reg: 0x07 Val: 0x00000003
[inst #3518] addi x0,x0,0
Register Write to Reg: 0x00 Val: 0x00000000
[inst #3519] addi x0,x0,0
Register Write to Reg: 0x00 Val: 0x00000000
[inst #3520] sw x7,16(x8)
Memory Write to Addr: 0x10010F78 Val: 0x00000003
[inst #3521] addi x7,x0,1
Register Write to Reg: 0x07 Val: 0x00000001
[inst #3522] addi x0,x0,0
Register Write to Reg: 0x00 Val: 0x00000000
[inst #3523] addi x0,x0,0
Register Write to Reg: 0x00 Val: 0x00000000
[inst #3524] sw x7,8(x8)
Memory Write to Addr: 0x10010F70 Val: 0x00000001
[inst #3525] sw x0,12(x8)
Memory Write to Addr: 0x10010F74 Val: 0x00000000
[inst #3526] jal x0,60
Register Write to Reg: 0x00 Val: 0x00400594
[inst #3527] lw x28,12(x8)
Register Write to Reg: 0x1C Val: 0x00000000
[inst #3528] lw x7,36(x8)
Register Write to Reg: 0x07 Val: 0x00000001
[inst #3529] addi x0,x0,0
Register Write to Reg: 0x00 Val: 0x00000000
[inst #3530] addi x0,x0,0
Register Write to Reg: 0x00 Val: 0x00000000
[inst #3531] slt x7,x28,x7
Register Write to Reg: 0x07 Val: 0x00000001
[inst #3532] addi x0,x0,0
Register Write to Reg: 0x00 Val: 0x00000000
[inst #3533] addi x0,x0,0
Register Write to Reg: 0x00 Val: 0x00000000
[inst #3534] beq x7,x0,8
[inst #3535] jal x0,-88
Register Write to Reg: 0x00 Val: 0x004005F0
[inst #3536] lw x7,8(x8)
Register Write to Reg: 0x07 Val: 0x00000001
[inst #3537] addi x0,x0,0
Register Write to Reg: 0x00 Val: 0x00000000
[inst #3538] addi x0,x0,0
Register Write to Reg: 0x00 Val: 0x00000000
[inst #3539] slli x7,x7,1
Register Write to Reg: 0x07 Val: 0x00000002
[inst #3540] addi x0,x0,0
Register Write to Reg: 0x00 Val: 0x00000000
[inst #3541] addi x0,x0,0
Register Write to Reg: 0x00 Val: 0x00000000
[inst #3542] sw x7,8(x8)
Memory Write to Addr: 0x10010F70 Val: 0x00000002
[inst #3543] lw x7,12(x8)
Register Write to Reg: 0x07 Val: 0x00000000
[inst #3544] addi x0,x0,0
Register Write to Reg: 0x00 Val: 0x00000000
[inst #3545] addi x0,x0,0
Register Write to Reg: 0x00 Val: 0x00000000
[inst #3546] addi x7,x7,1
Register Write to Reg: 0x07 Val: 0x00000001
[inst #3547] addi x0,x0,0
Register Write to Reg: 0x00 Val: 0x00000000
[inst #3548] addi x0,x0,0
Register Write to Reg: 0x00 Val: 0x00000000
[inst #3549] sw x7,12(x8)
Memory Write to Addr: 0x10010F74 Val: 0x00000001
[inst #3550] lw x28,12(x8)
Register Write to Reg: 0x1C Val: 0x00000001
[inst #3551] lw x7,36(x8)
Register Write to Reg: 0x07 Val: 0x00000001
[inst #3552] addi x0,x0,0
Register Write to Reg: 0x00 Val: 0x00000000
[inst #3553] addi x0,x0,0
Register Write to Reg: 0x00 Val: 0x00000000
[inst #3554] slt x7,x28,x7
Register Write to Reg: 0x07 Val: 0x00000000
[inst #3555] addi x0,x0,0
Register Write to Reg: 0x00 Val: 0x00000000
[inst #3556] addi x0,x0,0
Register Write to Reg: 0x00 Val: 0x00000000
[inst #3557] beq x7,x0,8
[inst #3558] lw x28,8(x8)
Register Write to Reg: 0x1C Val: 0x00000002
[inst #3559] lw x7,16(x8)
Register Write to Reg: 0x07 Val: 0x00000003
[inst #3560] addi x0,x0,0
Register Write to Reg: 0x00 Val: 0x00000000
[inst #3561] addi x0,x0,0
Register Write to Reg: 0x00 Val: 0x00000000
[inst #3562] and x7,x28,x7
Register Write to Reg: 0x07 Val: 0x00000002
[inst #3563] addi x0,x0,0
Register Write to Reg: 0x00 Val: 0x00000000
[inst #3564] addi x0,x0,0
Register Write to Reg: 0x00 Val: 0x00000000
[inst #3565] slt x7,x0,x7
Register Write to Reg: 0x07 Val: 0x00000001
[inst #3566] addi x0,x0,0
Register Write to Reg: 0x00 Val: 0x00000000
[inst #3567] addi x0,x0,0
Register Write to Reg: 0x00 Val: 0x00000000
[inst #3568] andi x7,x7,255
Register Write to Reg: 0x07 Val: 0x00000001
[inst #3569] add x2,x0,x8
Register Write to Reg: 0x02 Val: 0x10010F68
[inst #3570] addi x0,x0,0
Register Write to Reg: 0x00 Val: 0x00000000
[inst #3571] addi x0,x0,0
Register Write to Reg: 0x00 Val: 0x00000000
[inst #3572] lw x8,28(x2)
Register Write to Reg: 0x08 Val: 0x10010F88
[inst #3573] addi x2,x2,32
Register Write to Reg: 0x02 Val: 0x10010F88
[inst #3574] jalr x0,x1,0
Register Write to Reg: 0x00 Val: 0x00400634
[inst #3575] beq x7,x0,52
[inst #3576] lw x7,32(x8)
Register Write to Reg: 0x07 Val: 0x10010FC4
[inst #3577] addi x0,x0,0
Register Write to Reg: 0x00 Val: 0x00000000
[inst #3578] addi x0,x0,0
Register Write to Reg: 0x00 Val: 0x00000000
[inst #3579] lw x7,4(x7)
Register Write to Reg: 0x07 Val: 0x00000001
[inst #3580] addi x0,x0,0
Register Write to Reg: 0x00 Val: 0x00000000
[inst #3581] addi x0,x0,0
Register Write to Reg: 0x00 Val: 0x00000000
[inst #3582] addi x29,x7,1
Register Write to Reg: 0x1D Val: 0x00000002
[inst #3583] lw x28,32(x8)
Register Write to Reg: 0x1C Val: 0x10010FC4
[inst #3584] addi x0,x0,0
Register Write to Reg: 0x00 Val: 0x00000000
[inst #3585] addi x0,x0,0
Register Write to Reg: 0x00 Val: 0x00000000
[inst #3586] sw x29,4(x28)
Memory Write to Addr: 0x10010FC8 Val: 0x00000002
[inst #3587] jal x0,96
Register Write to Reg: 0x00 Val: 0x00400498
[inst #3588] add x2,x0,x8
Register Write to Reg: 0x02 Val: 0x10010F88
[inst #3589] addi x0,x0,0
Register Write to Reg: 0x00 Val: 0x00000000
[inst #3590] addi x0,x0,0
Register Write to Reg: 0x00 Val: 0x00000000
[inst #3591] lw x1,28(x2)
Register Write to Reg: 0x01 Val: 0x004001C0
[inst #3592] lw x8,24(x2)
Register Write to Reg: 0x08 Val: 0x10010FA8
[inst #3593] addi x2,x2,32
Register Write to Reg: 0x02 Val: 0x10010FA8
[inst #3594] jalr x0,x1,0
Register Write to Reg: 0x00 Val: 0x00400510
[inst #3595] sw x7,24(x8)
Memory Write to Addr: 0x10010FC0 Val: 0x00000001
[inst #3596] lw x28,24(x8)
Register Write to Reg: 0x1C Val: 0x00000001
[inst #3597] addi x7,x0,-1
Register Write to Reg: 0x07 Val: 0xFFFFFFFF
[inst #3598] addi x0,x0,0
Register Write to Reg: 0x00 Val: 0x00000000
[inst #3599] addi x0,x0,0
Register Write to Reg: 0x00 Val: 0x00000000
[inst #3600] beq x28,x7,8
[inst #3601] jal x0,-140
Register Write to Reg: 0x00 Val: 0x004001DC
[inst #3602] lw x29,24(x8)
Register Write to Reg: 0x1D Val: 0x00000001
[inst #3603] auipc x1,0
Register Write to Reg: 0x01 Val: 0x00400150
[inst #3604] sll x0,x0,x0
Register Write to Reg: 0x00 Val: 0x00000000
[inst #3605] sll x0,x0,x0
Register Write to Reg: 0x00 Val: 0x00000000
[inst #3606] sll x0,x0,x0
Register Write to Reg: 0x00 Val: 0x00000000
[inst #3607] addi x1,x1,24
Register Write to Reg: 0x01 Val: 0x00400168
[inst #3608] jal x0,1484
Register Write to Reg: 0x00 Val: 0x00400168
[inst #3609] addi x2,x2,-32
Register Write to Reg: 0x02 Val: 0x10010F88
[inst #3610] addi x0,x0,0
Register Write to Reg: 0x00 Val: 0x00000000
[inst #3611] addi x0,x0,0
Register Write to Reg: 0x00 Val: 0x00000000
[inst #3612] sw x8,28(x2)
Memory Write to Addr: 0x10010FA4 Val: 0x10010FA8
[inst #3613] add x8,x0,x2
Register Write to Reg: 0x08 Val: 0x10010F88
[inst #3614] addi x0,x0,0
Register Write to Reg: 0x00 Val: 0x00000000
[inst #3615] addi x0,x0,0
Register Write to Reg: 0x00 Val: 0x00000000
[inst #3616] sw x29,32(x8)
Memory Write to Addr: 0x10010FA8 Val: 0x00000001
[inst #3617] ori x7,x0,1
Register Write to Reg: 0x07 Val: 0x00000001
[inst #3618] addi x0,x0,0
Register Write to Reg: 0x00 Val: 0x00000000
[inst #3619] addi x0,x0,0
Register Write to Reg: 0x00 Val: 0x00000000
[inst #3620] sw x7,8(x8)
Memory Write to Addr: 0x10010F90 Val: 0x00000001
[inst #3621] sw x0,12(x8)
Memory Write to Addr: 0x10010F94 Val: 0x00000000
[inst #3622] jal x0,60
Register Write to Reg: 0x00 Val: 0x00400768
[inst #3623] lw x28,12(x8)
Register Write to Reg: 0x1C Val: 0x00000000
[inst #3624] lw x7,32(x8)
Register Write to Reg: 0x07 Val: 0x00000001
[inst #3625] addi x0,x0,0
Register Write to Reg: 0x00 Val: 0x00000000
[inst #3626] addi x0,x0,0
Register Write to Reg: 0x00 Val: 0x00000000
[inst #3627] slt x7,x28,x7
Register Write to Reg: 0x07 Val: 0x00000001
[inst #3628] addi x0,x0,0
Register Write to Reg: 0x00 Val: 0x00000000
[inst #3629] addi x0,x0,0
Register Write to Reg: 0x00 Val: 0x00000000
[inst #3630] beq x7,x0,8
[inst #3631] jal x0,-88
Register Write to Reg: 0x00 Val: 0x004007C4
[inst #3632] lw x7,8(x8)
Register Write to Reg: 0x07 Val: 0x00000001
[inst #3633] addi x0,x0,0
Register Write to Reg: 0x00 Val: 0x00000000
[inst #3634] addi x0,x0,0
Register Write to Reg: 0x00 Val: 0x00000000
[inst #3635] slli x7,x7,8
Register Write to Reg: 0x07 Val: 0x00000100
[inst #3636] addi x0,x0,0
Register Write to Reg: 0x00 Val: 0x00000000
[inst #3637] addi x0,x0,0
Register Write to Reg: 0x00 Val: 0x00000000
[inst #3638] sw x7,8(x8)
Memory Write to Addr: 0x10010F90 Val: 0x00000100
[inst #3639] lw x7,12(x8)
Register Write to Reg: 0x07 Val: 0x00000000
[inst #3640] addi x0,x0,0
Register Write to Reg: 0x00 Val: 0x00000000
[inst #3641] addi x0,x0,0
Register Write to Reg: 0x00 Val: 0x00000000
[inst #3642] addi x7,x7,1
Register Write to Reg: 0x07 Val: 0x00000001
[inst #3643] addi x0,x0,0
Register Write to Reg: 0x00 Val: 0x00000000
[inst #3644] addi x0,x0,0
Register Write to Reg: 0x00 Val: 0x00000000
[inst #3645] sw x7,12(x8)
Memory Write to Addr: 0x10010F94 Val: 0x00000001
[inst #3646] lw x28,12(x8)
Register Write to Reg: 0x1C Val: 0x00000001
[inst #3647] lw x7,32(x8)
Register Write to Reg: 0x07 Val: 0x00000001
[inst #3648] addi x0,x0,0
Register Write to Reg: 0x00 Val: 0x00000000
[inst #3649] addi x0,x0,0
Register Write to Reg: 0x00 Val: 0x00000000
[inst #3650] slt x7,x28,x7
Register Write to Reg: 0x07 Val: 0x00000000
[inst #3651] addi x0,x0,0
Register Write to Reg: 0x00 Val: 0x00000000
[inst #3652] addi x0,x0,0
Register Write to Reg: 0x00 Val: 0x00000000
[inst #3653] beq x7,x0,8
[inst #3654] auipc x7,64528
Register Write to Reg: 0x07 Val: 0x100107C4
[inst #3655] sll x0,x0,x0
Register Write to Reg: 0x00 Val: 0x00000000
[inst #3656] sll x0,x0,x0
Register Write to Reg: 0x00 Val: 0x00000000
[inst #3657] sll x0,x0,x0
Register Write to Reg: 0x00 Val: 0x00000000
[inst #3658] addi x7,x7,-1952
Register Write to Reg: 0x07 Val: 0x10010024
[inst #3659] addi x0,x0,0
Register Write to Reg: 0x00 Val: 0x00000000
[inst #3660] addi x0,x0,0
Register Write to Reg: 0x00 Val: 0x00000000
[inst #3661] lw x7,0(x7)
Register Write to Reg: 0x07 Val: 0x01010101
[inst #3662] addi x0,x0,0
Register Write to Reg: 0x00 Val: 0x00000000
[inst #3663] addi x0,x0,0
Register Write to Reg: 0x00 Val: 0x00000000
[inst #3664] sw x7,16(x8)
Memory Write to Addr: 0x10010F98 Val: 0x01010101
[inst #3665] lw x28,16(x8)
Register Write to Reg: 0x1C Val: 0x01010101
[inst #3666] lw x7,8(x8)
Register Write to Reg: 0x07 Val: 0x00000100
[inst #3667] addi x0,x0,0
Register Write to Reg: 0x00 Val: 0x00000000
[inst #3668] addi x0,x0,0
Register Write to Reg: 0x00 Val: 0x00000000
[inst #3669] and x7,x28,x7
Register Write to Reg: 0x07 Val: 0x00000100
[inst #3670] addi x0,x0,0
Register Write to Reg: 0x00 Val: 0x00000000
[inst #3671] addi x0,x0,0
Register Write to Reg: 0x00 Val: 0x00000000
[inst #3672] slt x7,x0,x7
Register Write to Reg: 0x07 Val: 0x00000001
[inst #3673] addi x0,x0,0
Register Write to Reg: 0x00 Val: 0x00000000
[inst #3674] addi x0,x0,0
Register Write to Reg: 0x00 Val: 0x00000000
[inst #3675] andi x7,x7,255
Register Write to Reg: 0x07 Val: 0x00000001
[inst #3676] add x2,x0,x8
Register Write to Reg: 0x02 Val: 0x10010F88
[inst #3677] addi x0,x0,0
Register Write to Reg: 0x00 Val: 0x00000000
[inst #3678] addi x0,x0,0
Register Write to Reg: 0x00 Val: 0x00000000
[inst #3679] lw x8,28(x2)
Register Write to Reg: 0x08 Val: 0x10010FA8
[inst #3680] addi x2,x2,32
Register Write to Reg: 0x02 Val: 0x10010FA8
[inst #3681] jalr x0,x1,0
Register Write to Reg: 0x00 Val: 0x00400834
[inst #3682] xori x7,x7,1
Register Write to Reg: 0x07 Val: 0x00000000
[inst #3683] addi x0,x0,0
Register Write to Reg: 0x00 Val: 0x00000000
[inst #3684] addi x0,x0,0
Register Write to Reg: 0x00 Val: 0x00000000
[inst #3685] andi x7,x7,255
Register Write to Reg: 0x07 Val: 0x00000000
[inst #3686] beq x7,x0,32
[inst #3687] addi x7,x8,28
Register Write to Reg: 0x07 Val: 0x10010FC4
[inst #3688] addi x0,x0,0
Register Write to Reg: 0x00 Val: 0x00000000
[inst #3689] addi x0,x0,0
Register Write to Reg: 0x00 Val: 0x00000000
[inst #3690] add x29,x0,x7
Register Write to Reg: 0x1D Val: 0x10010FC4
[inst #3691] auipc x1,0
Register Write to Reg: 0x01 Val: 0x004001A8
[inst #3692] sll x0,x0,x0
Register Write to Reg: 0x00 Val: 0x00000000
[inst #3693] sll x0,x0,x0
Register Write to Reg: 0x00 Val: 0x00000000
[inst #3694] sll x0,x0,x0
Register Write to Reg: 0x00 Val: 0x00000000
[inst #3695] addi x1,x1,24
Register Write to Reg: 0x01 Val: 0x004001C0
[inst #3696] jal x0,568
Register Write to Reg: 0x00 Val: 0x004001C0
[inst #3697] addi x2,x2,-32
Register Write to Reg: 0x02 Val: 0x10010F88
[inst #3698] addi x0,x0,0
Register Write to Reg: 0x00 Val: 0x00000000
[inst #3699] addi x0,x0,0
Register Write to Reg: 0x00 Val: 0x00000000
[inst #3700] sw x1,28(x2)
Memory Write to Addr: 0x10010FA4 Val: 0x004001C0
[inst #3701] sw x8,24(x2)
Memory Write to Addr: 0x10010FA0 Val: 0x10010FA8
[inst #3702] add x8,x0,x2
Register Write to Reg: 0x08 Val: 0x10010F88
[inst #3703] addi x0,x0,0
Register Write to Reg: 0x00 Val: 0x00000000
[inst #3704] addi x0,x0,0
Register Write to Reg: 0x00 Val: 0x00000000
[inst #3705] sw x29,32(x8)
Memory Write to Addr: 0x10010FA8 Val: 0x10010FC4
[inst #3706] jal x0,172
Register Write to Reg: 0x00 Val: 0x0040041C
[inst #3707] lw x7,32(x8)
Register Write to Reg: 0x07 Val: 0x10010FC4
[inst #3708] addi x0,x0,0
Register Write to Reg: 0x00 Val: 0x00000000
[inst #3709] addi x0,x0,0
Register Write to Reg: 0x00 Val: 0x00000000
[inst #3710] lw x7,4(x7)
Register Write to Reg: 0x07 Val: 0x00000002
[inst #3711] addi x0,x0,0
Register Write to Reg: 0x00 Val: 0x00000000
[inst #3712] addi x0,x0,0
Register Write to Reg: 0x00 Val: 0x00000000
[inst #3713] slti x7,x7,4
Register Write to Reg: 0x07 Val: 0x00000001
[inst #3714] addi x0,x0,0
Register Write to Reg: 0x00 Val: 0x00000000
[inst #3715] addi x0,x0,0
Register Write to Reg: 0x00 Val: 0x00000000
[inst #3716] beq x7,x0,8
[inst #3717] jal x0,-208
Register Write to Reg: 0x00 Val: 0x004004F0
[inst #3718] lw x7,32(x8)
Register Write to Reg: 0x07 Val: 0x10010FC4
[inst #3719] addi x0,x0,0
Register Write to Reg: 0x00 Val: 0x00000000
[inst #3720] addi x0,x0,0
Register Write to Reg: 0x00 Val: 0x00000000
[inst #3721] lw x28,0(x7)
Register Write to Reg: 0x1C Val: 0x00000003
[inst #3722] lw x7,32(x8)
Register Write to Reg: 0x07 Val: 0x10010FC4
[inst #3723] addi x0,x0,0
Register Write to Reg: 0x00 Val: 0x00000000
[inst #3724] addi x0,x0,0
Register Write to Reg: 0x00 Val: 0x00000000
[inst #3725] lw x7,4(x7)
Register Write to Reg: 0x07 Val: 0x00000002
[inst #3726] addi x0,x0,0
Register Write to Reg: 0x00 Val: 0x00000000
[inst #3727] addi x0,x0,0
Register Write to Reg: 0x00 Val: 0x00000000
[inst #3728] add x30,x0,x7
Register Write to Reg: 0x1E Val: 0x00000002
[inst #3729] add x29,x0,x28
Register Write to Reg: 0x1D Val: 0x00000003
[inst #3730] auipc x1,0
Register Write to Reg: 0x01 Val: 0x0040044C
[inst #3731] sll x0,x0,x0
Register Write to Reg: 0x00 Val: 0x00000000
[inst #3732] sll x0,x0,x0
Register Write to Reg: 0x00 Val: 0x00000000
[inst #3733] sll x0,x0,x0
Register Write to Reg: 0x00 Val: 0x00000000
[inst #3734] addi x1,x1,24
Register Write to Reg: 0x01 Val: 0x00400464
[inst #3735] jal x0,176
Register Write to Reg: 0x00 Val: 0x00400464
[inst #3736] addi x2,x2,-32
Register Write to Reg: 0x02 Val: 0x10010F68
[inst #3737] addi x0,x0,0
Register Write to Reg: 0x00 Val: 0x00000000
[inst #3738] addi x0,x0,0
Register Write to Reg: 0x00 Val: 0x00000000
[inst #3739] sw x8,28(x2)
Memory Write to Addr: 0x10010F84 Val: 0x10010F88
[inst #3740] add x8,x0,x2
Register Write to Reg: 0x08 Val: 0x10010F68
[inst #3741] addi x0,x0,0
Register Write to Reg: 0x00 Val: 0x00000000
[inst #3742] addi x0,x0,0
Register Write to Reg: 0x00 Val: 0x00000000
[inst #3743] sw x29,32(x8)
Memory Write to Addr: 0x10010F88 Val: 0x00000003
[inst #3744] sw x30,36(x8)
Memory Write to Addr: 0x10010F8C Val: 0x00000002
[inst #3745] auipc x7,64528
Register Write to Reg: 0x07 Val: 0x10010534
[inst #3746] sll x0,x0,x0
Register Write to Reg: 0x00 Val: 0x00000000
[inst #3747] sll x0,x0,x0
Register Write to Reg: 0x00 Val: 0x00000000
[inst #3748] sll x0,x0,x0
Register Write to Reg: 0x00 Val: 0x00000000
[inst #3749] addi x7,x7,-1312
Register Write to Reg: 0x07 Val: 0x10010014
[inst #3750] lw x28,32(x8)
Register Write to Reg: 0x1C Val: 0x00000003
[inst #3751] addi x0,x0,0
Register Write to Reg: 0x00 Val: 0x00000000
[inst #3752] addi x0,x0,0
Register Write to Reg: 0x00 Val: 0x00000000
[inst #3753] slli x28,x28,2
Register Write to Reg: 0x1C Val: 0x0000000C
[inst #3754] addi x0,x0,0
Register Write to Reg: 0x00 Val: 0x00000000
[inst #3755] addi x0,x0,0
Register Write to Reg: 0x00 Val: 0x00000000
[inst #3756] add x7,x28,x7
Register Write to Reg: 0x07 Val: 0x10010020
[inst #3757] addi x0,x0,0
Register Write to Reg: 0x00 Val: 0x00000000
[inst #3758] addi x0,x0,0
Register Write to Reg: 0x00 Val: 0x00000000
[inst #3759] lw x7,0(x7)
Register Write to Reg: 0x07 Val: 0x00000003
[inst #3760] addi x0,x0,0
Register Write to Reg: 0x00 Val: 0x00000000
[inst #3761] addi x0,x0,0
Register Write to Reg: 0x00 Val: 0x00000000
[inst #3762] sw x7,16(x8)
Memory Write to Addr: 0x10010F78 Val: 0x00000003
[inst #3763] addi x7,x0,1
Register Write to Reg: 0x07 Val: 0x00000001
[inst #3764] addi x0,x0,0
Register Write to Reg: 0x00 Val: 0x00000000
[inst #3765] addi x0,x0,0
Register Write to Reg: 0x00 Val: 0x00000000
[inst #3766] sw x7,8(x8)
Memory Write to Addr: 0x10010F70 Val: 0x00000001
[inst #3767] sw x0,12(x8)
Memory Write to Addr: 0x10010F74 Val: 0x00000000
[inst #3768] jal x0,60
Register Write to Reg: 0x00 Val: 0x00400594
[inst #3769] lw x28,12(x8)
Register Write to Reg: 0x1C Val: 0x00000000
[inst #3770] lw x7,36(x8)
Register Write to Reg: 0x07 Val: 0x00000002
[inst #3771] addi x0,x0,0
Register Write to Reg: 0x00 Val: 0x00000000
[inst #3772] addi x0,x0,0
Register Write to Reg: 0x00 Val: 0x00000000
[inst #3773] slt x7,x28,x7
Register Write to Reg: 0x07 Val: 0x00000001
[inst #3774] addi x0,x0,0
Register Write to Reg: 0x00 Val: 0x00000000
[inst #3775] addi x0,x0,0
Register Write to Reg: 0x00 Val: 0x00000000
[inst #3776] beq x7,x0,8
[inst #3777] jal x0,-88
Register Write to Reg: 0x00 Val: 0x004005F0
[inst #3778] lw x7,8(x8)
Register Write to Reg: 0x07 Val: 0x00000001
[inst #3779] addi x0,x0,0
Register Write to Reg: 0x00 Val: 0x00000000
[inst #3780] addi x0,x0,0
Register Write to Reg: 0x00 Val: 0x00000000
[inst #3781] slli x7,x7,1
Register Write to Reg: 0x07 Val: 0x00000002
[inst #3782] addi x0,x0,0
Register Write to Reg: 0x00 Val: 0x00000000
[inst #3783] addi x0,x0,0
Register Write to Reg: 0x00 Val: 0x00000000
[inst #3784] sw x7,8(x8)
Memory Write to Addr: 0x10010F70 Val: 0x00000002
[inst #3785] lw x7,12(x8)
Register Write to Reg: 0x07 Val: 0x00000000
[inst #3786] addi x0,x0,0
Register Write to Reg: 0x00 Val: 0x00000000
[inst #3787] addi x0,x0,0
Register Write to Reg: 0x00 Val: 0x00000000
[inst #3788] addi x7,x7,1
Register Write to Reg: 0x07 Val: 0x00000001
[inst #3789] addi x0,x0,0
Register Write to Reg: 0x00 Val: 0x00000000
[inst #3790] addi x0,x0,0
Register Write to Reg: 0x00 Val: 0x00000000
[inst #3791] sw x7,12(x8)
Memory Write to Addr: 0x10010F74 Val: 0x00000001
[inst #3792] lw x28,12(x8)
Register Write to Reg: 0x1C Val: 0x00000001
[inst #3793] lw x7,36(x8)
Register Write to Reg: 0x07 Val: 0x00000002
[inst #3794] addi x0,x0,0
Register Write to Reg: 0x00 Val: 0x00000000
[inst #3795] addi x0,x0,0
Register Write to Reg: 0x00 Val: 0x00000000
[inst #3796] slt x7,x28,x7
Register Write to Reg: 0x07 Val: 0x00000001
[inst #3797] addi x0,x0,0
Register Write to Reg: 0x00 Val: 0x00000000
[inst #3798] addi x0,x0,0
Register Write to Reg: 0x00 Val: 0x00000000
[inst #3799] beq x7,x0,8
[inst #3800] jal x0,-88
Register Write to Reg: 0x00 Val: 0x004005F0
[inst #3801] lw x7,8(x8)
Register Write to Reg: 0x07 Val: 0x00000002
[inst #3802] addi x0,x0,0
Register Write to Reg: 0x00 Val: 0x00000000
[inst #3803] addi x0,x0,0
Register Write to Reg: 0x00 Val: 0x00000000
[inst #3804] slli x7,x7,1
Register Write to Reg: 0x07 Val: 0x00000004
[inst #3805] addi x0,x0,0
Register Write to Reg: 0x00 Val: 0x00000000
[inst #3806] addi x0,x0,0
Register Write to Reg: 0x00 Val: 0x00000000
[inst #3807] sw x7,8(x8)
Memory Write to Addr: 0x10010F70 Val: 0x00000004
[inst #3808] lw x7,12(x8)
Register Write to Reg: 0x07 Val: 0x00000001
[inst #3809] addi x0,x0,0
Register Write to Reg: 0x00 Val: 0x00000000
[inst #3810] addi x0,x0,0
Register Write to Reg: 0x00 Val: 0x00000000
[inst #3811] addi x7,x7,1
Register Write to Reg: 0x07 Val: 0x00000002
[inst #3812] addi x0,x0,0
Register Write to Reg: 0x00 Val: 0x00000000
[inst #3813] addi x0,x0,0
Register Write to Reg: 0x00 Val: 0x00000000
[inst #3814] sw x7,12(x8)
Memory Write to Addr: 0x10010F74 Val: 0x00000002
[inst #3815] lw x28,12(x8)
Register Write to Reg: 0x1C Val: 0x00000002
[inst #3816] lw x7,36(x8)
Register Write to Reg: 0x07 Val: 0x00000002
[inst #3817] addi x0,x0,0
Register Write to Reg: 0x00 Val: 0x00000000
[inst #3818] addi x0,x0,0
Register Write to Reg: 0x00 Val: 0x00000000
[inst #3819] slt x7,x28,x7
Register Write to Reg: 0x07 Val: 0x00000000
[inst #3820] addi x0,x0,0
Register Write to Reg: 0x00 Val: 0x00000000
[inst #3821] addi x0,x0,0
Register Write to Reg: 0x00 Val: 0x00000000
[inst #3822] beq x7,x0,8
[inst #3823] lw x28,8(x8)
Register Write to Reg: 0x1C Val: 0x00000004
[inst #3824] lw x7,16(x8)
Register Write to Reg: 0x07 Val: 0x00000003
[inst #3825] addi x0,x0,0
Register Write to Reg: 0x00 Val: 0x00000000
[inst #3826] addi x0,x0,0
Register Write to Reg: 0x00 Val: 0x00000000
[inst #3827] and x7,x28,x7
Register Write to Reg: 0x07 Val: 0x00000000
[inst #3828] addi x0,x0,0
Register Write to Reg: 0x00 Val: 0x00000000
[inst #3829] addi x0,x0,0
Register Write to Reg: 0x00 Val: 0x00000000
[inst #3830] slt x7,x0,x7
Register Write to Reg: 0x07 Val: 0x00000000
[inst #3831] addi x0,x0,0
Register Write to Reg: 0x00 Val: 0x00000000
[inst #3832] addi x0,x0,0
Register Write to Reg: 0x00 Val: 0x00000000
[inst #3833] andi x7,x7,255
Register Write to Reg: 0x07 Val: 0x00000000
[inst #3834] add x2,x0,x8
Register Write to Reg: 0x02 Val: 0x10010F68
[inst #3835] addi x0,x0,0
Register Write to Reg: 0x00 Val: 0x00000000
[inst #3836] addi x0,x0,0
Register Write to Reg: 0x00 Val: 0x00000000
[inst #3837] lw x8,28(x2)
Register Write to Reg: 0x08 Val: 0x10010F88
[inst #3838] addi x2,x2,32
Register Write to Reg: 0x02 Val: 0x10010F88
[inst #3839] jalr x0,x1,0
Register Write to Reg: 0x00 Val: 0x00400634
[inst #3840] beq x7,x0,52
[inst #3841] lw x7,32(x8)
Register Write to Reg: 0x07 Val: 0x10010FC4
[inst #3842] addi x0,x0,0
Register Write to Reg: 0x00 Val: 0x00000000
[inst #3843] addi x0,x0,0
Register Write to Reg: 0x00 Val: 0x00000000
[inst #3844] lw x7,4(x7)
Register Write to Reg: 0x07 Val: 0x00000002
[inst #3845] addi x0,x0,0
Register Write to Reg: 0x00 Val: 0x00000000
[inst #3846] addi x0,x0,0
Register Write to Reg: 0x00 Val: 0x00000000
[inst #3847] addi x28,x7,1
Register Write to Reg: 0x1C Val: 0x00000003
[inst #3848] lw x7,32(x8)
Register Write to Reg: 0x07 Val: 0x10010FC4
[inst #3849] addi x0,x0,0
Register Write to Reg: 0x00 Val: 0x00000000
[inst #3850] addi x0,x0,0
Register Write to Reg: 0x00 Val: 0x00000000
[inst #3851] sw x28,4(x7)
Memory Write to Addr: 0x10010FC8 Val: 0x00000003
[inst #3852] lw x7,32(x8)
Register Write to Reg: 0x07 Val: 0x10010FC4
[inst #3853] addi x0,x0,0
Register Write to Reg: 0x00 Val: 0x00000000
[inst #3854] addi x0,x0,0
Register Write to Reg: 0x00 Val: 0x00000000
[inst #3855] lw x7,4(x7)
Register Write to Reg: 0x07 Val: 0x00000003
[inst #3856] addi x0,x0,0
Register Write to Reg: 0x00 Val: 0x00000000
[inst #3857] addi x0,x0,0
Register Write to Reg: 0x00 Val: 0x00000000
[inst #3858] slti x7,x7,4
Register Write to Reg: 0x07 Val: 0x00000001
[inst #3859] addi x0,x0,0
Register Write to Reg: 0x00 Val: 0x00000000
[inst #3860] addi x0,x0,0
Register Write to Reg: 0x00 Val: 0x00000000
[inst #3861] beq x7,x0,8
[inst #3862] jal x0,-208
Register Write to Reg: 0x00 Val: 0x004004F0
[inst #3863] lw x7,32(x8)
Register Write to Reg: 0x07 Val: 0x10010FC4
[inst #3864] addi x0,x0,0
Register Write to Reg: 0x00 Val: 0x00000000
[inst #3865] addi x0,x0,0
Register Write to Reg: 0x00 Val: 0x00000000
[inst #3866] lw x28,0(x7)
Register Write to Reg: 0x1C Val: 0x00000003
[inst #3867] lw x7,32(x8)
Register Write to Reg: 0x07 Val: 0x10010FC4
[inst #3868] addi x0,x0,0
Register Write to Reg: 0x00 Val: 0x00000000
[inst #3869] addi x0,x0,0
Register Write to Reg: 0x00 Val: 0x00000000
[inst #3870] lw x7,4(x7)
Register Write to Reg: 0x07 Val: 0x00000003
[inst #3871] addi x0,x0,0
Register Write to Reg: 0x00 Val: 0x00000000
[inst #3872] addi x0,x0,0
Register Write to Reg: 0x00 Val: 0x00000000
[inst #3873] add x30,x0,x7
Register Write to Reg: 0x1E Val: 0x00000003
[inst #3874] add x29,x0,x28
Register Write to Reg: 0x1D Val: 0x00000003
[inst #3875] auipc x1,0
Register Write to Reg: 0x01 Val: 0x0040044C
[inst #3876] sll x0,x0,x0
Register Write to Reg: 0x00 Val: 0x00000000
[inst #3877] sll x0,x0,x0
Register Write to Reg: 0x00 Val: 0x00000000
[inst #3878] sll x0,x0,x0
Register Write to Reg: 0x00 Val: 0x00000000
[inst #3879] addi x1,x1,24
Register Write to Reg: 0x01 Val: 0x00400464
[inst #3880] jal x0,176
Register Write to Reg: 0x00 Val: 0x00400464
[inst #3881] addi x2,x2,-32
Register Write to Reg: 0x02 Val: 0x10010F68
[inst #3882] addi x0,x0,0
Register Write to Reg: 0x00 Val: 0x00000000
[inst #3883] addi x0,x0,0
Register Write to Reg: 0x00 Val: 0x00000000
[inst #3884] sw x8,28(x2)
Memory Write to Addr: 0x10010F84 Val: 0x10010F88
[inst #3885] add x8,x0,x2
Register Write to Reg: 0x08 Val: 0x10010F68
[inst #3886] addi x0,x0,0
Register Write to Reg: 0x00 Val: 0x00000000
[inst #3887] addi x0,x0,0
Register Write to Reg: 0x00 Val: 0x00000000
[inst #3888] sw x29,32(x8)
Memory Write to Addr: 0x10010F88 Val: 0x00000003
[inst #3889] sw x30,36(x8)
Memory Write to Addr: 0x10010F8C Val: 0x00000003
[inst #3890] auipc x7,64528
Register Write to Reg: 0x07 Val: 0x10010534
[inst #3891] sll x0,x0,x0
Register Write to Reg: 0x00 Val: 0x00000000
[inst #3892] sll x0,x0,x0
Register Write to Reg: 0x00 Val: 0x00000000
[inst #3893] sll x0,x0,x0
Register Write to Reg: 0x00 Val: 0x00000000
[inst #3894] addi x7,x7,-1312
Register Write to Reg: 0x07 Val: 0x10010014
[inst #3895] lw x28,32(x8)
Register Write to Reg: 0x1C Val: 0x00000003
[inst #3896] addi x0,x0,0
Register Write to Reg: 0x00 Val: 0x00000000
[inst #3897] addi x0,x0,0
Register Write to Reg: 0x00 Val: 0x00000000
[inst #3898] slli x28,x28,2
Register Write to Reg: 0x1C Val: 0x0000000C
[inst #3899] addi x0,x0,0
Register Write to Reg: 0x00 Val: 0x00000000
[inst #3900] addi x0,x0,0
Register Write to Reg: 0x00 Val: 0x00000000
[inst #3901] add x7,x28,x7
Register Write to Reg: 0x07 Val: 0x10010020
[inst #3902] addi x0,x0,0
Register Write to Reg: 0x00 Val: 0x00000000
[inst #3903] addi x0,x0,0
Register Write to Reg: 0x00 Val: 0x00000000
[inst #3904] lw x7,0(x7)
Register Write to Reg: 0x07 Val: 0x00000003
[inst #3905] addi x0,x0,0
Register Write to Reg: 0x00 Val: 0x00000000
[inst #3906] addi x0,x0,0
Register Write to Reg: 0x00 Val: 0x00000000
[inst #3907] sw x7,16(x8)
Memory Write to Addr: 0x10010F78 Val: 0x00000003
[inst #3908] addi x7,x0,1
Register Write to Reg: 0x07 Val: 0x00000001
[inst #3909] addi x0,x0,0
Register Write to Reg: 0x00 Val: 0x00000000
[inst #3910] addi x0,x0,0
Register Write to Reg: 0x00 Val: 0x00000000
[inst #3911] sw x7,8(x8)
Memory Write to Addr: 0x10010F70 Val: 0x00000001
[inst #3912] sw x0,12(x8)
Memory Write to Addr: 0x10010F74 Val: 0x00000000
[inst #3913] jal x0,60
Register Write to Reg: 0x00 Val: 0x00400594
[inst #3914] lw x28,12(x8)
Register Write to Reg: 0x1C Val: 0x00000000
[inst #3915] lw x7,36(x8)
Register Write to Reg: 0x07 Val: 0x00000003
[inst #3916] addi x0,x0,0
Register Write to Reg: 0x00 Val: 0x00000000
[inst #3917] addi x0,x0,0
Register Write to Reg: 0x00 Val: 0x00000000
[inst #3918] slt x7,x28,x7
Register Write to Reg: 0x07 Val: 0x00000001
[inst #3919] addi x0,x0,0
Register Write to Reg: 0x00 Val: 0x00000000
[inst #3920] addi x0,x0,0
Register Write to Reg: 0x00 Val: 0x00000000
[inst #3921] beq x7,x0,8
[inst #3922] jal x0,-88
Register Write to Reg: 0x00 Val: 0x004005F0
[inst #3923] lw x7,8(x8)
Register Write to Reg: 0x07 Val: 0x00000001
[inst #3924] addi x0,x0,0
Register Write to Reg: 0x00 Val: 0x00000000
[inst #3925] addi x0,x0,0
Register Write to Reg: 0x00 Val: 0x00000000
[inst #3926] slli x7,x7,1
Register Write to Reg: 0x07 Val: 0x00000002
[inst #3927] addi x0,x0,0
Register Write to Reg: 0x00 Val: 0x00000000
[inst #3928] addi x0,x0,0
Register Write to Reg: 0x00 Val: 0x00000000
[inst #3929] sw x7,8(x8)
Memory Write to Addr: 0x10010F70 Val: 0x00000002
[inst #3930] lw x7,12(x8)
Register Write to Reg: 0x07 Val: 0x00000000
[inst #3931] addi x0,x0,0
Register Write to Reg: 0x00 Val: 0x00000000
[inst #3932] addi x0,x0,0
Register Write to Reg: 0x00 Val: 0x00000000
[inst #3933] addi x7,x7,1
Register Write to Reg: 0x07 Val: 0x00000001
[inst #3934] addi x0,x0,0
Register Write to Reg: 0x00 Val: 0x00000000
[inst #3935] addi x0,x0,0
Register Write to Reg: 0x00 Val: 0x00000000
[inst #3936] sw x7,12(x8)
Memory Write to Addr: 0x10010F74 Val: 0x00000001
[inst #3937] lw x28,12(x8)
Register Write to Reg: 0x1C Val: 0x00000001
[inst #3938] lw x7,36(x8)
Register Write to Reg: 0x07 Val: 0x00000003
[inst #3939] addi x0,x0,0
Register Write to Reg: 0x00 Val: 0x00000000
[inst #3940] addi x0,x0,0
Register Write to Reg: 0x00 Val: 0x00000000
[inst #3941] slt x7,x28,x7
Register Write to Reg: 0x07 Val: 0x00000001
[inst #3942] addi x0,x0,0
Register Write to Reg: 0x00 Val: 0x00000000
[inst #3943] addi x0,x0,0
Register Write to Reg: 0x00 Val: 0x00000000
[inst #3944] beq x7,x0,8
[inst #3945] jal x0,-88
Register Write to Reg: 0x00 Val: 0x004005F0
[inst #3946] lw x7,8(x8)
Register Write to Reg: 0x07 Val: 0x00000002
[inst #3947] addi x0,x0,0
Register Write to Reg: 0x00 Val: 0x00000000
[inst #3948] addi x0,x0,0
Register Write to Reg: 0x00 Val: 0x00000000
[inst #3949] slli x7,x7,1
Register Write to Reg: 0x07 Val: 0x00000004
[inst #3950] addi x0,x0,0
Register Write to Reg: 0x00 Val: 0x00000000
[inst #3951] addi x0,x0,0
Register Write to Reg: 0x00 Val: 0x00000000
[inst #3952] sw x7,8(x8)
Memory Write to Addr: 0x10010F70 Val: 0x00000004
[inst #3953] lw x7,12(x8)
Register Write to Reg: 0x07 Val: 0x00000001
[inst #3954] addi x0,x0,0
Register Write to Reg: 0x00 Val: 0x00000000
[inst #3955] addi x0,x0,0
Register Write to Reg: 0x00 Val: 0x00000000
[inst #3956] addi x7,x7,1
Register Write to Reg: 0x07 Val: 0x00000002
[inst #3957] addi x0,x0,0
Register Write to Reg: 0x00 Val: 0x00000000
[inst #3958] addi x0,x0,0
Register Write to Reg: 0x00 Val: 0x00000000
[inst #3959] sw x7,12(x8)
Memory Write to Addr: 0x10010F74 Val: 0x00000002
[inst #3960] lw x28,12(x8)
Register Write to Reg: 0x1C Val: 0x00000002
[inst #3961] lw x7,36(x8)
Register Write to Reg: 0x07 Val: 0x00000003
[inst #3962] addi x0,x0,0
Register Write to Reg: 0x00 Val: 0x00000000
[inst #3963] addi x0,x0,0
Register Write to Reg: 0x00 Val: 0x00000000
[inst #3964] slt x7,x28,x7
Register Write to Reg: 0x07 Val: 0x00000001
[inst #3965] addi x0,x0,0
Register Write to Reg: 0x00 Val: 0x00000000
[inst #3966] addi x0,x0,0
Register Write to Reg: 0x00 Val: 0x00000000
[inst #3967] beq x7,x0,8
[inst #3968] jal x0,-88
Register Write to Reg: 0x00 Val: 0x004005F0
[inst #3969] lw x7,8(x8)
Register Write to Reg: 0x07 Val: 0x00000004
[inst #3970] addi x0,x0,0
Register Write to Reg: 0x00 Val: 0x00000000
[inst #3971] addi x0,x0,0
Register Write to Reg: 0x00 Val: 0x00000000
[inst #3972] slli x7,x7,1
Register Write to Reg: 0x07 Val: 0x00000008
[inst #3973] addi x0,x0,0
Register Write to Reg: 0x00 Val: 0x00000000
[inst #3974] addi x0,x0,0
Register Write to Reg: 0x00 Val: 0x00000000
[inst #3975] sw x7,8(x8)
Memory Write to Addr: 0x10010F70 Val: 0x00000008
[inst #3976] lw x7,12(x8)
Register Write to Reg: 0x07 Val: 0x00000002
[inst #3977] addi x0,x0,0
Register Write to Reg: 0x00 Val: 0x00000000
[inst #3978] addi x0,x0,0
Register Write to Reg: 0x00 Val: 0x00000000
[inst #3979] addi x7,x7,1
Register Write to Reg: 0x07 Val: 0x00000003
[inst #3980] addi x0,x0,0
Register Write to Reg: 0x00 Val: 0x00000000
[inst #3981] addi x0,x0,0
Register Write to Reg: 0x00 Val: 0x00000000
[inst #3982] sw x7,12(x8)
Memory Write to Addr: 0x10010F74 Val: 0x00000003
[inst #3983] lw x28,12(x8)
Register Write to Reg: 0x1C Val: 0x00000003
[inst #3984] lw x7,36(x8)
Register Write to Reg: 0x07 Val: 0x00000003
[inst #3985] addi x0,x0,0
Register Write to Reg: 0x00 Val: 0x00000000
[inst #3986] addi x0,x0,0
Register Write to Reg: 0x00 Val: 0x00000000
[inst #3987] slt x7,x28,x7
Register Write to Reg: 0x07 Val: 0x00000000
[inst #3988] addi x0,x0,0
Register Write to Reg: 0x00 Val: 0x00000000
[inst #3989] addi x0,x0,0
Register Write to Reg: 0x00 Val: 0x00000000
[inst #3990] beq x7,x0,8
[inst #3991] lw x28,8(x8)
Register Write to Reg: 0x1C Val: 0x00000008
[inst #3992] lw x7,16(x8)
Register Write to Reg: 0x07 Val: 0x00000003
[inst #3993] addi x0,x0,0
Register Write to Reg: 0x00 Val: 0x00000000
[inst #3994] addi x0,x0,0
Register Write to Reg: 0x00 Val: 0x00000000
[inst #3995] and x7,x28,x7
Register Write to Reg: 0x07 Val: 0x00000000
[inst #3996] addi x0,x0,0
Register Write to Reg: 0x00 Val: 0x00000000
[inst #3997] addi x0,x0,0
Register Write to Reg: 0x00 Val: 0x00000000
[inst #3998] slt x7,x0,x7
Register Write to Reg: 0x07 Val: 0x00000000
[inst #3999] addi x0,x0,0
Register Write to Reg: 0x00 Val: 0x00000000
[inst #4000] addi x0,x0,0
Register Write to Reg: 0x00 Val: 0x00000000
[inst #4001] andi x7,x7,255
Register Write to Reg: 0x07 Val: 0x00000000
[inst #4002] add x2,x0,x8
Register Write to Reg: 0x02 Val: 0x10010F68
[inst #4003] addi x0,x0,0
Register Write to Reg: 0x00 Val: 0x00000000
[inst #4004] addi x0,x0,0
Register Write to Reg: 0x00 Val: 0x00000000
[inst #4005] lw x8,28(x2)
Register Write to Reg: 0x08 Val: 0x10010F88
[inst #4006] addi x2,x2,32
Register Write to Reg: 0x02 Val: 0x10010F88
[inst #4007] jalr x0,x1,0
Register Write to Reg: 0x00 Val: 0x00400634
[inst #4008] beq x7,x0,52
[inst #4009] lw x7,32(x8)
Register Write to Reg: 0x07 Val: 0x10010FC4
[inst #4010] addi x0,x0,0
Register Write to Reg: 0x00 Val: 0x00000000
[inst #4011] addi x0,x0,0
Register Write to Reg: 0x00 Val: 0x00000000
[inst #4012] lw x7,4(x7)
Register Write to Reg: 0x07 Val: 0x00000003
[inst #4013] addi x0,x0,0
Register Write to Reg: 0x00 Val: 0x00000000
[inst #4014] addi x0,x0,0
Register Write to Reg: 0x00 Val: 0x00000000
[inst #4015] addi x28,x7,1
Register Write to Reg: 0x1C Val: 0x00000004
[inst #4016] lw x7,32(x8)
Register Write to Reg: 0x07 Val: 0x10010FC4
[inst #4017] addi x0,x0,0
Register Write to Reg: 0x00 Val: 0x00000000
[inst #4018] addi x0,x0,0
Register Write to Reg: 0x00 Val: 0x00000000
[inst #4019] sw x28,4(x7)
Memory Write to Addr: 0x10010FC8 Val: 0x00000004
[inst #4020] lw x7,32(x8)
Register Write to Reg: 0x07 Val: 0x10010FC4
[inst #4021] addi x0,x0,0
Register Write to Reg: 0x00 Val: 0x00000000
[inst #4022] addi x0,x0,0
Register Write to Reg: 0x00 Val: 0x00000000
[inst #4023] lw x7,4(x7)
Register Write to Reg: 0x07 Val: 0x00000004
[inst #4024] addi x0,x0,0
Register Write to Reg: 0x00 Val: 0x00000000
[inst #4025] addi x0,x0,0
Register Write to Reg: 0x00 Val: 0x00000000
[inst #4026] slti x7,x7,4
Register Write to Reg: 0x07 Val: 0x00000000
[inst #4027] addi x0,x0,0
Register Write to Reg: 0x00 Val: 0x00000000
[inst #4028] addi x0,x0,0
Register Write to Reg: 0x00 Val: 0x00000000
[inst #4029] beq x7,x0,8
[inst #4030] addi x7,x0,-1
Register Write to Reg: 0x07 Val: 0xFFFFFFFF
[inst #4031] add x2,x0,x8
Register Write to Reg: 0x02 Val: 0x10010F88
[inst #4032] addi x0,x0,0
Register Write to Reg: 0x00 Val: 0x00000000
[inst #4033] addi x0,x0,0
Register Write to Reg: 0x00 Val: 0x00000000
[inst #4034] lw x1,28(x2)
Register Write to Reg: 0x01 Val: 0x004001C0
[inst #4035] lw x8,24(x2)
Register Write to Reg: 0x08 Val: 0x10010FA8
[inst #4036] addi x2,x2,32
Register Write to Reg: 0x02 Val: 0x10010FA8
[inst #4037] jalr x0,x1,0
Register Write to Reg: 0x00 Val: 0x00400510
[inst #4038] sw x7,24(x8)
Memory Write to Addr: 0x10010FC0 Val: 0xFFFFFFFF
[inst #4039] lw x28,24(x8)
Register Write to Reg: 0x1C Val: 0xFFFFFFFF
[inst #4040] addi x7,x0,-1
Register Write to Reg: 0x07 Val: 0xFFFFFFFF
[inst #4041] addi x0,x0,0
Register Write to Reg: 0x00 Val: 0x00000000
[inst #4042] addi x0,x0,0
Register Write to Reg: 0x00 Val: 0x00000000
[inst #4043] beq x28,x7,8
[inst #4044] auipc x7,64528
Register Write to Reg: 0x07 Val: 0x100101DC
[inst #4045] sll x0,x0,x0
Register Write to Reg: 0x00 Val: 0x00000000
[inst #4046] sll x0,x0,x0
Register Write to Reg: 0x00 Val: 0x00000000
[inst #4047] sll x0,x0,x0
Register Write to Reg: 0x00 Val: 0x00000000
[inst #4048] addi x7,x7,-436
Register Write to Reg: 0x07 Val: 0x10010028
[inst #4049] addi x0,x0,0
Register Write to Reg: 0x00 Val: 0x00000000
[inst #4050] addi x0,x0,0
Register Write to Reg: 0x00 Val: 0x00000000
[inst #4051] lw x7,0(x7)
Register Write to Reg: 0x07 Val: 0x00000000
[inst #4052] addi x0,x0,0
Register Write to Reg: 0x00 Val: 0x00000000
[inst #4053] addi x0,x0,0
Register Write to Reg: 0x00 Val: 0x00000000
[inst #4054] addi x29,x7,-1
Register Write to Reg: 0x1D Val: 0xFFFFFFFF
[inst #4055] auipc x28,64528
Register Write to Reg: 0x1C Val: 0x10010208
[inst #4056] sll x0,x0,x0
Register Write to Reg: 0x00 Val: 0x00000000
[inst #4057] sll x0,x0,x0
Register Write to Reg: 0x00 Val: 0x00000000
[inst #4058] sll x0,x0,x0
Register Write to Reg: 0x00 Val: 0x00000000
[inst #4059] addi x28,x28,-480
Register Write to Reg: 0x1C Val: 0x10010028
[inst #4060] addi x0,x0,0
Register Write to Reg: 0x00 Val: 0x00000000
[inst #4061] addi x0,x0,0
Register Write to Reg: 0x00 Val: 0x00000000
[inst #4062] sw x29,0(x28)
Memory Write to Addr: 0x10010028 Val: 0xFFFFFFFF
[inst #4063] auipc x29,64528
Register Write to Reg: 0x1D Val: 0x10010228
[inst #4064] sll x0,x0,x0
Register Write to Reg: 0x00 Val: 0x00000000
[inst #4065] sll x0,x0,x0
Register Write to Reg: 0x00 Val: 0x00000000
[inst #4066] sll x0,x0,x0
Register Write to Reg: 0x00 Val: 0x00000000
[inst #4067] addi x29,x29,-552
Register Write to Reg: 0x1D Val: 0x10010000
[inst #4068] slli x28,x7,2
Register Write to Reg: 0x1C Val: 0x00000000
[inst #4069] addi x0,x0,0
Register Write to Reg: 0x00 Val: 0x00000000
[inst #4070] addi x0,x0,0
Register Write to Reg: 0x00 Val: 0x00000000
[inst #4071] srli x28,x28,1
Register Write to Reg: 0x1C Val: 0x00000000
[inst #4072] addi x0,x0,0
Register Write to Reg: 0x00 Val: 0x00000000
[inst #4073] addi x0,x0,0
Register Write to Reg: 0x00 Val: 0x00000000
[inst #4074] srai x28,x28,1
Register Write to Reg: 0x1C Val: 0x00000000
[inst #4075] addi x0,x0,0
Register Write to Reg: 0x00 Val: 0x00000000
[inst #4076] addi x0,x0,0
Register Write to Reg: 0x00 Val: 0x00000000
[inst #4077] slli x28,x28,2
Register Write to Reg: 0x1C Val: 0x00000000
[inst #4078] xor x31,x1,x7
Register Write to Reg: 0x1F Val: 0x004001C0
[inst #4079] or x31,x1,x7
Register Write to Reg: 0x1F Val: 0x004001C0
[inst #4080] addi x0,x0,0
Register Write to Reg: 0x00 Val: 0x00000000
[inst #4081] addi x0,x0,0
Register Write to Reg: 0x00 Val: 0x00000000
[inst #4082] sub x31,x0,x31
Register Write to Reg: 0x1F Val: 0xFFBFFE40
[inst #4083] auipc x7,64528
Register Write to Reg: 0x07 Val: 0x10010278
[inst #4084] sll x0,x0,x0
Register Write to Reg: 0x00 Val: 0x00000000
[inst #4085] sll x0,x0,x0
Register Write to Reg: 0x00 Val: 0x00000000
[inst #4086] sll x0,x0,x0
Register Write to Reg: 0x00 Val: 0x00000000
[inst #4087] addi x7,x7,-632
Register Write to Reg: 0x07 Val: 0x10010000
[inst #4088] lui x11,15
Register Write to Reg: 0x0B Val: 0x0000F000
[inst #4089] addi x0,x0,0
Register Write to Reg: 0x00 Val: 0x00000000
[inst #4090] addi x0,x0,0
Register Write to Reg: 0x00 Val: 0x00000000
[inst #4091] addi x11,x11,-1
Register Write to Reg: 0x0B Val: 0x0000EFFF
[inst #4092] addi x0,x0,0
Register Write to Reg: 0x00 Val: 0x00000000
[inst #4093] addi x0,x0,0
Register Write to Reg: 0x00 Val: 0x00000000
[inst #4094] and x31,x7,x11
Register Write to Reg: 0x1F Val: 0x00000000
[inst #4095] addi x0,x0,0
Register Write to Reg: 0x00 Val: 0x00000000
[inst #4096] addi x0,x0,0
Register Write to Reg: 0x00 Val: 0x00000000
[inst #4097] add x7,x29,x31
Register Write to Reg: 0x07 Val: 0x10010000
[inst #4098] addi x0,x0,0
Register Write to Reg: 0x00 Val: 0x00000000
[inst #4099] addi x0,x0,0
Register Write to Reg: 0x00 Val: 0x00000000
[inst #4100] add x7,x28,x7
Register Write to Reg: 0x07 Val: 0x10010000
[inst #4101] lw x28,48(x8)
Register Write to Reg: 0x1C Val: 0x00000003
[inst #4102] addi x0,x0,0
Register Write to Reg: 0x00 Val: 0x00000000
[inst #4103] addi x0,x0,0
Register Write to Reg: 0x00 Val: 0x00000000
[inst #4104] sw x28,0(x7)
Memory Write to Addr: 0x10010000 Val: 0x00000003
[inst #4105] add x2,x0,x8
Register Write to Reg: 0x02 Val: 0x10010FA8
[inst #4106] addi x0,x0,0
Register Write to Reg: 0x00 Val: 0x00000000
[inst #4107] addi x0,x0,0
Register Write to Reg: 0x00 Val: 0x00000000
[inst #4108] lw x1,44(x2)
Register Write to Reg: 0x01 Val: 0x0040009C
[inst #4109] lw x8,40(x2)
Register Write to Reg: 0x08 Val: 0x10010FD8
[inst #4110] addi x2,x2,48
Register Write to Reg: 0x02 Val: 0x10010FD8
[inst #4111] jalr x0,x1,0
Register Write to Reg: 0x00 Val: 0x004002EC
[inst #4112] lw x7,24(x8)
Register Write to Reg: 0x07 Val: 0x00000003
[inst #4113] addi x0,x0,0
Register Write to Reg: 0x00 Val: 0x00000000
[inst #4114] addi x0,x0,0
Register Write to Reg: 0x00 Val: 0x00000000
[inst #4115] addi x7,x7,1
Register Write to Reg: 0x07 Val: 0x00000004
[inst #4116] addi x0,x0,0
Register Write to Reg: 0x00 Val: 0x00000000
[inst #4117] addi x0,x0,0
Register Write to Reg: 0x00 Val: 0x00000000
[inst #4118] sw x7,24(x8)
Memory Write to Addr: 0x10010FF0 Val: 0x00000004
[inst #4119] addi x0,x0,0
Register Write to Reg: 0x00 Val: 0x00000000
[inst #4120] addi x0,x0,0
Register Write to Reg: 0x00 Val: 0x00000000
[inst #4121] lw x7,24(x8)
Register Write to Reg: 0x07 Val: 0x00000004
[inst #4122] addi x0,x0,0
Register Write to Reg: 0x00 Val: 0x00000000
[inst #4123] addi x0,x0,0
Register Write to Reg: 0x00 Val: 0x00000000
[inst #4124] slti x7,x7,4
Register Write to Reg: 0x07 Val: 0x00000000
[inst #4125] addi x0,x0,0
Register Write to Reg: 0x00 Val: 0x00000000
[inst #4126] addi x0,x0,0
Register Write to Reg: 0x00 Val: 0x00000000
[inst #4127] beq x7,x0,8
[inst #4128] sw x0,28(x8)
Memory Write to Addr: 0x10010FF4 Val: 0x00000000
[inst #4129] jal x0,32
Register Write to Reg: 0x00 Val: 0x004000E8
[inst #4130] lw x7,28(x8)
Register Write to Reg: 0x07 Val: 0x00000000
[inst #4131] addi x0,x0,0
Register Write to Reg: 0x00 Val: 0x00000000
[inst #4132] addi x0,x0,0
Register Write to Reg: 0x00 Val: 0x00000000
[inst #4133] slti x7,x7,4
Register Write to Reg: 0x07 Val: 0x00000001
[inst #4134] addi x0,x0,0
Register Write to Reg: 0x00 Val: 0x00000000
[inst #4135] addi x0,x0,0
Register Write to Reg: 0x00 Val: 0x00000000
[inst #4136] xori x7,x7,1
Register Write to Reg: 0x07 Val: 0x00000000
[inst #4137] addi x0,x0,0
Register Write to Reg: 0x00 Val: 0x00000000
[inst #4138] addi x0,x0,0
Register Write to Reg: 0x00 Val: 0x00000000
[inst #4139] beq x7,x0,-64
[inst #4140] lw x7,28(x8)
Register Write to Reg: 0x07 Val: 0x00000000
[inst #4141] addi x0,x0,0
Register Write to Reg: 0x00 Val: 0x00000000
[inst #4142] addi x0,x0,0
Register Write to Reg: 0x00 Val: 0x00000000
[inst #4143] addi x7,x7,1
Register Write to Reg: 0x07 Val: 0x00000001
[inst #4144] addi x0,x0,0
Register Write to Reg: 0x00 Val: 0x00000000
[inst #4145] addi x0,x0,0
Register Write to Reg: 0x00 Val: 0x00000000
[inst #4146] sw x7,28(x8)
Memory Write to Addr: 0x10010FF4 Val: 0x00000001
[inst #4147] lw x7,28(x8)
Register Write to Reg: 0x07 Val: 0x00000001
[inst #4148] addi x0,x0,0
Register Write to Reg: 0x00 Val: 0x00000000
[inst #4149] addi x0,x0,0
Register Write to Reg: 0x00 Val: 0x00000000
[inst #4150] slti x7,x7,4
Register Write to Reg: 0x07 Val: 0x00000001
[inst #4151] addi x0,x0,0
Register Write to Reg: 0x00 Val: 0x00000000
[inst #4152] addi x0,x0,0
Register Write to Reg: 0x00 Val: 0x00000000
[inst #4153] xori x7,x7,1
Register Write to Reg: 0x07 Val: 0x00000000
[inst #4154] addi x0,x0,0
Register Write to Reg: 0x00 Val: 0x00000000
[inst #4155] addi x0,x0,0
Register Write to Reg: 0x00 Val: 0x00000000
[inst #4156] beq x7,x0,-64
[inst #4157] lw x7,28(x8)
Register Write to Reg: 0x07 Val: 0x00000001
[inst #4158] addi x0,x0,0
Register Write to Reg: 0x00 Val: 0x00000000
[inst #4159] addi x0,x0,0
Register Write to Reg: 0x00 Val: 0x00000000
[inst #4160] addi x7,x7,1
Register Write to Reg: 0x07 Val: 0x00000002
[inst #4161] addi x0,x0,0
Register Write to Reg: 0x00 Val: 0x00000000
[inst #4162] addi x0,x0,0
Register Write to Reg: 0x00 Val: 0x00000000
[inst #4163] sw x7,28(x8)
Memory Write to Addr: 0x10010FF4 Val: 0x00000002
[inst #4164] lw x7,28(x8)
Register Write to Reg: 0x07 Val: 0x00000002
[inst #4165] addi x0,x0,0
Register Write to Reg: 0x00 Val: 0x00000000
[inst #4166] addi x0,x0,0
Register Write to Reg: 0x00 Val: 0x00000000
[inst #4167] slti x7,x7,4
Register Write to Reg: 0x07 Val: 0x00000001
[inst #4168] addi x0,x0,0
Register Write to Reg: 0x00 Val: 0x00000000
[inst #4169] addi x0,x0,0
Register Write to Reg: 0x00 Val: 0x00000000
[inst #4170] xori x7,x7,1
Register Write to Reg: 0x07 Val: 0x00000000
[inst #4171] addi x0,x0,0
Register Write to Reg: 0x00 Val: 0x00000000
[inst #4172] addi x0,x0,0
Register Write to Reg: 0x00 Val: 0x00000000
[inst #4173] beq x7,x0,-64
[inst #4174] lw x7,28(x8)
Register Write to Reg: 0x07 Val: 0x00000002
[inst #4175] addi x0,x0,0
Register Write to Reg: 0x00 Val: 0x00000000
[inst #4176] addi x0,x0,0
Register Write to Reg: 0x00 Val: 0x00000000
[inst #4177] addi x7,x7,1
Register Write to Reg: 0x07 Val: 0x00000003
[inst #4178] addi x0,x0,0
Register Write to Reg: 0x00 Val: 0x00000000
[inst #4179] addi x0,x0,0
Register Write to Reg: 0x00 Val: 0x00000000
[inst #4180] sw x7,28(x8)
Memory Write to Addr: 0x10010FF4 Val: 0x00000003
[inst #4181] lw x7,28(x8)
Register Write to Reg: 0x07 Val: 0x00000003
[inst #4182] addi x0,x0,0
Register Write to Reg: 0x00 Val: 0x00000000
[inst #4183] addi x0,x0,0
Register Write to Reg: 0x00 Val: 0x00000000
[inst #4184] slti x7,x7,4
Register Write to Reg: 0x07 Val: 0x00000001
[inst #4185] addi x0,x0,0
Register Write to Reg: 0x00 Val: 0x00000000
[inst #4186] addi x0,x0,0
Register Write to Reg: 0x00 Val: 0x00000000
[inst #4187] xori x7,x7,1
Register Write to Reg: 0x07 Val: 0x00000000
[inst #4188] addi x0,x0,0
Register Write to Reg: 0x00 Val: 0x00000000
[inst #4189] addi x0,x0,0
Register Write to Reg: 0x00 Val: 0x00000000
[inst #4190] beq x7,x0,-64
[inst #4191] lw x7,28(x8)
Register Write to Reg: 0x07 Val: 0x00000003
[inst #4192] addi x0,x0,0
Register Write to Reg: 0x00 Val: 0x00000000
[inst #4193] addi x0,x0,0
Register Write to Reg: 0x00 Val: 0x00000000
[inst #4194] addi x7,x7,1
Register Write to Reg: 0x07 Val: 0x00000004
[inst #4195] addi x0,x0,0
Register Write to Reg: 0x00 Val: 0x00000000
[inst #4196] addi x0,x0,0
Register Write to Reg: 0x00 Val: 0x00000000
[inst #4197] sw x7,28(x8)
Memory Write to Addr: 0x10010FF4 Val: 0x00000004
[inst #4198] lw x7,28(x8)
Register Write to Reg: 0x07 Val: 0x00000004
[inst #4199] addi x0,x0,0
Register Write to Reg: 0x00 Val: 0x00000000
[inst #4200] addi x0,x0,0
Register Write to Reg: 0x00 Val: 0x00000000
[inst #4201] slti x7,x7,4
Register Write to Reg: 0x07 Val: 0x00000000
[inst #4202] addi x0,x0,0
Register Write to Reg: 0x00 Val: 0x00000000
[inst #4203] addi x0,x0,0
Register Write to Reg: 0x00 Val: 0x00000000
[inst #4204] xori x7,x7,1
Register Write to Reg: 0x07 Val: 0x00000001
[inst #4205] addi x0,x0,0
Register Write to Reg: 0x00 Val: 0x00000000
[inst #4206] addi x0,x0,0
Register Write to Reg: 0x00 Val: 0x00000000
[inst #4207] beq x7,x0,-64
[inst #4208] add x7,x0,x0
Register Write to Reg: 0x07 Val: 0x00000000
[inst #4209] add x2,x0,x8
Register Write to Reg: 0x02 Val: 0x10010FD8
[inst #4210] addi x0,x0,0
Register Write to Reg: 0x00 Val: 0x00000000
[inst #4211] addi x0,x0,0
Register Write to Reg: 0x00 Val: 0x00000000
[inst #4212] lw x1,36(x2)
Register Write to Reg: 0x01 Val: 0x00400020
[inst #4213] lw x8,32(x2)
Register Write to Reg: 0x08 Val: 0x00000000
[inst #4214] addi x2,x2,40
Register Write to Reg: 0x02 Val: 0x10011000
[inst #4215] jalr x0,x1,0
Register Write to Reg: 0x00 Val: 0x0040014C
[inst #4216] jal x0,2068
Register Write to Reg: 0x00 Val: 0x00400024
[inst #4217] wfi 

Program terminated by dropping off the bottom.
